candidate_name,accepted,proposer,round,quality_total,composite_risk_score,risk_band,margin_to_review,margin_to_reject,nearest_match,pronounceability,syllables,failure_codes,warning_codes,refined_from,lineage,q_distinctiveness,q_novelty,q_pronounceability,q_seam,q_morpheme_hygiene,q_shape,q_typicality,sweep_target,target_type,target_stem,difficulty,in_shortlist,q_stem_avoidance,q_memorability
epepril,True,grammar,1,64.45,66.33,moderate,-11.33,3.67,zipeprol,0.6572,3,,SIMILARITY_MODERATE,,epepril,0.0,1.0,0.899,1.0,1.0,0.685,0.001,ACE inhibitor,generic,-pril,roomy,True,,
clohonipril,True,grammar,1,60.93,58.78,moderate,-3.78,11.22,cyclomydril,0.7172,4,,SIMILARITY_MODERATE,,clohonipril,0.0,0.771,0.779,1.0,1.0,0.952,0.011,ACE inhibitor,generic,-pril,roomy,False,,
gasaldupril,True,grammar,1,64.52,52.94,low,2.06,17.06,gabitril,0.6295,4,,,,gasaldupril,0.082,0.771,0.9,1.0,1.0,0.952,0.0,ACE inhibitor,generic,-pril,roomy,True,,
itepril,True,grammar,1,64.44,68.79,moderate,-13.79,1.21,temaril,0.616,3,,SIMILARITY_MODERATE,,itepril,0.0,1.0,0.899,1.0,1.0,0.685,0.0,ACE inhibitor,generic,-pril,roomy,False,,
udapril,False,grammar,1,64.44,71.12,high,-16.12,-1.12,capryl,0.605,3,SIMILARITY_TOO_HIGH,,,udapril,0.0,1.0,0.899,1.0,1.0,0.685,0.0,ACE inhibitor,generic,-pril,roomy,False,,
udipril,False,grammar,1,64.44,74.44,high,-19.44,-4.44,uniprim,0.6105,3,SIMILARITY_TOO_HIGH|TRADEMARK_HIT,,,udipril,0.0,1.0,0.899,1.0,1.0,0.685,0.0,ACE inhibitor,generic,-pril,roomy,False,,
griozlapril,True,grammar,1,65.08,58.01,moderate,-3.01,11.99,trandolaprilat,0.6013,4,,SIMILARITY_MODERATE,,griozlapril,0.0,1.0,0.754,1.0,1.0,0.952,0.0,ACE inhibitor,generic,-pril,roomy,True,,
elapril,False,grammar,1,70.75,73.05,high,-18.05,-3.05,elaprase,0.6873,3,SIMILARITY_TOO_HIGH|INTRA_STEM_TOO_CLOSE|TRADEMARK_HIT,,,elapril,0.0,1.0,0.899,1.0,1.0,0.685,0.902,ACE inhibitor,generic,-pril,roomy,False,,
ciobemepril,True,grammar,1,57.65,59.87,moderate,-4.87,10.13,iomeprol,0.6289,5,,SIMILARITY_MODERATE,,ciobemepril,0.0,0.564,0.94,1.0,1.0,0.821,0.0,ACE inhibitor,generic,-pril,roomy,False,,
adapril,False,grammar,1,64.65,78.93,high,-23.93,-8.93,addaprin,0.6967,3,SIMILARITY_TOO_HIGH|TRADEMARK_HIT,,,adapril,0.0,1.0,0.899,1.0,1.0,0.685,0.03,ACE inhibitor,generic,-pril,roomy,False,,
rofomopril,False,grammar,1,62.65,64.99,moderate,-9.99,5.01,brodimoprim,0.6603,4,INTRA_STEM_TOO_CLOSE,SIMILARITY_MODERATE,,rofomopril,0.0,0.733,0.924,1.0,1.0,0.998,0.01,ACE inhibitor,generic,-pril,roomy,False,,
fituropril,True,grammar,1,62.65,63.17,moderate,-8.17,6.83,fipronil,0.7107,4,,SIMILARITY_MODERATE,,fituropril,0.0,0.733,0.924,1.0,1.0,0.998,0.009,ACE inhibitor,generic,-pril,roomy,False,,
pefmidepril,True,grammar,1,62.74,59.88,moderate,-4.88,10.12,perindoprilat,0.6269,4,,SIMILARITY_MODERATE,,pefmidepril,0.0,0.771,0.9,1.0,1.0,0.952,0.028,ACE inhibitor,generic,-pril,roomy,False,,
cixapril,False,grammar,1,65.47,71.7,high,-16.7,-1.7,dicapryl,0.6358,3,SIMILARITY_TOO_HIGH|TRADEMARK_HIT,,,cixapril,0.0,1.0,0.899,1.0,1.0,0.787,0.001,ACE inhibitor,generic,-pril,roomy,False,,
dintupril,True,grammar,1,59.47,69.12,moderate,-14.12,0.88,brinsupri,0.6418,3,,SIMILARITY_MODERATE,,dintupril,0.0,0.68,0.874,1.0,1.0,0.858,0.006,ACE inhibitor,generic,-pril,roomy,False,,
gixepril,True,grammar,1,65.46,64.43,moderate,-9.43,5.57,zipeprol,0.6065,3,,SIMILARITY_MODERATE,,gixepril,0.0,1.0,0.899,1.0,1.0,0.787,0.0,ACE inhibitor,generic,-pril,roomy,True,,
cunempapril,True,grammar,1,63.05,54.48,low,0.52,15.52,temaril,0.6224,4,,,,cunempapril,0.021,0.771,0.9,1.0,1.0,0.952,0.0,ACE inhibitor,generic,-pril,roomy,False,,
efelapril,False,grammar,1,61.37,67.4,moderate,-12.4,2.6,enalaprilat,0.6463,4,INTRA_STEM_TOO_CLOSE|TRADEMARK_HIT,SIMILARITY_MODERATE,,efelapril,0.0,0.68,0.924,1.0,1.0,0.983,0.0,ACE inhibitor,generic,-pril,roomy,False,,
cevodripril,True,grammar,1,60.85,60.85,moderate,-5.85,9.15,ceftobiprole,0.633,4,,SIMILARITY_MODERATE,,cevodripril,0.0,0.771,0.779,1.0,1.0,0.952,0.0,ACE inhibitor,generic,-pril,roomy,False,,
larmobipril,True,grammar,1,62.55,57.71,moderate,-2.71,12.29,gabitril,0.6407,4,,SIMILARITY_MODERATE,,larmobipril,0.0,0.771,0.9,1.0,1.0,0.952,0.001,ACE inhibitor,generic,-pril,roomy,False,,
covuipril,True,grammar,1,66.17,60.79,moderate,-5.79,9.21,conjupri,0.6028,3,,SIMILARITY_MODERATE,,covuipril,0.0,1.0,0.899,1.0,1.0,0.858,0.0,ACE inhibitor,generic,-pril,roomy,True,,
utipril,False,grammar,1,64.44,71.74,high,-16.74,-1.74,uniprim,0.6194,3,SIMILARITY_TOO_HIGH|TRADEMARK_HIT,,,utipril,0.0,1.0,0.899,1.0,1.0,0.685,0.0,ACE inhibitor,generic,-pril,roomy,False,,
erapril,True,grammar,1,67.01,67.74,moderate,-12.74,2.26,daraprim,0.7103,3,,SIMILARITY_MODERATE,,erapril,0.0,1.0,0.899,1.0,1.0,0.685,0.367,ACE inhibitor,generic,-pril,roomy,True,,
toapopril,False,grammar,1,67.78,58.61,moderate,-3.61,11.39,toprol,0.6032,4,INTRA_STEM_TOO_CLOSE|TRADEMARK_HIT,SIMILARITY_MODERATE,,toapopril,0.0,1.0,0.924,1.0,1.0,0.983,0.001,ACE inhibitor,generic,-pril,roomy,False,,
ropentopril,True,ngram_guided,1,48.82,64.3,moderate,-9.3,5.7,propentofylline,0.7932,4,,SIMILARITY_MODERATE,,ropentopril,0.0,0.15,0.9,1.0,0.53,0.952,0.889,ACE inhibitor,generic,-pril,roomy,False,,
bicpril,False,ngram_guided,1,61.23,74.38,high,-19.38,-4.38,dicapryl,0.6016,2,SIMILARITY_TOO_HIGH,,,bicpril,0.0,1.0,0.737,1.0,1.0,0.466,0.177,ACE inhibitor,generic,-pril,roomy,False,,
carbipril,False,ngram_guided,1,49.7,71.77,high,-16.77,-1.77,carbaryl,0.8542,3,SIMILARITY_TOO_HIGH|TRADEMARK_HIT,,,carbipril,0.0,0.45,0.874,1.0,0.53,0.858,0.342,ACE inhibitor,generic,-pril,roomy,False,,
pirlopril,True,ngram_guided,1,65.12,62.91,moderate,-7.91,7.09,aloprim,0.7154,3,,SIMILARITY_MODERATE,,pirlopril,0.0,0.68,0.874,1.0,1.0,0.858,0.814,ACE inhibitor,generic,-pril,roomy,True,,
trandopril,False,ngram_guided,1,51.86,76.35,high,-21.35,-6.35,trandolapril,0.8576,3,SIMILARITY_TOO_HIGH|INTRA_STEM_TOO_CLOSE|TRADEMARK_HIT,,,trandopril,0.0,0.3,0.704,1.0,1.0,0.873,0.325,ACE inhibitor,generic,-pril,roomy,False,,
spesopril,True,ngram_guided,1,56.14,62.52,moderate,-7.52,7.48,zestril,0.7154,3,,SIMILARITY_MODERATE,,spesopril,0.0,0.45,0.728,1.0,1.0,0.858,0.48,ACE inhibitor,generic,-pril,roomy,False,,
obelidrpril,True,ngram_guided,1,52.62,55.25,moderate,-0.25,14.75,perindoprilat,0.5146,4,,SIMILARITY_MODERATE,,obelidrpril,0.0,0.564,0.67,0.65,1.0,0.952,0.083,ACE inhibitor,generic,-pril,roomy,False,,
eplicpril,True,ngram_guided,1,53.23,59.92,moderate,-4.92,10.08,pulicaris,0.6019,3,,SIMILARITY_MODERATE,,eplicpril,0.0,0.45,0.642,1.0,1.0,0.858,0.238,ACE inhibitor,generic,-pril,roomy,False,,
bevabepril,False,ngram_guided,1,59.47,66.85,moderate,-11.85,3.15,benazepril,0.6231,4,INTRA_STEM_TOO_CLOSE|TRADEMARK_HIT,SIMILARITY_MODERATE,,bevabepril,0.0,0.517,0.924,1.0,1.0,0.998,0.173,ACE inhibitor,generic,-pril,roomy,False,,
chlorpril,True,ngram_guided,1,40.82,69.02,moderate,-14.02,0.98,chloraprep,0.8654,2,,SIMILARITY_MODERATE,,chlorpril,0.0,0.45,0.475,1.0,0.53,0.639,0.187,ACE inhibitor,generic,-pril,roomy,False,,
moexidpril,False,ngram_guided,1,62.04,85.61,high,-30.61,-15.61,moexipril,0.6147,4,SIMILARITY_TOO_HIGH|INTRA_STEM_TOO_CLOSE|TRADEMARK_HIT,,,moexidpril,0.0,0.517,0.813,1.0,1.0,0.998,0.764,ACE inhibitor,generic,-pril,roomy,False,,
difetpril,True,ngram_guided,1,60.07,66.16,moderate,-11.16,3.84,dicetyl,0.6043,3,,SIMILARITY_MODERATE,,difetpril,0.0,0.45,0.788,1.0,1.0,0.858,0.923,ACE inhibitor,generic,-pril,roomy,False,,
dicarfilpril,True,ngram_guided,1,51.91,64.26,moderate,-9.26,5.74,ticarcillin,0.6631,4,,SIMILARITY_MODERATE,,dicarfilpril,0.0,0.4,0.813,1.0,0.53,0.862,0.919,ACE inhibitor,generic,-pril,roomy,False,,
ondapril,False,ngram_guided,1,58.2,68.73,moderate,-13.73,1.27,addaprin,0.6285,3,INTRA_STEM_TOO_CLOSE|TRADEMARK_HIT,SIMILARITY_MODERATE,,ondapril,0.0,0.6,0.874,1.0,1.0,0.787,0.155,ACE inhibitor,generic,-pril,roomy,False,,
sulfapril,False,ngram_guided,1,53.09,81.72,high,-26.72,-11.72,sulfatrim,0.8949,3,SIMILARITY_TOO_HIGH|TRADEMARK_HIT,,,sulfapril,0.0,0.45,0.874,1.0,0.53,0.858,0.827,ACE inhibitor,generic,-pril,roomy,False,,
pimadalopril,True,ngram_guided,1,67.77,69.61,moderate,-14.61,0.39,imidacloprid,0.6726,5,,SIMILARITY_MODERATE,,pimadalopril,0.0,0.8,0.94,1.0,1.0,0.731,0.902,ACE inhibitor,generic,-pril,roomy,True,,
saprpril,True,ngram_guided,1,45.31,64.34,moderate,-9.34,5.66,sapropterin,0.5349,2,,SIMILARITY_MODERATE,,saprpril,0.0,0.6,0.519,0.45,1.0,0.568,0.045,ACE inhibitor,generic,-pril,roomy,False,,
capsaipril,False,ngram_guided,1,58.14,69.03,moderate,-14.03,0.97,capsaicin,0.6181,3,INTRA_STEM_TOO_CLOSE|TRADEMARK_HIT,SIMILARITY_MODERATE,,capsaipril,0.0,0.3,0.874,1.0,1.0,0.873,0.881,ACE inhibitor,generic,-pril,roomy,False,,
flupril,True,ngram_guided,1,60.56,66.85,moderate,-11.85,3.15,fluriso,0.8231,2,,SIMILARITY_MODERATE,,flupril,0.0,1.0,0.673,1.0,1.0,0.466,0.212,ACE inhibitor,generic,-pril,roomy,False,,
levobipril,True,ngram_guided,1,54.34,63.75,moderate,-8.75,6.25,ceftobiprole,0.735,4,,SIMILARITY_MODERATE,,levobipril,0.0,0.517,0.924,1.0,0.53,0.998,0.515,ACE inhibitor,generic,-pril,roomy,False,,
abeparapril,True,ngram_guided,1,59.84,62.1,moderate,-7.1,7.9,daraprim,0.6922,5,,SIMILARITY_MODERATE,,abeparapril,0.0,0.357,0.94,1.0,1.0,0.821,0.905,ACE inhibitor,generic,-pril,roomy,False,,
bicipril,False,ngram_guided,1,62.58,70.67,high,-15.67,-0.67,dicapryl,0.6967,3,SIMILARITY_TOO_HIGH,,,bicipril,0.0,0.6,0.899,1.0,1.0,0.787,0.732,ACE inhibitor,generic,-pril,roomy,False,,
amitopril,False,ngram_guided,1,63.49,70.33,high,-15.33,-0.33,amidopropyl,0.8164,4,SIMILARITY_TOO_HIGH|TRADEMARK_HIT,,,amitopril,0.0,0.45,0.924,1.0,1.0,0.983,0.96,ACE inhibitor,generic,-pril,roomy,False,,
elopril,False,grammar+refined,1,66.38,76.19,high,-21.19,-6.19,aloprim,0.6927,3,SIMILARITY_TOO_HIGH|TRADEMARK_HIT,,elapril,elapril -> elopril,0.0,1.0,0.899,1.0,1.0,0.685,0.277,ACE inhibitor,generic,-pril,roomy,False,,
olopril,False,grammar+refined,1,64.45,75.18,high,-20.18,-5.18,aloprim,0.7042,3,SIMILARITY_TOO_HIGH|TRADEMARK_HIT,,elapril,elapril -> elopril -> olopril,0.0,1.0,0.899,1.0,1.0,0.685,0.001,ACE inhibitor,generic,-pril,roomy,False,,
obopril,True,grammar+refined,1,64.44,66.52,moderate,-11.52,3.48,baytril,0.6483,3,,SIMILARITY_MODERATE,elapril,elapril -> elopril -> olopril -> obopril,0.0,1.0,0.899,1.0,1.0,0.685,0.0,ACE inhibitor,generic,-pril,roomy,False,,
toopopril,True,grammar+refined,1,66.17,60.91,moderate,-5.91,9.09,tocopheryl,0.6177,3,,SIMILARITY_MODERATE,toapopril,toapopril -> toopopril,0.0,1.0,0.899,1.0,1.0,0.858,0.0,ACE inhibitor,generic,-pril,roomy,True,,
cuxapril,True,grammar+refined,1,65.46,69.27,moderate,-14.27,0.73,exaprin,0.6051,3,,SIMILARITY_MODERATE,cixapril,cixapril -> cuxapril,0.0,1.0,0.899,1.0,1.0,0.787,0.0,ACE inhibitor,generic,-pril,roomy,True,,
awapril,False,grammar+refined,1,64.44,71.06,high,-16.06,-1.06,capryl,0.6015,3,SIMILARITY_TOO_HIGH,,adapril,adapril -> awapril,0.0,1.0,0.899,1.0,1.0,0.685,0.0,ACE inhibitor,generic,-pril,roomy,False,,
amapril,False,grammar+refined,1,64.58,74.23,high,-19.23,-4.23,amaryl,0.685,3,SIMILARITY_TOO_HIGH|INTRA_STEM_TOO_CLOSE|TRADEMARK_HIT,,adapril,adapril -> awapril -> amapril,0.0,1.0,0.899,1.0,1.0,0.685,0.02,ACE inhibitor,generic,-pril,roomy,False,,
amupril,False,grammar+refined,1,64.44,71.14,high,-16.14,-1.14,amprid,0.6363,3,SIMILARITY_TOO_HIGH|INTRA_STEM_TOO_CLOSE|TRADEMARK_HIT,,adapril,adapril -> awapril -> amapril -> amupril,0.0,1.0,0.899,1.0,1.0,0.685,0.0,ACE inhibitor,generic,-pril,roomy,False,,
udupril,False,grammar+refined,1,64.44,69.81,moderate,-14.81,0.19,isuprel,0.6002,3,TRADEMARK_HIT,SIMILARITY_MODERATE,udapril,udapril -> udupril,0.0,1.0,0.899,1.0,1.0,0.685,0.0,ACE inhibitor,generic,-pril,roomy,False,,
ujupril,False,grammar+refined,1,64.44,70.09,high,-15.09,-0.09,isuprel,0.6132,3,SIMILARITY_TOO_HIGH|TRADEMARK_HIT,,udapril,udapril -> udupril -> ujupril,0.0,1.0,0.899,1.0,1.0,0.685,0.0,ACE inhibitor,generic,-pril,roomy,False,,
utupril,False,grammar+refined,1,64.44,67.11,moderate,-12.11,2.89,isuprel,0.6067,3,TRADEMARK_HIT,SIMILARITY_MODERATE,udapril,udapril -> udupril -> ujupril -> utupril,0.0,1.0,0.899,1.0,1.0,0.685,0.0,ACE inhibitor,generic,-pril,roomy,False,,
adipril,False,grammar+refined,1,64.45,81.82,high,-26.82,-11.82,anipryl,0.7673,3,SIMILARITY_TOO_HIGH|INTRA_STEM_TOO_CLOSE|TRADEMARK_HIT,,udipril,udipril -> adipril,0.0,1.0,0.899,1.0,1.0,0.685,0.001,ACE inhibitor,generic,-pril,roomy,False,,
adupril,False,grammar+refined,1,64.58,69.07,moderate,-14.07,0.93,isuprel,0.6296,3,TRADEMARK_HIT,SIMILARITY_MODERATE,udipril,udipril -> adipril -> adupril,0.0,1.0,0.899,1.0,1.0,0.685,0.019,ACE inhibitor,generic,-pril,roomy,False,,
arupril,False,grammar+refined,1,64.45,65.83,moderate,-10.83,4.17,isuprel,0.6365,3,TRADEMARK_HIT,SIMILARITY_MODERATE,udipril,udipril -> adipril -> adupril -> arupril,0.0,1.0,0.899,1.0,1.0,0.685,0.001,ACE inhibitor,generic,-pril,roomy,False,,
utapril,False,grammar+refined,1,64.44,73.94,high,-18.94,-3.94,capryl,0.6461,3,SIMILARITY_TOO_HIGH|TRADEMARK_HIT,,utipril,utipril -> utapril,0.0,1.0,0.899,1.0,1.0,0.685,0.0,ACE inhibitor,generic,-pril,roomy,False,,
utepril,True,grammar+refined,1,64.44,68.79,moderate,-13.79,1.21,temaril,0.6155,3,,SIMILARITY_MODERATE,utipril,utipril -> utapril -> utepril,0.0,1.0,0.899,1.0,1.0,0.685,0.0,ACE inhibitor,generic,-pril,roomy,False,,
amimopril,False,ngram_guided+refined,1,61.82,71.1,high,-16.1,-1.1,aminopropyl,0.6916,4,SIMILARITY_TOO_HIGH|TRADEMARK_HIT,,amitopril,amitopril -> amimopril,0.0,0.68,0.924,1.0,1.0,0.983,0.065,ACE inhibitor,generic,-pril,roomy,False,,
amemopril,True,ngram_guided+refined,1,61.38,64.17,moderate,-9.17,5.83,aminopropyl,0.6682,4,,SIMILARITY_MODERATE,amitopril,amitopril -> amimopril -> amemopril,0.0,0.68,0.924,1.0,1.0,0.983,0.001,ACE inhibitor,generic,-pril,roomy,False,,
epesartan,False,grammar,1,68.83,68.37,moderate,-13.37,1.63,prexxartan,0.6407,4,INTRA_STEM_TOO_CLOSE|TRADEMARK_HIT,SIMILARITY_MODERATE,,epesartan,0.0,1.0,1.0,1.0,1.0,0.983,0.001,angiotensin II receptor antagonist,generic,-sartan,roomy,False,,
ziviesartan,False,grammar,1,62.12,59.06,moderate,-4.06,10.94,vitaran,0.604,4,TRADEMARK_HIT,SIMILARITY_MODERATE,,ziviesartan,0.0,0.68,1.0,1.0,1.0,0.952,0.0,angiotensin II receptor antagonist,generic,-sartan,roomy,False,,
gasaldusartan,True,grammar,1,60.32,55.72,moderate,-0.72,14.28,vadadustat,0.645,5,,SIMILARITY_MODERATE,,gasaldusartan,0.0,0.771,0.975,1.0,1.0,0.624,0.0,angiotensin II receptor antagonist,generic,-sartan,roomy,False,,
itesartan,False,grammar,1,68.83,67.23,moderate,-12.23,2.77,prexxartan,0.6274,4,INTRA_STEM_TOO_CLOSE|TRADEMARK_HIT,SIMILARITY_MODERATE,,itesartan,0.0,1.0,1.0,1.0,1.0,0.983,0.0,angiotensin II receptor antagonist,generic,-sartan,roomy,False,,
udasartan,False,grammar,1,68.83,62.01,moderate,-7.01,7.99,aspartame,0.6082,4,INTRA_STEM_TOO_CLOSE|TRADEMARK_HIT,SIMILARITY_MODERATE,,udasartan,0.0,1.0,1.0,1.0,1.0,0.983,0.0,angiotensin II receptor antagonist,generic,-sartan,roomy,False,,
udisartan,False,grammar,1,68.83,63.14,moderate,-8.14,6.86,bistorta,0.6121,4,TRADEMARK_HIT,SIMILARITY_MODERATE,,udisartan,0.0,1.0,1.0,1.0,1.0,0.983,0.0,angiotensin II receptor antagonist,generic,-sartan,roomy,False,,
griozlasartan,True,grammar,1,63.07,58.91,moderate,-3.91,11.09,triclocarban,0.6025,5,,SIMILARITY_MODERATE,,griozlasartan,0.0,1.0,0.845,1.0,1.0,0.624,0.0,angiotensin II receptor antagonist,generic,-sartan,roomy,True,,
elasartan,False,grammar,1,75.14,72.18,high,-17.18,-2.18,losortan,0.6794,4,SIMILARITY_TOO_HIGH|INTRA_STEM_TOO_CLOSE|TRADEMARK_HIT,,,elasartan,0.0,1.0,1.0,1.0,1.0,0.983,0.902,angiotensin II receptor antagonist,generic,-sartan,roomy,False,,
maclasartan,False,grammar,1,61.36,63.43,moderate,-8.43,6.57,macrocarpon,0.6708,4,TRADEMARK_HIT,SIMILARITY_MODERATE,,maclasartan,0.0,0.68,0.854,1.0,1.0,0.952,0.183,angiotensin II receptor antagonist,generic,-sartan,roomy,False,,
adasartan,False,grammar,1,69.04,62.01,moderate,-7.01,7.99,aspartame,0.6863,4,INTRA_STEM_TOO_CLOSE|TRADEMARK_HIT,SIMILARITY_MODERATE,,adasartan,0.0,1.0,1.0,1.0,1.0,0.983,0.03,angiotensin II receptor antagonist,generic,-sartan,roomy,False,,
metasartan,False,grammar,1,67.07,65.77,moderate,-10.77,4.23,betaseron,0.8089,4,TRADEMARK_HIT,SIMILARITY_MODERATE,,metasartan,0.0,0.6,1.0,1.0,1.0,0.998,0.87,angiotensin II receptor antagonist,generic,-sartan,roomy,False,,
fiturosartan,True,grammar,1,61.04,60.08,moderate,-5.08,9.92,fitusiran,0.6975,5,,SIMILARITY_MODERATE,,fiturosartan,0.0,0.733,1.0,1.0,1.0,0.731,0.009,angiotensin II receptor antagonist,generic,-sartan,roomy,False,,
pefmidesartan,False,grammar,1,60.52,58.32,moderate,-3.32,11.68,pemivibart,0.6601,5,TRADEMARK_HIT,SIMILARITY_MODERATE,,pefmidesartan,0.0,0.771,0.975,1.0,1.0,0.624,0.028,angiotensin II receptor antagonist,generic,-sartan,roomy,False,,
cixasartan,True,grammar,1,68.99,61.01,moderate,-6.01,8.99,prexxartan,0.6144,4,,SIMILARITY_MODERATE,,cixasartan,0.0,1.0,1.0,1.0,1.0,0.998,0.001,angiotensin II receptor antagonist,generic,-sartan,roomy,True,,
dintusartan,True,grammar,1,61.82,58.52,moderate,-3.52,11.48,minquartia,0.6961,4,,SIMILARITY_MODERATE,,dintusartan,0.0,0.68,0.975,1.0,1.0,0.952,0.006,angiotensin II receptor antagonist,generic,-sartan,roomy,False,,
gixesartan,False,grammar,1,68.98,60.89,moderate,-5.89,9.11,prexxartan,0.6026,4,TRADEMARK_HIT,SIMILARITY_MODERATE,,gixesartan,0.0,1.0,1.0,1.0,1.0,0.998,0.0,angiotensin II receptor antagonist,generic,-sartan,roomy,False,,
ritisartan,True,grammar,1,61.46,66.34,moderate,-11.34,3.66,prexxartan,0.6835,4,,SIMILARITY_MODERATE,,ritisartan,0.0,0.6,1.0,1.0,1.0,0.998,0.068,angiotensin II receptor antagonist,generic,-sartan,roomy,False,,
efelasartan,False,grammar,1,60.81,62.08,moderate,-7.08,7.92,losortan,0.6472,5,TRADEMARK_HIT,SIMILARITY_MODERATE,,efelasartan,0.0,0.68,1.0,1.0,1.0,0.821,0.0,angiotensin II receptor antagonist,generic,-sartan,roomy,False,,
cevodrisartan,True,grammar,1,58.84,60.49,moderate,-5.49,9.51,telotristat,0.6422,5,,SIMILARITY_MODERATE,,cevodrisartan,0.0,0.771,0.869,1.0,1.0,0.624,0.0,angiotensin II receptor antagonist,generic,-sartan,roomy,False,,
pactosartan,False,grammar,1,62.17,63.74,moderate,-8.74,6.26,prexxartan,0.7922,4,TRADEMARK_HIT,SIMILARITY_MODERATE,,pactosartan,0.0,0.68,0.975,1.0,1.0,0.952,0.056,angiotensin II receptor antagonist,generic,-sartan,roomy,False,,
amisartan,False,grammar,1,71.27,65.86,moderate,-10.86,4.14,olmesartran,0.7641,4,INTRA_STEM_TOO_CLOSE|TRADEMARK_HIT,SIMILARITY_MODERATE,,amisartan,0.0,1.0,1.0,1.0,1.0,0.983,0.349,angiotensin II receptor antagonist,generic,-sartan,roomy,False,,
utisartan,False,grammar,1,68.83,62.48,moderate,-7.48,7.52,ruticarpum,0.6444,4,TRADEMARK_HIT,SIMILARITY_MODERATE,,utisartan,0.0,1.0,1.0,1.0,1.0,0.983,0.0,angiotensin II receptor antagonist,generic,-sartan,roomy,False,,
erasartan,False,grammar,1,71.39,68.13,moderate,-13.13,1.87,prexxartan,0.6889,4,INTRA_STEM_TOO_CLOSE|TRADEMARK_HIT,SIMILARITY_MODERATE,,erasartan,0.0,1.0,1.0,1.0,1.0,0.983,0.367,angiotensin II receptor antagonist,generic,-sartan,roomy,False,,
abasartan,False,grammar,1,71.89,64.73,moderate,-9.73,5.27,bafiertam,0.6706,4,INTRA_STEM_TOO_CLOSE|TRADEMARK_HIT,SIMILARITY_MODERATE,,abasartan,0.0,1.0,1.0,1.0,1.0,0.983,0.437,angiotensin II receptor antagonist,generic,-sartan,roomy,False,,
ropentosartan,True,ngram_guided,1,46.6,64.85,moderate,-9.85,5.15,pentostatin,0.8056,5,,SIMILARITY_MODERATE,,ropentosartan,0.0,0.15,0.975,1.0,0.53,0.624,0.889,angiotensin II receptor antagonist,generic,-sartan,roomy,False,,
bicsartan,False,ngram_guided,1,68.48,66.64,moderate,-11.64,3.36,bistorta,0.6178,3,TRADEMARK_HIT,SIMILARITY_MODERATE,,bicsartan,0.0,1.0,0.975,1.0,1.0,0.858,0.177,angiotensin II receptor antagonist,generic,-sartan,roomy,False,,
carbisartan,False,ngram_guided,1,52.05,68.54,moderate,-13.54,1.46,carbarson,0.8543,4,INTRA_STEM_TOO_CLOSE|TRADEMARK_HIT,SIMILARITY_MODERATE,,carbisartan,0.0,0.45,0.975,1.0,0.53,0.952,0.342,angiotensin II receptor antagonist,generic,-sartan,roomy,False,,
pirlosartan,False,ngram_guided,1,67.48,72.49,high,-17.49,-2.49,losortan,0.7328,4,SIMILARITY_TOO_HIGH|INTRA_STEM_TOO_CLOSE|TRADEMARK_HIT,,,pirlosartan,0.0,0.68,0.975,1.0,1.0,0.952,0.814,angiotensin II receptor antagonist,generic,-sartan,roomy,False,,
trandosartan,False,ngram_guided,1,53.51,61.98,moderate,-6.98,8.02,candesartan,0.8188,4,INTRA_STEM_TOO_CLOSE|TRADEMARK_HIT,SIMILARITY_MODERATE,,trandosartan,0.0,0.3,0.83,1.0,1.0,0.862,0.325,angiotensin II receptor antagonist,generic,-sartan,roomy,False,,
spesosartan,False,ngram_guided,1,58.85,62.39,moderate,-7.39,7.61,losortan,0.7057,4,INTRA_STEM_TOO_CLOSE|TRADEMARK_HIT,SIMILARITY_MODERATE,,spesosartan,0.0,0.45,0.854,1.0,1.0,0.952,0.48,angiotensin II receptor antagonist,generic,-sartan,roomy,False,,
obelidrsartan,True,ngram_guided,1,54.7,55.56,moderate,-0.56,14.44,belinostat,0.611,5,,SIMILARITY_MODERATE,,obelidrsartan,0.0,0.564,0.828,1.0,1.0,0.624,0.083,angiotensin II receptor antagonist,generic,-sartan,roomy,False,,
eplicsartan,True,ngram_guided,1,56.81,69.29,moderate,-14.29,0.71,prexxartan,0.6135,4,,SIMILARITY_MODERATE,,eplicsartan,0.0,0.45,0.83,1.0,1.0,0.952,0.238,angiotensin II receptor antagonist,generic,-sartan,roomy,False,,
bevabesartan,False,ngram_guided,1,57.86,56.7,moderate,-1.7,13.3,olmesartran,0.6293,5,TRADEMARK_HIT,SIMILARITY_MODERATE,,bevabesartan,0.0,0.517,1.0,1.0,1.0,0.731,0.173,angiotensin II receptor antagonist,generic,-sartan,roomy,False,,
chlorsartan,False,ngram_guided,1,46.12,65.44,moderate,-10.44,4.56,losortan,0.8332,3,TRADEMARK_HIT,SIMILARITY_MODERATE,,chlorsartan,0.0,0.45,0.718,1.0,0.53,0.828,0.187,angiotensin II receptor antagonist,generic,-sartan,roomy,False,,
moexidsartan,True,ngram_guided,1,61.64,63.83,moderate,-8.83,6.17,pexidartinib,0.6352,5,,SIMILARITY_MODERATE,,moexidsartan,0.0,0.517,0.975,1.0,1.0,0.731,0.764,angiotensin II receptor antagonist,generic,-sartan,roomy,False,,
difetsartan,False,ngram_guided,1,63.64,73.51,high,-18.51,-3.51,difetarsone,0.6152,4,SIMILARITY_TOO_HIGH,,,difetsartan,0.0,0.45,0.975,1.0,1.0,0.952,0.923,angiotensin II receptor antagonist,generic,-sartan,roomy,False,,
dicarfilsartan,True,ngram_guided,1,50.49,56.21,moderate,-1.21,13.79,ticarcillin,0.696,5,,SIMILARITY_MODERATE,,dicarfilsartan,0.0,0.4,0.951,1.0,0.53,0.527,0.919,angiotensin II receptor antagonist,generic,-sartan,roomy,False,,
ondasartan,False,ngram_guided,1,61.72,63.86,moderate,-8.86,6.14,onsart,0.6323,4,INTRA_STEM_TOO_CLOSE|TRADEMARK_HIT,SIMILARITY_MODERATE,,ondasartan,0.0,0.6,0.975,1.0,1.0,0.998,0.155,angiotensin II receptor antagonist,generic,-sartan,roomy,False,,
sulfasartan,False,ngram_guided,1,55.45,64.77,moderate,-9.77,5.23,sulfasalazine,0.8546,4,TRADEMARK_HIT,SIMILARITY_MODERATE,,sulfasartan,0.0,0.45,0.975,1.0,0.53,0.952,0.827,angiotensin II receptor antagonist,generic,-sartan,roomy,False,,
pimadalosartan,True,ngram_guided,1,64.4,58.57,moderate,-3.57,11.43,losortan,0.6874,6,,SIMILARITY_MODERATE,,pimadalosartan,0.0,0.8,1.0,1.0,1.0,0.309,0.902,angiotensin II receptor antagonist,generic,-sartan,roomy,True,,
saprsartan,False,ngram_guided,1,57.07,67.1,moderate,-12.1,2.9,prexxartan,0.62,3,INTRA_STEM_TOO_CLOSE|TRADEMARK_HIT,SIMILARITY_MODERATE,,saprsartan,0.0,0.6,0.788,1.0,1.0,0.873,0.045,angiotensin II receptor antagonist,generic,-sartan,roomy,False,,
capsaisartan,False,ngram_guided,1,59.44,63.05,moderate,-8.05,6.95,capsaisin,0.656,4,TRADEMARK_HIT,SIMILARITY_MODERATE,,capsaisartan,0.0,0.3,0.975,1.0,1.0,0.862,0.881,angiotensin II receptor antagonist,generic,-sartan,roomy,False,,
flusartan,False,ngram_guided,1,66.67,72.55,high,-17.55,-2.55,losortan,0.7732,3,SIMILARITY_TOO_HIGH|INTRA_STEM_TOO_CLOSE|TRADEMARK_HIT,,,flusartan,0.0,1.0,0.829,1.0,1.0,0.858,0.212,angiotensin II receptor antagonist,generic,-sartan,roomy,False,,
levobisartan,True,ngram_guided,1,52.73,59.08,moderate,-4.08,10.92,levosimendan,0.7526,5,,SIMILARITY_MODERATE,,levobisartan,0.0,0.517,1.0,1.0,0.53,0.731,0.515,angiotensin II receptor antagonist,generic,-sartan,roomy,False,,
abeparasartan,True,ngram_guided,1,56.53,59.01,moderate,-4.01,10.99,parasorbate,0.6805,6,,SIMILARITY_MODERATE,,abeparasartan,0.0,0.357,1.0,1.0,1.0,0.406,0.905,angiotensin II receptor antagonist,generic,-sartan,roomy,False,,
bicisartan,True,ngram_guided,1,66.1,66.53,moderate,-11.53,3.47,bicisate,0.6916,4,,SIMILARITY_MODERATE,,bicisartan,0.0,0.6,1.0,1.0,1.0,0.998,0.732,angiotensin II receptor antagonist,generic,-sartan,roomy,True,,
amitosartan,True,ngram_guided,1,62.93,61.56,moderate,-6.56,8.44,aminobutan,0.826,5,,SIMILARITY_MODERATE,,amitosartan,0.0,0.45,1.0,1.0,1.0,0.821,0.96,angiotensin II receptor antagonist,generic,-sartan,roomy,True,,
elusartan,False,grammar+refined,1,68.85,74.32,high,-19.32,-4.32,losortan,0.6499,4,SIMILARITY_TOO_HIGH|INTRA_STEM_TOO_CLOSE|TRADEMARK_HIT,,elasartan,elasartan -> elusartan,0.0,1.0,1.0,1.0,1.0,0.983,0.003,angiotensin II receptor antagonist,generic,-sartan,roomy,False,,
elosartan,False,grammar+refined,1,70.77,82.97,high,-27.97,-12.97,losortan,0.7144,4,SIMILARITY_TOO_HIGH|INTRA_STEM_TOO_CLOSE|TRADEMARK_HIT,,elasartan,elasartan -> elusartan -> elosartan,0.0,1.0,1.0,1.0,1.0,0.983,0.277,angiotensin II receptor antagonist,generic,-sartan,roomy,False,,
olosartan,False,grammar+refined,1,68.83,82.97,high,-27.97,-12.97,losortan,0.7257,4,SIMILARITY_TOO_HIGH|INTRA_STEM_TOO_CLOSE|TRADEMARK_HIT,,elasartan,elasartan -> elusartan -> elosartan -> olosartan,0.0,1.0,1.0,1.0,1.0,0.983,0.001,angiotensin II receptor antagonist,generic,-sartan,roomy,False,,
acasartan,False,grammar+refined,1,70.08,62.86,moderate,-7.86,7.14,prexxartan,0.6968,4,TRADEMARK_HIT,SIMILARITY_MODERATE,abasartan,abasartan -> acasartan,0.0,1.0,1.0,1.0,1.0,0.983,0.18,angiotensin II receptor antagonist,generic,-sartan,roomy,False,,
awasartan,False,grammar+refined,1,68.83,64.95,moderate,-9.95,5.05,aspartame,0.6138,4,TRADEMARK_HIT,SIMILARITY_MODERATE,abasartan,abasartan -> acasartan -> awasartan,0.0,1.0,1.0,1.0,1.0,0.983,0.0,angiotensin II receptor antagonist,generic,-sartan,roomy,False,,
amasartan,False,grammar+refined,1,68.97,70.12,high,-15.12,-0.12,gamastan,0.6821,4,SIMILARITY_TOO_HIGH|INTRA_STEM_TOO_CLOSE|TRADEMARK_HIT,,abasartan,abasartan -> acasartan -> awasartan -> amasartan,0.0,1.0,1.0,1.0,1.0,0.983,0.02,angiotensin II receptor antagonist,generic,-sartan,roomy,False,,
ewasartan,False,grammar+refined,1,68.83,64.95,moderate,-9.95,5.05,aspartame,0.6134,4,TRADEMARK_HIT,SIMILARITY_MODERATE,erasartan,erasartan -> ewasartan,0.0,1.0,1.0,1.0,1.0,0.983,0.0,angiotensin II receptor antagonist,generic,-sartan,roomy,False,,
emasartan,False,grammar+refined,1,70.98,65.86,moderate,-10.86,4.14,olmesartran,0.6518,4,INTRA_STEM_TOO_CLOSE|TRADEMARK_HIT,SIMILARITY_MODERATE,erasartan,erasartan -> ewasartan -> emasartan,0.0,1.0,1.0,1.0,1.0,0.983,0.307,angiotensin II receptor antagonist,generic,-sartan,roomy,False,,
azisartan,False,grammar+refined,1,75.31,74.81,high,-19.81,-4.81,azilsartan,0.6414,4,SIMILARITY_TOO_HIGH|INTRA_STEM_TOO_CLOSE|TRADEMARK_HIT,,amisartan,amisartan -> azisartan,0.0,1.0,1.0,1.0,1.0,0.983,0.926,angiotensin II receptor antagonist,generic,-sartan,roomy,False,,
azosartan,False,grammar+refined,1,73.31,74.24,high,-19.24,-4.24,losortan,0.7371,4,SIMILARITY_TOO_HIGH|INTRA_STEM_TOO_CLOSE|TRADEMARK_HIT,,amisartan,amisartan -> azisartan -> azosartan,0.0,1.0,1.0,1.0,1.0,0.983,0.641,angiotensin II receptor antagonist,generic,-sartan,roomy,False,,
acosartan,False,grammar+refined,1,68.91,70.94,high,-15.94,-0.94,losortan,0.7788,4,SIMILARITY_TOO_HIGH|INTRA_STEM_TOO_CLOSE|TRADEMARK_HIT,,amisartan,amisartan -> azisartan -> azosartan -> acosartan,0.0,1.0,1.0,1.0,1.0,0.983,0.012,angiotensin II receptor antagonist,generic,-sartan,roomy,False,,
aqasartan,False,grammar+refined,1,68.83,67.33,moderate,-12.33,2.67,aspartame,0.6106,4,INTRA_STEM_TOO_CLOSE|TRADEMARK_HIT,SIMILARITY_MODERATE,adasartan,adasartan -> aqasartan,0.0,1.0,1.0,1.0,1.0,0.983,0.0,angiotensin II receptor antagonist,generic,-sartan,roomy,False,,
giqesartan,False,grammar+refined,1,68.98,63.09,moderate,-8.09,6.91,olmesartran,0.6025,4,INTRA_STEM_TOO_CLOSE|TRADEMARK_HIT,SIMILARITY_MODERATE,gixesartan,gixesartan -> giqesartan,0.0,1.0,1.0,1.0,1.0,0.998,0.0,angiotensin II receptor antagonist,generic,-sartan,roomy,False,,
gimesartan,False,grammar+refined,1,61.0,70.46,high,-15.46,-0.46,olmesartran,0.6321,4,SIMILARITY_TOO_HIGH|INTRA_STEM_TOO_CLOSE|TRADEMARK_HIT,,gixesartan,gixesartan -> giqesartan -> gimesartan,0.0,0.6,1.0,1.0,1.0,0.998,0.003,angiotensin II receptor antagonist,generic,-sartan,roomy,False,,
timesartan,False,grammar+refined,1,61.88,70.46,high,-15.46,-0.46,olmesartran,0.6866,4,SIMILARITY_TOO_HIGH|INTRA_STEM_TOO_CLOSE|TRADEMARK_HIT,,gixesartan,gixesartan -> giqesartan -> gimesartan -> timesartan,0.0,0.6,1.0,1.0,1.0,0.998,0.129,angiotensin II receptor antagonist,generic,-sartan,roomy,False,,
ejesartan,False,grammar+refined,1,68.83,66.28,moderate,-11.28,3.72,prexxartan,0.6027,4,INTRA_STEM_TOO_CLOSE|TRADEMARK_HIT,SIMILARITY_MODERATE,epesartan,epesartan -> ejesartan,0.0,1.0,1.0,1.0,1.0,0.983,0.0,angiotensin II receptor antagonist,generic,-sartan,roomy,False,,
eyesartan,False,grammar+refined,1,68.83,69.27,moderate,-14.27,0.73,yescarta,0.6435,4,INTRA_STEM_TOO_CLOSE|TRADEMARK_HIT,SIMILARITY_MODERATE,epesartan,epesartan -> ejesartan -> eyesartan,0.0,1.0,1.0,1.0,1.0,0.983,0.0,angiotensin II receptor antagonist,generic,-sartan,roomy,False,,
evesartan,False,grammar+refined,1,68.88,65.33,moderate,-10.33,4.67,prexxartan,0.6542,4,INTRA_STEM_TOO_CLOSE|TRADEMARK_HIT,SIMILARITY_MODERATE,epesartan,epesartan -> ejesartan -> eyesartan -> evesartan,0.0,1.0,1.0,1.0,1.0,0.983,0.007,angiotensin II receptor antagonist,generic,-sartan,roomy,False,,
icesartan,False,grammar+refined,1,68.83,65.33,moderate,-10.33,4.67,prexxartan,0.62,4,INTRA_STEM_TOO_CLOSE|TRADEMARK_HIT,SIMILARITY_MODERATE,itesartan,itesartan -> icesartan,0.0,1.0,1.0,1.0,1.0,0.983,0.0,angiotensin II receptor antagonist,generic,-sartan,roomy,False,,
iresartan,False,grammar+refined,1,68.83,75.56,high,-20.56,-5.56,prexxartan,0.6444,4,SIMILARITY_TOO_HIGH|INTRA_STEM_TOO_CLOSE|TRADEMARK_HIT,,itesartan,itesartan -> icesartan -> iresartan,0.0,1.0,1.0,1.0,1.0,0.983,0.0,angiotensin II receptor antagonist,generic,-sartan,roomy,False,,
uresartan,False,grammar+refined,1,68.83,75.56,high,-20.56,-5.56,prexxartan,0.6807,4,SIMILARITY_TOO_HIGH|INTRA_STEM_TOO_CLOSE|TRADEMARK_HIT,,itesartan,itesartan -> icesartan -> iresartan -> uresartan,0.0,1.0,1.0,1.0,1.0,0.983,0.0,angiotensin II receptor antagonist,generic,-sartan,roomy,False,,
eloplisartan,False,grammar,2,59.34,60.69,moderate,-5.69,9.31,losortan,0.6476,5,TRADEMARK_HIT,SIMILARITY_MODERATE,,eloplisartan,0.0,0.733,0.869,1.0,1.0,0.731,0.028,angiotensin II receptor antagonist,generic,-sartan,roomy,False,,
dedusartan,False,grammar,2,69.0,63.31,moderate,-8.31,6.69,prexxartan,0.6312,4,TRADEMARK_HIT,SIMILARITY_MODERATE,,dedusartan,0.0,1.0,1.0,1.0,1.0,0.998,0.003,angiotensin II receptor antagonist,generic,-sartan,roomy,False,,
orgudusartan,True,grammar,2,65.96,56.39,moderate,-1.39,13.61,prexxartan,0.6007,5,,SIMILARITY_MODERATE,,orgudusartan,0.0,1.0,0.975,1.0,1.0,0.731,0.0,angiotensin II receptor antagonist,generic,-sartan,roomy,True,,
axodasartan,False,grammar,2,67.21,58.06,moderate,-3.06,11.94,prexxartan,0.6301,5,TRADEMARK_HIT,SIMILARITY_MODERATE,,axodasartan,0.0,1.0,1.0,1.0,1.0,0.821,0.0,angiotensin II receptor antagonist,generic,-sartan,roomy,False,,
imesartan,False,grammar,2,72.5,72.72,high,-17.72,-2.72,olmesartran,0.6837,4,SIMILARITY_TOO_HIGH|INTRA_STEM_TOO_CLOSE|TRADEMARK_HIT,,,imesartan,0.0,1.0,1.0,1.0,1.0,0.983,0.524,angiotensin II receptor antagonist,generic,-sartan,roomy,False,,
litisartan,False,grammar,2,60.99,61.85,moderate,-6.85,8.15,losortan,0.6998,4,TRADEMARK_HIT,SIMILARITY_MODERATE,,litisartan,0.0,0.6,1.0,1.0,1.0,0.998,0.001,angiotensin II receptor antagonist,generic,-sartan,roomy,False,,
pilasartan,False,grammar,2,69.05,65.93,moderate,-10.93,4.07,losortan,0.6911,4,INTRA_STEM_TOO_CLOSE|TRADEMARK_HIT,SIMILARITY_MODERATE,,pilasartan,0.0,1.0,1.0,1.0,1.0,0.998,0.01,angiotensin II receptor antagonist,generic,-sartan,roomy,False,,
cibusartan,False,grammar,2,69.06,57.46,moderate,-2.46,12.54,prexxartan,0.6315,4,TRADEMARK_HIT,SIMILARITY_MODERATE,,cibusartan,0.0,1.0,1.0,1.0,1.0,0.998,0.012,angiotensin II receptor antagonist,generic,-sartan,roomy,False,,
umusartan,False,grammar,2,68.83,63.59,moderate,-8.59,6.41,olmesartran,0.6236,4,TRADEMARK_HIT,SIMILARITY_MODERATE,,umusartan,0.0,1.0,1.0,1.0,1.0,0.983,0.0,angiotensin II receptor antagonist,generic,-sartan,roomy,False,,
adesartan,False,grammar,2,68.89,65.33,moderate,-10.33,4.67,prexxartan,0.7145,4,INTRA_STEM_TOO_CLOSE|TRADEMARK_HIT,SIMILARITY_MODERATE,,adesartan,0.0,1.0,1.0,1.0,1.0,0.983,0.009,angiotensin II receptor antagonist,generic,-sartan,roomy,False,,
lomasartan,False,grammar,2,63.85,70.28,high,-15.28,-0.28,losortan,0.6621,4,SIMILARITY_TOO_HIGH|INTRA_STEM_TOO_CLOSE|TRADEMARK_HIT,,,lomasartan,0.0,0.6,1.0,1.0,1.0,0.998,0.411,angiotensin II receptor antagonist,generic,-sartan,roomy,False,,
nacusartan,True,grammar,2,60.98,60.49,moderate,-5.49,9.51,prexxartan,0.6736,4,,SIMILARITY_MODERATE,,nacusartan,0.0,0.6,1.0,1.0,1.0,0.998,0.0,angiotensin II receptor antagonist,generic,-sartan,roomy,False,,
aresartan,False,grammar,2,68.85,75.56,high,-20.56,-5.56,prexxartan,0.6892,4,SIMILARITY_TOO_HIGH|INTRA_STEM_TOO_CLOSE|TRADEMARK_HIT,,,aresartan,0.0,1.0,1.0,1.0,1.0,0.983,0.003,angiotensin II receptor antagonist,generic,-sartan,roomy,False,,
pocesartan,False,grammar,2,61.0,68.1,moderate,-13.1,1.9,prexxartan,0.6497,4,INTRA_STEM_TOO_CLOSE|TRADEMARK_HIT,SIMILARITY_MODERATE,,pocesartan,0.0,0.6,1.0,1.0,1.0,0.998,0.003,angiotensin II receptor antagonist,generic,-sartan,roomy,False,,
sozithusartan,True,grammar,2,61.66,53.61,low,1.39,16.39,fitusiran,0.6331,5,,,,sozithusartan,0.056,0.771,0.975,1.0,1.0,0.624,0.0,angiotensin II receptor antagonist,generic,-sartan,roomy,False,,
taradosartan,False,grammar,2,61.21,63.16,moderate,-8.16,6.84,prexxartan,0.7159,5,TRADEMARK_HIT,SIMILARITY_MODERATE,,taradosartan,0.0,0.733,1.0,1.0,1.0,0.731,0.034,angiotensin II receptor antagonist,generic,-sartan,roomy,False,,
ticisartan,False,grammar,2,61.29,60.31,moderate,-5.31,9.69,prexxartan,0.6932,4,TRADEMARK_HIT,SIMILARITY_MODERATE,,ticisartan,0.0,0.6,1.0,1.0,1.0,0.998,0.045,angiotensin II receptor antagonist,generic,-sartan,roomy,False,,
ehetasartan,True,grammar,2,60.81,67.71,moderate,-12.71,2.29,hetastarch,0.6316,5,,SIMILARITY_MODERATE,,ehetasartan,0.0,0.68,1.0,1.0,1.0,0.821,0.0,angiotensin II receptor antagonist,generic,-sartan,roomy,False,,
praxosartan,False,grammar,2,60.43,76.75,high,-21.75,-6.75,prexxartan,0.7129,4,SIMILARITY_TOO_HIGH|TRADEMARK_HIT,,,praxosartan,0.0,0.68,0.854,1.0,1.0,0.952,0.049,angiotensin II receptor antagonist,generic,-sartan,roomy,False,,
enasartan,False,grammar,2,75.33,67.41,moderate,-12.41,2.59,ensartinib,0.6704,4,TRADEMARK_HIT,SIMILARITY_MODERATE,,enasartan,0.0,1.0,1.0,1.0,1.0,0.983,0.928,angiotensin II receptor antagonist,generic,-sartan,roomy,False,,
zelcisartan,False,grammar,2,61.78,59.88,moderate,-4.88,10.12,telmisartan,0.6172,4,INTRA_STEM_TOO_CLOSE|TRADEMARK_HIT,SIMILARITY_MODERATE,,zelcisartan,0.0,0.68,0.975,1.0,1.0,0.952,0.0,angiotensin II receptor antagonist,generic,-sartan,roomy,False,,
onisartan,False,grammar,2,68.83,68.37,moderate,-13.37,1.63,conivaptan,0.6571,4,TRADEMARK_HIT,SIMILARITY_MODERATE,,onisartan,0.0,1.0,1.0,1.0,1.0,0.983,0.0,angiotensin II receptor antagonist,generic,-sartan,roomy,False,,
acisartan,False,grammar,2,74.38,63.75,moderate,-8.75,6.25,aspartame,0.7146,4,INTRA_STEM_TOO_CLOSE|TRADEMARK_HIT,SIMILARITY_MODERATE,,acisartan,0.0,1.0,1.0,1.0,1.0,0.983,0.794,angiotensin II receptor antagonist,generic,-sartan,roomy,False,,
orasartan,False,grammar,2,68.85,68.13,moderate,-13.13,1.87,prexxartan,0.683,4,TRADEMARK_HIT,SIMILARITY_MODERATE,,orasartan,0.0,1.0,1.0,1.0,1.0,0.983,0.003,angiotensin II receptor antagonist,generic,-sartan,roomy,False,,
clevocasartan,True,ngram_guided,2,47.59,66.13,moderate,-11.13,3.87,levocabastine,0.7131,5,,SIMILARITY_MODERATE,,clevocasartan,0.0,0.357,0.869,1.0,0.53,0.624,0.65,angiotensin II receptor antagonist,generic,-sartan,roomy,False,,
ribosartan,False,ngram_guided,2,67.53,64.72,moderate,-9.72,5.28,losortan,0.6738,4,INTRA_STEM_TOO_CLOSE|TRADEMARK_HIT,SIMILARITY_MODERATE,,ribosartan,0.0,0.6,1.0,1.0,1.0,0.998,0.936,angiotensin II receptor antagonist,generic,-sartan,roomy,False,,
sebesartan,False,ngram_guided,2,66.56,67.65,moderate,-12.65,2.35,sebestena,0.6519,4,INTRA_STEM_TOO_CLOSE|TRADEMARK_HIT,SIMILARITY_MODERATE,,sebesartan,0.0,0.6,1.0,1.0,1.0,0.998,0.798,angiotensin II receptor antagonist,generic,-sartan,roomy,False,,
veroxsartan,False,ngram_guided,2,61.46,71.76,high,-16.76,-1.76,prexxartan,0.7682,4,SIMILARITY_TOO_HIGH|TRADEMARK_HIT,,,veroxsartan,0.0,0.68,0.9,1.0,1.0,0.952,0.106,angiotensin II receptor antagonist,generic,-sartan,roomy,False,,
zavesartan,False,ngram_guided,2,61.31,62.95,moderate,-7.95,7.05,zavesca,0.6329,4,INTRA_STEM_TOO_CLOSE|TRADEMARK_HIT,SIMILARITY_MODERATE,,zavesartan,0.0,0.6,1.0,1.0,1.0,0.998,0.047,angiotensin II receptor antagonist,generic,-sartan,roomy,False,,
pegaptosartan,True,ngram_guided,2,54.75,57.48,moderate,-2.48,12.52,pegaptanib,0.7352,5,,SIMILARITY_MODERATE,,pegaptosartan,0.0,0.357,0.975,1.0,1.0,0.624,0.388,angiotensin II receptor antagonist,generic,-sartan,roomy,False,,
evetilusartan,True,ngram_guided,2,58.51,58.32,moderate,-3.32,11.68,levetiracetam,0.6385,6,,SIMILARITY_MODERATE,,evetilusartan,0.0,0.564,1.0,1.0,1.0,0.406,0.595,angiotensin II receptor antagonist,generic,-sartan,roomy,False,,
tocotidisartan,True,ngram_guided,2,59.04,54.35,low,0.65,15.65,cobicistat,0.7383,6,,,,tocotidisartan,0.026,0.6,1.0,1.0,1.0,0.309,0.618,angiotensin II receptor antagonist,generic,-sartan,roomy,False,,
patersartan,False,ngram_guided,2,62.68,69.08,moderate,-14.08,0.92,prexxartan,0.7845,4,TRADEMARK_HIT,SIMILARITY_MODERATE,,patersartan,0.0,0.45,0.975,1.0,1.0,0.952,0.786,angiotensin II receptor antagonist,generic,-sartan,roomy,False,,
quinsartan,True,ngram_guided,2,62.25,64.59,moderate,-9.59,5.41,quintana,0.7474,3,,SIMILARITY_MODERATE,,quinsartan,0.0,0.6,0.829,1.0,1.0,0.873,0.702,angiotensin II receptor antagonist,generic,-sartan,roomy,False,,
zofesartan,False,ngram_guided,2,62.69,62.31,moderate,-7.31,7.69,losortan,0.6297,4,INTRA_STEM_TOO_CLOSE|TRADEMARK_HIT,SIMILARITY_MODERATE,,zofesartan,0.0,0.6,1.0,1.0,1.0,0.998,0.244,angiotensin II receptor antagonist,generic,-sartan,roomy,False,,
photeinsartan,True,ngram_guided,2,61.11,60.88,moderate,-5.88,9.12,prexxartan,0.6741,4,,SIMILARITY_MODERATE,,photeinsartan,0.0,0.564,0.951,1.0,1.0,0.755,0.566,angiotensin II receptor antagonist,generic,-sartan,roomy,False,,
segerrsartan,True,ngram_guided,2,58.69,56.62,moderate,-1.62,13.38,reassortant,0.6163,4,,SIMILARITY_MODERATE,,segerrsartan,0.0,0.517,0.889,1.0,1.0,0.862,0.327,angiotensin II receptor antagonist,generic,-sartan,roomy,False,,
pozensartan,True,ngram_guided,2,63.3,69.23,moderate,-14.23,0.77,prexxartan,0.6622,4,,SIMILARITY_MODERATE,,pozensartan,0.0,0.68,0.975,1.0,1.0,0.952,0.217,angiotensin II receptor antagonist,generic,-sartan,roomy,True,,
nilvasartan,False,ngram_guided,2,60.54,61.71,moderate,-6.71,8.29,olmesartran,0.6498,4,TRADEMARK_HIT,SIMILARITY_MODERATE,,nilvasartan,0.0,0.45,0.975,1.0,1.0,0.952,0.48,angiotensin II receptor antagonist,generic,-sartan,roomy,False,,
mevasartan,False,ngram_guided,2,65.16,70.32,high,-15.32,-0.32,mevastatin,0.6586,4,SIMILARITY_TOO_HIGH|INTRA_STEM_TOO_CLOSE|TRADEMARK_HIT,,,mevasartan,0.0,0.6,1.0,1.0,1.0,0.998,0.597,angiotensin II receptor antagonist,generic,-sartan,roomy,False,,
suavisartan,True,ngram_guided,2,59.32,59.47,moderate,-4.47,10.53,reassortant,0.6749,5,,SIMILARITY_MODERATE,,suavisartan,0.0,0.45,1.0,1.0,1.0,0.821,0.444,angiotensin II receptor antagonist,generic,-sartan,roomy,False,,
nipometsartan,True,ngram_guided,2,62.41,60.38,moderate,-5.38,9.62,prexxartan,0.6175,5,,SIMILARITY_MODERATE,,nipometsartan,0.0,0.564,0.975,1.0,1.0,0.624,0.89,angiotensin II receptor antagonist,generic,-sartan,roomy,True,,
dipesartan,False,ngram_guided,2,61.8,66.09,moderate,-11.09,3.91,difetarsone,0.7347,4,INTRA_STEM_TOO_CLOSE|TRADEMARK_HIT,SIMILARITY_MODERATE,,dipesartan,0.0,0.6,1.0,1.0,1.0,0.998,0.117,angiotensin II receptor antagonist,generic,-sartan,roomy,False,,
ecursartan,False,ngram_guided,2,61.32,67.78,moderate,-12.78,2.22,prexxartan,0.6464,4,INTRA_STEM_TOO_CLOSE|TRADEMARK_HIT,SIMILARITY_MODERATE,,ecursartan,0.0,0.6,0.975,1.0,1.0,0.998,0.098,angiotensin II receptor antagonist,generic,-sartan,roomy,False,,
glusartan,False,ngram_guided,2,71.94,72.55,high,-17.55,-2.55,losortan,0.7646,3,SIMILARITY_TOO_HIGH|INTRA_STEM_TOO_CLOSE|TRADEMARK_HIT,,,glusartan,0.0,1.0,0.829,1.0,1.0,0.858,0.965,angiotensin II receptor antagonist,generic,-sartan,roomy,False,,
grazisartan,False,ngram_guided,2,62.02,63.14,moderate,-8.14,6.86,prexxartan,0.6948,4,INTRA_STEM_TOO_CLOSE,SIMILARITY_MODERATE,,grazisartan,0.0,0.68,0.854,1.0,1.0,0.952,0.277,angiotensin II receptor antagonist,generic,-sartan,roomy,False,,
cycladsartan,True,ngram_guided,2,53.56,59.75,moderate,-4.75,10.25,cyclandelate,0.7223,4,,SIMILARITY_MODERATE,,cycladsartan,0.0,0.517,0.743,1.0,0.53,0.862,0.96,angiotensin II receptor antagonist,generic,-sartan,roomy,False,,
erdafisartan,True,ngram_guided,2,54.69,62.92,moderate,-7.92,7.08,bafiertam,0.6335,5,,SIMILARITY_MODERATE,,erdafisartan,0.0,0.3,0.975,1.0,1.0,0.731,0.389,angiotensin II receptor antagonist,generic,-sartan,roomy,False,,
ebasartan,False,grammar+refined,2,68.83,64.73,moderate,-9.73,5.27,bafiertam,0.6452,4,INTRA_STEM_TOO_CLOSE|TRADEMARK_HIT,SIMILARITY_MODERATE,enasartan,enasartan -> ebasartan,0.0,1.0,1.0,1.0,1.0,0.983,0.0,angiotensin II receptor antagonist,generic,-sartan,roomy,False,,
egasartan,False,grammar+refined,2,68.83,64.48,moderate,-9.48,5.52,prexxartan,0.6364,4,TRADEMARK_HIT,SIMILARITY_MODERATE,enasartan,enasartan -> ebasartan -> egasartan,0.0,1.0,1.0,1.0,1.0,0.983,0.0,angiotensin II receptor antagonist,generic,-sartan,roomy,False,,
ejasartan,False,grammar+refined,2,68.83,62.39,moderate,-7.39,7.61,prexxartan,0.6353,4,INTRA_STEM_TOO_CLOSE|TRADEMARK_HIT,SIMILARITY_MODERATE,enasartan,enasartan -> ebasartan -> egasartan -> ejasartan,0.0,1.0,1.0,1.0,1.0,0.983,0.0,angiotensin II receptor antagonist,generic,-sartan,roomy,False,,
alisartan,False,grammar+refined,2,72.77,72.18,high,-17.18,-2.18,losortan,0.7605,4,SIMILARITY_TOO_HIGH|INTRA_STEM_TOO_CLOSE|TRADEMARK_HIT,,acisartan,acisartan -> alisartan,0.0,1.0,1.0,1.0,1.0,0.983,0.564,angiotensin II receptor antagonist,generic,-sartan,roomy,False,,
imasartan,False,grammar+refined,2,71.37,65.86,moderate,-10.86,4.14,olmesartran,0.6631,4,INTRA_STEM_TOO_CLOSE|TRADEMARK_HIT,SIMILARITY_MODERATE,imesartan,imesartan -> imasartan,0.0,1.0,1.0,1.0,1.0,0.983,0.364,angiotensin II receptor antagonist,generic,-sartan,roomy,False,,
iyasartan,False,grammar+refined,2,66.25,64.46,moderate,-9.46,5.54,reassortant,0.481,5,TRADEMARK_HIT,SIMILARITY_MODERATE,imesartan,imesartan -> imasartan -> iyasartan,0.0,1.0,0.91,1.0,1.0,0.852,0.0,angiotensin II receptor antagonist,generic,-sartan,roomy,False,,
ikasartan,False,grammar+refined,2,68.83,62.86,moderate,-7.86,7.14,prexxartan,0.6052,4,TRADEMARK_HIT,SIMILARITY_MODERATE,imesartan,imesartan -> imasartan -> iyasartan -> ikasartan,0.0,1.0,1.0,1.0,1.0,0.983,0.0,angiotensin II receptor antagonist,generic,-sartan,roomy,False,,
glesartan,False,ngram_guided+refined,2,65.21,72.87,high,-17.87,-2.87,losortan,0.6632,3,SIMILARITY_TOO_HIGH|INTRA_STEM_TOO_CLOSE|TRADEMARK_HIT,,glusartan,glusartan -> glesartan,0.0,1.0,0.829,1.0,1.0,0.858,0.003,angiotensin II receptor antagonist,generic,-sartan,roomy,False,,
glisartan,False,ngram_guided+refined,2,65.19,70.5,high,-15.5,-0.5,losortan,0.7356,3,SIMILARITY_TOO_HIGH|INTRA_STEM_TOO_CLOSE|TRADEMARK_HIT,,glusartan,glusartan -> glesartan -> glisartan,0.0,1.0,0.829,1.0,1.0,0.858,0.0,angiotensin II receptor antagonist,generic,-sartan,roomy,False,,
ghisartan,False,ngram_guided+refined,2,67.23,62.89,moderate,-7.89,7.11,losortan,0.6177,3,TRADEMARK_HIT,SIMILARITY_MODERATE,glusartan,glusartan -> glesartan -> glisartan -> ghisartan,0.0,1.0,0.975,1.0,1.0,0.858,0.0,angiotensin II receptor antagonist,generic,-sartan,roomy,False,,
cikusartan,True,grammar+refined,2,68.98,62.1,moderate,-7.1,7.9,prexxartan,0.6088,4,,SIMILARITY_MODERATE,cibusartan,cibusartan -> cikusartan,0.0,1.0,1.0,1.0,1.0,0.998,0.0,angiotensin II receptor antagonist,generic,-sartan,roomy,True,,
polasartan,False,grammar+refined,2,64.27,65.93,moderate,-10.93,4.07,losortan,0.7674,4,TRADEMARK_HIT,SIMILARITY_MODERATE,pilasartan,pilasartan -> polasartan,0.0,0.6,1.0,1.0,1.0,0.998,0.471,angiotensin II receptor antagonist,generic,-sartan,roomy,False,,
ponasartan,False,grammar+refined,2,67.39,63.53,moderate,-8.53,6.47,prexxartan,0.7187,4,TRADEMARK_HIT,SIMILARITY_MODERATE,pilasartan,pilasartan -> polasartan -> ponasartan,0.0,0.6,1.0,1.0,1.0,0.998,0.915,angiotensin II receptor antagonist,generic,-sartan,roomy,False,,
punasartan,True,grammar+refined,2,68.98,61.34,moderate,-6.34,8.66,prexxartan,0.6639,4,,SIMILARITY_MODERATE,pilasartan,pilasartan -> polasartan -> ponasartan -> punasartan,0.0,1.0,1.0,1.0,1.0,0.998,0.0,angiotensin II receptor antagonist,generic,-sartan,roomy,True,,
dadusartan,False,grammar+refined,2,61.13,62.5,moderate,-7.5,7.5,vadadustat,0.6351,4,INTRA_STEM_TOO_CLOSE|TRADEMARK_HIT,SIMILARITY_MODERATE,dedusartan,dedusartan -> dadusartan,0.0,0.6,1.0,1.0,1.0,0.998,0.021,angiotensin II receptor antagonist,generic,-sartan,roomy,False,,
damusartan,False,grammar+refined,2,60.99,61.6,moderate,-6.6,8.4,olmesartran,0.6635,4,TRADEMARK_HIT,SIMILARITY_MODERATE,dedusartan,dedusartan -> dadusartan -> damusartan,0.0,0.6,1.0,1.0,1.0,0.998,0.001,angiotensin II receptor antagonist,generic,-sartan,roomy,False,,
dalusartan,False,grammar+refined,2,61.02,67.92,moderate,-12.92,2.08,losortan,0.6661,4,INTRA_STEM_TOO_CLOSE|TRADEMARK_HIT,SIMILARITY_MODERATE,dedusartan,dedusartan -> dadusartan -> damusartan -> dalusartan,0.0,0.6,1.0,1.0,1.0,0.998,0.006,angiotensin II receptor antagonist,generic,-sartan,roomy,False,,
abesartan,False,grammar+refined,2,70.37,72.25,high,-17.25,-2.25,irbesartan,0.6493,4,SIMILARITY_TOO_HIGH|INTRA_STEM_TOO_CLOSE|TRADEMARK_HIT,,adesartan,adesartan -> abesartan,0.0,1.0,1.0,1.0,1.0,0.983,0.22,angiotensin II receptor antagonist,generic,-sartan,roomy,False,,
atesartan,False,grammar+refined,2,71.71,67.23,moderate,-12.23,2.77,prexxartan,0.6948,4,INTRA_STEM_TOO_CLOSE|TRADEMARK_HIT,SIMILARITY_MODERATE,adesartan,adesartan -> abesartan -> atesartan,0.0,1.0,1.0,1.0,1.0,0.983,0.412,angiotensin II receptor antagonist,generic,-sartan,roomy,False,,
agesartan,False,grammar+refined,2,68.83,65.13,moderate,-10.13,4.87,prexxartan,0.7043,4,INTRA_STEM_TOO_CLOSE|TRADEMARK_HIT,SIMILARITY_MODERATE,adesartan,adesartan -> abesartan -> atesartan -> agesartan,0.0,1.0,1.0,1.0,1.0,0.983,0.0,angiotensin II receptor antagonist,generic,-sartan,roomy,False,,
epevaptan,False,grammar,1,68.83,70.48,high,-15.48,-0.48,pegaptanib,0.6051,4,SIMILARITY_TOO_HIGH|TRADEMARK_HIT,,,epevaptan,0.0,1.0,1.0,1.0,1.0,0.983,0.001,vasopressin receptor antagonist,generic,-vaptan,roomy,False,,
zivievaptan,True,grammar,1,62.12,61.63,moderate,-6.63,8.37,zioptan,0.6032,4,,SIMILARITY_MODERATE,,zivievaptan,0.0,0.68,1.0,1.0,1.0,0.952,0.0,vasopressin receptor antagonist,generic,-vaptan,roomy,False,,
gasalduvaptan,True,grammar,1,60.32,55.34,moderate,-0.34,14.66,canaliculata,0.6287,5,,SIMILARITY_MODERATE,,gasalduvaptan,0.0,0.771,0.975,1.0,1.0,0.624,0.0,vasopressin receptor antagonist,generic,-vaptan,roomy,False,,
itevaptan,False,grammar,1,68.83,65.4,moderate,-10.4,4.6,pegaptanib,0.6125,4,TRADEMARK_HIT,SIMILARITY_MODERATE,,itevaptan,0.0,1.0,1.0,1.0,1.0,0.983,0.0,vasopressin receptor antagonist,generic,-vaptan,roomy,False,,
udavaptan,False,grammar,1,68.83,69.43,moderate,-14.43,0.57,travatan,0.6062,4,TRADEMARK_HIT,SIMILARITY_MODERATE,,udavaptan,0.0,1.0,1.0,1.0,1.0,0.983,0.0,vasopressin receptor antagonist,generic,-vaptan,roomy,False,,
udivaptan,False,grammar,1,68.83,65.51,moderate,-10.51,4.49,zioptan,0.6058,4,INTRA_STEM_TOO_CLOSE,SIMILARITY_MODERATE,,udivaptan,0.0,1.0,1.0,1.0,1.0,0.983,0.0,vasopressin receptor antagonist,generic,-vaptan,roomy,False,,
griozlavaptan,True,grammar,1,63.07,56.57,moderate,-1.57,13.43,travatan,0.6025,5,,SIMILARITY_MODERATE,,griozlavaptan,0.0,1.0,0.845,1.0,1.0,0.624,0.0,vasopressin receptor antagonist,generic,-vaptan,roomy,True,,
elavaptan,False,grammar,1,75.14,68.99,moderate,-13.99,1.01,travatan,0.6819,4,INTRA_STEM_TOO_CLOSE|TRADEMARK_HIT,SIMILARITY_MODERATE,,elavaptan,0.0,1.0,1.0,1.0,1.0,0.983,0.902,vasopressin receptor antagonist,generic,-vaptan,roomy,False,,
maclavaptan,True,grammar,1,61.36,65.04,moderate,-10.04,4.96,clavatum,0.6733,4,,SIMILARITY_MODERATE,,maclavaptan,0.0,0.68,0.854,1.0,1.0,0.952,0.183,vasopressin receptor antagonist,generic,-vaptan,roomy,False,,
adavaptan,False,grammar,1,69.04,69.43,moderate,-14.43,0.57,travatan,0.6713,4,TRADEMARK_HIT,SIMILARITY_MODERATE,,adavaptan,0.0,1.0,1.0,1.0,1.0,0.983,0.03,vasopressin receptor antagonist,generic,-vaptan,roomy,False,,
metavaptan,False,grammar,1,67.07,70.82,high,-15.82,-0.82,metabatone,0.7641,4,SIMILARITY_TOO_HIGH|TRADEMARK_HIT,,,metavaptan,0.0,0.6,1.0,1.0,1.0,0.998,0.87,vasopressin receptor antagonist,generic,-vaptan,roomy,False,,
fiturovaptan,True,grammar,1,61.04,61.46,moderate,-6.46,8.54,travatan,0.6392,5,,SIMILARITY_MODERATE,,fiturovaptan,0.0,0.733,1.0,1.0,1.0,0.731,0.009,vasopressin receptor antagonist,generic,-vaptan,roomy,False,,
pefmidevaptan,True,grammar,1,60.52,57.96,moderate,-2.96,12.04,zidebactam,0.6282,5,,SIMILARITY_MODERATE,,pefmidevaptan,0.0,0.771,0.975,1.0,1.0,0.624,0.028,vasopressin receptor antagonist,generic,-vaptan,roomy,False,,
cixavaptan,True,grammar,1,68.99,63.56,moderate,-8.56,6.44,travatan,0.6195,4,,SIMILARITY_MODERATE,,cixavaptan,0.0,1.0,1.0,1.0,1.0,0.998,0.001,vasopressin receptor antagonist,generic,-vaptan,roomy,True,,
dintuvaptan,True,grammar,1,61.82,56.76,moderate,-1.76,13.24,dimethyloctan,0.6387,4,,SIMILARITY_MODERATE,,dintuvaptan,0.0,0.68,0.975,1.0,1.0,0.952,0.006,vasopressin receptor antagonist,generic,-vaptan,roomy,False,,
gixevaptan,True,grammar,1,68.98,58.84,moderate,-3.84,11.16,tiuxetan,0.6027,4,,SIMILARITY_MODERATE,,gixevaptan,0.0,1.0,1.0,1.0,1.0,0.998,0.0,vasopressin receptor antagonist,generic,-vaptan,roomy,True,,
ritivaptan,True,grammar,1,61.46,60.19,moderate,-5.19,9.81,oritavancin,0.6888,4,,SIMILARITY_MODERATE,,ritivaptan,0.0,0.6,1.0,1.0,1.0,0.998,0.068,vasopressin receptor antagonist,generic,-vaptan,roomy,False,,
efelavaptan,False,grammar,1,60.81,63.12,moderate,-8.12,6.88,flavalta,0.6489,5,TRADEMARK_HIT,SIMILARITY_MODERATE,,efelavaptan,0.0,0.68,1.0,1.0,1.0,0.821,0.0,vasopressin receptor antagonist,generic,-vaptan,roomy,False,,
cevodrivaptan,True,grammar,1,58.84,58.76,moderate,-3.76,11.24,eletriptan,0.6279,5,,SIMILARITY_MODERATE,,cevodrivaptan,0.0,0.771,0.869,1.0,1.0,0.624,0.0,vasopressin receptor antagonist,generic,-vaptan,roomy,False,,
pactovaptan,True,grammar,1,62.17,63.1,moderate,-8.1,6.9,pantolactone,0.6704,4,,SIMILARITY_MODERATE,,pactovaptan,0.0,0.68,0.975,1.0,1.0,0.952,0.056,vasopressin receptor antagonist,generic,-vaptan,roomy,False,,
amivaptan,False,grammar,1,71.27,71.2,high,-16.2,-1.2,amivantamab,0.7534,4,SIMILARITY_TOO_HIGH|INTRA_STEM_TOO_CLOSE,,,amivaptan,0.0,1.0,1.0,1.0,1.0,0.983,0.349,vasopressin receptor antagonist,generic,-vaptan,roomy,False,,
utivaptan,False,grammar,1,68.83,63.37,moderate,-8.37,6.63,zioptan,0.6474,4,INTRA_STEM_TOO_CLOSE|TRADEMARK_HIT,SIMILARITY_MODERATE,,utivaptan,0.0,1.0,1.0,1.0,1.0,0.983,0.0,vasopressin receptor antagonist,generic,-vaptan,roomy,False,,
eravaptan,False,grammar,1,71.39,79.73,high,-24.73,-9.73,travatan,0.6772,4,SIMILARITY_TOO_HIGH|TRADEMARK_HIT,,,eravaptan,0.0,1.0,1.0,1.0,1.0,0.983,0.367,vasopressin receptor antagonist,generic,-vaptan,roomy,False,,
abavaptan,False,grammar,1,71.89,68.12,moderate,-13.12,1.88,travatan,0.645,4,TRADEMARK_HIT,SIMILARITY_MODERATE,,abavaptan,0.0,1.0,1.0,1.0,1.0,0.983,0.437,vasopressin receptor antagonist,generic,-vaptan,roomy,False,,
ropentovaptan,True,ngram_guided,1,46.6,61.47,moderate,-6.47,8.53,pentostatin,0.6918,5,,SIMILARITY_MODERATE,,ropentovaptan,0.0,0.15,0.975,1.0,0.53,0.624,0.889,vasopressin receptor antagonist,generic,-vaptan,roomy,False,,
bicvaptan,True,ngram_guided,1,68.48,68.38,moderate,-13.38,1.62,captan,0.6039,3,,SIMILARITY_MODERATE,,bicvaptan,0.0,1.0,0.975,1.0,1.0,0.858,0.177,vasopressin receptor antagonist,generic,-vaptan,roomy,True,,
carbivaptan,False,ngram_guided,1,52.05,67.21,moderate,-12.21,2.79,carbidopa,0.7959,4,INTRA_STEM_TOO_CLOSE,SIMILARITY_MODERATE,,carbivaptan,0.0,0.45,0.975,1.0,0.53,0.952,0.342,vasopressin receptor antagonist,generic,-vaptan,roomy,False,,
pirlovaptan,False,ngram_guided,1,67.48,69.38,moderate,-14.38,0.62,durlobactam,0.6662,4,TRADEMARK_HIT,SIMILARITY_MODERATE,,pirlovaptan,0.0,0.68,0.975,1.0,1.0,0.952,0.814,vasopressin receptor antagonist,generic,-vaptan,roomy,False,,
trandovaptan,True,ngram_guided,1,53.51,68.27,moderate,-13.27,1.73,trandolapril,0.729,4,,SIMILARITY_MODERATE,,trandovaptan,0.0,0.3,0.83,1.0,1.0,0.862,0.325,vasopressin receptor antagonist,generic,-vaptan,roomy,False,,
spesovaptan,True,ngram_guided,1,58.85,58.26,moderate,-3.26,11.74,spesolimab,0.6296,4,,SIMILARITY_MODERATE,,spesovaptan,0.0,0.45,0.854,1.0,1.0,0.952,0.48,vasopressin receptor antagonist,generic,-vaptan,roomy,False,,
obelidrvaptan,True,ngram_guided,1,54.7,60.56,moderate,-5.56,9.44,eletriptan,0.6099,5,,SIMILARITY_MODERATE,,obelidrvaptan,0.0,0.564,0.828,1.0,1.0,0.624,0.083,vasopressin receptor antagonist,generic,-vaptan,roomy,False,,
eplicvaptan,True,ngram_guided,1,56.81,64.94,moderate,-9.94,5.06,plicata,0.6039,4,,SIMILARITY_MODERATE,,eplicvaptan,0.0,0.45,0.83,1.0,1.0,0.952,0.238,vasopressin receptor antagonist,generic,-vaptan,roomy,False,,
bevabevaptan,True,ngram_guided,1,57.86,55.52,moderate,-0.52,14.48,vaborbactam,0.618,5,,SIMILARITY_MODERATE,,bevabevaptan,0.0,0.517,1.0,1.0,1.0,0.731,0.173,vasopressin receptor antagonist,generic,-vaptan,roomy,False,,
chlorvaptan,False,ngram_guided,1,46.12,63.56,moderate,-8.56,6.44,chloraseptic,0.7718,3,TRADEMARK_HIT,SIMILARITY_MODERATE,,chlorvaptan,0.0,0.45,0.718,1.0,0.53,0.828,0.187,vasopressin receptor antagonist,generic,-vaptan,roomy,False,,
moexidvaptan,True,ngram_guided,1,61.64,65.0,moderate,-10.0,5.0,moxidectin,0.6085,5,,SIMILARITY_MODERATE,,moexidvaptan,0.0,0.517,0.975,1.0,1.0,0.731,0.764,vasopressin receptor antagonist,generic,-vaptan,roomy,False,,
difetvaptan,True,ngram_guided,1,63.64,60.05,moderate,-5.05,9.95,rizatriptan,0.6074,4,,SIMILARITY_MODERATE,,difetvaptan,0.0,0.45,0.975,1.0,1.0,0.952,0.923,vasopressin receptor antagonist,generic,-vaptan,roomy,True,,
dicarfilvaptan,True,ngram_guided,1,50.49,56.36,moderate,-1.36,13.64,ticarcillin,0.669,5,,SIMILARITY_MODERATE,,dicarfilvaptan,0.0,0.4,0.951,1.0,0.53,0.527,0.919,vasopressin receptor antagonist,generic,-vaptan,roomy,False,,
ondavaptan,True,ngram_guided,1,61.72,63.99,moderate,-8.99,6.01,travatan,0.6263,4,,SIMILARITY_MODERATE,,ondavaptan,0.0,0.6,0.975,1.0,1.0,0.998,0.155,vasopressin receptor antagonist,generic,-vaptan,roomy,False,,
sulfavaptan,True,ngram_guided,1,55.45,65.64,moderate,-10.64,4.36,sulfacytine,0.8096,4,,SIMILARITY_MODERATE,,sulfavaptan,0.0,0.45,0.975,1.0,0.53,0.952,0.827,vasopressin receptor antagonist,generic,-vaptan,roomy,False,,
pimadalovaptan,True,ngram_guided,1,66.4,52.92,low,2.08,17.08,dimethyloctan,0.6475,6,,,,pimadalovaptan,0.083,0.8,1.0,1.0,1.0,0.309,0.902,vasopressin receptor antagonist,generic,-vaptan,roomy,True,,
saprvaptan,True,ngram_guided,1,57.07,63.34,moderate,-8.34,6.66,sapropterin,0.6181,3,,SIMILARITY_MODERATE,,saprvaptan,0.0,0.6,0.788,1.0,1.0,0.873,0.045,vasopressin receptor antagonist,generic,-vaptan,roomy,False,,
capsaivaptan,True,ngram_guided,1,59.44,61.52,moderate,-6.52,8.48,capsosiphon,0.655,4,,SIMILARITY_MODERATE,,capsaivaptan,0.0,0.3,0.975,1.0,1.0,0.862,0.881,vasopressin receptor antagonist,generic,-vaptan,roomy,False,,
fluvaptan,False,ngram_guided,1,66.67,73.54,high,-18.54,-3.54,fluvastatin,0.7153,3,SIMILARITY_TOO_HIGH|INTRA_STEM_TOO_CLOSE|TRADEMARK_HIT,,,fluvaptan,0.0,1.0,0.829,1.0,1.0,0.858,0.212,vasopressin receptor antagonist,generic,-vaptan,roomy,False,,
levobivaptan,True,ngram_guided,1,52.73,65.39,moderate,-10.39,4.61,levobupivacaine,0.7055,5,,SIMILARITY_MODERATE,,levobivaptan,0.0,0.517,1.0,1.0,0.53,0.731,0.515,vasopressin receptor antagonist,generic,-vaptan,roomy,False,,
abeparavaptan,True,ngram_guided,1,56.53,63.44,moderate,-8.44,6.56,travatan,0.673,6,,SIMILARITY_MODERATE,,abeparavaptan,0.0,0.357,1.0,1.0,1.0,0.406,0.905,vasopressin receptor antagonist,generic,-vaptan,roomy,False,,
bicivaptan,True,ngram_guided,1,66.1,66.8,moderate,-11.8,3.2,bicisate,0.6605,4,,SIMILARITY_MODERATE,,bicivaptan,0.0,0.6,1.0,1.0,1.0,0.998,0.732,vasopressin receptor antagonist,generic,-vaptan,roomy,True,,
amitovaptan,True,ngram_guided,1,62.93,65.91,moderate,-10.91,4.09,aminobutan,0.6914,5,,SIMILARITY_MODERATE,,amitovaptan,0.0,0.45,1.0,1.0,1.0,0.821,0.96,vasopressin receptor antagonist,generic,-vaptan,roomy,False,,
evavaptan,False,grammar+refined,1,67.03,68.12,moderate,-13.12,1.88,travatan,0.6088,4,TRADEMARK_HIT,SIMILARITY_MODERATE,elavaptan,elavaptan -> evavaptan,0.0,1.0,1.0,0.8,1.0,0.983,0.0,vasopressin receptor antagonist,generic,-vaptan,roomy,False,,
ezavaptan,False,grammar+refined,1,68.83,68.99,moderate,-13.99,1.01,travatan,0.6212,4,TRADEMARK_HIT,SIMILARITY_MODERATE,elavaptan,elavaptan -> evavaptan -> ezavaptan,0.0,1.0,1.0,1.0,1.0,0.983,0.0,vasopressin receptor antagonist,generic,-vaptan,roomy,False,,
efavaptan,False,grammar+refined,1,68.97,68.56,moderate,-13.56,1.44,travatan,0.6311,4,TRADEMARK_HIT,SIMILARITY_MODERATE,elavaptan,elavaptan -> evavaptan -> ezavaptan -> efavaptan,0.0,1.0,1.0,1.0,1.0,0.983,0.02,vasopressin receptor antagonist,generic,-vaptan,roomy,False,,
akavaptan,False,grammar+refined,1,68.83,69.43,moderate,-14.43,0.57,travatan,0.6166,4,TRADEMARK_HIT,SIMILARITY_MODERATE,abavaptan,abavaptan -> akavaptan,0.0,1.0,1.0,1.0,1.0,0.983,0.0,vasopressin receptor antagonist,generic,-vaptan,roomy,False,,
agavaptan,False,grammar+refined,1,68.83,72.29,high,-17.29,-2.29,gamastan,0.6491,4,SIMILARITY_TOO_HIGH|TRADEMARK_HIT,,abavaptan,abavaptan -> akavaptan -> agavaptan,0.0,1.0,1.0,1.0,1.0,0.983,0.001,vasopressin receptor antagonist,generic,-vaptan,roomy,False,,
agevaptan,True,grammar+refined,1,68.83,62.66,moderate,-7.66,7.34,jevtana,0.6339,4,,SIMILARITY_MODERATE,abavaptan,abavaptan -> akavaptan -> agavaptan -> agevaptan,0.0,1.0,1.0,1.0,1.0,0.983,0.0,vasopressin receptor antagonist,generic,-vaptan,roomy,True,,
uravaptan,False,grammar+refined,1,68.83,79.73,high,-24.73,-9.73,travatan,0.6757,4,SIMILARITY_TOO_HIGH|TRADEMARK_HIT,,eravaptan,eravaptan -> uravaptan,0.0,1.0,1.0,1.0,1.0,0.983,0.0,vasopressin receptor antagonist,generic,-vaptan,roomy,False,,
ujavaptan,False,grammar+refined,1,68.83,67.9,moderate,-12.9,2.1,travatan,0.6142,4,TRADEMARK_HIT,SIMILARITY_MODERATE,eravaptan,eravaptan -> uravaptan -> ujavaptan,0.0,1.0,1.0,1.0,1.0,0.983,0.0,vasopressin receptor antagonist,generic,-vaptan,roomy,False,,
uyavaptan,False,grammar+refined,1,66.25,67.69,moderate,-12.69,2.31,travatan,0.4819,5,TRADEMARK_HIT,SIMILARITY_MODERATE,eravaptan,eravaptan -> uravaptan -> ujavaptan -> uyavaptan,0.0,1.0,0.91,1.0,1.0,0.852,0.0,vasopressin receptor antagonist,generic,-vaptan,roomy,False,,
amuvaptan,True,grammar+refined,1,68.83,64.07,moderate,-9.07,5.93,amivantamab,0.6121,4,,SIMILARITY_MODERATE,amivaptan,amivaptan -> amuvaptan,0.0,1.0,1.0,1.0,1.0,0.983,0.0,vasopressin receptor antagonist,generic,-vaptan,roomy,True,,
ajavaptan,False,grammar+refined,1,68.83,67.9,moderate,-12.9,2.1,travatan,0.6798,4,TRADEMARK_HIT,SIMILARITY_MODERATE,adavaptan,adavaptan -> ajavaptan,0.0,1.0,1.0,1.0,1.0,0.983,0.0,vasopressin receptor antagonist,generic,-vaptan,roomy,False,,
atavaptan,False,grammar+refined,1,73.38,71.63,high,-16.63,-1.63,travatan,0.6395,4,SIMILARITY_TOO_HIGH|INTRA_STEM_TOO_CLOSE|TRADEMARK_HIT,,adavaptan,adavaptan -> ajavaptan -> atavaptan,0.0,1.0,1.0,1.0,1.0,0.983,0.65,vasopressin receptor antagonist,generic,-vaptan,roomy,False,,
etavaptan,False,grammar+refined,1,69.41,71.63,high,-16.63,-1.63,travatan,0.6677,4,SIMILARITY_TOO_HIGH|INTRA_STEM_TOO_CLOSE|TRADEMARK_HIT,,adavaptan,adavaptan -> ajavaptan -> atavaptan -> etavaptan,0.0,1.0,1.0,1.0,1.0,0.983,0.083,vasopressin receptor antagonist,generic,-vaptan,roomy,False,,
epuvaptan,True,grammar+refined,1,68.83,61.53,moderate,-6.53,8.47,captan,0.6012,4,,SIMILARITY_MODERATE,epevaptan,epevaptan -> epuvaptan,0.0,1.0,1.0,1.0,1.0,0.983,0.0,vasopressin receptor antagonist,generic,-vaptan,roomy,True,,
idevaptan,False,grammar+refined,1,73.39,70.08,high,-15.08,-0.08,zidebactam,0.6351,4,SIMILARITY_TOO_HIGH|TRADEMARK_HIT,,itevaptan,itevaptan -> idevaptan,0.0,1.0,1.0,1.0,1.0,0.983,0.651,vasopressin receptor antagonist,generic,-vaptan,roomy,False,,
idovaptan,False,grammar+refined,1,68.95,64.51,moderate,-9.51,5.49,dovato,0.6251,4,TRADEMARK_HIT,SIMILARITY_MODERATE,itevaptan,itevaptan -> idevaptan -> idovaptan,0.0,1.0,1.0,1.0,1.0,0.983,0.018,vasopressin receptor antagonist,generic,-vaptan,roomy,False,,
ibovaptan,False,grammar+refined,1,68.86,70.79,high,-15.79,-0.79,obovata,0.6359,4,SIMILARITY_TOO_HIGH|TRADEMARK_HIT,,itevaptan,itevaptan -> idevaptan -> idovaptan -> ibovaptan,0.0,1.0,1.0,1.0,1.0,0.983,0.004,vasopressin receptor antagonist,generic,-vaptan,roomy,False,,
upavaptan,False,grammar+refined,1,68.83,70.31,high,-15.31,-0.31,travatan,0.6184,4,SIMILARITY_TOO_HIGH|TRADEMARK_HIT,,udavaptan,udavaptan -> upavaptan,0.0,1.0,1.0,1.0,1.0,0.983,0.0,vasopressin receptor antagonist,generic,-vaptan,roomy,False,,
apavaptan,False,grammar+refined,1,73.36,70.31,high,-15.31,-0.31,travatan,0.6583,4,SIMILARITY_TOO_HIGH|TRADEMARK_HIT,,udavaptan,udavaptan -> upavaptan -> apavaptan,0.0,1.0,1.0,1.0,1.0,0.983,0.648,vasopressin receptor antagonist,generic,-vaptan,roomy,False,,
azavaptan,False,grammar+refined,1,74.88,68.99,moderate,-13.99,1.01,travatan,0.6338,4,TRADEMARK_HIT,SIMILARITY_MODERATE,udavaptan,udavaptan -> upavaptan -> apavaptan -> azavaptan,0.0,1.0,1.0,1.0,1.0,0.983,0.864,vasopressin receptor antagonist,generic,-vaptan,roomy,False,,
epedipine,False,grammar,1,68.83,72.56,high,-17.56,-2.56,medicine,0.8255,4,SIMILARITY_TOO_HIGH|INTRA_STEM_TOO_CLOSE|TRADEMARK_HIT,,,epedipine,0.0,1.0,1.0,1.0,1.0,0.983,0.001,dihydropyridine calcium channel blocker,generic,-dipine,roomy,False,,
ziviedipine,False,grammar,1,62.12,62.17,moderate,-7.17,7.83,cimetidine,0.6311,4,INTRA_STEM_TOO_CLOSE|TRADEMARK_HIT,SIMILARITY_MODERATE,,ziviedipine,0.0,0.68,1.0,1.0,1.0,0.952,0.0,dihydropyridine calcium channel blocker,generic,-dipine,roomy,False,,
gasaldudipine,True,grammar,1,60.67,56.17,moderate,-1.17,13.83,paltusotine,0.6656,5,,SIMILARITY_MODERATE,,gasaldudipine,0.0,0.771,1.0,1.0,1.0,0.624,0.0,dihydropyridine calcium channel blocker,generic,-dipine,roomy,False,,
itedipine,False,grammar,1,68.83,71.0,high,-16.0,-1.0,medicine,0.7973,4,SIMILARITY_TOO_HIGH|INTRA_STEM_TOO_CLOSE|TRADEMARK_HIT,,,itedipine,0.0,1.0,1.0,1.0,1.0,0.983,0.0,dihydropyridine calcium channel blocker,generic,-dipine,roomy,False,,
udadipine,False,grammar,1,68.83,76.19,high,-21.19,-6.19,bamipine,0.6452,4,SIMILARITY_TOO_HIGH,,,udadipine,0.0,1.0,1.0,1.0,1.0,0.983,0.0,dihydropyridine calcium channel blocker,generic,-dipine,roomy,False,,
udidipine,False,grammar,1,67.03,67.36,moderate,-12.36,2.64,didecene,0.6583,4,INTRA_STEM_TOO_CLOSE,SIMILARITY_MODERATE,,udidipine,0.0,1.0,1.0,0.8,1.0,0.983,0.0,dihydropyridine calcium channel blocker,generic,-dipine,roomy,False,,
griozladipine,True,grammar,1,63.41,59.85,moderate,-4.85,10.15,gliocladium,0.6123,5,,SIMILARITY_MODERATE,,griozladipine,0.0,1.0,0.869,1.0,1.0,0.624,0.0,dihydropyridine calcium channel blocker,generic,-dipine,roomy,True,,
eladipine,False,grammar,1,75.14,70.43,high,-15.43,-0.43,cladribine,0.8869,4,SIMILARITY_TOO_HIGH|INTRA_STEM_TOO_CLOSE|TRADEMARK_HIT,,,eladipine,0.0,1.0,1.0,1.0,1.0,0.983,0.902,dihydropyridine calcium channel blocker,generic,-dipine,roomy,False,,
macladipine,False,grammar,1,61.71,70.25,high,-15.25,-0.25,cladribine,0.8375,4,SIMILARITY_TOO_HIGH|TRADEMARK_HIT,,,macladipine,0.0,0.68,0.879,1.0,1.0,0.952,0.183,dihydropyridine calcium channel blocker,generic,-dipine,roomy,False,,
adadipine,False,grammar,1,69.04,76.19,high,-21.19,-6.19,bamipine,0.8431,4,SIMILARITY_TOO_HIGH,,,adadipine,0.0,1.0,1.0,1.0,1.0,0.983,0.03,dihydropyridine calcium channel blocker,generic,-dipine,roomy,False,,
metadipine,False,grammar,1,67.07,73.25,high,-18.25,-3.25,mirtazapine,0.9757,4,SIMILARITY_TOO_HIGH|TRADEMARK_HIT,,,metadipine,0.0,0.6,1.0,1.0,1.0,0.998,0.87,dihydropyridine calcium channel blocker,generic,-dipine,roomy,False,,
fiturodipine,True,grammar,1,61.04,64.4,moderate,-9.4,5.6,terodiline,0.7941,5,,SIMILARITY_MODERATE,,fiturodipine,0.0,0.733,1.0,1.0,1.0,0.731,0.009,dihydropyridine calcium channel blocker,generic,-dipine,roomy,False,,
pefmidedipine,True,grammar,1,60.86,58.83,moderate,-3.83,11.17,dexmedetomidine,0.7045,5,,SIMILARITY_MODERATE,,pefmidedipine,0.0,0.771,1.0,1.0,1.0,0.624,0.028,dihydropyridine calcium channel blocker,generic,-dipine,roomy,False,,
cixadipine,False,grammar,1,68.99,66.71,moderate,-11.71,3.29,hexamidine,0.7722,4,TRADEMARK_HIT,SIMILARITY_MODERATE,,cixadipine,0.0,1.0,1.0,1.0,1.0,0.998,0.001,dihydropyridine calcium channel blocker,generic,-dipine,roomy,False,,
dintudipine,True,grammar,1,62.17,60.29,moderate,-5.29,9.71,distigmine,0.6948,4,,SIMILARITY_MODERATE,,dintudipine,0.0,0.68,1.0,1.0,1.0,0.952,0.006,dihydropyridine calcium channel blocker,generic,-dipine,roomy,False,,
gixedipine,False,grammar,1,68.98,69.68,moderate,-14.68,0.32,doxecitine,0.6936,4,INTRA_STEM_TOO_CLOSE|TRADEMARK_HIT,SIMILARITY_MODERATE,,gixedipine,0.0,1.0,1.0,1.0,1.0,0.998,0.0,dihydropyridine calcium channel blocker,generic,-dipine,roomy,False,,
ritidipine,False,grammar,1,61.46,68.48,moderate,-13.48,1.52,ranitidine,0.8832,4,TRADEMARK_HIT,SIMILARITY_MODERATE,,ritidipine,0.0,0.6,1.0,1.0,1.0,0.998,0.068,dihydropyridine calcium channel blocker,generic,-dipine,roomy,False,,
efeladipine,False,grammar,1,60.81,73.76,high,-18.76,-3.76,felodipine,0.7895,5,SIMILARITY_TOO_HIGH|INTRA_STEM_TOO_CLOSE|TRADEMARK_HIT,,,efeladipine,0.0,0.68,1.0,1.0,1.0,0.821,0.0,dihydropyridine calcium channel blocker,generic,-dipine,roomy,False,,
cevodridipine,True,grammar,1,59.19,63.31,moderate,-8.31,6.69,levocarnitine,0.748,5,,SIMILARITY_MODERATE,,cevodridipine,0.0,0.771,0.894,1.0,1.0,0.624,0.0,dihydropyridine calcium channel blocker,generic,-dipine,roomy,False,,
pactodipine,False,grammar,1,62.51,71.19,high,-16.19,-1.19,captodiamine,0.8826,4,SIMILARITY_TOO_HIGH,,,pactodipine,0.0,0.68,1.0,1.0,1.0,0.952,0.056,dihydropyridine calcium channel blocker,generic,-dipine,roomy,False,,
amidipine,False,grammar,1,71.27,73.27,high,-18.27,-3.27,medicine,0.9867,4,SIMILARITY_TOO_HIGH|INTRA_STEM_TOO_CLOSE|TRADEMARK_HIT,,,amidipine,0.0,1.0,1.0,1.0,1.0,0.983,0.349,dihydropyridine calcium channel blocker,generic,-dipine,roomy,False,,
utidipine,False,grammar,1,68.83,68.4,moderate,-13.4,1.6,tilidine,0.8312,4,INTRA_STEM_TOO_CLOSE,SIMILARITY_MODERATE,,utidipine,0.0,1.0,1.0,1.0,1.0,0.983,0.0,dihydropyridine calcium channel blocker,generic,-dipine,roomy,False,,
eradipine,False,grammar,1,71.39,70.23,high,-15.23,-0.23,eradikate,0.9001,4,SIMILARITY_TOO_HIGH|INTRA_STEM_TOO_CLOSE|TRADEMARK_HIT,,,eradipine,0.0,1.0,1.0,1.0,1.0,0.983,0.367,dihydropyridine calcium channel blocker,generic,-dipine,roomy,False,,
abadipine,False,grammar,1,71.89,82.09,high,-27.09,-12.09,bamipine,0.85,4,SIMILARITY_TOO_HIGH|INTRA_STEM_TOO_CLOSE|TRADEMARK_HIT,,,abadipine,0.0,1.0,1.0,1.0,1.0,0.983,0.437,dihydropyridine calcium channel blocker,generic,-dipine,roomy,False,,
ropentodipine,True,ngram_guided,1,46.94,69.78,moderate,-14.78,0.22,propentofylline,0.8822,5,,SIMILARITY_MODERATE,,ropentodipine,0.0,0.15,1.0,1.0,0.53,0.624,0.889,dihydropyridine calcium channel blocker,generic,-dipine,roomy,False,,
bicdipine,False,ngram_guided,1,68.82,68.05,moderate,-13.05,1.95,epicriptine,0.6686,3,INTRA_STEM_TOO_CLOSE|TRADEMARK_HIT,SIMILARITY_MODERATE,,bicdipine,0.0,1.0,1.0,1.0,1.0,0.858,0.177,dihydropyridine calcium channel blocker,generic,-dipine,roomy,False,,
carbidipine,False,ngram_guided,1,52.4,71.32,high,-16.32,-1.32,carbidopa,0.9609,4,SIMILARITY_TOO_HIGH|TRADEMARK_HIT,,,carbidipine,0.0,0.45,1.0,1.0,0.53,0.952,0.342,dihydropyridine calcium channel blocker,generic,-dipine,roomy,False,,
pirlodipine,False,ngram_guided,1,67.82,66.44,moderate,-11.44,3.56,pyrrolidine,0.8547,4,INTRA_STEM_TOO_CLOSE|TRADEMARK_HIT,SIMILARITY_MODERATE,,pirlodipine,0.0,0.68,1.0,1.0,1.0,0.952,0.814,dihydropyridine calcium channel blocker,generic,-dipine,roomy,False,,
trandodipine,True,ngram_guided,1,53.86,62.8,moderate,-7.8,7.2,ranitidine,0.9548,4,,SIMILARITY_MODERATE,,trandodipine,0.0,0.3,0.854,1.0,1.0,0.862,0.325,dihydropyridine calcium channel blocker,generic,-dipine,roomy,False,,
spesodipine,False,ngram_guided,1,59.19,64.48,moderate,-9.48,5.52,spermidine,0.8576,4,INTRA_STEM_TOO_CLOSE|TRADEMARK_HIT,SIMILARITY_MODERATE,,spesodipine,0.0,0.45,0.879,1.0,1.0,0.952,0.48,dihydropyridine calcium channel blocker,generic,-dipine,roomy,False,,
obelidrdipine,True,ngram_guided,1,54.7,59.29,moderate,-4.29,10.71,heliotropine,0.6517,5,,SIMILARITY_MODERATE,,obelidrdipine,0.0,0.564,0.828,1.0,1.0,0.624,0.083,dihydropyridine calcium channel blocker,generic,-dipine,roomy,False,,
eplicdipine,False,ngram_guided,1,57.15,72.16,high,-17.16,-2.16,epicriptine,0.6451,4,SIMILARITY_TOO_HIGH,,,eplicdipine,0.0,0.45,0.854,1.0,1.0,0.952,0.238,dihydropyridine calcium channel blocker,generic,-dipine,roomy,False,,
bevabedipine,True,ngram_guided,1,57.86,63.72,moderate,-8.72,6.28,sevabertinib,0.7068,5,,SIMILARITY_MODERATE,,bevabedipine,0.0,0.517,1.0,1.0,1.0,0.731,0.173,dihydropyridine calcium channel blocker,generic,-dipine,roomy,False,,
chlordipine,False,ngram_guided,1,46.46,69.55,moderate,-14.55,0.45,chloroxine,0.9812,3,TRADEMARK_HIT,SIMILARITY_MODERATE,,chlordipine,0.0,0.45,0.742,1.0,0.53,0.828,0.187,dihydropyridine calcium channel blocker,generic,-dipine,roomy,False,,
moexiddipine,True,ngram_guided,1,59.74,68.35,moderate,-13.35,1.65,moxidectin,0.6615,5,,SIMILARITY_MODERATE,,moexiddipine,0.0,0.517,1.0,0.75,1.0,0.731,0.764,dihydropyridine calcium channel blocker,generic,-dipine,roomy,False,,
difetdipine,False,ngram_guided,1,63.99,64.42,moderate,-9.42,5.58,nifurpipone,0.6617,4,INTRA_STEM_TOO_CLOSE|TRADEMARK_HIT,SIMILARITY_MODERATE,,difetdipine,0.0,0.45,1.0,1.0,1.0,0.952,0.923,dihydropyridine calcium channel blocker,generic,-dipine,roomy,False,,
dicarfildipine,False,ngram_guided,1,50.84,64.87,moderate,-9.87,5.13,ticarcillin,0.8178,5,TRADEMARK_HIT,SIMILARITY_MODERATE,,dicarfildipine,0.0,0.4,0.975,1.0,0.53,0.527,0.919,dihydropyridine calcium channel blocker,generic,-dipine,roomy,False,,
ondadipine,True,ngram_guided,1,62.06,69.09,moderate,-14.09,0.91,bamipine,0.717,4,,SIMILARITY_MODERATE,,ondadipine,0.0,0.6,1.0,1.0,1.0,0.998,0.155,dihydropyridine calcium channel blocker,generic,-dipine,roomy,False,,
sulfadipine,False,ngram_guided,1,55.79,84.58,high,-29.58,-14.58,sulfadiazine,0.9784,4,SIMILARITY_TOO_HIGH|INTRA_STEM_TOO_CLOSE|TRADEMARK_HIT,,,sulfadipine,0.0,0.45,1.0,1.0,0.53,0.952,0.827,dihydropyridine calcium channel blocker,generic,-dipine,roomy,False,,
pimadalodipine,True,ngram_guided,1,64.4,58.45,moderate,-3.45,11.55,pimagedine,0.7734,6,,SIMILARITY_MODERATE,,pimadalodipine,0.0,0.8,1.0,1.0,1.0,0.309,0.902,dihydropyridine calcium channel blocker,generic,-dipine,roomy,True,,
saprdipine,True,ngram_guided,1,57.07,64.01,moderate,-9.01,5.99,sardine,0.7182,3,,SIMILARITY_MODERATE,,saprdipine,0.0,0.6,0.788,1.0,1.0,0.873,0.045,dihydropyridine calcium channel blocker,generic,-dipine,roomy,False,,
capsaidipine,False,ngram_guided,1,59.79,71.35,high,-16.35,-1.35,capsaisin,0.7879,4,SIMILARITY_TOO_HIGH,,,capsaidipine,0.0,0.3,1.0,1.0,1.0,0.862,0.881,dihydropyridine calcium channel blocker,generic,-dipine,roomy,False,,
fludipine,False,ngram_guided,1,67.01,75.81,high,-20.81,-5.81,flupirtine,0.9404,3,SIMILARITY_TOO_HIGH|INTRA_STEM_TOO_CLOSE|TRADEMARK_HIT,,,fludipine,0.0,1.0,0.854,1.0,1.0,0.858,0.212,dihydropyridine calcium channel blocker,generic,-dipine,roomy,False,,
levobidipine,False,ngram_guided,1,52.73,63.56,moderate,-8.56,6.44,levocarnitine,0.8846,5,INTRA_STEM_TOO_CLOSE,SIMILARITY_MODERATE,,levobidipine,0.0,0.517,1.0,1.0,0.53,0.731,0.515,dihydropyridine calcium channel blocker,generic,-dipine,roomy,False,,
abeparadipine,True,ngram_guided,1,56.53,61.74,moderate,-6.74,8.26,asparagine,0.828,6,,SIMILARITY_MODERATE,,abeparadipine,0.0,0.357,1.0,1.0,1.0,0.406,0.905,dihydropyridine calcium channel blocker,generic,-dipine,roomy,False,,
bicidipine,False,ngram_guided,1,66.1,62.54,moderate,-7.54,7.46,azacitidine,0.9049,4,INTRA_STEM_TOO_CLOSE|TRADEMARK_HIT,SIMILARITY_MODERATE,,bicidipine,0.0,0.6,1.0,1.0,1.0,0.998,0.732,dihydropyridine calcium channel blocker,generic,-dipine,roomy,False,,
amitodipine,False,ngram_guided,1,62.93,69.05,moderate,-14.05,0.95,amifostine,0.9089,5,INTRA_STEM_TOO_CLOSE|TRADEMARK_HIT,SIMILARITY_MODERATE,,amitodipine,0.0,0.45,1.0,1.0,1.0,0.821,0.96,dihydropyridine calcium channel blocker,generic,-dipine,roomy,False,,
eludipine,False,grammar+refined,1,68.85,65.58,moderate,-10.58,4.42,flupirtine,0.798,4,INTRA_STEM_TOO_CLOSE|TRADEMARK_HIT,SIMILARITY_MODERATE,eladipine,eladipine -> eludipine,0.0,1.0,1.0,1.0,1.0,0.983,0.003,dihydropyridine calcium channel blocker,generic,-dipine,roomy,False,,
esudipine,False,grammar+refined,1,68.83,65.88,moderate,-10.88,4.12,evodiamine,0.814,4,INTRA_STEM_TOO_CLOSE|TRADEMARK_HIT,SIMILARITY_MODERATE,eladipine,eladipine -> eludipine -> esudipine,0.0,1.0,1.0,1.0,1.0,0.983,0.0,dihydropyridine calcium channel blocker,generic,-dipine,roomy,False,,
efudipine,False,grammar+refined,1,68.83,65.86,moderate,-10.86,4.14,efodine,0.6637,4,INTRA_STEM_TOO_CLOSE|TRADEMARK_HIT,SIMILARITY_MODERATE,eladipine,eladipine -> eludipine -> esudipine -> efudipine,0.0,1.0,1.0,1.0,1.0,0.983,0.0,dihydropyridine calcium channel blocker,generic,-dipine,roomy,False,,
abodipine,False,grammar+refined,1,68.85,70.41,high,-15.41,-0.41,bamipine,0.7845,4,SIMILARITY_TOO_HIGH|INTRA_STEM_TOO_CLOSE|TRADEMARK_HIT,,abadipine,abadipine -> abodipine,0.0,1.0,1.0,1.0,1.0,0.983,0.003,dihydropyridine calcium channel blocker,generic,-dipine,roomy,False,,
awodipine,False,grammar+refined,1,68.83,65.59,moderate,-10.59,4.41,dodicin,0.607,4,INTRA_STEM_TOO_CLOSE|TRADEMARK_HIT,SIMILARITY_MODERATE,abadipine,abadipine -> abodipine -> awodipine,0.0,1.0,1.0,1.0,1.0,0.983,0.0,dihydropyridine calcium channel blocker,generic,-dipine,roomy,False,,
amodipine,False,grammar+refined,1,71.93,74.17,high,-19.17,-4.17,famotidine,0.9179,4,SIMILARITY_TOO_HIGH|INTRA_STEM_TOO_CLOSE|TRADEMARK_HIT,,abadipine,abadipine -> abodipine -> awodipine -> amodipine,0.0,1.0,1.0,1.0,1.0,0.983,0.443,dihydropyridine calcium channel blocker,generic,-dipine,roomy,False,,
erodipine,False,grammar+refined,1,68.91,74.85,high,-19.85,-4.85,terodiline,0.8777,4,SIMILARITY_TOO_HIGH|INTRA_STEM_TOO_CLOSE|TRADEMARK_HIT,,eradipine,eradipine -> erodipine,0.0,1.0,1.0,1.0,1.0,0.983,0.012,dihydropyridine calcium channel blocker,generic,-dipine,roomy,False,,
emodipine,False,grammar+refined,1,68.91,73.33,high,-18.33,-3.33,medicine,0.8948,4,SIMILARITY_TOO_HIGH|INTRA_STEM_TOO_CLOSE|TRADEMARK_HIT,,eradipine,eradipine -> erodipine -> emodipine,0.0,1.0,1.0,1.0,1.0,0.983,0.012,dihydropyridine calcium channel blocker,generic,-dipine,roomy,False,,
amudipine,False,grammar+refined,1,68.83,70.08,high,-15.08,-0.08,medicine,0.7935,4,SIMILARITY_TOO_HIGH|INTRA_STEM_TOO_CLOSE|TRADEMARK_HIT,,amidipine,amidipine -> amudipine,0.0,1.0,1.0,1.0,1.0,0.983,0.0,dihydropyridine calcium channel blocker,generic,-dipine,roomy,False,,
amedipine,False,grammar+refined,1,68.85,82.09,high,-27.09,-12.09,medicine,0.9055,4,SIMILARITY_TOO_HIGH|INTRA_STEM_TOO_CLOSE|TRADEMARK_HIT,,amidipine,amidipine -> amudipine -> amedipine,0.0,1.0,1.0,1.0,1.0,0.983,0.003,dihydropyridine calcium channel blocker,generic,-dipine,roomy,False,,
ajadipine,False,grammar+refined,1,68.83,73.85,high,-18.85,-3.85,bamipine,0.8214,4,SIMILARITY_TOO_HIGH,,adadipine,adadipine -> ajadipine,0.0,1.0,1.0,1.0,1.0,0.983,0.0,dihydropyridine calcium channel blocker,generic,-dipine,roomy,False,,
ejadipine,False,grammar+refined,1,68.83,73.85,high,-18.85,-3.85,bamipine,0.7399,4,SIMILARITY_TOO_HIGH,,adadipine,adadipine -> ajadipine -> ejadipine,0.0,1.0,1.0,1.0,1.0,0.983,0.0,dihydropyridine calcium channel blocker,generic,-dipine,roomy,False,,
ujadipine,False,grammar+refined,1,68.83,73.85,high,-18.85,-3.85,bamipine,0.6632,4,SIMILARITY_TOO_HIGH,,adadipine,adadipine -> ajadipine -> ejadipine -> ujadipine,0.0,1.0,1.0,1.0,1.0,0.983,0.0,dihydropyridine calcium channel blocker,generic,-dipine,roomy,False,,
caxadipine,True,grammar+refined,1,69.0,66.71,moderate,-11.71,3.29,hexamidine,0.7179,4,,SIMILARITY_MODERATE,cixadipine,cixadipine -> caxadipine,0.0,1.0,1.0,1.0,1.0,0.998,0.003,dihydropyridine calcium channel blocker,generic,-dipine,roomy,True,,
gaxedipine,False,grammar+refined,1,68.98,69.49,moderate,-14.49,0.51,doxecitine,0.707,4,TRADEMARK_HIT,SIMILARITY_MODERATE,gixedipine,gixedipine -> gaxedipine,0.0,1.0,1.0,1.0,1.0,0.998,0.0,dihydropyridine calcium channel blocker,generic,-dipine,roomy,False,,
guxedipine,False,grammar+refined,1,68.98,71.3,high,-16.3,-1.3,doxecitine,0.69,4,SIMILARITY_TOO_HIGH|TRADEMARK_HIT,,gixedipine,gixedipine -> gaxedipine -> guxedipine,0.0,1.0,1.0,1.0,1.0,0.998,0.0,dihydropyridine calcium channel blocker,generic,-dipine,roomy,False,,
ezedipine,False,grammar+refined,1,68.83,71.0,high,-16.0,-1.0,medicine,0.7972,4,SIMILARITY_TOO_HIGH|INTRA_STEM_TOO_CLOSE|TRADEMARK_HIT,,epedipine,epedipine -> ezedipine,0.0,1.0,1.0,1.0,1.0,0.983,0.0,dihydropyridine calcium channel blocker,generic,-dipine,roomy,False,,
esedipine,False,grammar+refined,1,68.83,72.92,high,-17.92,-2.92,asenapine,0.7934,4,SIMILARITY_TOO_HIGH|INTRA_STEM_TOO_CLOSE|TRADEMARK_HIT,,epedipine,epedipine -> ezedipine -> esedipine,0.0,1.0,1.0,1.0,1.0,0.983,0.001,dihydropyridine calcium channel blocker,generic,-dipine,roomy,False,,
balodipine,False,grammar,2,65.44,69.64,moderate,-14.64,0.36,bamipine,0.8805,4,INTRA_STEM_TOO_CLOSE|TRADEMARK_HIT,SIMILARITY_MODERATE,,balodipine,0.0,0.6,1.0,1.0,1.0,0.998,0.637,dihydropyridine calcium channel blocker,generic,-dipine,roomy,False,,
mazusodipine,True,grammar,2,66.31,57.57,moderate,-2.57,12.43,zotepine,0.68,5,,SIMILARITY_MODERATE,,mazusodipine,0.0,1.0,1.0,1.0,1.0,0.731,0.0,dihydropyridine calcium channel blocker,generic,-dipine,roomy,True,,
orgududipine,True,grammar,2,68.69,52.52,low,2.48,17.48,guanidine,0.6011,5,,,,orgududipine,0.099,1.0,1.0,1.0,1.0,0.731,0.0,dihydropyridine calcium channel blocker,generic,-dipine,roomy,True,,
axodadipine,True,grammar,2,67.21,62.07,moderate,-7.07,7.93,bamipine,0.701,5,,SIMILARITY_MODERATE,,axodadipine,0.0,1.0,1.0,1.0,1.0,0.821,0.0,dihydropyridine calcium channel blocker,generic,-dipine,roomy,True,,
imedipine,False,grammar,2,72.5,82.09,high,-27.09,-12.09,medicine,0.908,4,SIMILARITY_TOO_HIGH|INTRA_STEM_TOO_CLOSE|TRADEMARK_HIT,,,imedipine,0.0,1.0,1.0,1.0,1.0,0.983,0.524,dihydropyridine calcium channel blocker,generic,-dipine,roomy,False,,
litidipine,False,grammar,2,60.99,67.94,moderate,-12.94,2.06,lidamidine,0.9024,4,INTRA_STEM_TOO_CLOSE|TRADEMARK_HIT,SIMILARITY_MODERATE,,litidipine,0.0,0.6,1.0,1.0,1.0,0.998,0.001,dihydropyridine calcium channel blocker,generic,-dipine,roomy,False,,
piladipine,False,grammar,2,69.05,69.21,moderate,-14.21,0.79,tizanidine,0.884,4,INTRA_STEM_TOO_CLOSE|TRADEMARK_HIT,SIMILARITY_MODERATE,,piladipine,0.0,1.0,1.0,1.0,1.0,0.998,0.01,dihydropyridine calcium channel blocker,generic,-dipine,roomy,False,,
cibudipine,False,grammar,2,69.06,66.23,moderate,-11.23,3.77,cimetidine,0.7431,4,INTRA_STEM_TOO_CLOSE,SIMILARITY_MODERATE,,cibudipine,0.0,1.0,1.0,1.0,1.0,0.998,0.012,dihydropyridine calcium channel blocker,generic,-dipine,roomy,False,,
umudipine,False,grammar,2,68.83,70.08,high,-15.08,-0.08,medicine,0.6738,4,SIMILARITY_TOO_HIGH|INTRA_STEM_TOO_CLOSE|TRADEMARK_HIT,,,umudipine,0.0,1.0,1.0,1.0,1.0,0.983,0.0,dihydropyridine calcium channel blocker,generic,-dipine,roomy,False,,
ogvidipine,True,grammar,2,68.98,62.43,moderate,-7.43,7.57,glymidine,0.6122,4,,SIMILARITY_MODERATE,,ogvidipine,0.0,1.0,1.0,1.0,1.0,0.998,0.0,dihydropyridine calcium channel blocker,generic,-dipine,roomy,True,,
lomadipine,True,grammar,2,63.85,68.42,moderate,-13.42,1.58,loratidine,0.8535,4,,SIMILARITY_MODERATE,,lomadipine,0.0,0.6,1.0,1.0,1.0,0.998,0.411,dihydropyridine calcium channel blocker,generic,-dipine,roomy,True,,
nacudipine,False,grammar,2,60.98,68.31,moderate,-13.31,1.69,aconitine,0.6765,4,INTRA_STEM_TOO_CLOSE,SIMILARITY_MODERATE,,nacudipine,0.0,0.6,1.0,1.0,1.0,0.998,0.0,dihydropyridine calcium channel blocker,generic,-dipine,roomy,False,,
aredipine,False,grammar,2,68.85,71.14,high,-16.14,-1.14,reserpine,0.8906,4,SIMILARITY_TOO_HIGH|INTRA_STEM_TOO_CLOSE|TRADEMARK_HIT,,,aredipine,0.0,1.0,1.0,1.0,1.0,0.983,0.003,dihydropyridine calcium channel blocker,generic,-dipine,roomy,False,,
pocedipine,False,grammar,2,61.0,63.89,moderate,-8.89,6.11,octenidine,0.8345,4,TRADEMARK_HIT,SIMILARITY_MODERATE,,pocedipine,0.0,0.6,1.0,1.0,1.0,0.998,0.003,dihydropyridine calcium channel blocker,generic,-dipine,roomy,False,,
sozithudipine,True,grammar,2,61.18,54.47,low,0.53,15.53,zidovudine,0.6411,5,,,,sozithudipine,0.021,0.771,1.0,1.0,1.0,0.624,0.0,dihydropyridine calcium channel blocker,generic,-dipine,roomy,False,,
piothedipine,False,grammar,2,60.98,61.74,moderate,-6.74,8.26,pipothiazine,0.8476,5,TRADEMARK_HIT,SIMILARITY_MODERATE,,piothedipine,0.0,0.733,1.0,1.0,1.0,0.731,0.001,dihydropyridine calcium channel blocker,generic,-dipine,roomy,False,,
ticidipine,False,grammar,2,61.29,69.22,moderate,-14.22,0.78,tizanidine,0.9063,4,INTRA_STEM_TOO_CLOSE|TRADEMARK_HIT,SIMILARITY_MODERATE,,ticidipine,0.0,0.6,1.0,1.0,1.0,0.998,0.045,dihydropyridine calcium channel blocker,generic,-dipine,roomy,False,,
ehetadipine,True,grammar,2,60.81,68.02,moderate,-13.02,1.98,hexamidine,0.7617,5,,SIMILARITY_MODERATE,,ehetadipine,0.0,0.68,1.0,1.0,1.0,0.821,0.0,dihydropyridine calcium channel blocker,generic,-dipine,roomy,False,,
praxodipine,True,grammar,2,60.77,69.81,moderate,-14.81,0.19,apraclonidine,0.8458,4,,SIMILARITY_MODERATE,,praxodipine,0.0,0.68,0.879,1.0,1.0,0.952,0.049,dihydropyridine calcium channel blocker,generic,-dipine,roomy,False,,
enadipine,False,grammar,2,75.33,73.59,high,-18.59,-3.59,bamipine,0.8846,4,SIMILARITY_TOO_HIGH,,,enadipine,0.0,1.0,1.0,1.0,1.0,0.983,0.928,dihydropyridine calcium channel blocker,generic,-dipine,roomy,False,,
zelcidipine,False,grammar,2,62.12,70.96,high,-15.96,-0.96,zalcitabine,0.7106,4,SIMILARITY_TOO_HIGH|INTRA_STEM_TOO_CLOSE|TRADEMARK_HIT,,,zelcidipine,0.0,0.68,1.0,1.0,1.0,0.952,0.0,dihydropyridine calcium channel blocker,generic,-dipine,roomy,False,,
onidipine,False,grammar,2,68.83,67.37,moderate,-12.37,2.63,medicine,0.8594,4,INTRA_STEM_TOO_CLOSE|TRADEMARK_HIT,SIMILARITY_MODERATE,,onidipine,0.0,1.0,1.0,1.0,1.0,0.983,0.0,dihydropyridine calcium channel blocker,generic,-dipine,roomy,False,,
acidipine,False,grammar,2,74.38,74.81,high,-19.81,-4.81,lacidipine,0.9417,4,SIMILARITY_TOO_HIGH|INTRA_STEM_TOO_CLOSE|TRADEMARK_HIT,,,acidipine,0.0,1.0,1.0,1.0,1.0,0.983,0.794,dihydropyridine calcium channel blocker,generic,-dipine,roomy,False,,
oradipine,False,grammar,2,68.85,74.17,high,-19.17,-4.17,loratidine,0.893,4,SIMILARITY_TOO_HIGH|INTRA_STEM_TOO_CLOSE,,,oradipine,0.0,1.0,1.0,1.0,1.0,0.983,0.003,dihydropyridine calcium channel blocker,generic,-dipine,roomy,False,,
cobidipine,False,ngram_guided,2,64.42,66.29,moderate,-11.29,3.71,robenidine,0.8914,4,INTRA_STEM_TOO_CLOSE,SIMILARITY_MODERATE,,cobidipine,0.0,0.6,1.0,1.0,1.0,0.998,0.491,dihydropyridine calcium channel blocker,generic,-dipine,roomy,False,,
trofitdipine,False,ngram_guided,2,60.89,71.58,high,-16.58,-1.58,tropatepine,0.6996,4,SIMILARITY_TOO_HIGH,,,trofitdipine,0.0,0.517,0.854,1.0,1.0,0.862,0.711,dihydropyridine calcium channel blocker,generic,-dipine,roomy,False,,
sutidipine,True,ngram_guided,2,61.95,65.45,moderate,-10.45,4.55,butidrine,0.8919,4,,SIMILARITY_MODERATE,,sutidipine,0.0,0.6,1.0,1.0,1.0,0.998,0.138,dihydropyridine calcium channel blocker,generic,-dipine,roomy,False,,
dexadipine,False,ngram_guided,2,64.48,73.15,high,-18.15,-3.15,hexamidine,0.9272,4,SIMILARITY_TOO_HIGH,,,dexadipine,0.0,0.6,1.0,1.0,1.0,0.998,0.5,dihydropyridine calcium channel blocker,generic,-dipine,roomy,False,,
zildipine,False,ngram_guided,2,67.71,66.61,moderate,-11.61,3.39,tilidine,0.7865,3,TRADEMARK_HIT,SIMILARITY_MODERATE,,zildipine,0.0,1.0,1.0,1.0,1.0,0.858,0.019,dihydropyridine calcium channel blocker,generic,-dipine,roomy,False,,
nucleodipine,False,ngram_guided,2,53.84,72.36,high,-17.36,-2.36,nucleotidase,0.7455,5,SIMILARITY_TOO_HIGH,,,nucleodipine,0.0,0.3,0.894,1.0,1.0,0.731,0.43,dihydropyridine calcium channel blocker,generic,-dipine,roomy,False,,
frunethadipine,True,ngram_guided,2,57.81,68.82,moderate,-13.82,1.18,trimethadione,0.8482,5,,SIMILARITY_MODERATE,,frunethadipine,0.0,0.6,0.869,1.0,1.0,0.527,0.48,dihydropyridine calcium channel blocker,generic,-dipine,roomy,False,,
treodipine,False,ngram_guided,2,62.4,68.85,moderate,-13.85,1.15,terodiline,0.9161,4,INTRA_STEM_TOO_CLOSE|TRADEMARK_HIT,SIMILARITY_MODERATE,,treodipine,0.0,0.6,0.879,1.0,1.0,0.998,0.445,dihydropyridine calcium channel blocker,generic,-dipine,roomy,False,,
rizadipine,False,ngram_guided,2,66.6,72.58,high,-17.58,-2.58,tizanidine,0.8002,4,SIMILARITY_TOO_HIGH|INTRA_STEM_TOO_CLOSE|TRADEMARK_HIT,,,rizadipine,0.0,0.6,1.0,1.0,1.0,0.998,0.803,dihydropyridine calcium channel blocker,generic,-dipine,roomy,False,,
prucalmodipine,True,ngram_guided,2,55.21,67.0,moderate,-12.0,3.0,calmoseptine,0.8203,5,,SIMILARITY_MODERATE,,prucalmodipine,0.0,0.4,0.869,1.0,1.0,0.527,0.68,dihydropyridine calcium channel blocker,generic,-dipine,roomy,False,,
penbdipine,True,ngram_guided,2,63.03,69.11,moderate,-14.11,0.89,fendiline,0.6646,3,,SIMILARITY_MODERATE,,penbdipine,0.0,0.6,0.788,1.0,1.0,0.873,0.895,dihydropyridine calcium channel blocker,generic,-dipine,roomy,False,,
ansuvirdipine,True,ngram_guided,2,56.25,59.02,moderate,-4.02,10.98,enfuvirtide,0.7932,5,,SIMILARITY_MODERATE,,ansuvirdipine,0.0,0.357,0.975,1.0,1.0,0.624,0.602,dihydropyridine calcium channel blocker,generic,-dipine,roomy,False,,
quizadipine,True,ngram_guided,2,57.72,69.58,moderate,-14.58,0.42,tizanidine,0.8437,4,,SIMILARITY_MODERATE,,quizadipine,0.0,0.45,0.879,1.0,1.0,0.952,0.271,dihydropyridine calcium channel blocker,generic,-dipine,roomy,False,,
clembromdipine,True,ngram_guided,2,57.77,58.2,moderate,-3.2,11.8,clomipramine,0.743,4,,SIMILARITY_MODERATE,,clembromdipine,0.0,0.6,0.622,1.0,1.0,0.659,0.782,dihydropyridine calcium channel blocker,generic,-dipine,roomy,False,,
nuclemdipine,True,ngram_guided,2,56.76,63.7,moderate,-8.7,6.3,enclomiphene,0.6543,4,,SIMILARITY_MODERATE,,nuclemdipine,0.0,0.517,0.854,1.0,1.0,0.862,0.121,dihydropyridine calcium channel blocker,generic,-dipine,roomy,False,,
aparvedipine,True,ngram_guided,2,60.93,59.71,moderate,-4.71,10.29,argentine,0.835,5,,SIMILARITY_MODERATE,,aparvedipine,0.0,0.517,1.0,1.0,1.0,0.731,0.612,dihydropyridine calcium channel blocker,generic,-dipine,roomy,False,,
nogludipine,True,ngram_guided,2,57.28,64.38,moderate,-9.38,5.62,glulisine,0.8721,4,,SIMILARITY_MODERATE,,nogludipine,0.0,0.45,0.879,1.0,1.0,0.952,0.207,dihydropyridine calcium channel blocker,generic,-dipine,roomy,False,,
euonydipine,True,ngram_guided,2,51.7,60.55,moderate,-5.55,9.45,medicine,0.6077,5,,SIMILARITY_MODERATE,,euonydipine,0.0,0.45,0.889,0.65,1.0,0.821,0.029,dihydropyridine calcium channel blocker,generic,-dipine,roomy,False,,
remdurvadipine,True,ngram_guided,2,58.3,63.92,moderate,-8.92,6.08,semduramicin,0.6634,5,,SIMILARITY_MODERATE,,remdurvadipine,0.0,0.6,0.975,1.0,1.0,0.527,0.339,dihydropyridine calcium channel blocker,generic,-dipine,roomy,False,,
brenbdipine,False,ngram_guided,2,63.13,66.98,moderate,-11.98,3.02,pirenzepine,0.6471,3,INTRA_STEM_TOO_CLOSE,SIMILARITY_MODERATE,,brenbdipine,0.0,0.68,0.742,1.0,1.0,0.828,0.837,dihydropyridine calcium channel blocker,generic,-dipine,roomy,False,,
rebdipine,False,ngram_guided,2,68.51,70.38,high,-15.38,-0.38,reserpine,0.6304,3,SIMILARITY_TOO_HIGH,,,rebdipine,0.0,1.0,1.0,1.0,1.0,0.858,0.133,dihydropyridine calcium channel blocker,generic,-dipine,roomy,False,,
nogadipine,False,ngram_guided,2,61.43,66.71,moderate,-11.71,3.29,bamipine,0.8359,4,TRADEMARK_HIT,SIMILARITY_MODERATE,,nogadipine,0.0,0.6,1.0,1.0,1.0,0.998,0.064,dihydropyridine calcium channel blocker,generic,-dipine,roomy,False,,
thujaplidipine,False,ngram_guided,2,48.73,74.44,high,-19.44,-4.44,thujaplicin,0.7881,5,SIMILARITY_TOO_HIGH,,,thujaplidipine,0.0,0.0,0.869,1.0,1.0,0.527,0.897,dihydropyridine calcium channel blocker,generic,-dipine,roomy,False,,
cytdipine,False,ngram_guided,2,66.38,75.89,high,-20.89,-5.89,cytisine,0.6536,3,SIMILARITY_TOO_HIGH,,,cytdipine,0.0,1.0,0.889,1.0,1.0,0.858,0.051,dihydropyridine calcium channel blocker,generic,-dipine,roomy,False,,
ewadipine,False,grammar+refined,2,68.83,72.14,high,-17.14,-2.14,bamipine,0.6639,4,SIMILARITY_TOO_HIGH,,enadipine,enadipine -> ewadipine,0.0,1.0,1.0,1.0,1.0,0.983,0.0,dihydropyridine calcium channel blocker,generic,-dipine,roomy,False,,
uwadipine,True,grammar+refined,2,68.83,68.66,moderate,-13.66,1.34,bamipine,0.6303,4,,SIMILARITY_MODERATE,enadipine,enadipine -> ewadipine -> uwadipine,0.0,1.0,1.0,1.0,1.0,0.983,0.0,dihydropyridine calcium channel blocker,generic,-dipine,roomy,True,,
ocidipine,False,grammar+refined,2,68.83,65.8,moderate,-10.8,4.2,clocinizine,0.8944,4,INTRA_STEM_TOO_CLOSE|TRADEMARK_HIT,SIMILARITY_MODERATE,acidipine,acidipine -> ocidipine,0.0,1.0,1.0,1.0,1.0,0.983,0.0,dihydropyridine calcium channel blocker,generic,-dipine,roomy,False,,
osidipine,False,grammar+refined,2,68.96,63.26,moderate,-8.26,6.74,asenapine,0.8845,4,INTRA_STEM_TOO_CLOSE,SIMILARITY_MODERATE,acidipine,acidipine -> ocidipine -> osidipine,0.0,1.0,1.0,1.0,1.0,0.983,0.019,dihydropyridine calcium channel blocker,generic,-dipine,roomy,False,,
obidipine,False,grammar+refined,2,68.97,70.34,high,-15.34,-0.34,bamipine,0.8423,4,SIMILARITY_TOO_HIGH|INTRA_STEM_TOO_CLOSE,,acidipine,acidipine -> ocidipine -> osidipine -> obidipine,0.0,1.0,1.0,1.0,1.0,0.983,0.02,dihydropyridine calcium channel blocker,generic,-dipine,roomy,False,,
igedipine,False,grammar+refined,2,68.83,71.26,high,-16.26,-1.26,medicine,0.7166,4,SIMILARITY_TOO_HIGH|INTRA_STEM_TOO_CLOSE|TRADEMARK_HIT,,imedipine,imedipine -> igedipine,0.0,1.0,1.0,1.0,1.0,0.983,0.0,dihydropyridine calcium channel blocker,generic,-dipine,roomy,False,,
igodipine,False,grammar+refined,2,68.83,68.67,moderate,-13.67,1.33,dodicin,0.757,4,INTRA_STEM_TOO_CLOSE|TRADEMARK_HIT,SIMILARITY_MODERATE,imedipine,imedipine -> igedipine -> igodipine,0.0,1.0,1.0,1.0,1.0,0.983,0.0,dihydropyridine calcium channel blocker,generic,-dipine,roomy,False,,
idodipine,False,grammar+refined,2,68.95,75.6,high,-20.6,-5.6,dodicin,0.8709,4,SIMILARITY_TOO_HIGH|INTRA_STEM_TOO_CLOSE|TRADEMARK_HIT,,imedipine,imedipine -> igedipine -> igodipine -> idodipine,0.0,1.0,1.0,1.0,1.0,0.983,0.018,dihydropyridine calcium channel blocker,generic,-dipine,roomy,False,,
cigudipine,False,grammar+refined,2,60.99,62.83,moderate,-7.83,7.17,cimetidine,0.6549,4,INTRA_STEM_TOO_CLOSE,SIMILARITY_MODERATE,cibudipine,cibudipine -> cigudipine,0.0,0.6,1.0,1.0,1.0,0.998,0.001,dihydropyridine calcium channel blocker,generic,-dipine,roomy,False,,
cijudipine,False,grammar+refined,2,68.98,63.04,moderate,-8.04,6.96,cimetidine,0.6184,4,INTRA_STEM_TOO_CLOSE,SIMILARITY_MODERATE,cibudipine,cibudipine -> cigudipine -> cijudipine,0.0,1.0,1.0,1.0,1.0,0.998,0.0,dihydropyridine calcium channel blocker,generic,-dipine,roomy,False,,
ciludipine,False,grammar+refined,2,70.75,64.98,moderate,-9.98,5.02,flupirtine,0.8302,4,INTRA_STEM_TOO_CLOSE|TRADEMARK_HIT,SIMILARITY_MODERATE,cibudipine,cibudipine -> cigudipine -> cijudipine -> ciludipine,0.0,1.0,1.0,1.0,1.0,0.998,0.254,dihydropyridine calcium channel blocker,generic,-dipine,roomy,False,,
pizadipine,False,grammar+refined,2,69.04,78.75,high,-23.75,-8.75,tizanidine,0.8026,4,SIMILARITY_TOO_HIGH|INTRA_STEM_TOO_CLOSE|TRADEMARK_HIT,,piladipine,piladipine -> pizadipine,0.0,1.0,1.0,1.0,1.0,0.998,0.009,dihydropyridine calcium channel blocker,generic,-dipine,roomy,False,,
puzadipine,False,grammar+refined,2,68.98,70.86,high,-15.86,-0.86,tizanidine,0.6607,4,SIMILARITY_TOO_HIGH|TRADEMARK_HIT,,piladipine,piladipine -> pizadipine -> puzadipine,0.0,1.0,1.0,1.0,1.0,0.998,0.0,dihydropyridine calcium channel blocker,generic,-dipine,roomy,False,,
pujadipine,True,grammar+refined,2,68.98,66.94,moderate,-11.94,3.06,bamipine,0.706,4,,SIMILARITY_MODERATE,piladipine,piladipine -> pizadipine -> puzadipine -> pujadipine,0.0,1.0,1.0,1.0,1.0,0.998,0.0,dihydropyridine calcium channel blocker,generic,-dipine,roomy,True,,
adedipine,False,grammar+refined,2,68.89,73.59,high,-18.59,-3.59,medicine,0.8085,4,SIMILARITY_TOO_HIGH|INTRA_STEM_TOO_CLOSE|TRADEMARK_HIT,,aredipine,aredipine -> adedipine,0.0,1.0,1.0,1.0,1.0,0.983,0.009,dihydropyridine calcium channel blocker,generic,-dipine,roomy,False,,
idedipine,False,grammar+refined,2,73.39,73.59,high,-18.59,-3.59,medicine,0.7798,4,SIMILARITY_TOO_HIGH|INTRA_STEM_TOO_CLOSE|TRADEMARK_HIT,,aredipine,aredipine -> adedipine -> idedipine,0.0,1.0,1.0,1.0,1.0,0.983,0.651,dihydropyridine calcium channel blocker,generic,-dipine,roomy,False,,
inedipine,False,grammar+refined,2,70.44,76.19,high,-21.19,-6.19,medicine,0.9255,4,SIMILARITY_TOO_HIGH|INTRA_STEM_TOO_CLOSE|TRADEMARK_HIT,,aredipine,aredipine -> adedipine -> idedipine -> inedipine,0.0,1.0,1.0,1.0,1.0,0.983,0.231,dihydropyridine calcium channel blocker,generic,-dipine,roomy,False,,
orodipine,False,grammar+refined,2,68.87,68.43,moderate,-13.43,1.57,terodiline,0.8831,4,TRADEMARK_HIT,SIMILARITY_MODERATE,oradipine,oradipine -> orodipine,0.0,1.0,1.0,1.0,1.0,0.983,0.006,dihydropyridine calcium channel blocker,generic,-dipine,roomy,False,,
omodipine,False,grammar+refined,2,70.58,73.33,high,-18.33,-3.33,medicine,0.8563,4,SIMILARITY_TOO_HIGH|INTRA_STEM_TOO_CLOSE|TRADEMARK_HIT,,oradipine,oradipine -> orodipine -> omodipine,0.0,1.0,1.0,1.0,1.0,0.983,0.25,dihydropyridine calcium channel blocker,generic,-dipine,roomy,False,,
omidipine,False,grammar+refined,2,69.87,73.27,high,-18.27,-3.27,medicine,0.9089,4,SIMILARITY_TOO_HIGH|INTRA_STEM_TOO_CLOSE|TRADEMARK_HIT,,oradipine,oradipine -> orodipine -> omodipine -> omidipine,0.0,1.0,1.0,1.0,1.0,0.983,0.15,dihydropyridine calcium channel blocker,generic,-dipine,roomy,False,,
umodipine,False,grammar+refined,2,68.83,73.33,high,-18.33,-3.33,medicine,0.757,4,SIMILARITY_TOO_HIGH|INTRA_STEM_TOO_CLOSE|TRADEMARK_HIT,,umudipine,umudipine -> umodipine,0.0,1.0,1.0,1.0,1.0,0.983,0.0,dihydropyridine calcium channel blocker,generic,-dipine,roomy,False,,
umidipine,False,grammar+refined,2,68.83,73.27,high,-18.27,-3.27,medicine,0.8433,4,SIMILARITY_TOO_HIGH|INTRA_STEM_TOO_CLOSE|TRADEMARK_HIT,,umudipine,umudipine -> umodipine -> umidipine,0.0,1.0,1.0,1.0,1.0,0.983,0.0,dihydropyridine calcium channel blocker,generic,-dipine,roomy,False,,
umedipine,False,grammar+refined,2,68.83,82.09,high,-27.09,-12.09,medicine,0.7354,4,SIMILARITY_TOO_HIGH|INTRA_STEM_TOO_CLOSE|TRADEMARK_HIT,,umudipine,umudipine -> umodipine -> umidipine -> umedipine,0.0,1.0,1.0,1.0,1.0,0.983,0.0,dihydropyridine calcium channel blocker,generic,-dipine,roomy,False,,
epexolol,False,grammar,1,68.12,60.41,moderate,-5.41,9.59,pegoxol,0.632,4,INTRA_STEM_TOO_CLOSE|TRADEMARK_HIT,SIMILARITY_MODERATE,,epexolol,0.0,1.0,1.0,1.0,1.0,0.912,0.0,beta-blocker,generic,-olol,crowded,False,,
lamasolol,True,grammar,1,62.46,64.44,moderate,-9.44,5.56,labetalol,0.7057,4,,SIMILARITY_MODERATE,,lamasolol,0.0,0.68,1.0,1.0,1.0,0.983,0.004,beta-blocker,generic,-olol,crowded,False,,
govisulolol,True,grammar,1,62.77,60.13,moderate,-5.13,9.87,amosulalol,0.6545,5,,SIMILARITY_MODERATE,,govisulolol,0.0,0.771,1.0,1.0,1.0,0.821,0.018,beta-blocker,generic,-olol,crowded,False,,
praputolol,False,grammar,1,67.31,71.36,high,-16.36,-1.36,practolol,0.648,4,SIMILARITY_TOO_HIGH|INTRA_STEM_TOO_CLOSE,,,praputolol,0.0,1.0,0.879,1.0,1.0,0.998,0.003,beta-blocker,generic,-olol,crowded,False,,
papanolol,False,grammar,1,62.45,60.61,moderate,-5.61,9.39,propanol,0.8163,4,TRADEMARK_HIT,SIMILARITY_MODERATE,,papanolol,0.0,0.68,1.0,1.0,1.0,0.983,0.003,beta-blocker,generic,-olol,crowded,False,,
patelolol,False,grammar,1,62.58,64.26,moderate,-9.26,5.74,batilol,0.726,4,TRADEMARK_HIT,SIMILARITY_MODERATE,,patelolol,0.0,0.68,1.0,1.0,1.0,0.983,0.021,beta-blocker,generic,-olol,crowded,False,,
uftofarolol,True,grammar,1,62.64,60.13,moderate,-5.13,9.87,totarol,0.6054,5,,SIMILARITY_MODERATE,,uftofarolol,0.0,0.771,1.0,1.0,1.0,0.821,0.0,beta-blocker,generic,-olol,crowded,False,,
ticunolol,False,grammar,1,62.43,65.13,moderate,-10.13,4.87,dicumarol,0.7133,4,TRADEMARK_HIT,SIMILARITY_MODERATE,,ticunolol,0.0,0.68,1.0,1.0,1.0,0.983,0.0,beta-blocker,generic,-olol,crowded,False,,
pazovolol,True,grammar,1,62.45,58.98,moderate,-3.98,11.02,novolog,0.6323,4,,SIMILARITY_MODERATE,,pazovolol,0.0,0.68,1.0,1.0,1.0,0.983,0.003,beta-blocker,generic,-olol,crowded,False,,
vagidivolol,True,grammar,1,62.64,60.2,moderate,-5.2,9.8,viridiflorol,0.616,5,,SIMILARITY_MODERATE,,vagidivolol,0.0,0.771,1.0,1.0,1.0,0.821,0.0,beta-blocker,generic,-olol,crowded,False,,
bipucipolol,True,grammar,1,62.64,57.61,moderate,-2.61,12.39,piscipula,0.6243,5,,SIMILARITY_MODERATE,,bipucipolol,0.0,0.771,1.0,1.0,1.0,0.821,0.0,beta-blocker,generic,-olol,crowded,False,,
porbalitolol,True,grammar,1,62.31,60.21,moderate,-5.21,9.79,sorbitol,0.774,5,,SIMILARITY_MODERATE,,porbalitolol,0.0,0.8,1.0,1.0,1.0,0.731,0.0,beta-blocker,generic,-olol,crowded,False,,
onivenolol,True,grammar,1,62.33,59.71,moderate,-4.71,10.29,senosol,0.6862,5,,SIMILARITY_MODERATE,,onivenolol,0.0,0.733,1.0,1.0,1.0,0.867,0.0,beta-blocker,generic,-olol,crowded,False,,
rartipolol,True,grammar,1,63.65,59.63,moderate,-4.63,10.37,corticool,0.6422,4,,SIMILARITY_MODERATE,,rartipolol,0.0,0.733,1.0,1.0,1.0,0.998,0.0,beta-blocker,generic,-olol,crowded,True,,
tonvonolol,True,grammar,1,63.65,55.95,moderate,-0.95,14.05,citronellol,0.6881,4,,SIMILARITY_MODERATE,,tonvonolol,0.0,0.733,1.0,1.0,1.0,0.998,0.0,beta-blocker,generic,-olol,crowded,True,,
covuirolol,True,grammar,1,68.98,56.53,moderate,-1.53,13.47,virola,0.6015,4,,SIMILARITY_MODERATE,,covuirolol,0.0,1.0,1.0,1.0,1.0,0.998,0.0,beta-blocker,generic,-olol,crowded,True,,
encamolol,True,grammar,1,62.46,63.96,moderate,-8.96,6.04,enamelon,0.6359,4,,SIMILARITY_MODERATE,,encamolol,0.0,0.68,1.0,1.0,1.0,0.983,0.004,beta-blocker,generic,-olol,crowded,False,,
egberolol,True,grammar,1,68.83,59.38,moderate,-4.38,10.62,sclerosol,0.6103,4,,SIMILARITY_MODERATE,,egberolol,0.0,1.0,1.0,1.0,1.0,0.983,0.0,beta-blocker,generic,-olol,crowded,True,,
mevusolol,False,grammar,1,62.45,60.26,moderate,-5.26,9.74,amosulalol,0.617,4,TRADEMARK_HIT,SIMILARITY_MODERATE,,mevusolol,0.0,0.68,1.0,1.0,1.0,0.983,0.003,beta-blocker,generic,-olol,crowded,False,,
mollacolol,True,grammar,1,63.79,60.21,moderate,-5.21,9.79,molecular,0.7135,4,,SIMILARITY_MODERATE,,mollacolol,0.0,0.733,1.0,1.0,1.0,0.998,0.021,beta-blocker,generic,-olol,crowded,True,,
navegarolol,True,grammar,1,62.64,55.69,moderate,-0.69,14.31,tavaborole,0.6641,5,,SIMILARITY_MODERATE,,navegarolol,0.0,0.771,1.0,1.0,1.0,0.821,0.0,beta-blocker,generic,-olol,crowded,False,,
venedemolol,True,grammar,1,62.64,58.07,moderate,-3.07,11.93,venenum,0.6512,5,,SIMILARITY_MODERATE,,venedemolol,0.0,0.771,1.0,1.0,1.0,0.821,0.0,beta-blocker,generic,-olol,crowded,False,,
pepitolol,False,grammar,1,62.43,68.33,moderate,-13.33,1.67,epitol,0.7747,4,TRADEMARK_HIT,SIMILARITY_MODERATE,,pepitolol,0.0,0.68,1.0,1.0,1.0,0.983,0.0,beta-blocker,generic,-olol,crowded,False,,
tirimuzolol,True,grammar,1,62.64,65.61,moderate,-10.61,4.39,trimazole,0.6308,5,,SIMILARITY_MODERATE,,tirimuzolol,0.0,0.771,1.0,1.0,1.0,0.821,0.0,beta-blocker,generic,-olol,crowded,False,,
tinvetolol,True,ngram_guided,1,61.75,62.38,moderate,-7.38,7.62,dimethylol,0.662,4,,SIMILARITY_MODERATE,,tinvetolol,0.0,0.517,1.0,1.0,1.0,0.998,0.349,beta-blocker,generic,-olol,crowded,False,,
ipamosulolol,False,ngram_guided,1,54.89,78.34,high,-23.34,-8.34,amosulalol,0.6732,6,SIMILARITY_TOO_HIGH,,,ipamosulolol,0.0,0.4,1.0,1.0,1.0,0.513,0.395,beta-blocker,generic,-olol,crowded,False,,
parazolol,False,ngram_guided,1,66.2,85.95,high,-30.95,-15.95,carazolol,0.9186,4,SIMILARITY_TOO_HIGH|INTRA_STEM_TOO_CLOSE|TRADEMARK_HIT,,,parazolol,0.0,0.68,1.0,1.0,1.0,0.983,0.539,beta-blocker,generic,-olol,crowded,False,,
lulolol,True,ngram_guided,1,63.86,57.82,moderate,-2.82,12.18,amosulalol,0.6476,3,,SIMILARITY_MODERATE,,lulolol,0.0,1.0,1.0,0.75,1.0,0.685,0.036,beta-blocker,generic,-olol,crowded,True,,
aprocolol,False,ngram_guided,1,58.75,71.1,high,-16.1,-1.1,proctosol,0.825,4,SIMILARITY_TOO_HIGH|TRADEMARK_HIT,,,aprocolol,0.0,0.45,0.879,1.0,1.0,0.983,0.373,beta-blocker,generic,-olol,crowded,False,,
mogacetolol,True,ngram_guided,1,62.88,58.03,moderate,-3.03,11.97,oxaceprol,0.6617,5,,SIMILARITY_MODERATE,,mogacetolol,0.0,0.564,1.0,1.0,1.0,0.821,0.627,beta-blocker,generic,-olol,crowded,False,,
triprednolol,False,ngram_guided,1,45.4,64.99,moderate,-9.99,5.01,cloprednol,0.8067,4,STEM_FOREIGN_EMBEDDED|TRADEMARK_HIT,SIMILARITY_MODERATE,,triprednolol,0.0,0.4,0.709,1.0,0.18,0.862,0.997,beta-blocker,generic,-olol,crowded,False,,
velmanolol,True,ngram_guided,1,58.3,69.0,moderate,-14.0,1.0,velmanase,0.7182,4,,SIMILARITY_MODERATE,,velmanolol,0.0,0.3,1.0,1.0,1.0,0.998,0.475,beta-blocker,generic,-olol,crowded,False,,
carolol,False,ngram_guided,1,67.49,68.96,moderate,-13.96,1.04,carteolol,0.8289,3,INTRA_STEM_TOO_CLOSE,SIMILARITY_MODERATE,,carolol,0.0,1.0,1.0,1.0,1.0,0.685,0.234,beta-blocker,generic,-olol,crowded,False,,
lymethocolol,True,ngram_guided,1,45.55,67.53,moderate,-12.53,2.47,dimethiconol,0.8485,5,,SIMILARITY_MODERATE,,lymethocolol,0.0,0.4,0.889,1.0,0.53,0.731,0.046,beta-blocker,generic,-olol,crowded,False,,
glucosimolol,True,ngram_guided,1,40.56,67.28,moderate,-12.28,2.72,glucosidase,0.8467,5,,SIMILARITY_MODERATE,,glucosimolol,0.0,0.2,0.894,1.0,0.12,0.731,0.831,beta-blocker,generic,-olol,crowded,False,,
cinolol,False,ngram_guided,1,68.91,70.95,high,-15.95,-0.95,cineole,0.8694,3,SIMILARITY_TOO_HIGH|INTRA_STEM_TOO_CLOSE|TRADEMARK_HIT,,,cinolol,0.0,1.0,1.0,1.0,1.0,0.685,0.436,beta-blocker,generic,-olol,crowded,False,,
fenolol,False,ngram_guided,1,71.86,80.12,high,-25.12,-10.12,senosol,0.8617,3,SIMILARITY_TOO_HIGH|INTRA_STEM_TOO_CLOSE|TRADEMARK_HIT,,,fenolol,0.0,1.0,1.0,1.0,1.0,0.685,0.858,beta-blocker,generic,-olol,crowded,False,,
iverolol,True,ngram_guided,1,60.25,61.93,moderate,-6.93,8.07,nerolidol,0.7135,4,,SIMILARITY_MODERATE,,iverolol,0.0,0.6,1.0,1.0,1.0,0.912,0.018,beta-blocker,generic,-olol,crowded,False,,
segerrolol,True,ngram_guided,1,61.6,63.79,moderate,-8.79,6.21,teferrol,0.6852,4,,SIMILARITY_MODERATE,,segerrolol,0.0,0.517,1.0,1.0,1.0,0.998,0.327,beta-blocker,generic,-olol,crowded,False,,
etelapadolol,True,ngram_guided,1,57.54,54.57,low,0.43,15.43,labetalol,0.6356,6,,,,etelapadolol,0.017,0.6,1.0,1.0,1.0,0.513,0.142,beta-blocker,generic,-olol,crowded,False,,
laurtricolol,True,ngram_guided,1,52.57,67.07,moderate,-12.07,2.93,tricolor,0.7545,4,,SIMILARITY_MODERATE,,laurtricolol,0.0,0.2,0.768,1.0,1.0,0.862,0.6,beta-blocker,generic,-olol,crowded,False,,
acetylolol,False,ngram_guided,1,41.92,68.56,moderate,-13.56,1.44,acetyloxy,0.8269,5,TRADEMARK_HIT,SIMILARITY_MODERATE,,acetylolol,0.0,0.3,0.889,1.0,0.0,0.867,0.831,beta-blocker,generic,-olol,crowded,False,,
ensarolol,True,ngram_guided,1,62.88,55.94,moderate,-0.94,14.06,benzarone,0.6696,4,,SIMILARITY_MODERATE,,ensarolol,0.0,0.45,1.0,1.0,1.0,0.983,0.722,beta-blocker,generic,-olol,crowded,False,,
medolol,False,ngram_guided,1,71.49,73.4,high,-18.4,-3.4,medrol,0.7376,3,SIMILARITY_TOO_HIGH|INTRA_STEM_TOO_CLOSE|TRADEMARK_HIT,,,medolol,0.0,1.0,1.0,1.0,1.0,0.685,0.805,beta-blocker,generic,-olol,crowded,False,,
mometholol,False,ngram_guided,1,61.57,72.68,high,-17.68,-2.68,dimethylol,0.9161,4,SIMILARITY_TOO_HIGH,,,mometholol,0.0,0.517,1.0,1.0,1.0,0.998,0.323,beta-blocker,generic,-olol,crowded,False,,
guselkolol,True,ngram_guided,1,55.14,61.41,moderate,-6.41,8.59,guselkumab,0.6138,4,,SIMILARITY_MODERATE,,guselkolol,0.0,0.3,1.0,1.0,1.0,0.998,0.022,beta-blocker,generic,-olol,crowded,False,,
viclolol,True,ngram_guided,1,57.48,66.51,moderate,-11.51,3.49,bicolor,0.7114,3,,SIMILARITY_MODERATE,,viclolol,0.0,0.6,0.854,1.0,1.0,0.787,0.093,beta-blocker,generic,-olol,crowded,False,,
tapepolol,False,ngram_guided,1,60.18,62.37,moderate,-7.37,7.63,labetalol,0.7076,4,TRADEMARK_HIT,SIMILARITY_MODERATE,,tapepolol,0.0,0.45,1.0,1.0,1.0,0.983,0.336,beta-blocker,generic,-olol,crowded,False,,
xenolol,False,ngram_guided+refined,1,65.85,78.5,high,-23.5,-8.5,senosol,0.6686,3,SIMILARITY_TOO_HIGH|INTRA_STEM_TOO_CLOSE|TRADEMARK_HIT,,fenolol,fenolol -> xenolol,0.0,1.0,1.0,1.0,1.0,0.685,0.0,beta-blocker,generic,-olol,crowded,False,,
venolol,False,ngram_guided+refined,1,65.88,77.42,high,-22.42,-7.42,senosol,0.8077,3,SIMILARITY_TOO_HIGH|INTRA_STEM_TOO_CLOSE|TRADEMARK_HIT,,fenolol,fenolol -> xenolol -> venolol,0.0,1.0,1.0,1.0,1.0,0.685,0.003,beta-blocker,generic,-olol,crowded,False,,
vejolol,True,ngram_guided+refined,1,65.85,59.78,moderate,-4.78,10.22,zejula,0.6005,3,,SIMILARITY_MODERATE,fenolol,fenolol -> xenolol -> venolol -> vejolol,0.0,1.0,1.0,1.0,1.0,0.685,0.0,beta-blocker,generic,-olol,crowded,True,,
merolol,False,ngram_guided+refined,1,68.47,70.15,high,-15.15,-0.15,nerolidol,0.8114,3,SIMILARITY_TOO_HIGH,,medolol,medolol -> merolol,0.0,1.0,1.0,1.0,1.0,0.685,0.373,beta-blocker,generic,-olol,crowded,False,,
murolol,True,ngram_guided+refined,1,65.85,66.17,moderate,-11.17,3.83,durezol,0.7329,3,,SIMILARITY_MODERATE,medolol,medolol -> merolol -> murolol,0.0,1.0,1.0,1.0,1.0,0.685,0.0,beta-blocker,generic,-olol,crowded,True,,
cidolol,False,ngram_guided+refined,1,65.88,62.57,moderate,-7.57,7.43,bicolor,0.7406,3,INTRA_STEM_TOO_CLOSE|TRADEMARK_HIT,SIMILARITY_MODERATE,cinolol,cinolol -> cidolol,0.0,1.0,1.0,1.0,1.0,0.685,0.004,beta-blocker,generic,-olol,crowded,False,,
cudolol,False,ngram_guided+refined,1,65.85,61.76,moderate,-6.76,8.24,qdolo,0.6114,3,TRADEMARK_HIT,SIMILARITY_MODERATE,cinolol,cinolol -> cidolol -> cudolol,0.0,1.0,1.0,1.0,1.0,0.685,0.0,beta-blocker,generic,-olol,crowded,False,,
cadolol,False,ngram_guided+refined,1,65.94,74.38,high,-19.38,-4.38,caldolor,0.7443,3,SIMILARITY_TOO_HIGH|INTRA_STEM_TOO_CLOSE|TRADEMARK_HIT,,cinolol,cinolol -> cidolol -> cudolol -> cadolol,0.0,1.0,1.0,1.0,1.0,0.685,0.012,beta-blocker,generic,-olol,crowded,False,,
evexolol,False,grammar+refined,1,60.12,60.66,moderate,-5.66,9.34,enoxolone,0.6079,4,TRADEMARK_HIT,SIMILARITY_MODERATE,epexolol,epexolol -> evexolol,0.0,0.6,1.0,1.0,1.0,0.912,0.0,beta-blocker,generic,-olol,crowded,False,,
eqexolol,False,grammar+refined,1,68.12,62.08,moderate,-7.08,7.92,exelon,0.6111,4,TRADEMARK_HIT,SIMILARITY_MODERATE,epexolol,epexolol -> evexolol -> eqexolol,0.0,1.0,1.0,1.0,1.0,0.912,0.0,beta-blocker,generic,-olol,crowded,False,,
edexolol,False,grammar+refined,1,60.12,63.64,moderate,-8.64,6.36,enoxolone,0.6456,4,INTRA_STEM_TOO_CLOSE|TRADEMARK_HIT,SIMILARITY_MODERATE,epexolol,epexolol -> evexolol -> eqexolol -> edexolol,0.0,0.6,1.0,1.0,1.0,0.912,0.0,beta-blocker,generic,-olol,crowded,False,,
cerolol,True,ngram_guided+refined,1,70.23,65.44,moderate,-10.44,4.56,cerulea,0.7868,3,,SIMILARITY_MODERATE,carolol,carolol -> cerolol,0.0,1.0,1.0,1.0,1.0,0.685,0.625,beta-blocker,generic,-olol,crowded,True,,
prapotolol,False,grammar+refined,1,62.09,71.36,high,-16.36,-1.36,practolol,0.7048,4,SIMILARITY_TOO_HIGH|INTRA_STEM_TOO_CLOSE,,praputolol,praputolol -> prapotolol,0.0,0.733,0.879,1.0,1.0,0.998,0.019,beta-blocker,generic,-olol,crowded,False,,
prepotolol,False,grammar+refined,1,59.73,69.87,moderate,-14.87,0.13,protocol,0.7113,4,INTRA_STEM_TOO_CLOSE,SIMILARITY_MODERATE,praputolol,praputolol -> prapotolol -> prepotolol,0.0,0.517,0.879,1.0,1.0,0.998,0.302,beta-blocker,generic,-olol,crowded,False,,
farazolol,False,ngram_guided+refined,1,63.12,82.99,high,-27.99,-12.99,carazolol,0.8327,4,SIMILARITY_TOO_HIGH|INTRA_STEM_TOO_CLOSE,,parazolol,parazolol -> farazolol,0.0,0.68,1.0,1.0,1.0,0.983,0.098,beta-blocker,generic,-olol,crowded,False,,
ferazolol,False,ngram_guided+refined,1,62.49,68.5,moderate,-13.5,1.5,virazole,0.8935,4,INTRA_STEM_TOO_CLOSE,SIMILARITY_MODERATE,parazolol,parazolol -> farazolol -> ferazolol,0.0,0.68,1.0,1.0,1.0,0.983,0.01,beta-blocker,generic,-olol,crowded,False,,
pawelolol,True,grammar+refined,1,68.83,57.17,moderate,-2.17,12.83,azeloyl,0.6357,4,,SIMILARITY_MODERATE,patelolol,patelolol -> pawelolol,0.0,1.0,1.0,1.0,1.0,0.983,0.0,beta-blocker,generic,-olol,crowded,True,,
epeprazole,False,grammar,1,67.29,71.52,high,-16.52,-1.52,omperazole,0.8166,4,SIMILARITY_TOO_HIGH|INTRA_STEM_TOO_CLOSE|TRADEMARK_HIT,,,epeprazole,0.0,1.0,0.879,1.0,1.0,0.998,0.001,proton pump inhibitor,generic,-prazole,crowded,False,,
zivieprazole,False,grammar,1,59.53,66.66,moderate,-11.66,3.34,virazole,0.6187,4,TRADEMARK_HIT,SIMILARITY_MODERATE,,zivieprazole,0.0,0.68,0.879,1.0,1.0,0.862,0.0,proton pump inhibitor,generic,-prazole,crowded,False,,
gasalduprazole,True,grammar,1,57.87,56.4,moderate,-1.4,13.6,casanthranol,0.7106,5,,SIMILARITY_MODERATE,,gasalduprazole,0.0,0.771,0.869,1.0,1.0,0.527,0.0,proton pump inhibitor,generic,-prazole,crowded,False,,
iteprazole,False,grammar,1,67.29,70.39,high,-15.39,-0.39,feprazone,0.7194,4,SIMILARITY_TOO_HIGH|INTRA_STEM_TOO_CLOSE|TRADEMARK_HIT,,,iteprazole,0.0,1.0,0.879,1.0,1.0,0.998,0.0,proton pump inhibitor,generic,-prazole,crowded,False,,
udaprazole,False,grammar,1,67.29,65.16,moderate,-10.16,4.84,vaprisol,0.6644,4,INTRA_STEM_TOO_CLOSE|TRADEMARK_HIT,SIMILARITY_MODERATE,,udaprazole,0.0,1.0,0.879,1.0,1.0,0.998,0.0,proton pump inhibitor,generic,-prazole,crowded,False,,
udiprazole,False,grammar,1,67.29,69.52,moderate,-14.52,0.48,virazole,0.6964,4,INTRA_STEM_TOO_CLOSE|TRADEMARK_HIT,SIMILARITY_MODERATE,,udiprazole,0.0,1.0,0.879,1.0,1.0,0.998,0.0,proton pump inhibitor,generic,-prazole,crowded,False,,
griozlaprazole,True,grammar,1,60.62,56.1,moderate,-1.1,13.9,triclabendazole,0.6125,5,,SIMILARITY_MODERATE,,griozlaprazole,0.0,1.0,0.739,1.0,1.0,0.527,0.0,proton pump inhibitor,generic,-prazole,crowded,False,,
elaprazole,False,grammar,1,73.6,78.21,high,-23.21,-8.21,elaprase,0.8535,4,SIMILARITY_TOO_HIGH|TRADEMARK_HIT,,,elaprazole,0.0,1.0,0.879,1.0,1.0,0.998,0.902,proton pump inhibitor,generic,-prazole,crowded,False,,
maclaprazole,True,grammar,1,58.77,61.96,moderate,-6.96,8.04,alprazolam,0.812,4,,SIMILARITY_MODERATE,,maclaprazole,0.0,0.68,0.733,1.0,1.0,0.862,0.183,proton pump inhibitor,generic,-prazole,crowded,False,,
adaprazole,False,grammar,1,67.49,71.06,high,-16.06,-1.06,anastrozole,0.8624,4,SIMILARITY_TOO_HIGH|INTRA_STEM_TOO_CLOSE|TRADEMARK_HIT,,,adaprazole,0.0,1.0,0.879,1.0,1.0,0.998,0.03,proton pump inhibitor,generic,-prazole,crowded,False,,
metaprazole,False,grammar,1,64.92,75.63,high,-20.63,-5.63,metacresol,0.9531,4,SIMILARITY_TOO_HIGH|INTRA_STEM_TOO_CLOSE|TRADEMARK_HIT,,,metaprazole,0.0,0.6,0.879,1.0,1.0,0.952,0.87,proton pump inhibitor,generic,-prazole,crowded,False,,
fituroprazole,True,grammar,1,58.48,61.97,moderate,-6.97,8.03,nitrofurazone,0.8394,5,,SIMILARITY_MODERATE,,fituroprazole,0.0,0.733,0.894,1.0,1.0,0.624,0.009,proton pump inhibitor,generic,-prazole,crowded,False,,
pefmideprazole,True,grammar,1,58.07,64.34,moderate,-9.34,5.66,cefmetazole,0.7046,5,,SIMILARITY_MODERATE,,pefmideprazole,0.0,0.771,0.869,1.0,1.0,0.527,0.028,proton pump inhibitor,generic,-prazole,crowded,False,,
cixaprazole,True,grammar,1,66.84,60.0,moderate,-5.0,10.0,elixircurozole,0.7592,4,,SIMILARITY_MODERATE,,cixaprazole,0.0,1.0,0.879,1.0,1.0,0.952,0.001,proton pump inhibitor,generic,-prazole,crowded,True,,
dintuprazole,False,grammar,1,59.23,63.52,moderate,-8.52,6.48,benzotriazole,0.7581,4,INTRA_STEM_TOO_CLOSE|TRADEMARK_HIT,SIMILARITY_MODERATE,,dintuprazole,0.0,0.68,0.854,1.0,1.0,0.862,0.006,proton pump inhibitor,generic,-prazole,crowded,False,,
gixeprazole,False,grammar,1,66.83,64.25,moderate,-9.25,5.75,feprazone,0.6643,4,TRADEMARK_HIT,SIMILARITY_MODERATE,,gixeprazole,0.0,1.0,0.879,1.0,1.0,0.952,0.0,proton pump inhibitor,generic,-prazole,crowded,False,,
ritiprazole,False,grammar,1,59.31,71.22,high,-16.22,-1.22,aripiprazole,0.7886,4,SIMILARITY_TOO_HIGH|INTRA_STEM_TOO_CLOSE|TRADEMARK_HIT,,,ritiprazole,0.0,0.6,0.879,1.0,1.0,0.952,0.068,proton pump inhibitor,generic,-prazole,crowded,False,,
efelaprazole,True,grammar,1,58.43,67.58,moderate,-12.58,2.42,elaprase,0.7671,5,,SIMILARITY_MODERATE,,efelaprazole,0.0,0.68,0.894,1.0,1.0,0.731,0.0,proton pump inhibitor,generic,-prazole,crowded,False,,
cevodriprazole,True,grammar,1,56.39,65.71,moderate,-10.71,4.29,tenonitrozole,0.7174,5,,SIMILARITY_MODERATE,,cevodriprazole,0.0,0.771,0.763,1.0,1.0,0.527,0.0,proton pump inhibitor,generic,-prazole,crowded,False,,
pactoprazole,False,grammar,1,59.57,77.64,high,-22.64,-7.64,pantoprazole,0.8998,4,SIMILARITY_TOO_HIGH|INTRA_STEM_TOO_CLOSE|TRADEMARK_HIT,,,pactoprazole,0.0,0.68,0.854,1.0,1.0,0.862,0.056,proton pump inhibitor,generic,-prazole,crowded,False,,
amiprazole,False,grammar,1,69.73,73.91,high,-18.91,-3.91,omperazole,0.9266,4,SIMILARITY_TOO_HIGH|INTRA_STEM_TOO_CLOSE|TRADEMARK_HIT,,,amiprazole,0.0,1.0,0.879,1.0,1.0,0.998,0.349,proton pump inhibitor,generic,-prazole,crowded,False,,
utiprazole,False,grammar,1,67.29,68.98,moderate,-13.98,1.02,piprozoline,0.7319,4,TRADEMARK_HIT,SIMILARITY_MODERATE,,utiprazole,0.0,1.0,0.879,1.0,1.0,0.998,0.0,proton pump inhibitor,generic,-prazole,crowded,False,,
eraprazole,False,grammar,1,69.85,67.7,moderate,-12.7,2.3,elaprase,0.8742,4,INTRA_STEM_TOO_CLOSE|TRADEMARK_HIT,SIMILARITY_MODERATE,,eraprazole,0.0,1.0,0.879,1.0,1.0,0.998,0.367,proton pump inhibitor,generic,-prazole,crowded,False,,
abaprazole,False,grammar,1,70.35,69.87,moderate,-14.87,0.13,anastrozole,0.797,4,INTRA_STEM_TOO_CLOSE|TRADEMARK_HIT,SIMILARITY_MODERATE,,abaprazole,0.0,1.0,0.879,1.0,1.0,0.998,0.437,proton pump inhibitor,generic,-prazole,crowded,False,,
ropentoprazole,False,ngram_guided,1,44.15,67.37,moderate,-12.37,2.63,benzotriazole,0.8971,5,INTRA_STEM_TOO_CLOSE|TRADEMARK_HIT,SIMILARITY_MODERATE,,ropentoprazole,0.0,0.15,0.869,1.0,0.53,0.527,0.889,proton pump inhibitor,generic,-prazole,crowded,False,,
bicprazole,False,ngram_guided,1,65.37,70.19,high,-15.19,-0.19,bisoctrizole,0.6306,3,SIMILARITY_TOO_HIGH|TRADEMARK_HIT,,,bicprazole,0.0,1.0,0.742,1.0,1.0,0.873,0.177,proton pump inhibitor,generic,-prazole,crowded,False,,
carbiprazole,False,ngram_guided,1,49.46,80.85,high,-25.85,-10.85,carbimazole,0.9406,4,SIMILARITY_TOO_HIGH|INTRA_STEM_TOO_CLOSE|TRADEMARK_HIT,,,carbiprazole,0.0,0.45,0.854,1.0,0.53,0.862,0.342,proton pump inhibitor,generic,-prazole,crowded,False,,
pirloprazole,False,ngram_guided,1,64.88,63.2,moderate,-8.2,6.8,letrozole,0.8547,4,TRADEMARK_HIT,SIMILARITY_MODERATE,,pirloprazole,0.0,0.68,0.854,1.0,1.0,0.862,0.814,proton pump inhibitor,generic,-prazole,crowded,False,,
trandoprazole,False,ngram_guided,1,50.75,64.09,moderate,-9.09,5.91,trandolapril,0.9378,4,INTRA_STEM_TOO_CLOSE|TRADEMARK_HIT,SIMILARITY_MODERATE,,trandoprazole,0.0,0.3,0.709,1.0,1.0,0.755,0.325,proton pump inhibitor,generic,-prazole,crowded,False,,
spesoprazole,False,ngram_guided,1,56.25,64.76,moderate,-9.76,5.24,benzotriazole,0.8547,4,TRADEMARK_HIT,SIMILARITY_MODERATE,,spesoprazole,0.0,0.45,0.733,1.0,1.0,0.862,0.48,proton pump inhibitor,generic,-prazole,crowded,False,,
obelidrprazole,True,ngram_guided,1,48.16,57.85,moderate,-2.85,12.15,elixircurozole,0.5439,5,,SIMILARITY_MODERATE,,obelidrprazole,0.0,0.564,0.655,0.65,1.0,0.527,0.083,proton pump inhibitor,generic,-prazole,crowded,False,,
eplicprazole,True,ngram_guided,1,53.34,61.09,moderate,-6.09,8.91,luliconazole,0.6226,4,,SIMILARITY_MODERATE,,eplicprazole,0.0,0.45,0.647,1.0,1.0,0.862,0.238,proton pump inhibitor,generic,-prazole,crowded,False,,
bevabeprazole,False,ngram_guided,1,55.31,61.93,moderate,-6.93,8.07,benzotriazole,0.7034,5,INTRA_STEM_TOO_CLOSE|TRADEMARK_HIT,SIMILARITY_MODERATE,,bevabeprazole,0.0,0.517,0.894,1.0,1.0,0.624,0.173,proton pump inhibitor,generic,-prazole,crowded,False,,
chlorprazole,False,ngram_guided,1,41.95,70.87,high,-15.87,-0.87,chlorocresol,0.9466,3,SIMILARITY_TOO_HIGH,,,chlorprazole,0.0,0.45,0.485,1.0,0.53,0.737,0.187,proton pump inhibitor,generic,-prazole,crowded,False,,
moexidprazole,True,ngram_guided,1,57.88,66.05,moderate,-11.05,3.95,moexipril,0.6799,5,,SIMILARITY_MODERATE,,moexidprazole,0.0,0.517,0.783,1.0,1.0,0.624,0.764,proton pump inhibitor,generic,-prazole,crowded,False,,
difetprazole,True,ngram_guided,1,59.83,67.57,moderate,-12.57,2.43,dimetridazole,0.6422,4,,SIMILARITY_MODERATE,,difetprazole,0.0,0.45,0.768,1.0,1.0,0.862,0.923,proton pump inhibitor,generic,-prazole,crowded,False,,
dicarfilprazole,True,ngram_guided,1,47.43,58.91,moderate,-3.91,11.09,carbimazole,0.765,5,,SIMILARITY_MODERATE,,dicarfilprazole,0.0,0.4,0.783,1.0,0.53,0.456,0.919,proton pump inhibitor,generic,-prazole,crowded,False,,
ondaprazole,False,ngram_guided,1,59.57,67.65,moderate,-12.65,2.35,omperazole,0.7434,4,TRADEMARK_HIT,SIMILARITY_MODERATE,,ondaprazole,0.0,0.6,0.854,1.0,1.0,0.952,0.155,proton pump inhibitor,generic,-prazole,crowded,False,,
sulfaprazole,False,ngram_guided,1,52.85,77.22,high,-22.22,-7.22,sulfathiazole,0.9604,4,SIMILARITY_TOO_HIGH,,,sulfaprazole,0.0,0.45,0.854,1.0,0.53,0.862,0.827,proton pump inhibitor,generic,-prazole,crowded,False,,
pimadaloprazole,True,ngram_guided,1,62.34,57.57,moderate,-2.57,12.43,imidacloprid,0.7787,6,,SIMILARITY_MODERATE,,pimadaloprazole,0.0,0.8,0.904,1.0,1.0,0.237,0.902,proton pump inhibitor,generic,-prazole,crowded,False,,
saprprazole,False,ngram_guided,1,48.68,62.68,moderate,-7.68,7.32,omperazole,0.6432,3,TRADEMARK_HIT,SIMILARITY_MODERATE,,saprprazole,0.0,0.6,0.574,0.45,1.0,0.828,0.045,proton pump inhibitor,generic,-prazole,crowded,False,,
capsaiprazole,False,ngram_guided,1,56.68,59.48,moderate,-4.48,10.52,anastrozole,0.6891,4,TRADEMARK_HIT,SIMILARITY_MODERATE,,capsaiprazole,0.0,0.3,0.854,1.0,1.0,0.755,0.881,proton pump inhibitor,generic,-prazole,crowded,False,,
fluprazole,False,ngram_guided,1,64.77,74.55,high,-19.55,-4.55,flutrimazole,0.9387,3,SIMILARITY_TOO_HIGH|TRADEMARK_HIT,,,fluprazole,0.0,1.0,0.683,1.0,1.0,0.873,0.212,proton pump inhibitor,generic,-prazole,crowded,False,,
levobiprazole,False,ngram_guided,1,50.18,66.75,moderate,-11.75,3.25,tenonitrozole,0.8613,5,INTRA_STEM_TOO_CLOSE|TRADEMARK_HIT,SIMILARITY_MODERATE,,levobiprazole,0.0,0.517,0.894,1.0,0.53,0.624,0.515,proton pump inhibitor,generic,-prazole,crowded,False,,
abeparaprazole,True,ngram_guided,1,54.23,57.14,moderate,-2.14,12.86,benzotriazole,0.8117,6,,SIMILARITY_MODERATE,,abeparaprazole,0.0,0.357,0.904,1.0,1.0,0.309,0.905,proton pump inhibitor,generic,-prazole,crowded,False,,
biciprazole,False,ngram_guided,1,63.95,65.23,moderate,-10.23,4.77,bisoctrizole,0.8481,4,TRADEMARK_HIT,SIMILARITY_MODERATE,,biciprazole,0.0,0.6,0.879,1.0,1.0,0.952,0.732,proton pump inhibitor,generic,-prazole,crowded,False,,
amitoprazole,False,ngram_guided,1,60.55,67.36,moderate,-12.36,2.64,metoprolol,0.9213,5,INTRA_STEM_TOO_CLOSE|TRADEMARK_HIT,SIMILARITY_MODERATE,,amitoprazole,0.0,0.45,0.894,1.0,1.0,0.731,0.96,proton pump inhibitor,generic,-prazole,crowded,False,,
eloprazole,False,grammar+refined,1,69.22,71.25,high,-16.25,-1.25,letrozole,0.858,4,SIMILARITY_TOO_HIGH|TRADEMARK_HIT,,elaprazole,elaprazole -> eloprazole,0.0,1.0,0.879,1.0,1.0,0.998,0.277,proton pump inhibitor,generic,-prazole,crowded,False,,
oloprazole,False,grammar+refined,1,67.29,71.25,high,-16.25,-1.25,letrozole,0.8691,4,SIMILARITY_TOO_HIGH|INTRA_STEM_TOO_CLOSE|TRADEMARK_HIT,,elaprazole,elaprazole -> eloprazole -> oloprazole,0.0,1.0,0.879,1.0,1.0,0.998,0.001,proton pump inhibitor,generic,-prazole,crowded,False,,
oboprazole,False,grammar+refined,1,67.29,70.13,high,-15.13,-0.13,omperazole,0.8013,4,SIMILARITY_TOO_HIGH|INTRA_STEM_TOO_CLOSE|TRADEMARK_HIT,,elaprazole,elaprazole -> eloprazole -> oloprazole -> oboprazole,0.0,1.0,0.879,1.0,1.0,0.998,0.0,proton pump inhibitor,generic,-prazole,crowded,False,,
awaprazole,False,grammar+refined,1,67.29,67.63,moderate,-12.63,2.37,alprazolam,0.6295,4,INTRA_STEM_TOO_CLOSE|TRADEMARK_HIT,SIMILARITY_MODERATE,abaprazole,abaprazole -> awaprazole,0.0,1.0,0.879,1.0,1.0,0.998,0.0,proton pump inhibitor,generic,-prazole,crowded,False,,
amaprazole,False,grammar+refined,1,67.43,73.91,high,-18.91,-3.91,omperazole,0.8509,4,SIMILARITY_TOO_HIGH|INTRA_STEM_TOO_CLOSE|TRADEMARK_HIT,,abaprazole,abaprazole -> awaprazole -> amaprazole,0.0,1.0,0.879,1.0,1.0,0.998,0.02,proton pump inhibitor,generic,-prazole,crowded,False,,
omaprazole,False,grammar+refined,1,70.34,78.89,high,-23.89,-8.89,omeprazole,0.783,4,SIMILARITY_TOO_HIGH|INTRA_STEM_TOO_CLOSE|TRADEMARK_HIT,,abaprazole,abaprazole -> awaprazole -> amaprazole -> omaprazole,0.0,1.0,0.879,1.0,1.0,0.998,0.436,proton pump inhibitor,generic,-prazole,crowded,False,,
emaprazole,False,grammar+refined,1,69.43,72.26,high,-17.26,-2.26,omperazole,0.8008,4,SIMILARITY_TOO_HIGH|INTRA_STEM_TOO_CLOSE|TRADEMARK_HIT,,eraprazole,eraprazole -> emaprazole,0.0,1.0,0.879,1.0,1.0,0.998,0.307,proton pump inhibitor,generic,-prazole,crowded,False,,
amuprazole,False,grammar+refined,1,67.29,73.91,high,-18.91,-3.91,omperazole,0.7781,4,SIMILARITY_TOO_HIGH|INTRA_STEM_TOO_CLOSE|TRADEMARK_HIT,,amiprazole,amiprazole -> amuprazole,0.0,1.0,0.879,1.0,1.0,0.998,0.0,proton pump inhibitor,generic,-prazole,crowded,False,,
ameprazole,False,grammar+refined,1,67.31,75.17,high,-20.17,-5.17,omeprazole,0.856,4,SIMILARITY_TOO_HIGH|INTRA_STEM_TOO_CLOSE|TRADEMARK_HIT,,amiprazole,amiprazole -> amuprazole -> ameprazole,0.0,1.0,0.879,1.0,1.0,0.998,0.003,proton pump inhibitor,generic,-prazole,crowded,False,,
aneprazole,False,grammar+refined,1,67.46,70.81,high,-15.81,-0.81,anastrozole,0.8384,4,SIMILARITY_TOO_HIGH|INTRA_STEM_TOO_CLOSE|TRADEMARK_HIT,,amiprazole,amiprazole -> amuprazole -> ameprazole -> aneprazole,0.0,1.0,0.879,1.0,1.0,0.998,0.026,proton pump inhibitor,generic,-prazole,crowded,False,,
ataprazole,False,grammar+refined,1,71.84,69.08,moderate,-14.08,0.92,anastrozole,0.8374,4,INTRA_STEM_TOO_CLOSE|TRADEMARK_HIT,SIMILARITY_MODERATE,adaprazole,adaprazole -> ataprazole,0.0,1.0,0.879,1.0,1.0,0.998,0.65,proton pump inhibitor,generic,-prazole,crowded,False,,
aqaprazole,False,grammar+refined,1,67.29,69.76,moderate,-14.76,0.24,alprazolam,0.6989,4,INTRA_STEM_TOO_CLOSE|TRADEMARK_HIT,SIMILARITY_MODERATE,adaprazole,adaprazole -> ataprazole -> aqaprazole,0.0,1.0,0.879,1.0,1.0,0.998,0.0,proton pump inhibitor,generic,-prazole,crowded,False,,
epoprazole,False,grammar+refined,1,67.52,65.5,moderate,-10.5,4.5,omperazole,0.8221,4,INTRA_STEM_TOO_CLOSE|TRADEMARK_HIT,SIMILARITY_MODERATE,epeprazole,epeprazole -> epoprazole,0.0,1.0,0.879,1.0,1.0,0.998,0.033,proton pump inhibitor,generic,-prazole,crowded,False,,
ewoprazole,False,grammar+refined,1,67.29,65.57,moderate,-10.57,4.43,omperazole,0.6287,4,INTRA_STEM_TOO_CLOSE|TRADEMARK_HIT,SIMILARITY_MODERATE,epeprazole,epeprazole -> epoprazole -> ewoprazole,0.0,1.0,0.879,1.0,1.0,0.998,0.0,proton pump inhibitor,generic,-prazole,crowded,False,,
eteprazole,False,grammar+refined,1,69.8,70.39,high,-15.39,-0.39,feprazone,0.7709,4,SIMILARITY_TOO_HIGH|INTRA_STEM_TOO_CLOSE|TRADEMARK_HIT,,iteprazole,iteprazole -> eteprazole,0.0,1.0,0.879,1.0,1.0,0.998,0.359,proton pump inhibitor,generic,-prazole,crowded,False,,
eleprazole,False,grammar+refined,1,71.02,78.95,high,-23.95,-8.95,letrozole,0.8206,4,SIMILARITY_TOO_HIGH|INTRA_STEM_TOO_CLOSE|TRADEMARK_HIT,,iteprazole,iteprazole -> eteprazole -> eleprazole,0.0,1.0,0.879,1.0,1.0,0.998,0.534,proton pump inhibitor,generic,-prazole,crowded,False,,
eseprazole,False,grammar+refined,1,67.29,70.66,high,-15.66,-0.66,letrozole,0.7644,4,SIMILARITY_TOO_HIGH|INTRA_STEM_TOO_CLOSE|TRADEMARK_HIT,,iteprazole,iteprazole -> eteprazole -> eleprazole -> eseprazole,0.0,1.0,0.879,1.0,1.0,0.998,0.001,proton pump inhibitor,generic,-prazole,crowded,False,,
utaprazole,False,grammar+refined,1,67.29,63.05,moderate,-8.05,6.95,omperazole,0.7972,4,TRADEMARK_HIT,SIMILARITY_MODERATE,udaprazole,udaprazole -> utaprazole,0.0,1.0,0.879,1.0,1.0,0.998,0.0,proton pump inhibitor,generic,-prazole,crowded,False,,
uraprazole,False,grammar+refined,1,67.29,63.05,moderate,-8.05,6.95,omperazole,0.8721,4,INTRA_STEM_TOO_CLOSE|TRADEMARK_HIT,SIMILARITY_MODERATE,udaprazole,udaprazole -> utaprazole -> uraprazole,0.0,1.0,0.879,1.0,1.0,0.998,0.0,proton pump inhibitor,generic,-prazole,crowded,False,,
uzaprazole,False,grammar+refined,1,67.29,67.36,moderate,-12.36,2.64,vaprisol,0.6614,4,TRADEMARK_HIT,SIMILARITY_MODERATE,udaprazole,udaprazole -> utaprazole -> uraprazole -> uzaprazole,0.0,1.0,0.879,1.0,1.0,0.998,0.0,proton pump inhibitor,generic,-prazole,crowded,False,,
elopliprazole,False,grammar,2,56.79,62.93,moderate,-7.93,7.07,clotrimazole,0.7383,5,TRADEMARK_HIT,SIMILARITY_MODERATE,,elopliprazole,0.0,0.733,0.763,1.0,1.0,0.624,0.028,proton pump inhibitor,generic,-prazole,crowded,False,,
deduprazole,True,grammar,2,66.85,63.42,moderate,-8.42,6.58,benzotriazole,0.7036,4,,SIMILARITY_MODERATE,,deduprazole,0.0,1.0,0.879,1.0,1.0,0.952,0.003,proton pump inhibitor,generic,-prazole,crowded,True,,
orguduprazole,True,grammar,2,63.41,57.8,moderate,-2.8,12.2,ornidazole,0.603,5,,SIMILARITY_MODERATE,,orguduprazole,0.0,1.0,0.869,1.0,1.0,0.624,0.0,proton pump inhibitor,generic,-prazole,crowded,True,,
axodaprazole,False,grammar,2,64.83,59.15,moderate,-4.15,10.85,oxfendazole,0.7231,5,TRADEMARK_HIT,SIMILARITY_MODERATE,,axodaprazole,0.0,1.0,0.894,1.0,1.0,0.731,0.0,proton pump inhibitor,generic,-prazole,crowded,False,,
imeprazole,False,grammar,2,70.95,72.37,high,-17.37,-2.37,nimorazole,0.8594,4,SIMILARITY_TOO_HIGH|INTRA_STEM_TOO_CLOSE|TRADEMARK_HIT,,,imeprazole,0.0,1.0,0.879,1.0,1.0,0.998,0.524,proton pump inhibitor,generic,-prazole,crowded,False,,
litiprazole,False,grammar,2,58.84,66.09,moderate,-11.09,3.91,letrozole,0.8105,4,TRADEMARK_HIT,SIMILARITY_MODERATE,,litiprazole,0.0,0.6,0.879,1.0,1.0,0.952,0.001,proton pump inhibitor,generic,-prazole,crowded,False,,
pilaprazole,True,grammar,2,66.9,65.57,moderate,-10.57,4.43,elaprase,0.8534,4,,SIMILARITY_MODERATE,,pilaprazole,0.0,1.0,0.879,1.0,1.0,0.952,0.01,proton pump inhibitor,generic,-prazole,crowded,True,,
cibuprazole,False,grammar,2,66.91,64.61,moderate,-9.61,5.39,bupranolol,0.777,4,TRADEMARK_HIT,SIMILARITY_MODERATE,,cibuprazole,0.0,1.0,0.879,1.0,1.0,0.952,0.012,proton pump inhibitor,generic,-prazole,crowded,False,,
umuprazole,False,grammar,2,67.29,72.26,high,-17.26,-2.26,omperazole,0.6714,4,SIMILARITY_TOO_HIGH|INTRA_STEM_TOO_CLOSE|TRADEMARK_HIT,,,umuprazole,0.0,1.0,0.879,1.0,1.0,0.998,0.0,proton pump inhibitor,generic,-prazole,crowded,False,,
adeprazole,False,grammar,2,67.35,68.46,moderate,-13.46,1.54,letrozole,0.7979,4,INTRA_STEM_TOO_CLOSE|TRADEMARK_HIT,SIMILARITY_MODERATE,,adeprazole,0.0,1.0,0.879,1.0,1.0,0.998,0.009,proton pump inhibitor,generic,-prazole,crowded,False,,
lomaprazole,False,grammar,2,61.7,69.84,moderate,-14.84,0.16,omperazole,0.8048,4,INTRA_STEM_TOO_CLOSE|TRADEMARK_HIT,SIMILARITY_MODERATE,,lomaprazole,0.0,0.6,0.879,1.0,1.0,0.952,0.411,proton pump inhibitor,generic,-prazole,crowded,False,,
nacuprazole,False,grammar,2,58.83,67.29,moderate,-12.29,2.71,anastrozole,0.8065,4,TRADEMARK_HIT,SIMILARITY_MODERATE,,nacuprazole,0.0,0.6,0.879,1.0,1.0,0.952,0.0,proton pump inhibitor,generic,-prazole,crowded,False,,
areprazole,False,grammar,2,67.31,70.22,high,-15.22,-0.22,letrozole,0.8459,4,SIMILARITY_TOO_HIGH|INTRA_STEM_TOO_CLOSE|TRADEMARK_HIT,,,areprazole,0.0,1.0,0.879,1.0,1.0,0.998,0.003,proton pump inhibitor,generic,-prazole,crowded,False,,
poceprazole,False,grammar,2,58.85,66.55,moderate,-11.55,3.45,feprazone,0.8241,4,INTRA_STEM_TOO_CLOSE|TRADEMARK_HIT,SIMILARITY_MODERATE,,poceprazole,0.0,0.6,0.879,1.0,1.0,0.952,0.003,proton pump inhibitor,generic,-prazole,crowded,False,,
sozithuprazole,True,grammar,2,57.87,55.72,moderate,-0.72,14.28,zithranol,0.6944,5,,SIMILARITY_MODERATE,,sozithuprazole,0.0,0.771,0.869,1.0,1.0,0.527,0.0,proton pump inhibitor,generic,-prazole,crowded,False,,
taradoprazole,False,grammar,2,58.66,65.44,moderate,-10.44,4.56,carisoprodol,0.8608,5,INTRA_STEM_TOO_CLOSE|TRADEMARK_HIT,SIMILARITY_MODERATE,,taradoprazole,0.0,0.733,0.894,1.0,1.0,0.624,0.034,proton pump inhibitor,generic,-prazole,crowded,False,,
ticiprazole,False,grammar,2,59.14,68.65,moderate,-13.65,1.35,tinidazole,0.8503,4,TRADEMARK_HIT,SIMILARITY_MODERATE,,ticiprazole,0.0,0.6,0.879,1.0,1.0,0.952,0.045,proton pump inhibitor,generic,-prazole,crowded,False,,
ehetaprazole,True,grammar,2,58.43,62.21,moderate,-7.21,7.79,metacresol,0.7402,5,,SIMILARITY_MODERATE,,ehetaprazole,0.0,0.68,0.894,1.0,1.0,0.731,0.0,proton pump inhibitor,generic,-prazole,crowded,False,,
praxoprazole,False,grammar,2,57.83,64.51,moderate,-9.51,5.49,itraconazole,0.8442,4,INTRA_STEM_TOO_CLOSE|TRADEMARK_HIT,SIMILARITY_MODERATE,,praxoprazole,0.0,0.68,0.733,1.0,1.0,0.862,0.049,proton pump inhibitor,generic,-prazole,crowded,False,,
enaprazole,False,grammar,2,73.78,72.06,high,-17.06,-2.06,anastrozole,0.8822,4,SIMILARITY_TOO_HIGH|INTRA_STEM_TOO_CLOSE|TRADEMARK_HIT,,,enaprazole,0.0,1.0,0.879,1.0,1.0,0.998,0.928,proton pump inhibitor,generic,-prazole,crowded,False,,
zelciprazole,True,grammar,2,59.18,64.48,moderate,-9.48,5.52,celiprolol,0.6801,4,,SIMILARITY_MODERATE,,zelciprazole,0.0,0.68,0.854,1.0,1.0,0.862,0.0,proton pump inhibitor,generic,-prazole,crowded,False,,
oniprazole,False,grammar,2,67.29,74.71,high,-19.71,-4.71,nimorazole,0.7754,4,SIMILARITY_TOO_HIGH|INTRA_STEM_TOO_CLOSE|TRADEMARK_HIT,,,oniprazole,0.0,1.0,0.879,1.0,1.0,0.998,0.0,proton pump inhibitor,generic,-prazole,crowded,False,,
aciprazole,False,grammar,2,72.84,69.52,moderate,-14.52,0.48,virazole,0.8889,4,TRADEMARK_HIT,SIMILARITY_MODERATE,,aciprazole,0.0,1.0,0.879,1.0,1.0,0.998,0.794,proton pump inhibitor,generic,-prazole,crowded,False,,
oraprazole,False,grammar,2,67.31,66.94,moderate,-11.94,3.06,omperazole,0.8674,4,INTRA_STEM_TOO_CLOSE|TRADEMARK_HIT,SIMILARITY_MODERATE,,oraprazole,0.0,1.0,0.879,1.0,1.0,0.998,0.003,proton pump inhibitor,generic,-prazole,crowded,False,,
rebprazole,False,ngram_guided,2,65.05,70.1,high,-15.1,-0.1,rabeprazole,0.6463,3,SIMILARITY_TOO_HIGH|INTRA_STEM_TOO_CLOSE|TRADEMARK_HIT,,,rebprazole,0.0,1.0,0.742,1.0,1.0,0.873,0.133,proton pump inhibitor,generic,-prazole,crowded,False,,
supplecaprazole,True,ngram_guided,2,53.72,57.63,moderate,-2.63,12.37,salcaprozate,0.8245,5,,SIMILARITY_MODERATE,,supplecaprazole,0.0,0.4,0.677,1.0,1.0,0.456,0.955,proton pump inhibitor,generic,-prazole,crowded,False,,
cefoveprazole,False,ngram_guided,2,55.46,70.91,high,-15.91,-0.91,cefoperazone,0.7829,5,SIMILARITY_TOO_HIGH|INTRA_STEM_TOO_CLOSE|TRADEMARK_HIT,,,cefoveprazole,0.0,0.3,0.894,1.0,1.0,0.624,0.814,proton pump inhibitor,generic,-prazole,crowded,False,,
cefoprazole,False,ngram_guided,2,63.96,78.44,high,-23.44,-8.44,cefoperazone,0.865,4,SIMILARITY_TOO_HIGH|TRADEMARK_HIT,,,cefoprazole,0.0,0.6,0.879,1.0,1.0,0.952,0.733,proton pump inhibitor,generic,-prazole,crowded,False,,
imiprazole,False,ngram_guided,2,74.18,76.57,high,-21.57,-6.57,imidazole,0.832,4,SIMILARITY_TOO_HIGH|INTRA_STEM_TOO_CLOSE|TRADEMARK_HIT,,,imiprazole,0.0,1.0,0.879,1.0,1.0,0.998,0.985,proton pump inhibitor,generic,-prazole,crowded,False,,
acegprazole,False,ngram_guided,2,63.87,63.26,moderate,-8.26,6.74,feprazone,0.671,4,TRADEMARK_HIT,SIMILARITY_MODERATE,,acegprazole,0.0,0.6,0.768,1.0,1.0,0.952,0.943,proton pump inhibitor,generic,-prazole,crowded,False,,
tildaprazole,True,ngram_guided,2,62.54,59.01,moderate,-4.01,10.99,tinidazole,0.6985,4,,SIMILARITY_MODERATE,,tildaprazole,0.0,0.68,0.854,1.0,1.0,0.862,0.48,proton pump inhibitor,generic,-prazole,crowded,True,,
sulprazole,False,ngram_guided,2,68.03,71.35,high,-16.35,-1.35,alprazolam,0.9428,3,SIMILARITY_TOO_HIGH|TRADEMARK_HIT,,,sulprazole,0.0,1.0,0.742,1.0,1.0,0.873,0.557,proton pump inhibitor,generic,-prazole,crowded,False,,
pozerprazole,False,ngram_guided,2,60.95,62.18,moderate,-7.18,7.82,fomepizole,0.6911,4,INTRA_STEM_TOO_CLOSE|TRADEMARK_HIT,SIMILARITY_MODERATE,,pozerprazole,0.0,0.68,0.768,1.0,1.0,0.862,0.426,proton pump inhibitor,generic,-prazole,crowded,False,,
tedaprazole,False,ngram_guided,2,62.6,61.18,moderate,-6.18,8.82,vedaprofen,0.8542,4,TRADEMARK_HIT,SIMILARITY_MODERATE,,tedaprazole,0.0,0.6,0.879,1.0,1.0,0.952,0.539,proton pump inhibitor,generic,-prazole,crowded,False,,
tineprazole,False,ngram_guided,2,60.73,72.36,high,-17.36,-2.36,tinidazole,0.8787,4,SIMILARITY_TOO_HIGH|INTRA_STEM_TOO_CLOSE|TRADEMARK_HIT,,,tineprazole,0.0,0.6,0.879,1.0,1.0,0.952,0.272,proton pump inhibitor,generic,-prazole,crowded,False,,
pozenprazole,False,ngram_guided,2,59.49,62.49,moderate,-7.49,7.51,defendazole,0.7244,4,TRADEMARK_HIT,SIMILARITY_MODERATE,,pozenprazole,0.0,0.68,0.768,1.0,1.0,0.862,0.217,proton pump inhibitor,generic,-prazole,crowded,False,,
adaducaprazole,True,ngram_guided,2,53.97,58.67,moderate,-3.67,11.33,isavuconazole,0.7596,6,,SIMILARITY_MODERATE,,adaducaprazole,0.0,0.564,0.904,1.0,1.0,0.309,0.277,proton pump inhibitor,generic,-prazole,crowded,False,,
ioxprazole,False,ngram_guided,2,64.83,68.43,moderate,-13.43,1.57,oxprenolol,0.6216,4,TRADEMARK_HIT,SIMILARITY_MODERATE,,ioxprazole,0.0,1.0,0.7,1.0,1.0,0.998,0.007,proton pump inhibitor,generic,-prazole,crowded,False,,
nucloprazole,False,ngram_guided,2,60.86,67.2,moderate,-12.2,2.8,clotrimazole,0.8223,4,TRADEMARK_HIT,SIMILARITY_MODERATE,,nucloprazole,0.0,0.68,0.733,1.0,1.0,0.862,0.482,proton pump inhibitor,generic,-prazole,crowded,False,,
capliprazole,False,ngram_guided,2,60.91,64.62,moderate,-9.62,5.38,cariprazine,0.8548,4,TRADEMARK_HIT,SIMILARITY_MODERATE,,capliprazole,0.0,0.68,0.733,1.0,1.0,0.862,0.489,proton pump inhibitor,generic,-prazole,crowded,False,,
ataciprazole,False,ngram_guided,2,60.64,68.54,moderate,-13.54,1.46,anastrozole,0.7923,5,TRADEMARK_HIT,SIMILARITY_MODERATE,,ataciprazole,0.0,0.45,0.894,1.0,1.0,0.731,0.973,proton pump inhibitor,generic,-prazole,crowded,False,,
vildrakiprazole,True,ngram_guided,2,49.32,54.61,low,0.39,15.39,itraconazole,0.6417,5,,,,vildrakiprazole,0.016,0.2,0.677,1.0,1.0,0.456,0.845,proton pump inhibitor,generic,-prazole,crowded,False,,
tiviprazole,False,ngram_guided,2,63.99,70.15,high,-15.15,-0.15,virazole,0.8156,4,SIMILARITY_TOO_HIGH|TRADEMARK_HIT,,,tiviprazole,0.0,0.6,0.879,1.0,1.0,0.952,0.737,proton pump inhibitor,generic,-prazole,crowded,False,,
remidprazole,False,ngram_guided,2,63.93,66.53,moderate,-11.53,3.47,ronidazole,0.7749,4,TRADEMARK_HIT,SIMILARITY_MODERATE,,remidprazole,0.0,0.68,0.768,1.0,1.0,0.862,0.851,proton pump inhibitor,generic,-prazole,crowded,False,,
cicloprazole,True,ngram_guided,2,49.47,67.2,moderate,-12.2,2.8,clotrimazole,0.8742,4,,SIMILARITY_MODERATE,,cicloprazole,0.0,0.45,0.733,1.0,0.53,0.862,0.586,proton pump inhibitor,generic,-prazole,crowded,False,,
diclprazole,True,ngram_guided,2,56.14,65.51,moderate,-10.51,4.49,alprazolam,0.6266,3,,SIMILARITY_MODERATE,,diclprazole,0.0,0.6,0.574,0.65,1.0,0.828,0.854,proton pump inhibitor,generic,-prazole,crowded,False,,
posaprazole,False,ngram_guided,2,62.37,71.08,high,-16.08,-1.08,posaconazole,0.8911,4,SIMILARITY_TOO_HIGH|TRADEMARK_HIT,,,posaprazole,0.0,0.6,0.879,1.0,1.0,0.952,0.506,proton pump inhibitor,generic,-prazole,crowded,False,,
indoprazole,False,ngram_guided,2,62.98,68.65,moderate,-13.65,1.35,benzotriazole,0.8662,4,INTRA_STEM_TOO_CLOSE|TRADEMARK_HIT,SIMILARITY_MODERATE,,indoprazole,0.0,0.6,0.854,1.0,1.0,0.952,0.643,proton pump inhibitor,generic,-prazole,crowded,False,,
imuprazole,False,ngram_guided+refined,2,67.29,72.26,high,-17.26,-2.26,omperazole,0.7692,4,SIMILARITY_TOO_HIGH|INTRA_STEM_TOO_CLOSE|TRADEMARK_HIT,,imiprazole,imiprazole -> imuprazole,0.0,1.0,0.879,1.0,1.0,0.998,0.0,proton pump inhibitor,generic,-prazole,crowded,False,,
anaprazole,False,grammar+refined,2,68.42,77.81,high,-22.81,-7.81,anastrozole,0.92,4,SIMILARITY_TOO_HIGH|INTRA_STEM_TOO_CLOSE|TRADEMARK_HIT,,enaprazole,enaprazole -> anaprazole,0.0,1.0,0.879,1.0,1.0,0.998,0.162,proton pump inhibitor,generic,-prazole,crowded,False,,
anoprazole,False,grammar+refined,2,67.46,68.74,moderate,-13.74,1.26,omperazole,0.9221,4,INTRA_STEM_TOO_CLOSE|TRADEMARK_HIT,SIMILARITY_MODERATE,enaprazole,enaprazole -> anaprazole -> anoprazole,0.0,1.0,0.879,1.0,1.0,0.998,0.026,proton pump inhibitor,generic,-prazole,crowded,False,,
awoprazole,False,grammar+refined,2,67.29,66.57,moderate,-11.57,3.43,alprazolam,0.6073,4,INTRA_STEM_TOO_CLOSE|TRADEMARK_HIT,SIMILARITY_MODERATE,enaprazole,enaprazole -> anaprazole -> anoprazole -> awoprazole,0.0,1.0,0.879,1.0,1.0,0.998,0.0,proton pump inhibitor,generic,-prazole,crowded,False,,
aziprazole,False,grammar+refined,2,73.77,71.9,high,-16.9,-1.9,virazole,0.834,4,SIMILARITY_TOO_HIGH|INTRA_STEM_TOO_CLOSE|TRADEMARK_HIT,,aciprazole,aciprazole -> aziprazole,0.0,1.0,0.879,1.0,1.0,0.998,0.926,proton pump inhibitor,generic,-prazole,crowded,False,,
awiprazole,False,grammar+refined,2,67.29,67.28,moderate,-12.28,2.72,virazole,0.6064,4,INTRA_STEM_TOO_CLOSE|TRADEMARK_HIT,SIMILARITY_MODERATE,aciprazole,aciprazole -> aziprazole -> awiprazole,0.0,1.0,0.879,1.0,1.0,0.998,0.0,proton pump inhibitor,generic,-prazole,crowded,False,,
asiprazole,False,grammar+refined,2,67.29,71.9,high,-16.9,-1.9,virazole,0.835,4,SIMILARITY_TOO_HIGH|INTRA_STEM_TOO_CLOSE|TRADEMARK_HIT,,aciprazole,aciprazole -> aziprazole -> awiprazole -> asiprazole,0.0,1.0,0.879,1.0,1.0,0.998,0.0,proton pump inhibitor,generic,-prazole,crowded,False,,
ibeprazole,False,grammar+refined,2,67.29,68.63,moderate,-13.63,1.37,feprazone,0.7539,4,INTRA_STEM_TOO_CLOSE|TRADEMARK_HIT,SIMILARITY_MODERATE,imeprazole,imeprazole -> ibeprazole,0.0,1.0,0.879,1.0,1.0,0.998,0.0,proton pump inhibitor,generic,-prazole,crowded,False,,
igeprazole,False,grammar+refined,2,67.29,68.68,moderate,-13.68,1.32,letrozole,0.7241,4,INTRA_STEM_TOO_CLOSE|TRADEMARK_HIT,SIMILARITY_MODERATE,imeprazole,imeprazole -> ibeprazole -> igeprazole,0.0,1.0,0.879,1.0,1.0,0.998,0.0,proton pump inhibitor,generic,-prazole,crowded,False,,
suyprazole,False,ngram_guided+refined,2,65.73,65.1,moderate,-10.1,4.9,virazole,0.6754,4,TRADEMARK_HIT,SIMILARITY_MODERATE,sulprazole,sulprazole -> suyprazole,0.0,1.0,0.768,1.0,1.0,0.998,0.0,proton pump inhibitor,generic,-prazole,crowded,False,,
siyprazole,False,ngram_guided+refined,2,65.73,71.9,high,-16.9,-1.9,virazole,0.6859,4,SIMILARITY_TOO_HIGH|TRADEMARK_HIT,,sulprazole,sulprazole -> suyprazole -> siyprazole,0.0,1.0,0.768,1.0,1.0,0.998,0.0,proton pump inhibitor,generic,-prazole,crowded,False,,
aleprazole,False,grammar+refined,2,72.03,78.95,high,-23.95,-8.95,letrozole,0.867,4,SIMILARITY_TOO_HIGH|INTRA_STEM_TOO_CLOSE|TRADEMARK_HIT,,adeprazole,adeprazole -> aleprazole,0.0,1.0,0.879,1.0,1.0,0.998,0.678,proton pump inhibitor,generic,-prazole,crowded,False,,
alaprazole,False,grammar+refined,2,71.39,76.05,high,-21.05,-6.05,alprazolam,0.8918,4,SIMILARITY_TOO_HIGH|TRADEMARK_HIT,,adeprazole,adeprazole -> aleprazole -> alaprazole,0.0,1.0,0.879,1.0,1.0,0.998,0.586,proton pump inhibitor,generic,-prazole,crowded,False,,
ayaprazole,False,grammar+refined,2,67.29,67.63,moderate,-12.63,2.37,alprazolam,0.6691,4,INTRA_STEM_TOO_CLOSE|TRADEMARK_HIT,SIMILARITY_MODERATE,adeprazole,adeprazole -> aleprazole -> alaprazole -> ayaprazole,0.0,1.0,0.879,1.0,1.0,0.998,0.0,proton pump inhibitor,generic,-prazole,crowded,False,,
aheprazole,False,grammar+refined,2,67.29,67.37,moderate,-12.37,2.63,letrozole,0.704,4,INTRA_STEM_TOO_CLOSE|TRADEMARK_HIT,SIMILARITY_MODERATE,areprazole,areprazole -> aheprazole,0.0,1.0,0.879,1.0,1.0,0.998,0.0,proton pump inhibitor,generic,-prazole,crowded,False,,
ajeprazole,False,grammar+refined,2,67.29,68.68,moderate,-13.68,1.32,letrozole,0.6364,4,INTRA_STEM_TOO_CLOSE|TRADEMARK_HIT,SIMILARITY_MODERATE,areprazole,areprazole -> aheprazole -> ajeprazole,0.0,1.0,0.879,1.0,1.0,0.998,0.0,proton pump inhibitor,generic,-prazole,crowded,False,,
ohaprazole,False,grammar+refined,2,67.29,66.94,moderate,-11.94,3.06,omperazole,0.6085,4,INTRA_STEM_TOO_CLOSE|TRADEMARK_HIT,SIMILARITY_MODERATE,oraprazole,oraprazole -> ohaprazole,0.0,1.0,0.879,1.0,1.0,0.998,0.0,proton pump inhibitor,generic,-prazole,crowded,False,,
seniprazole,False,grammar,3,58.9,71.47,high,-16.47,-1.47,secnidazole,0.8373,4,SIMILARITY_TOO_HIGH|TRADEMARK_HIT,,,seniprazole,0.0,0.6,0.879,1.0,1.0,0.952,0.011,proton pump inhibitor,generic,-prazole,crowded,False,,
bocaprazole,False,grammar,3,58.97,63.01,moderate,-8.01,6.99,bisoctrizole,0.8825,4,TRADEMARK_HIT,SIMILARITY_MODERATE,,bocaprazole,0.0,0.6,0.879,1.0,1.0,0.952,0.019,proton pump inhibitor,generic,-prazole,crowded,False,,
ixexaprazole,True,grammar,3,64.83,56.61,moderate,-1.61,13.39,fexinidazole,0.6861,5,,SIMILARITY_MODERATE,,ixexaprazole,0.0,1.0,0.894,1.0,1.0,0.731,0.001,proton pump inhibitor,generic,-prazole,crowded,True,,
beloprazole,False,grammar,3,67.65,70.14,high,-15.14,-0.14,benzotriazole,0.8811,4,SIMILARITY_TOO_HIGH|TRADEMARK_HIT,,,beloprazole,0.0,1.0,0.879,1.0,1.0,0.952,0.118,proton pump inhibitor,generic,-prazole,crowded,False,,
pizuloprazole,True,grammar,3,63.77,58.4,moderate,-3.4,11.6,benzotriazole,0.7971,5,,SIMILARITY_MODERATE,,pizuloprazole,0.0,1.0,0.894,1.0,1.0,0.624,0.001,proton pump inhibitor,generic,-prazole,crowded,True,,
potacoprazole,False,grammar,3,54.1,73.77,high,-18.77,-3.77,posaconazole,0.8346,5,SIMILARITY_TOO_HIGH|TRADEMARK_HIT,,,potacoprazole,0.0,0.517,0.894,1.0,1.0,0.624,0.001,proton pump inhibitor,generic,-prazole,crowded,False,,
doxaprazole,False,grammar,3,62.75,70.82,high,-15.82,-0.82,doxapram,0.8911,4,SIMILARITY_TOO_HIGH,,,doxaprazole,0.0,0.6,0.879,1.0,1.0,0.952,0.559,proton pump inhibitor,generic,-prazole,crowded,False,,
lotopiprazole,False,grammar,3,58.52,63.35,moderate,-8.35,6.65,opipramol,0.8261,5,TRADEMARK_HIT,SIMILARITY_MODERATE,,lotopiprazole,0.0,0.733,0.894,1.0,1.0,0.624,0.014,proton pump inhibitor,generic,-prazole,crowded,False,,
pafomiprazole,False,grammar,3,58.48,66.32,moderate,-11.32,3.68,fomepizole,0.7579,5,INTRA_STEM_TOO_CLOSE|TRADEMARK_HIT,SIMILARITY_MODERATE,,pafomiprazole,0.0,0.733,0.894,1.0,1.0,0.624,0.007,proton pump inhibitor,generic,-prazole,crowded,False,,
aveprazole,False,grammar,3,67.46,71.27,high,-16.27,-1.27,feprazone,0.7797,4,SIMILARITY_TOO_HIGH|INTRA_STEM_TOO_CLOSE|TRADEMARK_HIT,,,aveprazole,0.0,1.0,0.879,1.0,1.0,0.998,0.026,proton pump inhibitor,generic,-prazole,crowded,False,,
cecteceprazole,True,grammar,3,57.87,59.02,moderate,-4.02,10.98,ceftobiprole,0.734,5,,SIMILARITY_MODERATE,,cecteceprazole,0.0,0.771,0.869,1.0,1.0,0.527,0.0,proton pump inhibitor,generic,-prazole,crowded,False,,
praniprazole,False,grammar,3,59.56,70.73,high,-15.73,-0.73,pramipexole,0.8689,4,SIMILARITY_TOO_HIGH|INTRA_STEM_TOO_CLOSE|TRADEMARK_HIT,,,praniprazole,0.0,0.68,0.733,1.0,1.0,0.862,0.296,proton pump inhibitor,generic,-prazole,crowded,False,,
irbeprazole,False,grammar,3,58.67,66.3,moderate,-11.3,3.7,drometrizole,0.6808,4,INTRA_STEM_TOO_CLOSE|TRADEMARK_HIT,SIMILARITY_MODERATE,,irbeprazole,0.0,0.6,0.854,1.0,1.0,0.952,0.027,proton pump inhibitor,generic,-prazole,crowded,False,,
otaprazole,False,grammar,3,67.29,66.94,moderate,-11.94,3.06,omperazole,0.7631,4,INTRA_STEM_TOO_CLOSE|TRADEMARK_HIT,SIMILARITY_MODERATE,,otaprazole,0.0,1.0,0.879,1.0,1.0,0.998,0.0,proton pump inhibitor,generic,-prazole,crowded,False,,
tofobiprazole,False,grammar,3,58.45,67.9,moderate,-12.9,2.1,tenonitrozole,0.7499,5,TRADEMARK_HIT,SIMILARITY_MODERATE,,tofobiprazole,0.0,0.733,0.894,1.0,1.0,0.624,0.003,proton pump inhibitor,generic,-prazole,crowded,False,,
mobaprazole,False,grammar,3,58.84,65.08,moderate,-10.08,4.92,omperazole,0.7946,4,INTRA_STEM_TOO_CLOSE|TRADEMARK_HIT,SIMILARITY_MODERATE,,mobaprazole,0.0,0.6,0.879,1.0,1.0,0.952,0.001,proton pump inhibitor,generic,-prazole,crowded,False,,
opiprazole,False,grammar,3,67.29,78.86,high,-23.86,-8.86,opipramol,0.8514,4,SIMILARITY_TOO_HIGH|INTRA_STEM_TOO_CLOSE|TRADEMARK_HIT,,,opiprazole,0.0,1.0,0.879,1.0,1.0,0.998,0.001,proton pump inhibitor,generic,-prazole,crowded,False,,
afeprazole,False,grammar,3,67.31,77.36,high,-22.36,-7.36,feprazone,0.7693,4,SIMILARITY_TOO_HIGH|INTRA_STEM_TOO_CLOSE|TRADEMARK_HIT,,,afeprazole,0.0,1.0,0.879,1.0,1.0,0.998,0.003,proton pump inhibitor,generic,-prazole,crowded,False,,
usiprazole,False,grammar,3,67.29,71.9,high,-16.9,-1.9,virazole,0.7005,4,SIMILARITY_TOO_HIGH|TRADEMARK_HIT,,,usiprazole,0.0,1.0,0.879,1.0,1.0,0.998,0.0,proton pump inhibitor,generic,-prazole,crowded,False,,
preutaprazole,True,grammar,3,57.61,60.31,moderate,-5.31,9.69,drometrizole,0.8423,4,,SIMILARITY_MODERATE,,preutaprazole,0.0,0.733,0.733,1.0,1.0,0.755,0.018,proton pump inhibitor,generic,-prazole,crowded,False,,
eviprazole,False,grammar,3,68.3,76.75,high,-21.75,-6.75,virazole,0.8225,4,SIMILARITY_TOO_HIGH|INTRA_STEM_TOO_CLOSE|TRADEMARK_HIT,,,eviprazole,0.0,1.0,0.879,1.0,1.0,0.998,0.145,proton pump inhibitor,generic,-prazole,crowded,False,,
tonaseprazole,False,grammar,3,54.1,68.09,moderate,-13.09,1.91,anastrozole,0.8265,5,TRADEMARK_HIT,SIMILARITY_MODERATE,,tonaseprazole,0.0,0.517,0.894,1.0,1.0,0.624,0.001,proton pump inhibitor,generic,-prazole,crowded,False,,
oreprazole,False,grammar,3,67.29,70.22,high,-15.22,-0.22,letrozole,0.8385,4,SIMILARITY_TOO_HIGH|INTRA_STEM_TOO_CLOSE|TRADEMARK_HIT,,,oreprazole,0.0,1.0,0.879,1.0,1.0,0.998,0.0,proton pump inhibitor,generic,-prazole,crowded,False,,
rosoprazole,False,grammar,3,59.07,65.61,moderate,-10.61,4.39,drometrizole,0.8463,4,INTRA_STEM_TOO_CLOSE|TRADEMARK_HIT,SIMILARITY_MODERATE,,rosoprazole,0.0,0.6,0.879,1.0,1.0,0.952,0.034,proton pump inhibitor,generic,-prazole,crowded,False,,
lorphellprazole,True,ngram_guided,3,38.55,54.67,low,0.33,15.33,alprazolam,0.8406,4,,,,lorphellprazole,0.013,0.4,0.656,0.65,0.53,0.587,0.122,proton pump inhibitor,generic,-prazole,crowded,False,,
naveliprazole,True,ngram_guided,3,59.29,63.89,moderate,-8.89,6.11,felimazole,0.8244,5,,SIMILARITY_MODERATE,,naveliprazole,0.0,0.517,0.894,1.0,1.0,0.624,0.742,proton pump inhibitor,generic,-prazole,crowded,False,,
ruxprazole,False,ngram_guided,3,63.22,60.65,moderate,-5.65,9.35,oxprenolol,0.5962,3,TRADEMARK_HIT,SIMILARITY_MODERATE,,ruxprazole,0.0,1.0,0.675,1.0,1.0,0.873,0.006,proton pump inhibitor,generic,-prazole,crowded,False,,
mogaprazole,False,ngram_guided,3,59.92,62.36,moderate,-7.36,7.64,omperazole,0.755,4,TRADEMARK_HIT,SIMILARITY_MODERATE,,mogaprazole,0.0,0.6,0.879,1.0,1.0,0.952,0.156,proton pump inhibitor,generic,-prazole,crowded,False,,
cucurprazole,True,ngram_guided,3,55.0,56.83,moderate,-1.83,13.17,clotrimazole,0.7264,4,,SIMILARITY_MODERATE,,cucurprazole,0.0,0.45,0.768,1.0,1.0,0.862,0.233,proton pump inhibitor,generic,-prazole,crowded,False,,
myrteprazole,False,ngram_guided,3,54.05,65.3,moderate,-10.3,4.7,omperazole,0.7894,4,TRADEMARK_HIT,SIMILARITY_MODERATE,,myrteprazole,0.0,0.45,0.768,1.0,1.0,0.862,0.097,proton pump inhibitor,generic,-prazole,crowded,False,,
zuraprazole,False,ngram_guided,3,58.92,62.41,moderate,-7.41,7.59,guaraprolose,0.7883,4,TRADEMARK_HIT,SIMILARITY_MODERATE,,zuraprazole,0.0,0.6,0.879,1.0,1.0,0.952,0.013,proton pump inhibitor,generic,-prazole,crowded,False,,
cloprazole,False,ngram_guided,3,64.74,74.55,high,-19.55,-4.55,clotrimazole,0.9454,3,SIMILARITY_TOO_HIGH|TRADEMARK_HIT,,,cloprazole,0.0,1.0,0.683,1.0,1.0,0.873,0.207,proton pump inhibitor,generic,-prazole,crowded,False,,
obiprazole,False,ngram_guided,3,67.43,71.45,high,-16.45,-1.45,opipramol,0.815,4,SIMILARITY_TOO_HIGH|INTRA_STEM_TOO_CLOSE|TRADEMARK_HIT,,,obiprazole,0.0,1.0,0.879,1.0,1.0,0.998,0.02,proton pump inhibitor,generic,-prazole,crowded,False,,
plutiprazole,False,ngram_guided,3,57.99,68.54,moderate,-13.54,1.46,flutrimazole,0.8119,4,TRADEMARK_HIT,SIMILARITY_MODERATE,,plutiprazole,0.0,0.68,0.733,1.0,1.0,0.862,0.072,proton pump inhibitor,generic,-prazole,crowded,False,,
autoprazole,False,ngram_guided,3,62.91,62.73,moderate,-7.73,7.27,metoprolol,0.7905,4,INTRA_STEM_TOO_CLOSE|TRADEMARK_HIT,SIMILARITY_MODERATE,,autoprazole,0.0,0.6,0.879,1.0,1.0,0.952,0.583,proton pump inhibitor,generic,-prazole,crowded,False,,
ateprazole,False,ngram_guided,3,70.17,70.39,high,-15.39,-0.39,feprazone,0.8465,4,SIMILARITY_TOO_HIGH|INTRA_STEM_TOO_CLOSE|TRADEMARK_HIT,,,ateprazole,0.0,1.0,0.879,1.0,1.0,0.998,0.412,proton pump inhibitor,generic,-prazole,crowded,False,,
temsaprazole,False,ngram_guided,3,57.12,62.8,moderate,-7.8,7.2,benzotriazole,0.8193,4,TRADEMARK_HIT,SIMILARITY_MODERATE,,temsaprazole,0.0,0.45,0.854,1.0,1.0,0.862,0.363,proton pump inhibitor,generic,-prazole,crowded,False,,
zicoprazole,False,ngram_guided,3,59.17,68.71,moderate,-13.71,1.29,miconazole,0.7701,4,TRADEMARK_HIT,SIMILARITY_MODERATE,,zicoprazole,0.0,0.6,0.879,1.0,1.0,0.952,0.048,proton pump inhibitor,generic,-prazole,crowded,False,,
baxdroprazole,False,ngram_guided,3,49.84,60.65,moderate,-5.65,9.35,baxdrostat,0.7473,4,TRADEMARK_HIT,SIMILARITY_MODERATE,,baxdroprazole,0.0,0.3,0.519,1.0,1.0,0.755,0.575,proton pump inhibitor,generic,-prazole,crowded,False,,
fusprazole,False,ngram_guided,3,64.23,64.38,moderate,-9.38,5.62,feprazone,0.7683,3,TRADEMARK_HIT,SIMILARITY_MODERATE,,fusprazole,0.0,1.0,0.742,1.0,1.0,0.873,0.015,proton pump inhibitor,generic,-prazole,crowded,False,,
chirprazole,False,ngram_guided,3,56.96,63.15,moderate,-8.15,6.85,virazole,0.6719,3,TRADEMARK_HIT,SIMILARITY_MODERATE,,chirprazole,0.0,0.6,0.742,1.0,1.0,0.828,0.184,proton pump inhibitor,generic,-prazole,crowded,False,,
vosiprazole,False,ngram_guided,3,59.01,68.02,moderate,-13.02,1.98,virazole,0.7792,4,TRADEMARK_HIT,SIMILARITY_MODERATE,,vosiprazole,0.0,0.6,0.879,1.0,1.0,0.952,0.026,proton pump inhibitor,generic,-prazole,crowded,False,,
almiprazole,False,ngram_guided,3,63.13,68.13,moderate,-13.13,1.87,alprazolam,0.8815,4,INTRA_STEM_TOO_CLOSE|TRADEMARK_HIT,SIMILARITY_MODERATE,,almiprazole,0.0,0.6,0.854,1.0,1.0,0.952,0.664,proton pump inhibitor,generic,-prazole,crowded,False,,
zafiprazole,False,ngram_guided,3,59.33,64.43,moderate,-9.43,5.57,virazole,0.7269,4,INTRA_STEM_TOO_CLOSE|TRADEMARK_HIT,SIMILARITY_MODERATE,,zafiprazole,0.0,0.6,0.879,1.0,1.0,0.952,0.072,proton pump inhibitor,generic,-prazole,crowded,False,,
bupilprazole,False,ngram_guided,3,63.36,61.89,moderate,-6.89,8.11,alprazolam,0.7437,4,TRADEMARK_HIT,SIMILARITY_MODERATE,,bupilprazole,0.0,0.68,0.768,1.0,1.0,0.862,0.77,proton pump inhibitor,generic,-prazole,crowded,False,,
enroprazole,False,ngram_guided,3,59.9,71.49,high,-16.49,-1.49,benzotriazole,0.8261,4,SIMILARITY_TOO_HIGH|INTRA_STEM_TOO_CLOSE|TRADEMARK_HIT,,,enroprazole,0.0,0.6,0.854,1.0,1.0,0.952,0.202,proton pump inhibitor,generic,-prazole,crowded,False,,
nedoprazole,False,ngram_guided,3,64.44,71.11,high,-16.11,-1.11,nimorazole,0.8221,4,SIMILARITY_TOO_HIGH|INTRA_STEM_TOO_CLOSE|TRADEMARK_HIT,,,nedoprazole,0.0,0.6,0.879,1.0,1.0,0.952,0.801,proton pump inhibitor,generic,-prazole,crowded,False,,
futiprazole,False,ngram_guided,3,59.01,64.1,moderate,-9.1,5.9,piprozoline,0.732,4,TRADEMARK_HIT,SIMILARITY_MODERATE,,futiprazole,0.0,0.6,0.879,1.0,1.0,0.952,0.026,proton pump inhibitor,generic,-prazole,crowded,False,,
atiprazole,False,ngram_guided+refined,3,69.89,71.92,high,-16.92,-1.92,atipamezole,0.7921,4,SIMILARITY_TOO_HIGH|INTRA_STEM_TOO_CLOSE|TRADEMARK_HIT,,ateprazole,ateprazole -> atiprazole,0.0,1.0,0.879,1.0,1.0,0.998,0.372,proton pump inhibitor,generic,-prazole,crowded,False,,
atuprazole,False,ngram_guided+refined,3,67.34,64.62,moderate,-9.62,5.38,atipamezole,0.7514,4,INTRA_STEM_TOO_CLOSE|TRADEMARK_HIT,SIMILARITY_MODERATE,ateprazole,ateprazole -> atiprazole -> atuprazole,0.0,1.0,0.879,1.0,1.0,0.998,0.007,proton pump inhibitor,generic,-prazole,crowded,False,,
awuprazole,False,ngram_guided+refined,3,67.29,66.57,moderate,-11.57,3.43,alprazolam,0.6201,4,TRADEMARK_HIT,SIMILARITY_MODERATE,ateprazole,ateprazole -> atiprazole -> atuprazole -> awuprazole,0.0,1.0,0.879,1.0,1.0,0.998,0.0,proton pump inhibitor,generic,-prazole,crowded,False,,
eciprazole,False,grammar+refined,3,67.29,69.52,moderate,-14.52,0.48,virazole,0.7691,4,TRADEMARK_HIT,SIMILARITY_MODERATE,eviprazole,eviprazole -> eciprazole,0.0,1.0,0.879,1.0,1.0,0.998,0.0,proton pump inhibitor,generic,-prazole,crowded,False,,
ebiprazole,False,grammar+refined,3,67.29,70.0,high,-15.0,0.0,virazole,0.7615,4,SIMILARITY_TOO_HIGH|INTRA_STEM_TOO_CLOSE|TRADEMARK_HIT,,eviprazole,eviprazole -> eciprazole -> ebiprazole,0.0,1.0,0.879,1.0,1.0,0.998,0.0,proton pump inhibitor,generic,-prazole,crowded,False,,
ediprazole,False,grammar+refined,3,67.29,69.52,moderate,-14.52,0.48,virazole,0.871,4,INTRA_STEM_TOO_CLOSE|TRADEMARK_HIT,SIMILARITY_MODERATE,eviprazole,eviprazole -> eciprazole -> ebiprazole -> ediprazole,0.0,1.0,0.879,1.0,1.0,0.998,0.0,proton pump inhibitor,generic,-prazole,crowded,False,,
bepoprazole,False,grammar+refined,3,59.85,69.12,moderate,-14.12,0.88,benzotriazole,0.8077,4,TRADEMARK_HIT,SIMILARITY_MODERATE,beloprazole,beloprazole -> bepoprazole,0.0,0.6,0.879,1.0,1.0,0.952,0.145,proton pump inhibitor,generic,-prazole,crowded,False,,
betoprazole,False,grammar+refined,3,61.82,72.62,high,-17.62,-2.62,metoprolol,0.8913,4,SIMILARITY_TOO_HIGH|INTRA_STEM_TOO_CLOSE|TRADEMARK_HIT,,beloprazole,beloprazole -> bepoprazole -> betoprazole,0.0,0.6,0.879,1.0,1.0,0.952,0.427,proton pump inhibitor,generic,-prazole,crowded,False,,
vetoprazole,False,grammar+refined,3,58.85,70.4,high,-15.4,-0.4,metoprolol,0.8462,4,SIMILARITY_TOO_HIGH|INTRA_STEM_TOO_CLOSE|TRADEMARK_HIT,,beloprazole,beloprazole -> bepoprazole -> betoprazole -> vetoprazole,0.0,0.6,0.879,1.0,1.0,0.952,0.003,proton pump inhibitor,generic,-prazole,crowded,False,,
aweprazole,False,grammar+refined,3,67.29,70.46,high,-15.46,-0.46,letrozole,0.6144,4,SIMILARITY_TOO_HIGH|INTRA_STEM_TOO_CLOSE|TRADEMARK_HIT,,aveprazole,aveprazole -> aweprazole,0.0,1.0,0.879,1.0,1.0,0.998,0.0,proton pump inhibitor,generic,-prazole,crowded,False,,
oweprazole,False,grammar+refined,3,67.29,70.46,high,-15.46,-0.46,letrozole,0.6227,4,SIMILARITY_TOO_HIGH|INTRA_STEM_TOO_CLOSE|TRADEMARK_HIT,,aveprazole,aveprazole -> aweprazole -> oweprazole,0.0,1.0,0.879,1.0,1.0,0.998,0.0,proton pump inhibitor,generic,-prazole,crowded,False,,
owoprazole,False,grammar+refined,3,67.29,69.46,moderate,-14.46,0.54,omperazole,0.6048,4,INTRA_STEM_TOO_CLOSE|TRADEMARK_HIT,SIMILARITY_MODERATE,aveprazole,aveprazole -> aweprazole -> oweprazole -> owoprazole,0.0,1.0,0.879,1.0,1.0,0.998,0.0,proton pump inhibitor,generic,-prazole,crowded,False,,
obuprazole,False,ngram_guided+refined,3,67.29,70.18,high,-15.18,-0.18,bupranolol,0.8543,4,SIMILARITY_TOO_HIGH|INTRA_STEM_TOO_CLOSE|TRADEMARK_HIT,,obiprazole,obiprazole -> obuprazole,0.0,1.0,0.879,1.0,1.0,0.998,0.0,proton pump inhibitor,generic,-prazole,crowded,False,,
owuprazole,False,ngram_guided+refined,3,67.29,69.46,moderate,-14.46,0.54,omperazole,0.6134,4,INTRA_STEM_TOO_CLOSE|TRADEMARK_HIT,SIMILARITY_MODERATE,obiprazole,obiprazole -> obuprazole -> owuprazole,0.0,1.0,0.879,1.0,1.0,0.998,0.0,proton pump inhibitor,generic,-prazole,crowded,False,,
osuprazole,False,ngram_guided+refined,3,67.29,66.94,moderate,-11.94,3.06,omperazole,0.8088,4,INTRA_STEM_TOO_CLOSE|TRADEMARK_HIT,SIMILARITY_MODERATE,obiprazole,obiprazole -> obuprazole -> owuprazole -> osuprazole,0.0,1.0,0.879,1.0,1.0,0.998,0.001,proton pump inhibitor,generic,-prazole,crowded,False,,
ufeprazole,False,grammar+refined,3,67.29,77.36,high,-22.36,-7.36,feprazone,0.6502,4,SIMILARITY_TOO_HIGH|INTRA_STEM_TOO_CLOSE|TRADEMARK_HIT,,afeprazole,afeprazole -> ufeprazole,0.0,1.0,0.879,1.0,1.0,0.998,0.0,proton pump inhibitor,generic,-prazole,crowded,False,,
useprazole,False,grammar+refined,3,67.29,70.66,high,-15.66,-0.66,letrozole,0.6713,4,SIMILARITY_TOO_HIGH|INTRA_STEM_TOO_CLOSE|TRADEMARK_HIT,,afeprazole,afeprazole -> ufeprazole -> useprazole,0.0,1.0,0.879,1.0,1.0,0.998,0.0,proton pump inhibitor,generic,-prazole,crowded,False,,
aseprazole,False,grammar+refined,3,67.29,70.66,high,-15.66,-0.66,letrozole,0.8365,4,SIMILARITY_TOO_HIGH|INTRA_STEM_TOO_CLOSE|TRADEMARK_HIT,,afeprazole,afeprazole -> ufeprazole -> useprazole -> aseprazole,0.0,1.0,0.879,1.0,1.0,0.998,0.001,proton pump inhibitor,generic,-prazole,crowded,False,,
okaprazole,False,grammar+refined,3,67.29,66.94,moderate,-11.94,3.06,omperazole,0.7513,4,INTRA_STEM_TOO_CLOSE|TRADEMARK_HIT,SIMILARITY_MODERATE,otaprazole,otaprazole -> okaprazole,0.0,1.0,0.879,1.0,1.0,0.998,0.0,proton pump inhibitor,generic,-prazole,crowded,False,,
opoprazole,False,grammar+refined,3,67.29,68.85,moderate,-13.85,1.15,opipramol,0.7777,4,INTRA_STEM_TOO_CLOSE|TRADEMARK_HIT,SIMILARITY_MODERATE,opiprazole,opiprazole -> opoprazole,0.0,1.0,0.879,1.0,1.0,0.998,0.0,proton pump inhibitor,generic,-prazole,crowded,False,,
ozoprazole,False,grammar+refined,3,67.52,66.94,moderate,-11.94,3.06,omperazole,0.822,4,INTRA_STEM_TOO_CLOSE|TRADEMARK_HIT,SIMILARITY_MODERATE,opiprazole,opiprazole -> opoprazole -> ozoprazole,0.0,1.0,0.879,1.0,1.0,0.998,0.034,proton pump inhibitor,generic,-prazole,crowded,False,,
ohoprazole,False,grammar+refined,3,67.29,66.94,moderate,-11.94,3.06,omperazole,0.6517,4,INTRA_STEM_TOO_CLOSE|TRADEMARK_HIT,SIMILARITY_MODERATE,opiprazole,opiprazole -> opoprazole -> ozoprazole -> ohoprazole,0.0,1.0,0.879,1.0,1.0,0.998,0.0,proton pump inhibitor,generic,-prazole,crowded,False,,
saeprazole,False,grammar,4,67.29,72.31,high,-17.31,-2.31,feprazone,0.662,4,SIMILARITY_TOO_HIGH|INTRA_STEM_TOO_CLOSE|TRADEMARK_HIT,,,saeprazole,0.0,1.0,0.879,1.0,1.0,0.998,0.0,proton pump inhibitor,generic,-prazole,crowded,False,,
ixoprazole,False,grammar,4,67.29,62.42,moderate,-7.42,7.58,feprazone,0.7437,4,TRADEMARK_HIT,SIMILARITY_MODERATE,,ixoprazole,0.0,1.0,0.879,1.0,1.0,0.998,0.0,proton pump inhibitor,generic,-prazole,crowded,False,,
estiprazole,False,grammar,4,56.8,64.81,moderate,-9.81,5.19,metipranolol,0.8363,4,INTRA_STEM_TOO_CLOSE|TRADEMARK_HIT,SIMILARITY_MODERATE,,estiprazole,0.0,0.6,0.733,1.0,1.0,0.952,0.001,proton pump inhibitor,generic,-prazole,crowded,False,,
nenfeviprazole,True,grammar,4,57.88,64.08,moderate,-9.08,5.92,tenonitrozole,0.665,5,,SIMILARITY_MODERATE,,nenfeviprazole,0.0,0.771,0.869,1.0,1.0,0.527,0.001,proton pump inhibitor,generic,-prazole,crowded,False,,
rooprazole,False,grammar,4,65.68,67.97,moderate,-12.97,2.03,omperazole,0.7412,3,TRADEMARK_HIT,SIMILARITY_MODERATE,,rooprazole,0.0,1.0,0.854,1.0,1.0,0.873,0.0,proton pump inhibitor,generic,-prazole,crowded,False,,
clokuprazole,True,grammar,4,63.94,66.01,moderate,-11.01,3.99,clotrimazole,0.6495,4,,SIMILARITY_MODERATE,,clokuprazole,0.0,1.0,0.733,1.0,1.0,0.862,0.007,proton pump inhibitor,generic,-prazole,crowded,True,,
gesuprazole,False,grammar,4,66.83,61.89,moderate,-6.89,8.11,benzotriazole,0.8349,4,TRADEMARK_HIT,SIMILARITY_MODERATE,,gesuprazole,0.0,1.0,0.879,1.0,1.0,0.952,0.0,proton pump inhibitor,generic,-prazole,crowded,False,,
tepudaprazole,True,grammar,4,58.43,62.33,moderate,-7.33,7.67,tenonitrozole,0.6517,5,,SIMILARITY_MODERATE,,tepudaprazole,0.0,0.733,0.894,1.0,1.0,0.624,0.001,proton pump inhibitor,generic,-prazole,crowded,False,,
poeviprazole,False,grammar,4,64.86,66.01,moderate,-11.01,3.99,virazole,0.6922,5,TRADEMARK_HIT,SIMILARITY_MODERATE,,poeviprazole,0.0,1.0,0.894,1.0,1.0,0.731,0.004,proton pump inhibitor,generic,-prazole,crowded,False,,
udocluprazole,True,grammar,4,61.93,59.82,moderate,-4.82,10.18,isoflupredone,0.6359,5,,SIMILARITY_MODERATE,,udocluprazole,0.0,1.0,0.763,1.0,1.0,0.624,0.0,proton pump inhibitor,generic,-prazole,crowded,False,,
badjiiprazole,False,grammar,4,63.41,59.85,moderate,-4.85,10.15,benzimidazole,0.618,5,TRADEMARK_HIT,SIMILARITY_MODERATE,,badjiiprazole,0.0,1.0,0.869,1.0,1.0,0.624,0.0,proton pump inhibitor,generic,-prazole,crowded,False,,
dodulaprazole,True,grammar,4,58.68,57.6,moderate,-2.6,12.4,letrozole,0.8375,5,,SIMILARITY_MODERATE,,dodulaprazole,0.0,0.733,0.894,1.0,1.0,0.624,0.036,proton pump inhibitor,generic,-prazole,crowded,False,,
paliprazole,False,grammar,4,60.78,69.98,moderate,-14.98,0.02,alprazolam,0.9036,4,TRADEMARK_HIT,SIMILARITY_MODERATE,,paliprazole,0.0,0.6,0.879,1.0,1.0,0.952,0.278,proton pump inhibitor,generic,-prazole,crowded,False,,
ampeprazole,False,grammar,4,58.74,81.1,high,-26.1,-11.1,omperazole,0.8721,4,SIMILARITY_TOO_HIGH|INTRA_STEM_TOO_CLOSE|TRADEMARK_HIT,,,ampeprazole,0.0,0.6,0.854,1.0,1.0,0.952,0.036,proton pump inhibitor,generic,-prazole,crowded,False,,
talbixaprazole,True,grammar,4,53.83,58.35,moderate,-3.35,11.65,elixircurozole,0.7687,5,,SIMILARITY_MODERATE,,talbixaprazole,0.0,0.564,0.869,1.0,1.0,0.527,0.014,proton pump inhibitor,generic,-prazole,crowded,False,,
eeriprazole,False,grammar,4,66.83,65.08,moderate,-10.08,4.92,cariprazine,0.7031,4,TRADEMARK_HIT,SIMILARITY_MODERATE,,eeriprazole,0.0,1.0,0.879,1.0,1.0,0.952,0.0,proton pump inhibitor,generic,-prazole,crowded,False,,
cotaprazole,False,grammar,4,66.83,62.15,moderate,-7.15,7.85,cropamezole,0.8829,4,TRADEMARK_HIT,SIMILARITY_MODERATE,,cotaprazole,0.0,1.0,0.879,1.0,1.0,0.952,0.0,proton pump inhibitor,generic,-prazole,crowded,False,,
ceszizoprazole,True,grammar,4,62.45,62.04,moderate,-7.04,7.96,benzotriazole,0.6682,5,,SIMILARITY_MODERATE,,ceszizoprazole,0.0,1.0,0.869,1.0,1.0,0.527,0.0,proton pump inhibitor,generic,-prazole,crowded,False,,
toxiprazole,True,grammar,4,59.7,65.53,moderate,-10.53,4.47,oxiconazole,0.8583,4,,SIMILARITY_MODERATE,,toxiprazole,0.0,0.6,0.879,1.0,1.0,0.952,0.124,proton pump inhibitor,generic,-prazole,crowded,False,,
setliprazole,True,grammar,4,59.25,66.22,moderate,-11.22,3.78,celiprolol,0.7357,4,,SIMILARITY_MODERATE,,setliprazole,0.0,0.68,0.854,1.0,1.0,0.862,0.01,proton pump inhibitor,generic,-prazole,crowded,False,,
apeprazole,False,grammar,4,67.31,71.52,high,-16.52,-1.52,omperazole,0.8377,4,SIMILARITY_TOO_HIGH|INTRA_STEM_TOO_CLOSE|TRADEMARK_HIT,,,apeprazole,0.0,1.0,0.879,1.0,1.0,0.998,0.003,proton pump inhibitor,generic,-prazole,crowded,False,,
eluprazole,False,grammar,4,67.31,69.94,moderate,-14.94,0.06,alprazolam,0.8111,4,TRADEMARK_HIT,SIMILARITY_MODERATE,,eluprazole,0.0,1.0,0.879,1.0,1.0,0.998,0.003,proton pump inhibitor,generic,-prazole,crowded,False,,
paciprazole,False,grammar,4,61.67,64.52,moderate,-9.52,5.48,piprozoline,0.8344,4,INTRA_STEM_TOO_CLOSE|TRADEMARK_HIT,SIMILARITY_MODERATE,,paciprazole,0.0,0.6,0.879,1.0,1.0,0.952,0.405,proton pump inhibitor,generic,-prazole,crowded,False,,
pocciprazole,False,grammar,4,59.19,62.02,moderate,-7.02,7.98,piprozoline,0.8499,4,TRADEMARK_HIT,SIMILARITY_MODERATE,,pocciprazole,0.0,0.68,0.854,1.0,1.0,0.862,0.001,proton pump inhibitor,generic,-prazole,crowded,False,,
aduprazole,False,ngram_guided,4,67.42,66.61,moderate,-11.61,3.39,omperazole,0.7631,4,INTRA_STEM_TOO_CLOSE|TRADEMARK_HIT,SIMILARITY_MODERATE,,aduprazole,0.0,1.0,0.879,1.0,1.0,0.998,0.019,proton pump inhibitor,generic,-prazole,crowded,False,,
nifroviprazole,True,ngram_guided,4,58.93,65.07,moderate,-10.07,4.93,nitrothiazole,0.6972,5,,SIMILARITY_MODERATE,,nifroviprazole,0.0,0.564,0.763,1.0,1.0,0.527,0.955,proton pump inhibitor,generic,-prazole,crowded,False,,
tixaprazole,True,ngram_guided,4,61.72,61.67,moderate,-6.67,8.33,dicaprate,0.7718,4,,SIMILARITY_MODERATE,,tixaprazole,0.0,0.6,0.879,1.0,1.0,0.952,0.413,proton pump inhibitor,generic,-prazole,crowded,False,,
pumpprazole,False,ngram_guided,4,50.36,74.18,high,-19.18,-4.18,omperazole,0.6067,3,SIMILARITY_TOO_HIGH|INTRA_STEM_TOO_CLOSE|TRADEMARK_HIT,,,pumpprazole,0.0,0.6,0.742,0.4,1.0,0.828,0.013,proton pump inhibitor,generic,-prazole,crowded,False,,
agatiprazole,False,ngram_guided,4,59.27,66.73,moderate,-11.73,3.27,anastrozole,0.7827,5,TRADEMARK_HIT,SIMILARITY_MODERATE,,agatiprazole,0.0,0.68,0.894,1.0,1.0,0.731,0.121,proton pump inhibitor,generic,-prazole,crowded,False,,
synthprazole,False,ngram_guided,4,38.94,62.81,moderate,-7.81,7.19,anastrozole,0.5848,3,INTRA_STEM_TOO_CLOSE|TRADEMARK_HIT,SIMILARITY_MODERATE,,synthprazole,0.0,0.45,0.574,0.65,0.53,0.737,0.028,proton pump inhibitor,generic,-prazole,crowded,False,,
adjustemprazole,True,ngram_guided,4,47.78,58.47,moderate,-3.47,11.53,astemizole,0.7401,5,,SIMILARITY_MODERATE,,adjustemprazole,0.0,0.4,0.652,1.0,1.0,0.456,0.156,proton pump inhibitor,generic,-prazole,crowded,False,,
odroprazole,False,ngram_guided,4,57.94,68.23,moderate,-13.23,1.77,drometrizole,0.8712,4,TRADEMARK_HIT,SIMILARITY_MODERATE,,odroprazole,0.0,0.6,0.733,1.0,1.0,0.952,0.165,proton pump inhibitor,generic,-prazole,crowded,False,,
umbroprazole,False,ngram_guided,4,52.67,63.25,moderate,-8.25,6.75,propranolol,0.8618,4,TRADEMARK_HIT,SIMILARITY_MODERATE,,umbroprazole,0.0,0.45,0.647,1.0,1.0,0.862,0.142,proton pump inhibitor,generic,-prazole,crowded,False,,
bosulprazole,True,ngram_guided,4,55.81,62.1,moderate,-7.1,7.9,alprazolam,0.8719,4,,SIMILARITY_MODERATE,,bosulprazole,0.0,0.45,0.768,1.0,1.0,0.862,0.349,proton pump inhibitor,generic,-prazole,crowded,False,,
dibuprazole,False,ngram_guided,4,65.45,67.8,moderate,-12.8,2.2,nimorazole,0.8782,4,TRADEMARK_HIT,SIMILARITY_MODERATE,,dibuprazole,0.0,0.6,0.879,1.0,1.0,0.952,0.946,proton pump inhibitor,generic,-prazole,crowded,False,,
oxiprazole,False,ngram_guided,4,69.07,69.83,moderate,-14.83,0.17,oxiconazole,0.8891,4,TRADEMARK_HIT,SIMILARITY_MODERATE,,oxiprazole,0.0,1.0,0.879,1.0,1.0,0.998,0.256,proton pump inhibitor,generic,-prazole,crowded,False,,
evoprazole,False,ngram_guided,4,67.54,67.56,moderate,-12.56,2.44,virazole,0.8087,4,INTRA_STEM_TOO_CLOSE|TRADEMARK_HIT,SIMILARITY_MODERATE,,evoprazole,0.0,1.0,0.879,1.0,1.0,0.998,0.036,proton pump inhibitor,generic,-prazole,crowded,False,,
rhuprazole,False,ngram_guided,4,62.62,61.77,moderate,-6.77,8.23,omperazole,0.7543,3,TRADEMARK_HIT,SIMILARITY_MODERATE|ILLEGAL_ONSET_CLUSTER,,rhuprazole,0.0,1.0,0.63,1.0,1.0,0.873,0.009,proton pump inhibitor,generic,-prazole,crowded,False,,
magnprazole,False,ngram_guided,4,51.53,62.26,moderate,-7.26,7.74,omperazole,0.6503,3,TRADEMARK_HIT,SIMILARITY_MODERATE,,magnprazole,0.0,0.6,0.574,0.65,1.0,0.828,0.196,proton pump inhibitor,generic,-prazole,crowded,False,,
miocaprazole,True,ngram_guided,4,59.32,65.15,moderate,-10.15,4.85,bisoctrizole,0.7798,5,,SIMILARITY_MODERATE,,miocaprazole,0.0,0.45,0.894,1.0,1.0,0.731,0.785,proton pump inhibitor,generic,-prazole,crowded,False,,
zaveprazole,False,ngram_guided,4,59.16,65.32,moderate,-10.32,4.68,feprazone,0.6853,4,INTRA_STEM_TOO_CLOSE|TRADEMARK_HIT,SIMILARITY_MODERATE,,zaveprazole,0.0,0.6,0.879,1.0,1.0,0.952,0.047,proton pump inhibitor,generic,-prazole,crowded,False,,
tucaprazole,True,ngram_guided,4,59.72,63.66,moderate,-8.66,6.34,dicaprate,0.823,4,,SIMILARITY_MODERATE,,tucaprazole,0.0,0.6,0.879,1.0,1.0,0.952,0.127,proton pump inhibitor,generic,-prazole,crowded,False,,
deuruxoprazole,True,ngram_guided,4,51.14,55.48,moderate,-0.48,14.52,drometrizole,0.7364,5,,SIMILARITY_MODERATE,,deuruxoprazole,0.0,0.15,0.894,1.0,1.0,0.527,0.764,proton pump inhibitor,generic,-prazole,crowded,False,,
pliprazole,False,ngram_guided,4,65.42,69.42,moderate,-14.42,0.58,letrozole,0.8552,3,TRADEMARK_HIT,SIMILARITY_MODERATE,,pliprazole,0.0,1.0,0.683,1.0,1.0,0.873,0.305,proton pump inhibitor,generic,-prazole,crowded,False,,
situmprazole,True,ngram_guided,4,57.6,64.29,moderate,-9.29,5.71,omperazole,0.7254,4,,SIMILARITY_MODERATE,,situmprazole,0.0,0.45,0.768,1.0,1.0,0.862,0.605,proton pump inhibitor,generic,-prazole,crowded,False,,
situprazole,False,ngram_guided,4,63.34,60.92,moderate,-5.92,9.08,nimorazole,0.7387,4,TRADEMARK_HIT,SIMILARITY_MODERATE,,situprazole,0.0,0.6,0.879,1.0,1.0,0.952,0.644,proton pump inhibitor,generic,-prazole,crowded,False,,
boceprazole,False,ngram_guided,4,60.58,68.22,moderate,-13.22,1.78,boceprevir,0.7949,4,INTRA_STEM_TOO_CLOSE|TRADEMARK_HIT,SIMILARITY_MODERATE,,boceprazole,0.0,0.6,0.879,1.0,1.0,0.952,0.25,proton pump inhibitor,generic,-prazole,crowded,False,,
cilgaviprazole,True,ngram_guided,4,52.33,62.55,moderate,-7.55,7.45,cilgavimab,0.7199,5,,SIMILARITY_MODERATE,,cilgaviprazole,0.0,0.15,0.869,1.0,1.0,0.527,0.984,proton pump inhibitor,generic,-prazole,crowded,False,,
azuprazole,False,ngram_guided+refined,4,67.29,68.2,moderate,-13.2,1.8,alprazolam,0.6777,4,TRADEMARK_HIT,SIMILARITY_MODERATE,aduprazole,aduprazole -> azuprazole,0.0,1.0,0.879,1.0,1.0,0.998,0.0,proton pump inhibitor,generic,-prazole,crowded,False,,
asuprazole,False,ngram_guided+refined,4,67.29,68.2,moderate,-13.2,1.8,alprazolam,0.8141,4,TRADEMARK_HIT,SIMILARITY_MODERATE,aduprazole,aduprazole -> azuprazole -> asuprazole,0.0,1.0,0.879,1.0,1.0,0.998,0.001,proton pump inhibitor,generic,-prazole,crowded,False,,
axuprazole,False,ngram_guided+refined,4,67.29,62.22,moderate,-7.22,7.78,alprazolam,0.7261,4,TRADEMARK_HIT,SIMILARITY_MODERATE,aduprazole,aduprazole -> azuprazole -> asuprazole -> axuprazole,0.0,1.0,0.879,1.0,1.0,0.998,0.0,proton pump inhibitor,generic,-prazole,crowded,False,,
apoprazole,False,grammar+refined,4,67.31,67.15,moderate,-12.15,2.85,omperazole,0.8177,4,INTRA_STEM_TOO_CLOSE|TRADEMARK_HIT,SIMILARITY_MODERATE,apeprazole,apeprazole -> apoprazole,0.0,1.0,0.879,1.0,1.0,0.998,0.003,proton pump inhibitor,generic,-prazole,crowded,False,,
aqoprazole,False,grammar+refined,4,67.29,66.57,moderate,-11.57,3.43,alprazolam,0.6883,4,INTRA_STEM_TOO_CLOSE|TRADEMARK_HIT,SIMILARITY_MODERATE,apeprazole,apeprazole -> apoprazole -> aqoprazole,0.0,1.0,0.879,1.0,1.0,0.998,0.0,proton pump inhibitor,generic,-prazole,crowded,False,,
avoprazole,False,grammar+refined,4,67.29,67.56,moderate,-12.56,2.44,virazole,0.8188,4,INTRA_STEM_TOO_CLOSE|TRADEMARK_HIT,SIMILARITY_MODERATE,apeprazole,apeprazole -> apoprazole -> aqoprazole -> avoprazole,0.0,1.0,0.879,1.0,1.0,0.998,0.001,proton pump inhibitor,generic,-prazole,crowded,False,,
exuprazole,True,grammar+refined,4,67.37,62.47,moderate,-7.47,7.53,exuparvovec,0.819,4,,SIMILARITY_MODERATE,eluprazole,eluprazole -> exuprazole,0.0,1.0,0.879,1.0,1.0,0.998,0.013,proton pump inhibitor,generic,-prazole,crowded,True,,
qaeprazole,False,grammar+refined,4,67.29,70.46,high,-15.46,-0.46,letrozole,0.606,4,SIMILARITY_TOO_HIGH|INTRA_STEM_TOO_CLOSE|TRADEMARK_HIT,,saeprazole,saeprazole -> qaeprazole,0.0,1.0,0.879,1.0,1.0,0.998,0.0,proton pump inhibitor,generic,-prazole,crowded,False,,
qaoprazole,False,grammar+refined,4,67.29,66.57,moderate,-11.57,3.43,alprazolam,0.6172,4,INTRA_STEM_TOO_CLOSE|TRADEMARK_HIT,SIMILARITY_MODERATE,saeprazole,saeprazole -> qaeprazole -> qaoprazole,0.0,1.0,0.879,1.0,1.0,0.998,0.0,proton pump inhibitor,generic,-prazole,crowded,False,,
qooprazole,False,grammar+refined,4,65.68,70.67,high,-15.67,-0.67,omperazole,0.6261,3,SIMILARITY_TOO_HIGH|INTRA_STEM_TOO_CLOSE|TRADEMARK_HIT,,saeprazole,saeprazole -> qaeprazole -> qaoprazole -> qooprazole,0.0,1.0,0.854,1.0,1.0,0.873,0.0,proton pump inhibitor,generic,-prazole,crowded,False,,
iroprazole,False,grammar+refined,4,67.31,68.13,moderate,-13.13,1.87,propranolol,0.8674,4,TRADEMARK_HIT,SIMILARITY_MODERATE,ixoprazole,ixoprazole -> iroprazole,0.0,1.0,0.879,1.0,1.0,0.998,0.003,proton pump inhibitor,generic,-prazole,crowded,False,,
iboprazole,False,grammar+refined,4,67.32,71.19,high,-16.19,-1.19,nimorazole,0.7961,4,SIMILARITY_TOO_HIGH|INTRA_STEM_TOO_CLOSE|TRADEMARK_HIT,,ixoprazole,ixoprazole -> iroprazole -> iboprazole,0.0,1.0,0.879,1.0,1.0,0.998,0.004,proton pump inhibitor,generic,-prazole,crowded,False,,
aboprazole,False,grammar+refined,4,67.31,67.89,moderate,-12.89,2.11,omperazole,0.8229,4,INTRA_STEM_TOO_CLOSE|TRADEMARK_HIT,SIMILARITY_MODERATE,ixoprazole,ixoprazole -> iroprazole -> iboprazole -> aboprazole,0.0,1.0,0.879,1.0,1.0,0.998,0.003,proton pump inhibitor,generic,-prazole,crowded,False,,
gusuprazole,True,grammar+refined,4,66.83,59.53,moderate,-4.53,10.47,virazole,0.7561,4,,SIMILARITY_MODERATE,gesuprazole,gesuprazole -> gusuprazole,0.0,1.0,0.879,1.0,1.0,0.952,0.0,proton pump inhibitor,generic,-prazole,crowded,True,,
epecaine,False,grammar,1,66.88,71.11,high,-16.11,-1.11,pecan,0.8458,3,SIMILARITY_TOO_HIGH|TRADEMARK_HIT,,,epecaine,0.0,1.0,1.0,1.0,1.0,0.787,0.001,local anaesthetic,generic,-caine,crowded,False,,
ziviecaine,False,grammar,1,61.33,63.13,moderate,-8.13,6.87,tivicay,0.6041,3,TRADEMARK_HIT,SIMILARITY_MODERATE,,ziviecaine,0.0,0.68,1.0,1.0,1.0,0.873,0.0,local anaesthetic,generic,-caine,crowded,False,,
gasalducaine,True,grammar,1,63.05,58.29,moderate,-3.29,11.71,nisoldipine,0.7314,4,,SIMILARITY_MODERATE,,gasalducaine,0.0,0.771,1.0,1.0,1.0,0.862,0.0,local anaesthetic,generic,-caine,crowded,False,,
itecaine,False,grammar,1,66.87,67.28,moderate,-12.28,2.72,betaine,0.7555,3,INTRA_STEM_TOO_CLOSE|TRADEMARK_HIT,SIMILARITY_MODERATE,,itecaine,0.0,1.0,1.0,1.0,1.0,0.787,0.0,local anaesthetic,generic,-caine,crowded,False,,
udacaine,False,grammar,1,66.87,68.18,moderate,-13.18,1.82,bactine,0.639,3,INTRA_STEM_TOO_CLOSE|TRADEMARK_HIT,SIMILARITY_MODERATE,,udacaine,0.0,1.0,1.0,1.0,1.0,0.787,0.0,local anaesthetic,generic,-caine,crowded,False,,
udicaine,False,grammar,1,66.87,73.48,high,-18.48,-3.48,lumicain,0.6824,3,SIMILARITY_TOO_HIGH|TRADEMARK_HIT,,,udicaine,0.0,1.0,1.0,1.0,1.0,0.787,0.0,local anaesthetic,generic,-caine,crowded,False,,
griozlacaine,True,grammar,1,65.58,59.63,moderate,-4.63,10.37,acriflavine,0.6092,4,,SIMILARITY_MODERATE,,griozlacaine,0.0,1.0,0.854,1.0,1.0,0.862,0.0,local anaesthetic,generic,-caine,crowded,True,,
elacaine,False,grammar,1,73.19,68.9,moderate,-13.9,1.1,lactone,0.8949,3,TRADEMARK_HIT,SIMILARITY_MODERATE,,elacaine,0.0,1.0,1.0,1.0,1.0,0.787,0.902,local anaesthetic,generic,-caine,crowded,False,,
maclacaine,True,grammar,1,60.56,64.57,moderate,-9.57,5.43,malachite,0.8406,3,,SIMILARITY_MODERATE,,maclacaine,0.0,0.68,0.854,1.0,1.0,0.873,0.183,local anaesthetic,generic,-caine,crowded,False,,
adacaine,False,grammar,1,67.08,73.49,high,-18.49,-3.49,lanacane,0.8542,3,SIMILARITY_TOO_HIGH|TRADEMARK_HIT,,,adacaine,0.0,1.0,1.0,1.0,1.0,0.787,0.03,local anaesthetic,generic,-caine,crowded,False,,
rofomocaine,False,grammar,1,63.26,79.73,high,-24.73,-9.73,fomocain,0.7738,4,SIMILARITY_TOO_HIGH,,,rofomocaine,0.0,0.733,1.0,1.0,1.0,0.952,0.01,local anaesthetic,generic,-caine,crowded,False,,
fiturocaine,False,grammar,1,63.25,61.17,moderate,-6.17,8.83,piperocaine,0.8089,4,INTRA_STEM_TOO_CLOSE,SIMILARITY_MODERATE,,fiturocaine,0.0,0.733,1.0,1.0,1.0,0.952,0.009,local anaesthetic,generic,-caine,crowded,False,,
pefmidecaine,True,grammar,1,63.24,61.46,moderate,-6.46,8.54,tetradecane,0.8207,4,,SIMILARITY_MODERATE,,pefmidecaine,0.0,0.771,1.0,1.0,1.0,0.862,0.028,local anaesthetic,generic,-caine,crowded,True,,
cixacaine,False,grammar,1,67.59,63.8,moderate,-8.8,6.2,cinoxacin,0.7704,3,TRADEMARK_HIT,SIMILARITY_MODERATE,,cixacaine,0.0,1.0,1.0,1.0,1.0,0.858,0.001,local anaesthetic,generic,-caine,crowded,False,,
dintucaine,False,grammar,1,61.38,60.69,moderate,-5.69,9.31,dibucaine,0.7837,3,INTRA_STEM_TOO_CLOSE|TRADEMARK_HIT,SIMILARITY_MODERATE,,dintucaine,0.0,0.68,1.0,1.0,1.0,0.873,0.006,local anaesthetic,generic,-caine,crowded,False,,
gixecaine,False,grammar,1,67.58,61.11,moderate,-6.11,8.89,dexedrine,0.6494,3,TRADEMARK_HIT,SIMILARITY_MODERATE,,gixecaine,0.0,1.0,1.0,1.0,1.0,0.858,0.0,local anaesthetic,generic,-caine,crowded,False,,
cunempacaine,True,grammar,1,63.05,58.42,moderate,-3.42,11.58,chymopapain,0.6583,4,,SIMILARITY_MODERATE,,cunempacaine,0.0,0.771,1.0,1.0,1.0,0.862,0.0,local anaesthetic,generic,-caine,crowded,False,,
efelacaine,False,grammar,1,62.58,64.38,moderate,-9.38,5.62,folacin,0.7882,4,TRADEMARK_HIT,SIMILARITY_MODERATE,,efelacaine,0.0,0.68,1.0,1.0,1.0,0.998,0.0,local anaesthetic,generic,-caine,crowded,False,,
cevodricaine,True,grammar,1,61.36,62.57,moderate,-7.57,7.43,cefatrizine,0.7535,4,,SIMILARITY_MODERATE,,cevodricaine,0.0,0.771,0.879,1.0,1.0,0.862,0.0,local anaesthetic,generic,-caine,crowded,False,,
larmobicaine,True,grammar,1,63.06,60.23,moderate,-5.23,9.77,carmoisine,0.7674,4,,SIMILARITY_MODERATE,,larmobicaine,0.0,0.771,1.0,1.0,1.0,0.862,0.001,local anaesthetic,generic,-caine,crowded,False,,
covuicaine,False,grammar,1,67.73,62.54,moderate,-7.54,7.46,povidine,0.6321,3,TRADEMARK_HIT,SIMILARITY_MODERATE,,covuicaine,0.0,1.0,1.0,1.0,1.0,0.873,0.0,local anaesthetic,generic,-caine,crowded,False,,
uticaine,False,grammar,1,66.87,70.5,high,-15.5,-0.5,lumicain,0.8467,3,SIMILARITY_TOO_HIGH|INTRA_STEM_TOO_CLOSE|TRADEMARK_HIT,,,uticaine,0.0,1.0,1.0,1.0,1.0,0.787,0.0,local anaesthetic,generic,-caine,crowded,False,,
eracaine,False,grammar,1,69.44,66.01,moderate,-11.01,3.99,seractide,0.8955,3,INTRA_STEM_TOO_CLOSE|TRADEMARK_HIT,SIMILARITY_MODERATE,,eracaine,0.0,1.0,1.0,1.0,1.0,0.787,0.367,local anaesthetic,generic,-caine,crowded,False,,
toapocaine,False,grammar,1,68.99,66.9,moderate,-11.9,3.1,fomocain,0.6211,4,TRADEMARK_HIT,SIMILARITY_MODERATE,,toapocaine,0.0,1.0,1.0,1.0,1.0,0.998,0.001,local anaesthetic,generic,-caine,crowded,False,,
ropentocaine,False,ngram_guided,1,49.32,66.98,moderate,-11.98,3.02,propentofylline,0.9077,4,TRADEMARK_HIT,SIMILARITY_MODERATE,,ropentocaine,0.0,0.15,1.0,1.0,0.53,0.862,0.889,local anaesthetic,generic,-caine,crowded,False,,
biccaine,False,ngram_guided,1,63.67,69.03,moderate,-14.03,0.97,betaine,0.7593,2,TRADEMARK_HIT,SIMILARITY_MODERATE,,biccaine,0.0,1.0,1.0,0.75,1.0,0.568,0.177,local anaesthetic,generic,-caine,crowded,False,,
carbicaine,False,ngram_guided,1,51.61,86.32,high,-31.32,-16.32,carbocaine,0.9798,3,SIMILARITY_TOO_HIGH|INTRA_STEM_TOO_CLOSE|TRADEMARK_HIT,,,carbicaine,0.0,0.45,1.0,1.0,0.53,0.873,0.342,local anaesthetic,generic,-caine,crowded,False,,
pirlocaine,False,ngram_guided,1,67.03,73.75,high,-18.75,-3.75,polocaine,0.8494,3,SIMILARITY_TOO_HIGH|INTRA_STEM_TOO_CLOSE|TRADEMARK_HIT,,,pirlocaine,0.0,0.68,1.0,1.0,1.0,0.873,0.814,local anaesthetic,generic,-caine,crowded,False,,
trandocaine,False,ngram_guided,1,53.16,69.82,moderate,-14.82,0.18,trandate,0.9425,3,TRADEMARK_HIT,SIMILARITY_MODERATE,,trandocaine,0.0,0.3,0.829,1.0,1.0,0.828,0.325,local anaesthetic,generic,-caine,crowded,False,,
spesocaine,False,ngram_guided,1,58.05,62.65,moderate,-7.65,7.35,dezocine,0.832,3,TRADEMARK_HIT,SIMILARITY_MODERATE,,spesocaine,0.0,0.45,0.854,1.0,1.0,0.873,0.48,local anaesthetic,generic,-caine,crowded,False,,
obelidrcaine,True,ngram_guided,1,56.87,58.71,moderate,-3.71,11.29,nylidrin,0.6375,4,,SIMILARITY_MODERATE,,obelidrcaine,0.0,0.564,0.813,1.0,1.0,0.862,0.083,local anaesthetic,generic,-caine,crowded,False,,
epliccaine,False,ngram_guided,1,53.76,66.93,moderate,-11.93,3.07,replicating,0.6948,3,TRADEMARK_HIT,SIMILARITY_MODERATE,,epliccaine,0.0,0.45,0.829,0.75,1.0,0.873,0.238,local anaesthetic,generic,-caine,crowded,False,,
bevabecaine,True,ngram_guided,1,60.07,65.78,moderate,-10.78,4.22,sevabertinib,0.7303,4,,SIMILARITY_MODERATE,,bevabecaine,0.0,0.517,1.0,1.0,1.0,0.952,0.173,local anaesthetic,generic,-caine,crowded,False,,
chlorcaine,False,ngram_guided,1,44.02,74.55,high,-19.55,-4.55,chloroxine,0.9732,2,SIMILARITY_TOO_HIGH|TRADEMARK_HIT,,,chlorcaine,0.0,0.45,0.692,1.0,0.53,0.654,0.187,local anaesthetic,generic,-caine,crowded,False,,
moexidcaine,False,ngram_guided,1,64.2,71.26,high,-16.26,-1.26,moxidectin,0.6828,4,SIMILARITY_TOO_HIGH,,,moexidcaine,0.0,0.517,1.0,1.0,1.0,0.952,0.764,local anaesthetic,generic,-caine,crowded,False,,
difetcaine,False,ngram_guided,1,63.19,69.17,moderate,-14.17,0.83,dimetane,0.7028,3,TRADEMARK_HIT,SIMILARITY_MODERATE,,difetcaine,0.0,0.45,1.0,1.0,1.0,0.873,0.923,local anaesthetic,generic,-caine,crowded,False,,
dicarfilcaine,False,ngram_guided,1,53.12,71.71,high,-16.71,-1.71,ticarcillin,0.7383,4,SIMILARITY_TOO_HIGH,,,dicarfilcaine,0.0,0.4,0.975,1.0,0.53,0.755,0.919,local anaesthetic,generic,-caine,crowded,False,,
ondacaine,False,ngram_guided,1,60.66,75.2,high,-20.2,-5.2,undecane,0.7141,3,SIMILARITY_TOO_HIGH|TRADEMARK_HIT,,,ondacaine,0.0,0.6,1.0,1.0,1.0,0.858,0.155,local anaesthetic,generic,-caine,crowded,False,,
sulfacaine,False,ngram_guided,1,55.0,76.73,high,-21.73,-6.73,sulfacytine,0.9875,3,SIMILARITY_TOO_HIGH|TRADEMARK_HIT,,,sulfacaine,0.0,0.45,1.0,1.0,0.53,0.873,0.827,local anaesthetic,generic,-caine,crowded,False,,
pimadalocaine,True,ngram_guided,1,67.55,59.56,moderate,-4.56,10.44,omadacycline,0.7632,5,,SIMILARITY_MODERATE,,pimadalocaine,0.0,0.8,1.0,1.0,1.0,0.624,0.902,local anaesthetic,generic,-caine,crowded,True,,
saprcaine,False,ngram_guided,1,54.02,64.13,moderate,-9.13,5.87,syprine,0.6887,2,TRADEMARK_HIT,SIMILARITY_MODERATE,,saprcaine,0.0,0.6,0.737,1.0,1.0,0.639,0.045,local anaesthetic,generic,-caine,crowded,False,,
capsaicaine,False,ngram_guided,1,59.45,81.93,high,-26.93,-11.93,capsaicin,0.8229,3,SIMILARITY_TOO_HIGH|TRADEMARK_HIT,,,capsaicaine,0.0,0.3,1.0,1.0,1.0,0.828,0.881,local anaesthetic,generic,-caine,crowded,False,,
flucaine,False,ngram_guided,1,63.41,100.0,high,-45.0,-30.0,flucaine,0.9764,2,EXACT_NAME_COLLISION|TRADEMARK_HIT,,,flucaine,0.0,1.0,0.803,1.0,1.0,0.568,0.212,local anaesthetic,generic,-caine,crowded,False,,
levobicaine,True,ngram_guided,1,54.95,63.98,moderate,-8.98,6.02,clevidipine,0.9119,4,,SIMILARITY_MODERATE,,levobicaine,0.0,0.517,1.0,1.0,0.53,0.952,0.515,local anaesthetic,generic,-caine,crowded,False,,
abeparacaine,False,ngram_guided,1,59.78,66.75,moderate,-11.75,3.25,asparagine,0.818,5,INTRA_STEM_TOO_CLOSE|TRADEMARK_HIT,SIMILARITY_MODERATE,,abeparacaine,0.0,0.357,1.0,1.0,1.0,0.731,0.905,local anaesthetic,generic,-caine,crowded,False,,
bicicaine,False,ngram_guided,1,64.7,68.78,moderate,-13.78,1.22,bicisate,0.8966,3,TRADEMARK_HIT,SIMILARITY_MODERATE,,bicicaine,0.0,0.6,1.0,1.0,1.0,0.858,0.732,local anaesthetic,generic,-caine,crowded,False,,
amitocaine,False,ngram_guided,1,64.7,78.23,high,-23.23,-8.23,mitotane,0.9367,4,SIMILARITY_TOO_HIGH|INTRA_STEM_TOO_CLOSE|TRADEMARK_HIT,,,amitocaine,0.0,0.45,1.0,1.0,1.0,0.998,0.96,local anaesthetic,generic,-caine,crowded,False,,
evacaine,False,grammar+refined,1,66.87,67.28,moderate,-12.28,2.72,ovadine,0.8245,3,TRADEMARK_HIT,SIMILARITY_MODERATE,elacaine,elacaine -> evacaine,0.0,1.0,1.0,1.0,1.0,0.787,0.0,local anaesthetic,generic,-caine,crowded,False,,
ezacaine,False,grammar+refined,1,66.87,68.33,moderate,-13.33,1.67,zcaine,0.7376,3,TRADEMARK_HIT,SIMILARITY_MODERATE,elacaine,elacaine -> evacaine -> ezacaine,0.0,1.0,1.0,1.0,1.0,0.787,0.0,local anaesthetic,generic,-caine,crowded,False,,
efacaine,False,grammar+refined,1,67.02,63.18,moderate,-8.18,6.82,bactine,0.848,3,TRADEMARK_HIT,SIMILARITY_MODERATE,elacaine,elacaine -> evacaine -> ezacaine -> efacaine,0.0,1.0,1.0,1.0,1.0,0.787,0.02,local anaesthetic,generic,-caine,crowded,False,,
ehacaine,False,grammar+refined,1,66.87,59.12,moderate,-4.12,10.88,bactine,0.6793,3,TRADEMARK_HIT,SIMILARITY_MODERATE,eracaine,eracaine -> ehacaine,0.0,1.0,1.0,1.0,1.0,0.787,0.0,local anaesthetic,generic,-caine,crowded,False,,
egacaine,False,grammar+refined,1,66.87,69.46,moderate,-14.46,0.54,egaten,0.6821,3,TRADEMARK_HIT,SIMILARITY_MODERATE,eracaine,eracaine -> ehacaine -> egacaine,0.0,1.0,1.0,1.0,1.0,0.787,0.0,local anaesthetic,generic,-caine,crowded,False,,
emacaine,False,grammar+refined,1,69.02,68.74,moderate,-13.74,1.26,emetine,0.8434,3,INTRA_STEM_TOO_CLOSE|TRADEMARK_HIT,SIMILARITY_MODERATE,eracaine,eracaine -> ehacaine -> egacaine -> emacaine,0.0,1.0,1.0,1.0,1.0,0.787,0.307,local anaesthetic,generic,-caine,crowded,False,,
taapocaine,False,grammar+refined,1,68.99,62.67,moderate,-7.67,7.33,tapioca,0.6399,4,TRADEMARK_HIT,SIMILARITY_MODERATE,toapocaine,toapocaine -> taapocaine,0.0,1.0,1.0,1.0,1.0,0.998,0.001,local anaesthetic,generic,-caine,crowded,False,,
taupocaine,False,grammar+refined,1,67.73,62.77,moderate,-7.77,7.23,fomocain,0.6218,3,TRADEMARK_HIT,SIMILARITY_MODERATE,toapocaine,toapocaine -> taapocaine -> taupocaine,0.0,1.0,1.0,1.0,1.0,0.873,0.0,local anaesthetic,generic,-caine,crowded,False,,
taepocaine,False,grammar+refined,1,68.98,63.57,moderate,-8.57,6.43,tepotinib,0.6352,4,TRADEMARK_HIT,SIMILARITY_MODERATE,toapocaine,toapocaine -> taapocaine -> taupocaine -> taepocaine,0.0,1.0,1.0,1.0,1.0,0.998,0.0,local anaesthetic,generic,-caine,crowded,False,,
coveicaine,False,grammar+refined,1,61.33,62.84,moderate,-7.84,7.16,codeine,0.8364,3,TRADEMARK_HIT,SIMILARITY_MODERATE,covuicaine,covuicaine -> coveicaine,0.0,0.68,1.0,1.0,1.0,0.873,0.0,local anaesthetic,generic,-caine,crowded,False,,
coviicaine,False,grammar+refined,1,62.58,68.39,moderate,-13.39,1.61,povidine,0.7278,4,TRADEMARK_HIT,SIMILARITY_MODERATE,covuicaine,covuicaine -> coveicaine -> coviicaine,0.0,0.68,1.0,1.0,1.0,0.998,0.0,local anaesthetic,generic,-caine,crowded,False,,
cojiicaine,False,grammar+refined,1,68.98,64.83,moderate,-9.83,5.17,aconitine,0.6746,4,TRADEMARK_HIT,SIMILARITY_MODERATE,covuicaine,covuicaine -> coveicaine -> coviicaine -> cojiicaine,0.0,1.0,1.0,1.0,1.0,0.998,0.0,local anaesthetic,generic,-caine,crowded,False,,
cexacaine,False,grammar+refined,1,59.6,73.71,high,-18.71,-3.71,cetacaine,0.821,3,SIMILARITY_TOO_HIGH|TRADEMARK_HIT,,cixacaine,cixacaine -> cexacaine,0.0,0.6,1.0,1.0,1.0,0.858,0.003,local anaesthetic,generic,-caine,crowded,False,,
cuxacaine,False,grammar+refined,1,67.58,62.3,moderate,-7.3,7.7,ioxapine,0.6475,3,INTRA_STEM_TOO_CLOSE|TRADEMARK_HIT,SIMILARITY_MODERATE,cixacaine,cixacaine -> cexacaine -> cuxacaine,0.0,1.0,1.0,1.0,1.0,0.858,0.0,local anaesthetic,generic,-caine,crowded,False,,
coxacaine,False,grammar+refined,1,59.71,71.18,high,-16.18,-1.18,ioxapine,0.9123,3,SIMILARITY_TOO_HIGH|TRADEMARK_HIT,,cixacaine,cixacaine -> cexacaine -> cuxacaine -> coxacaine,0.0,0.6,1.0,1.0,1.0,0.858,0.018,local anaesthetic,generic,-caine,crowded,False,,
gaxecaine,True,grammar+refined,1,67.58,63.01,moderate,-8.01,6.99,catechin,0.6588,3,,SIMILARITY_MODERATE,gixecaine,gixecaine -> gaxecaine,0.0,1.0,1.0,1.0,1.0,0.858,0.0,local anaesthetic,generic,-caine,crowded,True,,
perlocaine,False,ngram_guided+refined,1,64.39,73.75,high,-18.75,-3.75,polocaine,0.8848,3,SIMILARITY_TOO_HIGH|INTRA_STEM_TOO_CLOSE|TRADEMARK_HIT,,pirlocaine,pirlocaine -> perlocaine,0.0,0.68,1.0,1.0,1.0,0.873,0.436,local anaesthetic,generic,-caine,crowded,False,,
perzocaine,False,ngram_guided+refined,1,61.37,68.79,moderate,-13.79,1.21,dezocine,0.7886,3,INTRA_STEM_TOO_CLOSE|TRADEMARK_HIT,SIMILARITY_MODERATE,pirlocaine,pirlocaine -> perlocaine -> perzocaine,0.0,0.68,1.0,1.0,1.0,0.873,0.005,local anaesthetic,generic,-caine,crowded,False,,
pezzocaine,False,ngram_guided+refined,1,61.33,71.13,high,-16.13,-1.13,dezocine,0.6235,3,SIMILARITY_TOO_HIGH|INTRA_STEM_TOO_CLOSE|TRADEMARK_HIT,,pirlocaine,pirlocaine -> perlocaine -> perzocaine -> pezzocaine,0.0,0.68,1.0,1.0,1.0,0.873,0.0,local anaesthetic,generic,-caine,crowded,False,,
ifaspocaine,True,grammar,2,61.5,63.19,moderate,-8.19,6.81,cifostodine,0.6672,4,,SIMILARITY_MODERATE,,ifaspocaine,0.0,0.733,0.879,1.0,1.0,0.952,0.0,local anaesthetic,generic,-caine,crowded,False,,
mazusocaine,True,grammar,2,68.52,62.11,moderate,-7.11,7.89,paltusotine,0.6568,4,,SIMILARITY_MODERATE,,mazusocaine,0.0,1.0,1.0,1.0,1.0,0.952,0.0,local anaesthetic,generic,-caine,crowded,True,,
orguducaine,True,grammar,2,68.52,55.29,moderate,-0.29,14.71,orgotein,0.6021,4,,SIMILARITY_MODERATE,,orguducaine,0.0,1.0,1.0,1.0,1.0,0.952,0.0,local anaesthetic,generic,-caine,crowded,True,,
axodacaine,False,grammar,2,68.98,65.5,moderate,-10.5,4.5,dodecane,0.6971,4,TRADEMARK_HIT,SIMILARITY_MODERATE,,axodacaine,0.0,1.0,1.0,1.0,1.0,0.998,0.0,local anaesthetic,generic,-caine,crowded,False,,
imecaine,False,grammar,2,70.54,73.49,high,-18.49,-3.49,dimetane,0.9077,3,SIMILARITY_TOO_HIGH|TRADEMARK_HIT,,,imecaine,0.0,1.0,1.0,1.0,1.0,0.787,0.524,local anaesthetic,generic,-caine,crowded,False,,
scipovacaine,True,grammar,2,60.8,61.37,moderate,-6.37,8.63,scopolamine,0.6841,4,,SIMILARITY_MODERATE|ILLEGAL_ONSET_CLUSTER,,scipovacaine,0.0,0.771,0.84,1.0,1.0,0.862,0.0,local anaesthetic,generic,-caine,crowded,False,,
pilacaine,False,grammar,2,67.65,72.15,high,-17.15,-2.15,placadine,0.8905,3,SIMILARITY_TOO_HIGH|INTRA_STEM_TOO_CLOSE|TRADEMARK_HIT,,,pilacaine,0.0,1.0,1.0,1.0,1.0,0.858,0.01,local anaesthetic,generic,-caine,crowded,False,,
cibucaine,False,grammar,2,67.66,79.58,high,-24.58,-9.58,dibucaine,0.7438,3,SIMILARITY_TOO_HIGH|INTRA_STEM_TOO_CLOSE|TRADEMARK_HIT,,,cibucaine,0.0,1.0,1.0,1.0,1.0,0.858,0.012,local anaesthetic,generic,-caine,crowded,False,,
umucaine,False,grammar,2,66.87,74.6,high,-19.6,-4.6,lumicain,0.707,3,SIMILARITY_TOO_HIGH|TRADEMARK_HIT,,,umucaine,0.0,1.0,1.0,1.0,1.0,0.787,0.0,local anaesthetic,generic,-caine,crowded,False,,
ogvicaine,False,grammar,2,67.58,58.49,moderate,-3.49,11.51,lumicain,0.6095,3,TRADEMARK_HIT,SIMILARITY_MODERATE,,ogvicaine,0.0,1.0,1.0,1.0,1.0,0.858,0.0,local anaesthetic,generic,-caine,crowded,False,,
cosabecaine,True,grammar,2,63.19,66.54,moderate,-11.54,3.46,octadecane,0.8708,4,,SIMILARITY_MODERATE,,cosabecaine,0.0,0.733,1.0,1.0,1.0,0.952,0.0,local anaesthetic,generic,-caine,crowded,False,,
tipucocaine,False,grammar,2,63.19,58.13,moderate,-3.13,11.87,citicoline,0.6927,4,TRADEMARK_HIT,SIMILARITY_MODERATE,,tipucocaine,0.0,0.733,1.0,1.0,1.0,0.952,0.0,local anaesthetic,generic,-caine,crowded,False,,
arecaine,False,grammar,2,66.9,68.59,moderate,-13.59,1.41,areca,0.8963,3,INTRA_STEM_TOO_CLOSE|TRADEMARK_HIT,SIMILARITY_MODERATE,,arecaine,0.0,1.0,1.0,1.0,1.0,0.787,0.003,local anaesthetic,generic,-caine,crowded,False,,
lelumsacaine,True,grammar,2,63.05,59.76,moderate,-4.76,10.24,amsacrine,0.6169,4,,SIMILARITY_MODERATE,,lelumsacaine,0.0,0.771,1.0,1.0,1.0,0.862,0.0,local anaesthetic,generic,-caine,crowded,False,,
sozithucaine,True,grammar,2,66.89,51.0,low,4.0,19.0,isododecane,0.6611,4,,,,sozithucaine,0.16,0.771,1.0,1.0,1.0,0.862,0.0,local anaesthetic,generic,-caine,crowded,True,,
piothecaine,True,grammar,2,63.2,64.58,moderate,-9.58,5.42,pipothiazine,0.8242,4,,SIMILARITY_MODERATE,,piothecaine,0.0,0.733,1.0,1.0,1.0,0.952,0.001,local anaesthetic,generic,-caine,crowded,False,,
linudacaine,True,grammar,2,63.2,67.24,moderate,-12.24,2.76,clindacin,0.7979,4,,SIMILARITY_MODERATE,,linudacaine,0.0,0.733,1.0,1.0,1.0,0.952,0.001,local anaesthetic,generic,-caine,crowded,False,,
ehetacaine,False,grammar,2,62.58,64.88,moderate,-9.88,5.12,hepatamine,0.7168,4,TRADEMARK_HIT,SIMILARITY_MODERATE,,ehetacaine,0.0,0.68,1.0,1.0,1.0,0.998,0.0,local anaesthetic,generic,-caine,crowded,False,,
elynecaine,False,grammar,2,61.02,66.79,moderate,-11.79,3.21,lanacane,0.6458,4,TRADEMARK_HIT,SIMILARITY_MODERATE,,elynecaine,0.0,0.68,0.889,1.0,1.0,0.998,0.0,local anaesthetic,generic,-caine,crowded,False,,
enacaine,False,grammar,2,73.37,76.76,high,-21.76,-6.76,anacaine,0.8546,3,SIMILARITY_TOO_HIGH|TRADEMARK_HIT,,,enacaine,0.0,1.0,1.0,1.0,1.0,0.787,0.928,local anaesthetic,generic,-caine,crowded,False,,
zelcicaine,False,grammar,2,61.33,69.18,moderate,-14.18,0.82,zalcitabine,0.6896,3,TRADEMARK_HIT,SIMILARITY_MODERATE,,zelcicaine,0.0,0.68,1.0,1.0,1.0,0.873,0.0,local anaesthetic,generic,-caine,crowded,False,,
onicaine,False,grammar,2,66.87,67.83,moderate,-12.83,2.17,lumicain,0.8964,3,TRADEMARK_HIT,SIMILARITY_MODERATE,,onicaine,0.0,1.0,1.0,1.0,1.0,0.787,0.0,local anaesthetic,generic,-caine,crowded,False,,
acicaine,False,grammar,2,72.43,62.5,moderate,-7.5,7.5,cicada,0.9382,3,INTRA_STEM_TOO_CLOSE|TRADEMARK_HIT,SIMILARITY_MODERATE,,acicaine,0.0,1.0,1.0,1.0,1.0,0.787,0.794,local anaesthetic,generic,-caine,crowded,False,,
oracaine,False,grammar,2,66.9,66.0,moderate,-11.0,4.0,lubracane,0.8875,3,TRADEMARK_HIT,SIMILARITY_MODERATE,,oracaine,0.0,1.0,1.0,1.0,1.0,0.787,0.003,local anaesthetic,generic,-caine,crowded,False,,
cleocaine,False,ngram_guided,2,62.12,77.98,high,-22.98,-7.98,cleocin,0.8463,3,SIMILARITY_TOO_HIGH|INTRA_STEM_TOO_CLOSE|TRADEMARK_HIT,,,cleocaine,0.0,0.6,0.854,1.0,1.0,0.858,0.656,local anaesthetic,generic,-caine,crowded,False,,
trovalglcaine,True,ngram_guided,2,47.85,63.11,moderate,-8.11,6.89,trovafloxacin,0.6885,3,,SIMILARITY_MODERATE,,trovalglcaine,0.0,0.4,0.574,0.65,1.0,0.631,0.522,local anaesthetic,generic,-caine,crowded,False,,
siltucaine,False,ngram_guided,2,58.66,72.12,high,-17.12,-2.12,siltussin,0.7453,3,SIMILARITY_TOO_HIGH|TRADEMARK_HIT,,,siltucaine,0.0,0.45,1.0,1.0,1.0,0.873,0.275,local anaesthetic,generic,-caine,crowded,False,,
doxcaine,True,ngram_guided,2,69.18,65.3,moderate,-10.3,4.7,edoxudine,0.7164,2,,SIMILARITY_MODERATE,,doxcaine,0.0,1.0,0.849,1.0,1.0,0.568,0.946,local anaesthetic,generic,-caine,crowded,True,,
zamicaine,False,ngram_guided,2,61.73,71.89,high,-16.89,-1.89,bamipine,0.907,3,SIMILARITY_TOO_HIGH|TRADEMARK_HIT,,,zamicaine,0.0,0.6,1.0,1.0,1.0,0.858,0.307,local anaesthetic,generic,-caine,crowded,False,,
palbocaine,False,ngram_guided,2,62.08,69.23,moderate,-14.23,0.77,alocane,0.8246,3,TRADEMARK_HIT,SIMILARITY_MODERATE,,palbocaine,0.0,0.45,1.0,1.0,1.0,0.873,0.764,local anaesthetic,generic,-caine,crowded,False,,
tulacaine,False,ngram_guided,2,61.37,67.89,moderate,-12.89,2.11,placadine,0.8805,3,TRADEMARK_HIT,SIMILARITY_MODERATE,,tulacaine,0.0,0.6,1.0,1.0,1.0,0.858,0.256,local anaesthetic,generic,-caine,crowded,False,,
roxcaine,True,ngram_guided,2,67.83,66.18,moderate,-11.18,3.82,puroxcin,0.7198,2,,SIMILARITY_MODERATE,,roxcaine,0.0,1.0,0.849,1.0,1.0,0.568,0.753,local anaesthetic,generic,-caine,crowded,True,,
duvecaine,False,ngram_guided,2,60.18,73.57,high,-18.57,-3.57,dodecane,0.7946,3,SIMILARITY_TOO_HIGH|TRADEMARK_HIT,,,duvecaine,0.0,0.6,1.0,1.0,1.0,0.858,0.086,local anaesthetic,generic,-caine,crowded,False,,
sirocaine,False,ngram_guided,2,65.76,68.93,moderate,-13.93,1.07,rogaine,0.8579,3,INTRA_STEM_TOO_CLOSE|TRADEMARK_HIT,SIMILARITY_MODERATE,,sirocaine,0.0,0.6,1.0,1.0,1.0,0.858,0.883,local anaesthetic,generic,-caine,crowded,False,,
mavcaine,False,ngram_guided,2,65.06,65.86,moderate,-10.86,4.14,marcaine,0.6291,2,INTRA_STEM_TOO_CLOSE|TRADEMARK_HIT,SIMILARITY_MODERATE,,mavcaine,0.0,1.0,1.0,1.0,1.0,0.568,0.053,local anaesthetic,generic,-caine,crowded,False,,
pascaine,False,ngram_guided,2,63.56,68.55,moderate,-13.55,1.45,tasking,0.8884,2,TRADEMARK_HIT,SIMILARITY_MODERATE,,pascaine,0.0,1.0,0.849,1.0,1.0,0.568,0.142,local anaesthetic,generic,-caine,crowded,False,,
axicaine,False,ngram_guided,2,67.67,69.94,moderate,-14.94,0.06,exidine,0.8403,3,TRADEMARK_HIT,SIMILARITY_MODERATE,,axicaine,0.0,1.0,1.0,1.0,1.0,0.787,0.114,local anaesthetic,generic,-caine,crowded,False,,
cyclcaine,False,ngram_guided,2,58.11,74.14,high,-19.14,-4.14,cyclizine,0.7903,2,SIMILARITY_TOO_HIGH,,,cyclcaine,0.0,0.6,0.737,1.0,1.0,0.639,0.629,local anaesthetic,generic,-caine,crowded,False,,
selkcaine,False,ngram_guided,2,56.67,67.99,moderate,-12.99,2.01,velcade,0.6265,2,TRADEMARK_HIT,SIMILARITY_MODERATE,,selkcaine,0.0,0.6,0.737,1.0,1.0,0.639,0.422,local anaesthetic,generic,-caine,crowded,False,,
aducaine,False,ngram_guided,2,67.01,63.96,moderate,-8.96,6.04,alocane,0.8117,3,TRADEMARK_HIT,SIMILARITY_MODERATE,,aducaine,0.0,1.0,1.0,1.0,1.0,0.787,0.019,local anaesthetic,generic,-caine,crowded,False,,
physcaine,False,ngram_guided,2,59.57,72.27,high,-17.27,-2.27,systane,0.6986,2,SIMILARITY_TOO_HIGH|TRADEMARK_HIT,,,physcaine,0.0,0.6,0.737,1.0,1.0,0.639,0.837,local anaesthetic,generic,-caine,crowded,False,,
nusinocaine,False,ngram_guided,2,64.64,70.02,high,-15.02,-0.02,nusinersen,0.7994,4,SIMILARITY_TOO_HIGH|TRADEMARK_HIT,,,nusinocaine,0.0,0.517,1.0,1.0,1.0,0.952,0.826,local anaesthetic,generic,-caine,crowded,False,,
clevocaine,False,ngram_guided,2,62.99,66.7,moderate,-11.7,3.3,cleocin,0.9042,3,TRADEMARK_HIT,SIMILARITY_MODERATE,,clevocaine,0.0,0.68,0.854,1.0,1.0,0.873,0.529,local anaesthetic,generic,-caine,crowded,False,,
patecaine,False,ngram_guided,2,63.85,73.31,high,-18.31,-3.31,catechin,0.9341,3,SIMILARITY_TOO_HIGH|INTRA_STEM_TOO_CLOSE|TRADEMARK_HIT,,,patecaine,0.0,0.6,1.0,1.0,1.0,0.858,0.611,local anaesthetic,generic,-caine,crowded,False,,
vosildacaine,True,ngram_guided,2,63.77,59.02,moderate,-4.02,10.98,zoliflodacin,0.6769,4,,SIMILARITY_MODERATE,,vosildacaine,0.0,0.771,1.0,1.0,1.0,0.862,0.104,local anaesthetic,generic,-caine,crowded,True,,
repcaine,False,ngram_guided,2,67.08,69.24,moderate,-14.24,0.76,reptans,0.7701,2,TRADEMARK_HIT,SIMILARITY_MODERATE,,repcaine,0.0,1.0,1.0,1.0,1.0,0.568,0.343,local anaesthetic,generic,-caine,crowded,False,,
obicaine,False,ngram_guided,2,67.02,67.08,moderate,-12.08,2.92,betaine,0.8811,3,TRADEMARK_HIT,SIMILARITY_MODERATE,,obicaine,0.0,1.0,1.0,1.0,1.0,0.787,0.02,local anaesthetic,generic,-caine,crowded,False,,
dursulfcaine,False,ngram_guided,2,52.88,72.49,high,-17.49,-2.49,idursulfase,0.7133,3,SIMILARITY_TOO_HIGH,,,dursulfcaine,0.0,0.15,0.788,1.0,1.0,0.737,0.925,local anaesthetic,generic,-caine,crowded,False,,
unacaine,False,grammar+refined,2,66.87,73.88,high,-18.88,-3.88,anacaine,0.8255,3,SIMILARITY_TOO_HIGH|INTRA_STEM_TOO_CLOSE|TRADEMARK_HIT,,enacaine,enacaine -> unacaine,0.0,1.0,1.0,1.0,1.0,0.787,0.0,local anaesthetic,generic,-caine,crowded,False,,
inacaine,False,grammar+refined,2,71.49,73.88,high,-18.88,-3.88,anacaine,0.8717,3,SIMILARITY_TOO_HIGH|TRADEMARK_HIT,,enacaine,enacaine -> unacaine -> inacaine,0.0,1.0,1.0,1.0,1.0,0.787,0.66,local anaesthetic,generic,-caine,crowded,False,,
ijacaine,False,grammar+refined,2,66.87,65.37,moderate,-10.37,4.63,bactine,0.674,3,TRADEMARK_HIT,SIMILARITY_MODERATE,enacaine,enacaine -> unacaine -> inacaine -> ijacaine,0.0,1.0,1.0,1.0,1.0,0.787,0.0,local anaesthetic,generic,-caine,crowded,False,,
adicaine,False,grammar+refined,2,66.88,70.64,high,-15.64,-0.64,radicans,0.9343,3,SIMILARITY_TOO_HIGH|INTRA_STEM_TOO_CLOSE|TRADEMARK_HIT,,acicaine,acicaine -> adicaine,0.0,1.0,1.0,1.0,1.0,0.787,0.001,local anaesthetic,generic,-caine,crowded,False,,
ajicaine,False,grammar+refined,2,66.87,62.0,moderate,-7.0,8.0,anectine,0.731,3,TRADEMARK_HIT,SIMILARITY_MODERATE,acicaine,acicaine -> adicaine -> ajicaine,0.0,1.0,1.0,1.0,1.0,0.787,0.0,local anaesthetic,generic,-caine,crowded,False,,
umecaine,False,grammar+refined,2,66.87,74.9,high,-19.9,-4.9,lumicain,0.7169,3,SIMILARITY_TOO_HIGH|TRADEMARK_HIT,,imecaine,imecaine -> umecaine,0.0,1.0,1.0,1.0,1.0,0.787,0.0,local anaesthetic,generic,-caine,crowded,False,,
omecaine,False,grammar+refined,2,68.18,74.97,high,-19.97,-4.97,fomocain,0.8548,3,SIMILARITY_TOO_HIGH|TRADEMARK_HIT,,imecaine,imecaine -> umecaine -> omecaine,0.0,1.0,1.0,1.0,1.0,0.787,0.186,local anaesthetic,generic,-caine,crowded,False,,
emecaine,False,grammar+refined,2,67.14,79.19,high,-24.19,-9.19,emetine,0.8608,3,SIMILARITY_TOO_HIGH|TRADEMARK_HIT,,imecaine,imecaine -> umecaine -> omecaine -> emecaine,0.0,1.0,1.0,1.0,1.0,0.787,0.038,local anaesthetic,generic,-caine,crowded,False,,
arodacaine,False,grammar+refined,2,62.6,65.71,moderate,-10.71,4.29,dodecane,0.7709,4,TRADEMARK_HIT,SIMILARITY_MODERATE,axodacaine,axodacaine -> arodacaine,0.0,0.68,1.0,1.0,1.0,0.998,0.003,local anaesthetic,generic,-caine,crowded,False,,
aradacaine,False,grammar+refined,2,58.01,68.63,moderate,-13.63,1.37,lanacane,0.843,4,TRADEMARK_HIT,SIMILARITY_MODERATE,axodacaine,axodacaine -> arodacaine -> aradacaine,0.0,0.45,1.0,1.0,1.0,0.998,0.004,local anaesthetic,generic,-caine,crowded,False,,
arudacaine,False,grammar+refined,2,62.58,65.72,moderate,-10.72,4.28,tridacaine,0.7902,4,TRADEMARK_HIT,SIMILARITY_MODERATE,axodacaine,axodacaine -> arodacaine -> aradacaine -> arudacaine,0.0,0.68,1.0,1.0,1.0,0.998,0.0,local anaesthetic,generic,-caine,crowded,False,,
ayicaine,False,ngram_guided+refined,2,66.87,61.9,moderate,-6.9,8.1,lumicain,0.6192,3,TRADEMARK_HIT,SIMILARITY_MODERATE,axicaine,axicaine -> ayicaine,0.0,1.0,1.0,1.0,1.0,0.787,0.0,local anaesthetic,generic,-caine,crowded,False,,
aqicaine,False,ngram_guided+refined,2,66.87,61.9,moderate,-6.9,8.1,lumicain,0.6771,3,TRADEMARK_HIT,SIMILARITY_MODERATE,axicaine,axicaine -> ayicaine -> aqicaine,0.0,1.0,1.0,1.0,1.0,0.787,0.0,local anaesthetic,generic,-caine,crowded,False,,
abicaine,False,ngram_guided+refined,2,67.26,67.08,moderate,-12.08,2.92,betaine,0.9078,3,TRADEMARK_HIT,SIMILARITY_MODERATE,axicaine,axicaine -> ayicaine -> aqicaine -> abicaine,0.0,1.0,1.0,1.0,1.0,0.787,0.054,local anaesthetic,generic,-caine,crowded,False,,
cobucaine,False,grammar+refined,2,59.6,67.18,moderate,-12.18,2.82,isobutane,0.8891,3,INTRA_STEM_TOO_CLOSE|TRADEMARK_HIT,SIMILARITY_MODERATE,cibucaine,cibucaine -> cobucaine,0.0,0.6,1.0,1.0,1.0,0.858,0.003,local anaesthetic,generic,-caine,crowded,False,,
cowucaine,False,grammar+refined,2,67.58,61.84,moderate,-6.84,8.16,cocamine,0.6115,3,INTRA_STEM_TOO_CLOSE,SIMILARITY_MODERATE,cibucaine,cibucaine -> cobucaine -> cowucaine,0.0,1.0,1.0,1.0,1.0,0.858,0.0,local anaesthetic,generic,-caine,crowded,False,,
cogucaine,False,grammar+refined,2,67.58,61.93,moderate,-6.93,8.07,dodecane,0.6488,3,TRADEMARK_HIT,SIMILARITY_MODERATE,cibucaine,cibucaine -> cobucaine -> cowucaine -> cogucaine,0.0,1.0,1.0,1.0,1.0,0.858,0.0,local anaesthetic,generic,-caine,crowded,False,,
pilicaine,False,grammar+refined,2,60.31,76.76,high,-21.76,-6.76,silicone,0.9288,3,SIMILARITY_TOO_HIGH|INTRA_STEM_TOO_CLOSE|TRADEMARK_HIT,,pilacaine,pilacaine -> pilicaine,0.0,0.6,1.0,1.0,1.0,0.858,0.105,local anaesthetic,generic,-caine,crowded,False,,
pilucaine,False,grammar+refined,2,59.6,64.3,moderate,-9.3,5.7,tilidine,0.8501,3,INTRA_STEM_TOO_CLOSE|TRADEMARK_HIT,SIMILARITY_MODERATE,pilacaine,pilacaine -> pilicaine -> pilucaine,0.0,0.6,1.0,1.0,1.0,0.858,0.003,local anaesthetic,generic,-caine,crowded,False,,
pizucaine,False,grammar+refined,2,67.58,59.96,moderate,-4.96,10.04,pizotyline,0.8066,3,INTRA_STEM_TOO_CLOSE|TRADEMARK_HIT,SIMILARITY_MODERATE,pilacaine,pilacaine -> pilicaine -> pilucaine -> pizucaine,0.0,1.0,1.0,1.0,1.0,0.858,0.0,local anaesthetic,generic,-caine,crowded,False,,
ozvicaine,False,grammar+refined,2,67.58,61.62,moderate,-6.62,8.38,zcaine,0.6399,3,TRADEMARK_HIT,SIMILARITY_MODERATE,ogvicaine,ogvicaine -> ozvicaine,0.0,1.0,1.0,1.0,1.0,0.858,0.0,local anaesthetic,generic,-caine,crowded,False,,
ozficaine,False,grammar+refined,2,67.58,57.18,moderate,-2.18,12.82,zcaine,0.7068,3,TRADEMARK_HIT,SIMILARITY_MODERATE,ogvicaine,ogvicaine -> ozvicaine -> ozficaine,0.0,1.0,1.0,1.0,1.0,0.858,0.0,local anaesthetic,generic,-caine,crowded,False,,
ozdicaine,False,grammar+refined,2,67.58,63.55,moderate,-8.55,6.45,indican,0.6423,3,INTRA_STEM_TOO_CLOSE|TRADEMARK_HIT,SIMILARITY_MODERATE,ogvicaine,ogvicaine -> ozvicaine -> ozficaine -> ozdicaine,0.0,1.0,1.0,1.0,1.0,0.858,0.0,local anaesthetic,generic,-caine,crowded,False,,
epestatin,False,grammar,1,67.14,73.74,high,-18.74,-3.74,pertactin,0.7794,4,SIMILARITY_TOO_HIGH|TRADEMARK_HIT,,,epestatin,0.0,1.0,0.879,1.0,1.0,0.983,0.001,HMG-CoA reductase inhibitor,generic,-statin,crowded,False,,
ziviestatin,False,grammar,1,60.43,64.84,moderate,-9.84,5.16,givinostat,0.6215,4,TRADEMARK_HIT,SIMILARITY_MODERATE,,ziviestatin,0.0,0.68,0.879,1.0,1.0,0.952,0.0,HMG-CoA reductase inhibitor,generic,-statin,crowded,False,,
gasaldustatin,False,grammar,1,58.84,66.13,moderate,-11.13,3.87,vadadustat,0.7164,5,TRADEMARK_HIT,SIMILARITY_MODERATE,,gasaldustatin,0.0,0.771,0.869,1.0,1.0,0.624,0.0,HMG-CoA reductase inhibitor,generic,-statin,crowded,False,,
itestatin,False,grammar,1,67.13,68.09,moderate,-13.09,1.91,pertactin,0.7386,4,INTRA_STEM_TOO_CLOSE|TRADEMARK_HIT,SIMILARITY_MODERATE,,itestatin,0.0,1.0,0.879,1.0,1.0,0.983,0.0,HMG-CoA reductase inhibitor,generic,-statin,crowded,False,,
udastatin,False,grammar,1,67.13,72.67,high,-17.67,-2.67,adiastatic,0.6542,4,SIMILARITY_TOO_HIGH|INTRA_STEM_TOO_CLOSE|TRADEMARK_HIT,,,udastatin,0.0,1.0,0.879,1.0,1.0,0.983,0.0,HMG-CoA reductase inhibitor,generic,-statin,crowded,False,,
udistatin,False,grammar,1,67.13,72.67,high,-17.67,-2.67,adiastatic,0.6519,4,SIMILARITY_TOO_HIGH|INTRA_STEM_TOO_CLOSE|TRADEMARK_HIT,,,udistatin,0.0,1.0,0.879,1.0,1.0,0.983,0.0,HMG-CoA reductase inhibitor,generic,-statin,crowded,False,,
griozlastatin,False,grammar,1,61.58,58.68,moderate,-3.68,11.32,prolastin,0.6092,5,TRADEMARK_HIT,SIMILARITY_MODERATE,,griozlastatin,0.0,1.0,0.739,1.0,1.0,0.624,0.0,HMG-CoA reductase inhibitor,generic,-statin,crowded,False,,
elastatin,False,grammar,1,73.44,79.86,high,-24.86,-9.86,elastin,0.853,4,SIMILARITY_TOO_HIGH|INTRA_STEM_TOO_CLOSE|TRADEMARK_HIT,,,elastatin,0.0,1.0,0.879,1.0,1.0,0.983,0.902,HMG-CoA reductase inhibitor,generic,-statin,crowded,False,,
maclastatin,False,grammar,1,59.67,65.59,moderate,-10.59,4.41,migalastat,0.8081,4,INTRA_STEM_TOO_CLOSE|TRADEMARK_HIT,SIMILARITY_MODERATE,,maclastatin,0.0,0.68,0.733,1.0,1.0,0.952,0.183,HMG-CoA reductase inhibitor,generic,-statin,crowded,False,,
adastatin,False,grammar,1,67.34,79.65,high,-24.65,-9.65,adiastatic,0.8638,4,SIMILARITY_TOO_HIGH|INTRA_STEM_TOO_CLOSE|TRADEMARK_HIT,,,adastatin,0.0,1.0,0.879,1.0,1.0,0.983,0.03,HMG-CoA reductase inhibitor,generic,-statin,crowded,False,,
rofomostatin,False,grammar,1,59.56,58.91,moderate,-3.91,11.09,cosmestat,0.7707,5,TRADEMARK_HIT,SIMILARITY_MODERATE,,rofomostatin,0.0,0.733,0.894,1.0,1.0,0.731,0.01,HMG-CoA reductase inhibitor,generic,-statin,crowded,False,,
fiturostatin,True,grammar,1,59.55,69.27,moderate,-14.27,0.73,nitrostat,0.7837,5,,SIMILARITY_MODERATE,,fiturostatin,0.0,0.733,0.894,1.0,1.0,0.731,0.009,HMG-CoA reductase inhibitor,generic,-statin,crowded,False,,
pefmidestatin,True,grammar,1,59.04,61.0,moderate,-6.0,9.0,midostaurin,0.7685,5,,SIMILARITY_MODERATE,,pefmidestatin,0.0,0.771,0.869,1.0,1.0,0.624,0.028,HMG-CoA reductase inhibitor,generic,-statin,crowded,False,,
cixastatin,False,grammar,1,67.29,64.46,moderate,-9.46,5.54,cepastat,0.6732,4,INTRA_STEM_TOO_CLOSE|TRADEMARK_HIT,SIMILARITY_MODERATE,,cixastatin,0.0,1.0,0.879,1.0,1.0,0.998,0.001,HMG-CoA reductase inhibitor,generic,-statin,crowded,False,,
dintustatin,False,grammar,1,60.13,68.23,moderate,-13.23,1.77,dentastat,0.8253,4,TRADEMARK_HIT,SIMILARITY_MODERATE,,dintustatin,0.0,0.68,0.854,1.0,1.0,0.952,0.006,HMG-CoA reductase inhibitor,generic,-statin,crowded,False,,
gixestatin,False,grammar,1,67.29,61.9,moderate,-6.9,8.1,oxistat,0.6151,4,TRADEMARK_HIT,SIMILARITY_MODERATE,,gixestatin,0.0,1.0,0.879,1.0,1.0,0.998,0.0,HMG-CoA reductase inhibitor,generic,-statin,crowded,False,,
ritistatin,False,grammar,1,59.76,64.73,moderate,-9.73,5.27,cisplatin,0.8079,4,TRADEMARK_HIT,SIMILARITY_MODERATE,,ritistatin,0.0,0.6,0.879,1.0,1.0,0.998,0.068,HMG-CoA reductase inhibitor,generic,-statin,crowded,False,,
efelastatin,False,grammar,1,59.33,68.64,moderate,-13.64,1.36,everlasting,0.7596,5,INTRA_STEM_TOO_CLOSE|TRADEMARK_HIT,SIMILARITY_MODERATE,,efelastatin,0.0,0.68,0.894,1.0,1.0,0.821,0.0,HMG-CoA reductase inhibitor,generic,-statin,crowded,False,,
cevodristatin,False,grammar,1,57.36,70.56,high,-15.56,-0.56,telotristat,0.7032,5,SIMILARITY_TOO_HIGH,,,cevodristatin,0.0,0.771,0.763,1.0,1.0,0.624,0.0,HMG-CoA reductase inhibitor,generic,-statin,crowded,False,,
pactostatin,False,grammar,1,60.47,67.23,moderate,-12.23,2.77,bacteriostatic,0.8923,4,TRADEMARK_HIT,SIMILARITY_MODERATE,,pactostatin,0.0,0.68,0.854,1.0,1.0,0.952,0.056,HMG-CoA reductase inhibitor,generic,-statin,crowded,False,,
amistatin,False,grammar,1,69.57,71.58,high,-16.58,-1.58,micatin,0.9087,4,SIMILARITY_TOO_HIGH|INTRA_STEM_TOO_CLOSE|TRADEMARK_HIT,,,amistatin,0.0,1.0,0.879,1.0,1.0,0.983,0.349,HMG-CoA reductase inhibitor,generic,-statin,crowded,False,,
utistatin,False,grammar,1,67.13,70.67,high,-15.67,-0.67,cisplatin,0.7457,4,SIMILARITY_TOO_HIGH|INTRA_STEM_TOO_CLOSE|TRADEMARK_HIT,,,utistatin,0.0,1.0,0.879,1.0,1.0,0.983,0.0,HMG-CoA reductase inhibitor,generic,-statin,crowded,False,,
erastatin,False,grammar,1,69.7,73.3,high,-18.3,-3.3,therastat,0.8669,4,SIMILARITY_TOO_HIGH|INTRA_STEM_TOO_CLOSE|TRADEMARK_HIT,,,erastatin,0.0,1.0,0.879,1.0,1.0,0.983,0.367,HMG-CoA reductase inhibitor,generic,-statin,crowded,False,,
abastatin,False,grammar,1,70.19,74.52,high,-19.52,-4.52,anastatica,0.8387,4,SIMILARITY_TOO_HIGH|TRADEMARK_HIT,,,abastatin,0.0,1.0,0.879,1.0,1.0,0.983,0.437,HMG-CoA reductase inhibitor,generic,-statin,crowded,False,,
ropentostatin,False,ngram_guided,1,45.11,76.71,high,-21.71,-6.71,pentostatin,0.8904,5,SIMILARITY_TOO_HIGH|TRADEMARK_HIT,,,ropentostatin,0.0,0.15,0.869,1.0,0.53,0.624,0.889,HMG-CoA reductase inhibitor,generic,-statin,crowded,False,,
bicstatin,False,ngram_guided,1,65.22,67.52,moderate,-12.52,2.48,micatin,0.6512,3,TRADEMARK_HIT,SIMILARITY_MODERATE,,bicstatin,0.0,1.0,0.742,1.0,1.0,0.858,0.177,HMG-CoA reductase inhibitor,generic,-statin,crowded,False,,
carbistatin,False,ngram_guided,1,50.36,72.85,high,-17.85,-2.85,carboplatin,0.951,4,SIMILARITY_TOO_HIGH|TRADEMARK_HIT,,,carbistatin,0.0,0.45,0.854,1.0,0.53,0.952,0.342,HMG-CoA reductase inhibitor,generic,-statin,crowded,False,,
pirlostatin,False,ngram_guided,1,65.78,69.15,moderate,-14.15,0.85,prostatone,0.8348,4,INTRA_STEM_TOO_CLOSE|TRADEMARK_HIT,SIMILARITY_MODERATE,,pirlostatin,0.0,0.68,0.854,1.0,1.0,0.952,0.814,HMG-CoA reductase inhibitor,generic,-statin,crowded,False,,
trandostatin,False,ngram_guided,1,51.82,71.87,high,-16.87,-1.87,sandostatin,0.9066,4,SIMILARITY_TOO_HIGH|TRADEMARK_HIT,,,trandostatin,0.0,0.3,0.709,1.0,1.0,0.862,0.325,HMG-CoA reductase inhibitor,generic,-statin,crowded,False,,
spesostatin,False,ngram_guided,1,57.15,64.48,moderate,-9.48,5.52,prostatone,0.8025,4,TRADEMARK_HIT,SIMILARITY_MODERATE,,spesostatin,0.0,0.45,0.733,1.0,1.0,0.952,0.48,HMG-CoA reductase inhibitor,generic,-statin,crowded,False,,
obelidrstatin,True,ngram_guided,1,49.13,65.97,moderate,-10.97,4.03,belinostat,0.5292,5,,SIMILARITY_MODERATE,,obelidrstatin,0.0,0.564,0.655,0.65,1.0,0.624,0.083,HMG-CoA reductase inhibitor,generic,-statin,crowded,False,,
eplicstatin,False,ngram_guided,1,54.25,70.31,high,-15.31,-0.31,replicating,0.6351,4,SIMILARITY_TOO_HIGH,,,eplicstatin,0.0,0.45,0.647,1.0,1.0,0.952,0.238,HMG-CoA reductase inhibitor,generic,-statin,crowded,False,,
bevabestatin,True,ngram_guided,1,56.37,64.19,moderate,-9.19,5.81,sevabertinib,0.7056,5,,SIMILARITY_MODERATE|IMPLIED_CLAIM,,bevabestatin,0.0,0.517,0.894,1.0,1.0,0.731,0.173,HMG-CoA reductase inhibitor,generic,-statin,crowded,False,,
chlorstatin,False,ngram_guided,1,42.85,72.81,high,-17.81,-2.81,clorpactin,0.8941,3,SIMILARITY_TOO_HIGH|TRADEMARK_HIT,,,chlorstatin,0.0,0.45,0.485,1.0,0.53,0.828,0.187,HMG-CoA reductase inhibitor,generic,-statin,crowded,False,,
moexidstatin,True,ngram_guided,1,58.95,69.17,moderate,-14.17,0.83,moxidectin,0.6741,5,,SIMILARITY_MODERATE,,moexidstatin,0.0,0.517,0.783,1.0,1.0,0.731,0.764,HMG-CoA reductase inhibitor,generic,-statin,crowded,False,,
difetstatin,True,ngram_guided,1,60.73,62.99,moderate,-7.99,7.01,adiastatic,0.6803,4,,SIMILARITY_MODERATE,,difetstatin,0.0,0.45,0.768,1.0,1.0,0.952,0.923,HMG-CoA reductase inhibitor,generic,-statin,crowded,True,,
dicarfilstatin,True,ngram_guided,1,48.14,61.44,moderate,-6.44,8.56,ticarcillin,0.7383,5,,SIMILARITY_MODERATE,,dicarfilstatin,0.0,0.4,0.783,1.0,0.53,0.527,0.919,HMG-CoA reductase inhibitor,generic,-statin,crowded,False,,
ondastatin,False,ngram_guided,1,60.02,71.08,high,-16.08,-1.08,anastatica,0.7338,4,SIMILARITY_TOO_HIGH|TRADEMARK_HIT,,,ondastatin,0.0,0.6,0.854,1.0,1.0,0.998,0.155,HMG-CoA reductase inhibitor,generic,-statin,crowded,False,,
sulfastatin,False,ngram_guided,1,53.75,76.06,high,-21.06,-6.06,sulfacytine,0.9678,4,SIMILARITY_TOO_HIGH|INTRA_STEM_TOO_CLOSE|TRADEMARK_HIT,IMPLIED_CLAIM,,sulfastatin,0.0,0.45,0.854,1.0,0.53,0.952,0.827,HMG-CoA reductase inhibitor,generic,-statin,crowded,False,,
pimadalostatin,False,ngram_guided,1,63.06,58.88,moderate,-3.88,11.12,metalstat,0.7572,6,TRADEMARK_HIT,SIMILARITY_MODERATE,,pimadalostatin,0.0,0.8,0.904,1.0,1.0,0.309,0.902,HMG-CoA reductase inhibitor,generic,-statin,crowded,False,,
saprstatin,False,ngram_guided,1,50.93,67.55,moderate,-12.55,2.45,satraplatin,0.5496,3,TRADEMARK_HIT,SIMILARITY_MODERATE,,saprstatin,0.0,0.6,0.574,0.65,1.0,0.873,0.045,HMG-CoA reductase inhibitor,generic,-statin,crowded,False,,
capsaistatin,False,ngram_guided,1,57.75,70.67,high,-15.67,-0.67,capsaicin,0.739,4,SIMILARITY_TOO_HIGH|TRADEMARK_HIT,,,capsaistatin,0.0,0.3,0.854,1.0,1.0,0.862,0.881,HMG-CoA reductase inhibitor,generic,-statin,crowded,False,,
flustatin,False,ngram_guided,1,64.62,69.1,moderate,-14.1,0.9,flupirtine,0.925,3,TRADEMARK_HIT,SIMILARITY_MODERATE,,flustatin,0.0,1.0,0.683,1.0,1.0,0.858,0.212,HMG-CoA reductase inhibitor,generic,-statin,crowded,False,,
levobistatin,True,ngram_guided,1,51.25,62.72,moderate,-7.72,7.28,levocabastine,0.8688,5,,SIMILARITY_MODERATE,,levobistatin,0.0,0.517,0.894,1.0,0.53,0.731,0.515,HMG-CoA reductase inhibitor,generic,-statin,crowded,False,,
abeparastatin,False,ngram_guided,1,55.19,65.34,moderate,-10.34,4.66,paraplatin,0.8002,6,TRADEMARK_HIT,SIMILARITY_MODERATE,,abeparastatin,0.0,0.357,0.904,1.0,1.0,0.406,0.905,HMG-CoA reductase inhibitor,generic,-statin,crowded,False,,
bicistatin,False,ngram_guided,1,64.41,75.19,high,-20.19,-5.19,cobicistat,0.819,4,SIMILARITY_TOO_HIGH|TRADEMARK_HIT,,,bicistatin,0.0,0.6,0.879,1.0,1.0,0.998,0.732,HMG-CoA reductase inhibitor,generic,-statin,crowded,False,,
amitostatin,False,ngram_guided,1,61.45,73.55,high,-18.55,-3.55,amifostine,0.9172,5,SIMILARITY_TOO_HIGH|TRADEMARK_HIT,,,amitostatin,0.0,0.45,0.894,1.0,1.0,0.821,0.96,HMG-CoA reductase inhibitor,generic,-statin,crowded,False,,
elostatin,False,grammar+refined,1,69.07,68.66,moderate,-13.66,1.34,elastin,0.8348,4,INTRA_STEM_TOO_CLOSE|TRADEMARK_HIT,SIMILARITY_MODERATE,elastatin,elastatin -> elostatin,0.0,1.0,0.879,1.0,1.0,0.983,0.277,HMG-CoA reductase inhibitor,generic,-statin,crowded,False,,
evostatin,False,grammar+refined,1,67.39,66.05,moderate,-11.05,3.95,station,0.8213,4,TRADEMARK_HIT,SIMILARITY_MODERATE,elastatin,elastatin -> elostatin -> evostatin,0.0,1.0,0.879,1.0,1.0,0.983,0.036,HMG-CoA reductase inhibitor,generic,-statin,crowded,False,,
eyostatin,False,grammar+refined,1,67.13,69.51,moderate,-14.51,0.49,station,0.6601,4,INTRA_STEM_TOO_CLOSE|TRADEMARK_HIT,SIMILARITY_MODERATE,elastatin,elastatin -> elostatin -> evostatin -> eyostatin,0.0,1.0,0.879,1.0,1.0,0.983,0.0,HMG-CoA reductase inhibitor,generic,-statin,crowded,False,,
abostatin,False,grammar+refined,1,67.16,66.55,moderate,-11.55,3.45,prostatone,0.7925,4,TRADEMARK_HIT,SIMILARITY_MODERATE,abastatin,abastatin -> abostatin,0.0,1.0,0.879,1.0,1.0,0.983,0.003,HMG-CoA reductase inhibitor,generic,-statin,crowded,False,,
awostatin,False,grammar+refined,1,67.13,69.51,moderate,-14.51,0.49,station,0.6038,4,TRADEMARK_HIT,SIMILARITY_MODERATE,abastatin,abastatin -> abostatin -> awostatin,0.0,1.0,0.879,1.0,1.0,0.983,0.0,HMG-CoA reductase inhibitor,generic,-statin,crowded,False,,
amostatin,False,grammar+refined,1,70.23,71.38,high,-16.38,-1.38,amoxapine,0.8762,4,SIMILARITY_TOO_HIGH|INTRA_STEM_TOO_CLOSE|TRADEMARK_HIT,,abastatin,abastatin -> abostatin -> awostatin -> amostatin,0.0,1.0,0.879,1.0,1.0,0.983,0.443,HMG-CoA reductase inhibitor,generic,-statin,crowded,False,,
orastatin,False,grammar+refined,1,67.16,70.22,high,-15.22,-0.22,loratadine,0.8589,4,SIMILARITY_TOO_HIGH|TRADEMARK_HIT,,erastatin,erastatin -> orastatin,0.0,1.0,0.879,1.0,1.0,0.983,0.003,HMG-CoA reductase inhibitor,generic,-statin,crowded,False,,
omastatin,False,grammar+refined,1,70.19,72.0,high,-17.0,-2.0,ilomastat,0.783,4,SIMILARITY_TOO_HIGH|INTRA_STEM_TOO_CLOSE|TRADEMARK_HIT,,erastatin,erastatin -> orastatin -> omastatin,0.0,1.0,0.879,1.0,1.0,0.983,0.436,HMG-CoA reductase inhibitor,generic,-statin,crowded,False,,
amustatin,False,grammar+refined,1,67.13,68.36,moderate,-13.36,1.64,muscadine,0.8332,4,INTRA_STEM_TOO_CLOSE|TRADEMARK_HIT,SIMILARITY_MODERATE,amistatin,amistatin -> amustatin,0.0,1.0,0.879,1.0,1.0,0.983,0.0,HMG-CoA reductase inhibitor,generic,-statin,crowded,False,,
arustatin,False,grammar+refined,1,67.14,73.57,high,-18.57,-3.57,aristata,0.8277,4,SIMILARITY_TOO_HIGH|TRADEMARK_HIT,,amistatin,amistatin -> amustatin -> arustatin,0.0,1.0,0.879,1.0,1.0,0.983,0.001,HMG-CoA reductase inhibitor,generic,-statin,crowded,False,,
aristatin,False,grammar+refined,1,68.79,82.29,high,-27.29,-12.29,aristata,0.9018,4,SIMILARITY_TOO_HIGH|TRADEMARK_HIT,,amistatin,amistatin -> amustatin -> arustatin -> aristatin,0.0,1.0,0.879,1.0,1.0,0.983,0.236,HMG-CoA reductase inhibitor,generic,-statin,crowded,False,,
adestatin,False,grammar+refined,1,67.19,75.25,high,-20.25,-5.25,adiastatic,0.9017,4,SIMILARITY_TOO_HIGH|INTRA_STEM_TOO_CLOSE|TRADEMARK_HIT,,adastatin,adastatin -> adestatin,0.0,1.0,0.879,1.0,1.0,0.983,0.009,HMG-CoA reductase inhibitor,generic,-statin,crowded,False,,
aqestatin,False,grammar+refined,1,67.13,69.51,moderate,-14.51,0.49,station,0.6628,4,INTRA_STEM_TOO_CLOSE|TRADEMARK_HIT,SIMILARITY_MODERATE,adastatin,adastatin -> adestatin -> aqestatin,0.0,1.0,0.879,1.0,1.0,0.983,0.0,HMG-CoA reductase inhibitor,generic,-statin,crowded,False,,
amestatin,False,grammar+refined,1,67.16,68.99,moderate,-13.99,1.01,anastatica,0.8612,4,INTRA_STEM_TOO_CLOSE|TRADEMARK_HIT,SIMILARITY_MODERATE,adastatin,adastatin -> adestatin -> aqestatin -> amestatin,0.0,1.0,0.879,1.0,1.0,0.983,0.003,HMG-CoA reductase inhibitor,generic,-statin,crowded,False,,
ciqastatin,False,grammar+refined,1,67.29,71.2,high,-16.2,-1.2,adiastatic,0.6144,4,SIMILARITY_TOO_HIGH|INTRA_STEM_TOO_CLOSE|TRADEMARK_HIT,,cixastatin,cixastatin -> ciqastatin,0.0,1.0,0.879,1.0,1.0,0.998,0.0,HMG-CoA reductase inhibitor,generic,-statin,crowded,False,,
cimastatin,False,grammar+refined,1,59.46,68.41,moderate,-13.41,1.59,rimantadine,0.7908,4,INTRA_STEM_TOO_CLOSE|TRADEMARK_HIT,SIMILARITY_MODERATE,cixastatin,cixastatin -> ciqastatin -> cimastatin,0.0,0.6,0.879,1.0,1.0,0.998,0.026,HMG-CoA reductase inhibitor,generic,-statin,crowded,False,,
cemastatin,False,grammar+refined,1,60.13,74.98,high,-19.98,-4.98,cepastat,0.8084,4,SIMILARITY_TOO_HIGH|INTRA_STEM_TOO_CLOSE|TRADEMARK_HIT,,cixastatin,cixastatin -> ciqastatin -> cimastatin -> cemastatin,0.0,0.6,0.879,1.0,1.0,0.998,0.121,HMG-CoA reductase inhibitor,generic,-statin,crowded,False,,
goxestatin,False,grammar+refined,1,67.29,68.69,moderate,-13.69,1.31,doxecitine,0.6402,4,TRADEMARK_HIT,SIMILARITY_MODERATE,gixestatin,gixestatin -> goxestatin,0.0,1.0,0.879,1.0,1.0,0.998,0.0,HMG-CoA reductase inhibitor,generic,-statin,crowded,False,,
gaxestatin,True,grammar+refined,1,67.29,61.9,moderate,-6.9,8.1,oxistat,0.6184,4,,SIMILARITY_MODERATE,gixestatin,gixestatin -> goxestatin -> gaxestatin,0.0,1.0,0.879,1.0,1.0,0.998,0.0,HMG-CoA reductase inhibitor,generic,-statin,crowded,True,,
upestatin,False,grammar+refined,1,67.13,73.74,high,-18.74,-3.74,pertactin,0.7031,4,SIMILARITY_TOO_HIGH|TRADEMARK_HIT,,epestatin,epestatin -> upestatin,0.0,1.0,0.879,1.0,1.0,0.983,0.0,HMG-CoA reductase inhibitor,generic,-statin,crowded,False,,
apestatin,False,grammar+refined,1,67.16,73.74,high,-18.74,-3.74,pertactin,0.8029,4,SIMILARITY_TOO_HIGH|TRADEMARK_HIT,,epestatin,epestatin -> upestatin -> apestatin,0.0,1.0,0.879,1.0,1.0,0.983,0.003,HMG-CoA reductase inhibitor,generic,-statin,crowded,False,,
apastatin,False,grammar+refined,1,71.67,72.46,high,-17.46,-2.46,anastatica,0.8252,4,SIMILARITY_TOO_HIGH|TRADEMARK_HIT,,epestatin,epestatin -> upestatin -> apestatin -> apastatin,0.0,1.0,0.879,1.0,1.0,0.983,0.648,HMG-CoA reductase inhibitor,generic,-statin,crowded,False,,
emostatin,False,grammar,2,67.22,76.08,high,-21.08,-6.08,hemostat,0.8463,4,SIMILARITY_TOO_HIGH|INTRA_STEM_TOO_CLOSE|TRADEMARK_HIT,,,emostatin,0.0,1.0,0.879,1.0,1.0,0.983,0.012,HMG-CoA reductase inhibitor,generic,-statin,crowded,False,,
dedustatin,False,grammar,2,67.31,67.82,moderate,-12.82,2.18,vadadustat,0.7103,4,TRADEMARK_HIT,SIMILARITY_MODERATE,,dedustatin,0.0,1.0,0.879,1.0,1.0,0.998,0.003,HMG-CoA reductase inhibitor,generic,-statin,crowded,False,,
flenestatin,False,grammar,2,58.44,65.39,moderate,-10.39,4.61,sunstation,0.8572,4,TRADEMARK_HIT,SIMILARITY_MODERATE,,flenestatin,0.0,0.68,0.733,1.0,1.0,0.952,0.006,HMG-CoA reductase inhibitor,generic,-statin,crowded,False,,
axodastatin,False,grammar,2,65.73,63.74,moderate,-8.74,6.26,adiastatic,0.714,5,TRADEMARK_HIT,SIMILARITY_MODERATE,,axodastatin,0.0,1.0,0.894,1.0,1.0,0.821,0.0,HMG-CoA reductase inhibitor,generic,-statin,crowded,False,,
mabimistatin,True,grammar,2,59.49,61.2,moderate,-6.2,8.8,adiastatic,0.8235,5,,SIMILARITY_MODERATE,,mabimistatin,0.0,0.733,0.894,1.0,1.0,0.731,0.0,HMG-CoA reductase inhibitor,generic,-statin,crowded,False,,
imestatin,False,grammar,2,70.8,66.05,moderate,-11.05,3.95,station,0.8647,4,INTRA_STEM_TOO_CLOSE|TRADEMARK_HIT,SIMILARITY_MODERATE,,imestatin,0.0,1.0,0.879,1.0,1.0,0.983,0.524,HMG-CoA reductase inhibitor,generic,-statin,crowded,False,,
pilastatin,False,grammar,2,67.35,81.58,high,-26.58,-11.58,cilastatin,0.8529,4,SIMILARITY_TOO_HIGH|INTRA_STEM_TOO_CLOSE|TRADEMARK_HIT,,,pilastatin,0.0,1.0,0.879,1.0,1.0,0.998,0.01,HMG-CoA reductase inhibitor,generic,-statin,crowded,False,,
cibustatin,False,grammar,2,67.37,65.79,moderate,-10.79,4.21,sunstation,0.7112,4,INTRA_STEM_TOO_CLOSE|TRADEMARK_HIT,SIMILARITY_MODERATE,,cibustatin,0.0,1.0,0.879,1.0,1.0,0.998,0.012,HMG-CoA reductase inhibitor,generic,-statin,crowded,False,,
umustatin,False,grammar,2,67.13,68.36,moderate,-13.36,1.64,muscadine,0.6998,4,INTRA_STEM_TOO_CLOSE|TRADEMARK_HIT,SIMILARITY_MODERATE,,umustatin,0.0,1.0,0.879,1.0,1.0,0.983,0.0,HMG-CoA reductase inhibitor,generic,-statin,crowded,False,,
darrustatin,False,grammar,2,60.13,70.44,high,-15.44,-0.44,verrustat,0.7593,4,SIMILARITY_TOO_HIGH|TRADEMARK_HIT,,,darrustatin,0.0,0.68,0.854,1.0,1.0,0.952,0.006,HMG-CoA reductase inhibitor,generic,-statin,crowded,False,,
ogvistatin,False,grammar,2,66.94,66.44,moderate,-11.44,3.56,cvitamin,0.6073,4,TRADEMARK_HIT,SIMILARITY_MODERATE,,ogvistatin,0.0,1.0,0.854,1.0,1.0,0.998,0.0,HMG-CoA reductase inhibitor,generic,-statin,crowded,False,,
tipucostatin,True,grammar,2,59.49,60.96,moderate,-5.96,9.04,febuxostat,0.6864,5,,SIMILARITY_MODERATE,,tipucostatin,0.0,0.733,0.894,1.0,1.0,0.731,0.0,HMG-CoA reductase inhibitor,generic,-statin,crowded,False,,
uolbustatin,True,grammar,2,58.98,63.94,moderate,-8.94,6.06,molidustat,0.6061,5,,SIMILARITY_MODERATE,,uolbustatin,0.0,0.68,0.869,1.0,1.0,0.821,0.0,HMG-CoA reductase inhibitor,generic,-statin,crowded,False,,
arestatin,False,grammar,2,67.16,79.86,high,-24.86,-9.86,arestin,0.8717,4,SIMILARITY_TOO_HIGH|TRADEMARK_HIT,,,arestatin,0.0,1.0,0.879,1.0,1.0,0.983,0.003,HMG-CoA reductase inhibitor,generic,-statin,crowded,False,,
pocestatin,False,grammar,2,59.31,64.73,moderate,-9.73,5.27,cosmestat,0.7849,4,TRADEMARK_HIT,SIMILARITY_MODERATE,,pocestatin,0.0,0.6,0.879,1.0,1.0,0.998,0.003,HMG-CoA reductase inhibitor,generic,-statin,crowded,False,,
piothestatin,False,grammar,2,59.15,61.2,moderate,-6.2,8.8,tiocystin,0.8158,5,TRADEMARK_HIT,SIMILARITY_MODERATE,,piothestatin,0.0,0.733,0.869,1.0,1.0,0.731,0.001,HMG-CoA reductase inhibitor,generic,-statin,crowded,False,,
taradostatin,False,grammar,2,59.73,63.88,moderate,-8.88,6.12,carboplatin,0.8082,5,TRADEMARK_HIT,SIMILARITY_MODERATE,,taradostatin,0.0,0.733,0.894,1.0,1.0,0.731,0.034,HMG-CoA reductase inhibitor,generic,-statin,crowded,False,,
linudastatin,False,grammar,2,59.5,61.25,moderate,-6.25,8.75,lymphastat,0.8109,5,TRADEMARK_HIT,SIMILARITY_MODERATE,,linudastatin,0.0,0.733,0.894,1.0,1.0,0.731,0.001,HMG-CoA reductase inhibitor,generic,-statin,crowded,False,,
praxostatin,False,grammar,2,58.73,66.23,moderate,-11.23,3.77,prostatone,0.8128,4,TRADEMARK_HIT,SIMILARITY_MODERATE,,praxostatin,0.0,0.68,0.733,1.0,1.0,0.952,0.049,HMG-CoA reductase inhibitor,generic,-statin,crowded,False,,
enastatin,False,grammar,2,73.63,76.89,high,-21.89,-6.89,anastatica,0.8382,4,SIMILARITY_TOO_HIGH|INTRA_STEM_TOO_CLOSE|TRADEMARK_HIT,,,enastatin,0.0,1.0,0.879,1.0,1.0,0.983,0.928,HMG-CoA reductase inhibitor,generic,-statin,crowded,False,,
lacanostatin,False,grammar,2,59.55,61.04,moderate,-6.04,8.96,latanoprostene,0.8868,5,TRADEMARK_HIT,SIMILARITY_MODERATE,,lacanostatin,0.0,0.733,0.894,1.0,1.0,0.731,0.009,HMG-CoA reductase inhibitor,generic,-statin,crowded,False,,
onistatin,False,grammar,2,67.13,76.08,high,-21.08,-6.08,monistat,0.7755,4,SIMILARITY_TOO_HIGH|INTRA_STEM_TOO_CLOSE|TRADEMARK_HIT,,,onistatin,0.0,1.0,0.879,1.0,1.0,0.983,0.0,HMG-CoA reductase inhibitor,generic,-statin,crowded,False,,
acistatin,False,grammar,2,72.69,77.05,high,-22.05,-7.05,cisplatin,0.8631,4,SIMILARITY_TOO_HIGH|INTRA_STEM_TOO_CLOSE|TRADEMARK_HIT,,,acistatin,0.0,1.0,0.879,1.0,1.0,0.983,0.794,HMG-CoA reductase inhibitor,generic,-statin,crowded,False,,
rumsacistatin,True,grammar,2,58.85,57.48,moderate,-2.48,12.52,cisplatin,0.6516,5,,SIMILARITY_MODERATE,,rumsacistatin,0.0,0.771,0.869,1.0,1.0,0.624,0.001,HMG-CoA reductase inhibitor,generic,-statin,crowded,False,,
tetrazstatin,False,ngram_guided,2,43.71,68.84,moderate,-13.84,1.16,tetraxetan,0.6638,4,TRADEMARK_HIT,SIMILARITY_MODERATE,,tetrazstatin,0.0,0.3,0.647,1.0,0.53,0.862,0.365,HMG-CoA reductase inhibitor,generic,-statin,crowded,False,,
etestatin,False,ngram_guided,2,69.65,68.09,moderate,-13.09,1.91,pertactin,0.7964,4,INTRA_STEM_TOO_CLOSE|TRADEMARK_HIT,SIMILARITY_MODERATE,,etestatin,0.0,1.0,0.879,1.0,1.0,0.983,0.359,HMG-CoA reductase inhibitor,generic,-statin,crowded,False,,
trofelystatin,True,ngram_guided,2,58.91,59.52,moderate,-4.52,10.48,trimellitate,0.7879,5,,SIMILARITY_MODERATE,,trofelystatin,0.0,0.564,0.677,1.0,1.0,0.624,0.987,HMG-CoA reductase inhibitor,generic,-statin,crowded,False,,
sebestatin,False,ngram_guided,2,64.87,71.02,high,-16.02,-1.02,sebestena,0.7896,4,SIMILARITY_TOO_HIGH|TRADEMARK_HIT,IMPLIED_CLAIM,,sebestatin,0.0,0.6,0.879,1.0,1.0,0.998,0.798,HMG-CoA reductase inhibitor,generic,-statin,crowded,False,,
vestolstatin,True,ngram_guided,2,58.51,66.16,moderate,-11.16,3.84,metalstat,0.7715,4,,SIMILARITY_MODERATE,,vestolstatin,0.0,0.517,0.647,1.0,1.0,0.862,0.786,HMG-CoA reductase inhibitor,generic,-statin,crowded,False,,
dexketstatin,True,ngram_guided,2,55.0,60.8,moderate,-5.8,9.2,dexketoprofen,0.655,4,,SIMILARITY_MODERATE,,dexketstatin,0.0,0.3,0.647,1.0,1.0,0.862,0.904,HMG-CoA reductase inhibitor,generic,-statin,crowded,False,,
bexstatin,False,ngram_guided,2,64.37,64.62,moderate,-9.62,5.38,bexacat,0.5442,3,TRADEMARK_HIT,SIMILARITY_MODERATE,,bexstatin,0.0,1.0,0.574,1.0,1.0,0.858,0.394,HMG-CoA reductase inhibitor,generic,-statin,crowded,False,,
idestatin,False,ngram_guided,2,71.69,68.26,moderate,-13.26,1.74,adiastatic,0.8773,4,INTRA_STEM_TOO_CLOSE|TRADEMARK_HIT,SIMILARITY_MODERATE,,idestatin,0.0,1.0,0.879,1.0,1.0,0.983,0.651,HMG-CoA reductase inhibitor,generic,-statin,crowded,False,,
phostatin,False,ngram_guided,2,70.22,71.17,high,-16.17,-1.17,prostatone,0.9507,3,SIMILARITY_TOO_HIGH|TRADEMARK_HIT,,,phostatin,0.0,1.0,0.829,1.0,1.0,0.858,0.719,HMG-CoA reductase inhibitor,generic,-statin,crowded,False,,
semdevistatin,False,ngram_guided,2,60.43,57.36,moderate,-2.36,12.64,decitabine,0.6738,5,TRADEMARK_HIT,SIMILARITY_MODERATE,,semdevistatin,0.0,0.564,0.869,1.0,1.0,0.624,0.819,HMG-CoA reductase inhibitor,generic,-statin,crowded,False,,
zoparomostatin,True,ngram_guided,2,54.54,63.51,moderate,-8.51,6.49,paromomycin,0.7832,6,,SIMILARITY_MODERATE,,zoparomostatin,0.0,0.4,0.904,1.0,1.0,0.309,0.827,HMG-CoA reductase inhibitor,generic,-statin,crowded,False,,
margistatin,True,ngram_guided,2,60.19,67.29,moderate,-12.29,2.71,myristamine,0.7825,4,,SIMILARITY_MODERATE,,margistatin,0.0,0.45,0.854,1.0,1.0,0.952,0.672,HMG-CoA reductase inhibitor,generic,-statin,crowded,True,,
ocrestatin,False,ngram_guided,2,57.79,78.87,high,-23.87,-8.87,cresatin,0.8459,4,SIMILARITY_TOO_HIGH,,,ocrestatin,0.0,0.6,0.733,1.0,1.0,0.998,0.078,HMG-CoA reductase inhibitor,generic,-statin,crowded,False,,
moexistatin,False,ngram_guided,2,59.1,70.21,high,-15.21,-0.21,oxistat,0.6993,5,SIMILARITY_TOO_HIGH|TRADEMARK_HIT,,,moexistatin,0.0,0.45,0.894,1.0,1.0,0.821,0.625,HMG-CoA reductase inhibitor,generic,-statin,crowded,False,,
nirmatezstatin,True,ngram_guided,2,51.08,62.63,moderate,-7.63,7.37,imetelstat,0.6327,5,,SIMILARITY_MODERATE,,nirmatezstatin,0.0,0.4,0.783,1.0,1.0,0.527,0.264,HMG-CoA reductase inhibitor,generic,-statin,crowded,False,,
clenvastatin,False,ngram_guided,2,58.88,68.6,moderate,-13.6,1.4,clemastine,0.7656,4,TRADEMARK_HIT,SIMILARITY_MODERATE,,clenvastatin,0.0,0.517,0.709,1.0,1.0,0.862,0.716,HMG-CoA reductase inhibitor,generic,-statin,crowded,False,,
sotstatin,False,ngram_guided,2,69.22,72.59,high,-17.59,-2.59,sunstation,0.7021,3,SIMILARITY_TOO_HIGH|TRADEMARK_HIT,,,sotstatin,0.0,1.0,0.742,1.0,1.0,0.858,0.75,HMG-CoA reductase inhibitor,generic,-statin,crowded,False,,
bexastatin,False,ngram_guided,2,65.63,66.98,moderate,-11.98,3.02,bexacat,0.7652,4,TRADEMARK_HIT,SIMILARITY_MODERATE,,bexastatin,0.0,0.6,0.879,1.0,1.0,0.998,0.907,HMG-CoA reductase inhibitor,generic,-statin,crowded,False,,
trostatin,False,ngram_guided,2,66.37,80.02,high,-25.02,-10.02,prostatone,0.9369,3,SIMILARITY_TOO_HIGH|TRADEMARK_HIT,,,trostatin,0.0,1.0,0.683,1.0,1.0,0.858,0.462,HMG-CoA reductase inhibitor,generic,-statin,crowded,False,,
etreostatin,False,ngram_guided,2,59.32,70.44,high,-15.44,-0.44,prostatone,0.8352,5,SIMILARITY_TOO_HIGH|TRADEMARK_HIT,,,etreostatin,0.0,0.45,0.763,1.0,1.0,0.821,0.918,HMG-CoA reductase inhibitor,generic,-statin,crowded,False,,
nicstatin,False,ngram_guided,2,66.32,68.43,moderate,-13.43,1.57,micatin,0.6604,3,INTRA_STEM_TOO_CLOSE|TRADEMARK_HIT,SIMILARITY_MODERATE,,nicstatin,0.0,1.0,0.742,1.0,1.0,0.858,0.335,HMG-CoA reductase inhibitor,generic,-statin,crowded,False,,
temstatin,False,ngram_guided,2,70.28,72.03,high,-17.03,-2.03,sunstation,0.7701,3,SIMILARITY_TOO_HIGH|TRADEMARK_HIT,,,temstatin,0.0,1.0,0.742,1.0,1.0,0.858,0.9,HMG-CoA reductase inhibitor,generic,-statin,crowded,False,,
temsirivstatin,True,ngram_guided,2,55.69,61.56,moderate,-6.56,8.44,emtricitabine,0.6183,5,,SIMILARITY_MODERATE,,temsirivstatin,0.0,0.4,0.783,1.0,1.0,0.527,0.923,HMG-CoA reductase inhibitor,generic,-statin,crowded,False,,
gemstatin,False,ngram_guided,2,69.7,74.1,high,-19.1,-4.1,gemcitabine,0.7352,3,SIMILARITY_TOO_HIGH|TRADEMARK_HIT,,,gemstatin,0.0,1.0,0.742,1.0,1.0,0.858,0.818,HMG-CoA reductase inhibitor,generic,-statin,crowded,False,,
ecastatin,False,grammar+refined,2,67.31,67.73,moderate,-12.73,2.27,alcaftadine,0.832,4,TRADEMARK_HIT,SIMILARITY_MODERATE,enastatin,enastatin -> ecastatin,0.0,1.0,0.879,1.0,1.0,0.983,0.026,HMG-CoA reductase inhibitor,generic,-statin,crowded,False,,
ekastatin,False,grammar+refined,2,67.13,66.66,moderate,-11.66,3.34,cepastat,0.6361,4,TRADEMARK_HIT,SIMILARITY_MODERATE,enastatin,enastatin -> ecastatin -> ekastatin,0.0,1.0,0.879,1.0,1.0,0.983,0.0,HMG-CoA reductase inhibitor,generic,-statin,crowded,False,,
acestatin,False,grammar+refined,2,69.92,71.07,high,-16.07,-1.07,acemetacin,0.8994,4,SIMILARITY_TOO_HIGH|TRADEMARK_HIT,,acistatin,acistatin -> acestatin,0.0,1.0,0.879,1.0,1.0,0.983,0.398,HMG-CoA reductase inhibitor,generic,-statin,crowded,False,,
acustatin,False,grammar+refined,2,67.13,66.18,moderate,-11.18,3.82,angustata,0.8604,4,TRADEMARK_HIT,SIMILARITY_MODERATE,acistatin,acistatin -> acestatin -> acustatin,0.0,1.0,0.879,1.0,1.0,0.983,0.0,HMG-CoA reductase inhibitor,generic,-statin,crowded,False,,
avustatin,False,grammar+refined,2,67.73,66.05,moderate,-11.05,3.95,station,0.7745,4,TRADEMARK_HIT,SIMILARITY_MODERATE,acistatin,acistatin -> acestatin -> acustatin -> avustatin,0.0,1.0,0.879,1.0,1.0,0.983,0.086,HMG-CoA reductase inhibitor,generic,-statin,crowded,False,,
ijestatin,False,ngram_guided+refined,2,67.13,66.05,moderate,-11.05,3.95,station,0.6303,4,INTRA_STEM_TOO_CLOSE|TRADEMARK_HIT,SIMILARITY_MODERATE,idestatin,idestatin -> ijestatin,0.0,1.0,0.879,1.0,1.0,0.983,0.0,HMG-CoA reductase inhibitor,generic,-statin,crowded,False,,
inestatin,False,ngram_guided+refined,2,68.75,68.52,moderate,-13.52,1.48,anastatica,0.9051,4,INTRA_STEM_TOO_CLOSE|TRADEMARK_HIT,SIMILARITY_MODERATE,idestatin,idestatin -> ijestatin -> inestatin,0.0,1.0,0.879,1.0,1.0,0.983,0.231,HMG-CoA reductase inhibitor,generic,-statin,crowded,False,,
bemstatin,False,ngram_guided+refined,2,64.03,68.98,moderate,-13.98,1.02,sunstation,0.7559,3,TRADEMARK_HIT,SIMILARITY_MODERATE,temstatin,temstatin -> bemstatin,0.0,1.0,0.742,1.0,1.0,0.858,0.007,HMG-CoA reductase inhibitor,generic,-statin,crowded,False,,
bumstatin,False,ngram_guided+refined,2,64.02,74.94,high,-19.94,-4.94,numstat,0.6364,3,SIMILARITY_TOO_HIGH|TRADEMARK_HIT,,temstatin,temstatin -> bemstatin -> bumstatin,0.0,1.0,0.742,1.0,1.0,0.858,0.006,HMG-CoA reductase inhibitor,generic,-statin,crowded,False,,
vumstatin,False,ngram_guided+refined,2,63.97,77.02,high,-22.02,-7.02,sunstation,0.6129,3,SIMILARITY_TOO_HIGH|TRADEMARK_HIT,,temstatin,temstatin -> bemstatin -> bumstatin -> vumstatin,0.0,1.0,0.742,1.0,1.0,0.858,0.0,HMG-CoA reductase inhibitor,generic,-statin,crowded,False,,
phastatin,False,ngram_guided+refined,2,65.19,67.46,moderate,-12.46,2.54,station,0.8963,3,INTRA_STEM_TOO_CLOSE|TRADEMARK_HIT,SIMILARITY_MODERATE,phostatin,phostatin -> phastatin,0.0,1.0,0.829,1.0,1.0,0.858,0.0,HMG-CoA reductase inhibitor,generic,-statin,crowded,False,,
pxastatin,False,ngram_guided+refined,2,62.4,63.74,moderate,-8.74,6.26,oxistat,0.5415,3,TRADEMARK_HIT,SIMILARITY_MODERATE|ILLEGAL_ONSET_CLUSTER,phostatin,phostatin -> phastatin -> pxastatin,0.0,1.0,0.63,1.0,1.0,0.858,0.0,HMG-CoA reductase inhibitor,generic,-statin,crowded,False,,
prastatin,False,ngram_guided+refined,2,65.41,75.44,high,-20.44,-5.44,prostatone,0.9157,3,SIMILARITY_TOO_HIGH|TRADEMARK_HIT,,phostatin,phostatin -> phastatin -> pxastatin -> prastatin,0.0,1.0,0.683,1.0,1.0,0.858,0.325,HMG-CoA reductase inhibitor,generic,-statin,crowded,False,,
gewstatin,False,ngram_guided+refined,2,63.97,67.46,moderate,-12.46,2.54,station,0.6192,3,INTRA_STEM_TOO_CLOSE|TRADEMARK_HIT,SIMILARITY_MODERATE,gemstatin,gemstatin -> gewstatin,0.0,1.0,0.742,1.0,1.0,0.858,0.0,HMG-CoA reductase inhibitor,generic,-statin,crowded,False,,
guwstatin,False,ngram_guided+refined,2,63.97,67.5,moderate,-12.5,2.5,sunstation,0.6177,3,TRADEMARK_HIT,SIMILARITY_MODERATE,gemstatin,gemstatin -> gewstatin -> guwstatin,0.0,1.0,0.742,1.0,1.0,0.858,0.0,HMG-CoA reductase inhibitor,generic,-statin,crowded,False,,
gowstatin,False,ngram_guided+refined,2,63.97,71.55,high,-16.55,-1.55,goutamin,0.604,3,SIMILARITY_TOO_HIGH|TRADEMARK_HIT,,gemstatin,gemstatin -> gewstatin -> guwstatin -> gowstatin,0.0,1.0,0.742,1.0,1.0,0.858,0.0,HMG-CoA reductase inhibitor,generic,-statin,crowded,False,,
eqestatin,False,ngram_guided+refined,2,67.13,69.51,moderate,-14.51,0.49,station,0.6536,4,INTRA_STEM_TOO_CLOSE|TRADEMARK_HIT,SIMILARITY_MODERATE,etestatin,etestatin -> eqestatin,0.0,1.0,0.879,1.0,1.0,0.983,0.0,HMG-CoA reductase inhibitor,generic,-statin,crowded,False,,
ebestatin,False,ngram_guided+refined,2,67.13,69.08,moderate,-14.08,0.92,betadine,0.7306,4,INTRA_STEM_TOO_CLOSE|TRADEMARK_HIT,SIMILARITY_MODERATE|IMPLIED_CLAIM,etestatin,etestatin -> eqestatin -> ebestatin,0.0,1.0,0.879,1.0,1.0,0.983,0.0,HMG-CoA reductase inhibitor,generic,-statin,crowded,False,,
ekestatin,False,ngram_guided+refined,2,67.13,66.36,moderate,-11.36,3.64,cresatin,0.6262,4,TRADEMARK_HIT,SIMILARITY_MODERATE,etestatin,etestatin -> eqestatin -> ebestatin -> ekestatin,0.0,1.0,0.879,1.0,1.0,0.983,0.0,HMG-CoA reductase inhibitor,generic,-statin,crowded,False,,
dixyusestatin,True,grammar,3,61.37,58.08,moderate,-3.08,11.92,lixisenatide,0.6085,6,,SIMILARITY_MODERATE,,dixyusestatin,0.0,1.0,0.879,1.0,1.0,0.406,0.0,HMG-CoA reductase inhibitor,generic,-statin,crowded,True,,
notostatin,False,grammar,3,59.29,66.04,moderate,-11.04,3.96,nitrostat,0.7988,4,TRADEMARK_HIT,SIMILARITY_MODERATE,,notostatin,0.0,0.6,0.879,1.0,1.0,0.998,0.0,HMG-CoA reductase inhibitor,generic,-statin,crowded,False,,
seelistatin,False,grammar,3,60.47,62.74,moderate,-7.74,7.26,celestite,0.751,4,INTRA_STEM_TOO_CLOSE|TRADEMARK_HIT,SIMILARITY_MODERATE,,seelistatin,0.0,0.68,0.879,1.0,1.0,0.952,0.006,HMG-CoA reductase inhibitor,generic,-statin,crowded,False,,
ixexastatin,False,grammar,3,65.74,61.82,moderate,-6.82,8.18,cepastat,0.6353,5,TRADEMARK_HIT,SIMILARITY_MODERATE,,ixexastatin,0.0,1.0,0.894,1.0,1.0,0.821,0.001,HMG-CoA reductase inhibitor,generic,-statin,crowded,False,,
belostatin,False,grammar,3,68.11,70.09,high,-15.09,-0.09,belinostat,0.8624,4,SIMILARITY_TOO_HIGH|TRADEMARK_HIT,,,belostatin,0.0,1.0,0.879,1.0,1.0,0.998,0.118,HMG-CoA reductase inhibitor,generic,-statin,crowded,False,,
pizulostatin,False,grammar,3,64.83,61.68,moderate,-6.68,8.32,mizolastine,0.7747,5,TRADEMARK_HIT,SIMILARITY_MODERATE,,pizulostatin,0.0,1.0,0.894,1.0,1.0,0.731,0.001,HMG-CoA reductase inhibitor,generic,-statin,crowded,False,,
doxastatin,False,grammar,3,63.2,67.08,moderate,-12.08,2.92,doxecitine,0.7995,4,TRADEMARK_HIT,SIMILARITY_MODERATE,,doxastatin,0.0,0.6,0.879,1.0,1.0,0.998,0.559,HMG-CoA reductase inhibitor,generic,-statin,crowded,False,,
camastatin,False,grammar,3,60.33,72.94,high,-17.94,-2.94,gamastan,0.8665,4,SIMILARITY_TOO_HIGH|TRADEMARK_HIT,,,camastatin,0.0,0.6,0.879,1.0,1.0,0.998,0.15,HMG-CoA reductase inhibitor,generic,-statin,crowded,False,,
lotopistatin,True,grammar,3,59.59,59.93,moderate,-4.93,10.07,telotristat,0.7505,5,,SIMILARITY_MODERATE,,lotopistatin,0.0,0.733,0.894,1.0,1.0,0.731,0.014,HMG-CoA reductase inhibitor,generic,-statin,crowded,False,,
asistatin,False,grammar,3,67.13,72.31,high,-17.31,-2.31,adiastatic,0.8711,4,SIMILARITY_TOO_HIGH|INTRA_STEM_TOO_CLOSE|TRADEMARK_HIT,,,asistatin,0.0,1.0,0.879,1.0,1.0,0.983,0.0,HMG-CoA reductase inhibitor,generic,-statin,crowded,False,,
avestatin,False,grammar,3,67.31,71.28,high,-16.28,-1.28,avastin,0.8628,4,SIMILARITY_TOO_HIGH|TRADEMARK_HIT,,,avestatin,0.0,1.0,0.879,1.0,1.0,0.983,0.026,HMG-CoA reductase inhibitor,generic,-statin,crowded,False,,
cectecestatin,True,grammar,3,58.84,63.26,moderate,-8.26,6.74,bacteriostatic,0.7035,5,,SIMILARITY_MODERATE,,cectecestatin,0.0,0.771,0.869,1.0,1.0,0.624,0.0,HMG-CoA reductase inhibitor,generic,-statin,crowded,False,,
iorvestatin,False,grammar,3,58.98,62.72,moderate,-7.72,7.28,orlistat,0.7094,5,TRADEMARK_HIT,SIMILARITY_MODERATE,,iorvestatin,0.0,0.68,0.869,1.0,1.0,0.821,0.0,HMG-CoA reductase inhibitor,generic,-statin,crowded,False,,
otastatin,False,grammar,3,67.13,66.72,moderate,-11.72,3.28,anastatica,0.7381,4,TRADEMARK_HIT,SIMILARITY_MODERATE,,otastatin,0.0,1.0,0.879,1.0,1.0,0.983,0.0,HMG-CoA reductase inhibitor,generic,-statin,crowded,False,,
tofobistatin,True,grammar,3,59.51,59.43,moderate,-4.43,10.57,cobicistat,0.7494,5,,SIMILARITY_MODERATE,,tofobistatin,0.0,0.733,0.894,1.0,1.0,0.731,0.003,HMG-CoA reductase inhibitor,generic,-statin,crowded,False,,
pretotistatin,True,grammar,3,53.27,65.6,moderate,-10.6,4.4,precipitated,0.802,5,,SIMILARITY_MODERATE,,pretotistatin,0.0,0.564,0.763,1.0,1.0,0.624,0.007,HMG-CoA reductase inhibitor,generic,-statin,crowded,False,,
posipostatin,True,grammar,3,59.49,63.25,moderate,-8.25,6.75,vorinostat,0.7596,5,,SIMILARITY_MODERATE,,posipostatin,0.0,0.733,0.894,1.0,1.0,0.731,0.0,HMG-CoA reductase inhibitor,generic,-statin,crowded,False,,
opistatin,False,grammar,3,67.14,74.08,high,-19.08,-4.08,pistacia,0.7552,4,SIMILARITY_TOO_HIGH|INTRA_STEM_TOO_CLOSE|TRADEMARK_HIT,,,opistatin,0.0,1.0,0.879,1.0,1.0,0.983,0.001,HMG-CoA reductase inhibitor,generic,-statin,crowded,False,,
hesinistatin,True,grammar,3,55.16,64.02,moderate,-9.02,5.98,sunstation,0.8156,5,,SIMILARITY_MODERATE,,hesinistatin,0.0,0.517,0.894,1.0,1.0,0.731,0.0,HMG-CoA reductase inhibitor,generic,-statin,crowded,False,,
usistatin,False,grammar,3,67.13,71.1,high,-16.1,-1.1,uristat,0.7186,4,SIMILARITY_TOO_HIGH|INTRA_STEM_TOO_CLOSE|TRADEMARK_HIT,,,usistatin,0.0,1.0,0.879,1.0,1.0,0.983,0.0,HMG-CoA reductase inhibitor,generic,-statin,crowded,False,,
serfosostatin,True,grammar,3,58.86,57.97,moderate,-2.97,12.03,rosoxacin,0.7831,5,,SIMILARITY_MODERATE,,serfosostatin,0.0,0.771,0.869,1.0,1.0,0.624,0.003,HMG-CoA reductase inhibitor,generic,-statin,crowded,False,,
evistatin,False,grammar,3,68.15,71.25,high,-16.25,-1.25,evista,0.8195,4,SIMILARITY_TOO_HIGH|INTRA_STEM_TOO_CLOSE|TRADEMARK_HIT,,,evistatin,0.0,1.0,0.879,1.0,1.0,0.983,0.145,HMG-CoA reductase inhibitor,generic,-statin,crowded,False,,
orestatin,False,grammar,3,67.13,74.46,high,-19.46,-4.46,cresatin,0.8643,4,SIMILARITY_TOO_HIGH|TRADEMARK_HIT,,,orestatin,0.0,1.0,0.879,1.0,1.0,0.983,0.0,HMG-CoA reductase inhibitor,generic,-statin,crowded,False,,
detostatin,False,grammar,3,59.4,68.75,moderate,-13.75,1.25,letosteine,0.8127,4,TRADEMARK_HIT,SIMILARITY_MODERATE,,detostatin,0.0,0.6,0.879,1.0,1.0,0.998,0.016,HMG-CoA reductase inhibitor,generic,-statin,crowded,False,,
dydrostatin,False,ngram_guided,3,54.48,69.35,moderate,-14.35,0.65,nitrostat,0.8697,4,TRADEMARK_HIT,SIMILARITY_MODERATE,,dydrostatin,0.0,0.45,0.647,1.0,1.0,0.952,0.272,HMG-CoA reductase inhibitor,generic,-statin,crowded,False,,
nirmatestatin,True,ngram_guided,3,56.87,64.32,moderate,-9.32,5.68,nirogacestat,0.7833,5,,SIMILARITY_MODERATE,,nirmatestatin,0.0,0.357,0.869,1.0,1.0,0.624,0.903,HMG-CoA reductase inhibitor,generic,-statin,crowded,False,,
segesstatin,False,ngram_guided,3,56.96,66.92,moderate,-11.92,3.08,sunstation,0.7027,4,TRADEMARK_HIT,SIMILARITY_MODERATE,,segesstatin,0.0,0.45,0.768,0.75,1.0,0.952,0.706,HMG-CoA reductase inhibitor,generic,-statin,crowded,False,,
quistatin,False,ngram_guided,3,63.63,68.88,moderate,-13.88,1.12,cristata,0.902,3,TRADEMARK_HIT,SIMILARITY_MODERATE,,quistatin,0.0,1.0,0.708,1.0,1.0,0.858,0.02,HMG-CoA reductase inhibitor,generic,-statin,crowded,False,,
naxstatin,False,ngram_guided,3,63.37,66.85,moderate,-11.85,3.15,anastatica,0.5495,3,INTRA_STEM_TOO_CLOSE|TRADEMARK_HIT,SIMILARITY_MODERATE,,naxstatin,0.0,1.0,0.574,1.0,1.0,0.858,0.25,HMG-CoA reductase inhibitor,generic,-statin,crowded,False,,
peglostatin,True,ngram_guided,3,56.24,65.11,moderate,-10.11,4.89,miglustat,0.8546,4,,SIMILARITY_MODERATE,,peglostatin,0.0,0.45,0.733,1.0,1.0,0.952,0.35,HMG-CoA reductase inhibitor,generic,-statin,crowded,False,,
apistatin,False,ngram_guided,3,68.02,74.08,high,-19.08,-4.08,pistacia,0.7896,4,SIMILARITY_TOO_HIGH|INTRA_STEM_TOO_CLOSE|TRADEMARK_HIT,,,apistatin,0.0,1.0,0.879,1.0,1.0,0.983,0.126,HMG-CoA reductase inhibitor,generic,-statin,crowded,False,,
urokistatin,True,ngram_guided,3,54.8,64.77,moderate,-9.77,5.23,uristat,0.7451,5,,SIMILARITY_MODERATE,,urokistatin,0.0,0.45,0.894,1.0,1.0,0.821,0.011,HMG-CoA reductase inhibitor,generic,-statin,crowded,False,,
riptozostatin,True,ngram_guided,3,57.71,60.47,moderate,-5.47,9.53,streptozocin,0.7245,5,,SIMILARITY_MODERATE,,riptozostatin,0.0,0.564,0.869,1.0,1.0,0.624,0.43,HMG-CoA reductase inhibitor,generic,-statin,crowded,False,,
zurastatin,False,ngram_guided,3,59.37,67.04,moderate,-12.04,2.96,furadantin,0.7733,4,INTRA_STEM_TOO_CLOSE|TRADEMARK_HIT,SIMILARITY_MODERATE,,zurastatin,0.0,0.6,0.879,1.0,1.0,0.998,0.013,HMG-CoA reductase inhibitor,generic,-statin,crowded,False,,
clostatin,False,ngram_guided,3,64.59,70.53,high,-15.53,-0.53,clorpactin,0.9377,3,SIMILARITY_TOO_HIGH|INTRA_STEM_TOO_CLOSE|TRADEMARK_HIT,,,clostatin,0.0,1.0,0.683,1.0,1.0,0.858,0.207,HMG-CoA reductase inhibitor,generic,-statin,crowded,False,,
octylstatin,False,ngram_guided,3,50.76,64.67,moderate,-9.67,5.33,dioctyltin,0.8712,4,TRADEMARK_HIT,SIMILARITY_MODERATE,,octylstatin,0.0,0.45,0.768,1.0,0.53,0.952,0.573,HMG-CoA reductase inhibitor,generic,-statin,crowded,False,,
levocastatin,False,ngram_guided,3,45.77,76.17,high,-21.17,-6.17,levocabastine,0.8558,5,SIMILARITY_TOO_HIGH|TRADEMARK_HIT,,,levocastatin,0.0,0.3,0.894,1.0,0.53,0.731,0.352,HMG-CoA reductase inhibitor,generic,-statin,crowded,False,,
baxdrostatin,False,ngram_guided,3,50.91,87.72,high,-32.72,-17.72,baxdrostat,0.6916,4,SIMILARITY_TOO_HIGH|TRADEMARK_HIT,,,baxdrostatin,0.0,0.3,0.519,1.0,1.0,0.862,0.575,HMG-CoA reductase inhibitor,generic,-statin,crowded,False,,
pozerstatin,False,ngram_guided,3,61.85,63.33,moderate,-8.33,6.67,pertactin,0.6698,4,TRADEMARK_HIT,SIMILARITY_MODERATE,,pozerstatin,0.0,0.68,0.768,1.0,1.0,0.952,0.426,HMG-CoA reductase inhibitor,generic,-statin,crowded,False,,
axastatin,False,ngram_guided,3,67.23,67.29,moderate,-12.29,2.71,anastatica,0.6936,4,TRADEMARK_HIT,SIMILARITY_MODERATE,,axastatin,0.0,1.0,0.879,1.0,1.0,0.983,0.014,HMG-CoA reductase inhibitor,generic,-statin,crowded,False,,
revumestatin,False,ngram_guided,3,55.83,65.2,moderate,-10.2,4.8,rejuvenating,0.7322,5,TRADEMARK_HIT,SIMILARITY_MODERATE,,revumestatin,0.0,0.3,0.894,1.0,1.0,0.731,0.714,HMG-CoA reductase inhibitor,generic,-statin,crowded,False,,
gepestatin,True,ngram_guided,3,63.06,69.0,moderate,-14.0,1.0,cepastat,0.7485,4,,SIMILARITY_MODERATE,,gepestatin,0.0,0.6,0.879,1.0,1.0,0.998,0.539,HMG-CoA reductase inhibitor,generic,-statin,crowded,True,,
tegerstatin,True,ngram_guided,3,56.54,63.55,moderate,-8.55,6.45,aygestin,0.7271,4,,SIMILARITY_MODERATE,,tegerstatin,0.0,0.45,0.768,1.0,1.0,0.952,0.324,HMG-CoA reductase inhibitor,generic,-statin,crowded,False,,
azastatin,False,ngram_guided,3,73.18,77.02,high,-22.02,-7.02,azatadine,0.7251,4,SIMILARITY_TOO_HIGH|INTRA_STEM_TOO_CLOSE|TRADEMARK_HIT,,,azastatin,0.0,1.0,0.879,1.0,1.0,0.983,0.864,HMG-CoA reductase inhibitor,generic,-statin,crowded,False,,
chlostatin,False,ngram_guided,3,57.22,66.64,moderate,-11.64,3.36,clorpactin,0.9733,3,INTRA_STEM_TOO_CLOSE|TRADEMARK_HIT,SIMILARITY_MODERATE,,chlostatin,0.0,0.6,0.596,1.0,1.0,0.873,0.449,HMG-CoA reductase inhibitor,generic,-statin,crowded,False,,
voristatin,False,ngram_guided,3,64.13,70.09,high,-15.09,-0.09,vorinostat,0.8335,4,SIMILARITY_TOO_HIGH|TRADEMARK_HIT,,,voristatin,0.0,0.6,0.879,1.0,1.0,0.998,0.692,HMG-CoA reductase inhibitor,generic,-statin,crowded,False,,
alpercastatin,True,ngram_guided,3,56.82,66.62,moderate,-11.62,3.38,alcaftadine,0.8299,5,,SIMILARITY_MODERATE,,alpercastatin,0.0,0.357,0.845,1.0,1.0,0.624,0.944,HMG-CoA reductase inhibitor,generic,-statin,crowded,False,,
futibastatin,False,ngram_guided,3,51.95,72.29,high,-17.29,-2.29,futibatinib,0.7164,5,SIMILARITY_TOO_HIGH|TRADEMARK_HIT,,,futibastatin,0.0,0.3,0.894,1.0,1.0,0.731,0.16,HMG-CoA reductase inhibitor,generic,-statin,crowded,False,,
azustatin,False,ngram_guided+refined,3,67.13,66.37,moderate,-11.37,3.63,sustain,0.6693,4,INTRA_STEM_TOO_CLOSE|TRADEMARK_HIT,SIMILARITY_MODERATE,azastatin,azastatin -> azustatin,0.0,1.0,0.879,1.0,1.0,0.983,0.0,HMG-CoA reductase inhibitor,generic,-statin,crowded,False,,
ahustatin,False,ngram_guided+refined,3,67.13,68.96,moderate,-13.96,1.04,histamine,0.6686,4,TRADEMARK_HIT,SIMILARITY_MODERATE,azastatin,azastatin -> azustatin -> ahustatin,0.0,1.0,0.879,1.0,1.0,0.983,0.0,HMG-CoA reductase inhibitor,generic,-statin,crowded,False,,
atustatin,False,ngram_guided+refined,3,67.19,66.37,moderate,-11.37,3.63,sustain,0.8307,4,INTRA_STEM_TOO_CLOSE|TRADEMARK_HIT,SIMILARITY_MODERATE,azastatin,azastatin -> azustatin -> ahustatin -> atustatin,0.0,1.0,0.879,1.0,1.0,0.983,0.007,HMG-CoA reductase inhibitor,generic,-statin,crowded,False,,
evastatin,False,grammar+refined,3,67.13,74.81,high,-19.81,-4.81,mevastatin,0.8148,4,SIMILARITY_TOO_HIGH|INTRA_STEM_TOO_CLOSE|TRADEMARK_HIT,,evistatin,evistatin -> evastatin,0.0,1.0,0.879,1.0,1.0,0.983,0.0,HMG-CoA reductase inhibitor,generic,-statin,crowded,False,,
avastatin,False,grammar+refined,3,69.28,79.86,high,-24.86,-9.86,avastin,0.8821,4,SIMILARITY_TOO_HIGH|TRADEMARK_HIT,,evistatin,evistatin -> evastatin -> avastatin,0.0,1.0,0.879,1.0,1.0,0.983,0.307,HMG-CoA reductase inhibitor,generic,-statin,crowded,False,,
avostatin,False,grammar+refined,3,67.14,68.66,moderate,-13.66,1.34,avastin,0.8321,4,TRADEMARK_HIT,SIMILARITY_MODERATE,evistatin,evistatin -> evastatin -> avastatin -> avostatin,0.0,1.0,0.879,1.0,1.0,0.983,0.001,HMG-CoA reductase inhibitor,generic,-statin,crowded,False,,
bewostatin,False,grammar+refined,3,67.29,64.89,moderate,-9.89,5.11,hemostat,0.6334,4,TRADEMARK_HIT,SIMILARITY_MODERATE,belostatin,belostatin -> bewostatin,0.0,1.0,0.879,1.0,1.0,0.998,0.0,HMG-CoA reductase inhibitor,generic,-statin,crowded,False,,
becostatin,False,grammar+refined,3,59.63,71.05,high,-16.05,-1.05,bepotastine,0.8401,4,SIMILARITY_TOO_HIGH|TRADEMARK_HIT,,belostatin,belostatin -> bewostatin -> becostatin,0.0,0.6,0.879,1.0,1.0,0.998,0.049,HMG-CoA reductase inhibitor,generic,-statin,crowded,False,,
bicostatin,True,grammar+refined,3,59.43,67.64,moderate,-12.64,2.36,costata,0.8903,4,,SIMILARITY_MODERATE,belostatin,belostatin -> bewostatin -> becostatin -> bicostatin,0.0,0.6,0.879,1.0,1.0,0.998,0.021,HMG-CoA reductase inhibitor,generic,-statin,crowded,False,,
awistatin,False,ngram_guided+refined,3,67.13,69.51,moderate,-14.51,0.49,station,0.6129,4,INTRA_STEM_TOO_CLOSE|TRADEMARK_HIT,SIMILARITY_MODERATE,apistatin,apistatin -> awistatin,0.0,1.0,0.879,1.0,1.0,0.983,0.0,HMG-CoA reductase inhibitor,generic,-statin,crowded,False,,
opostatin,False,grammar+refined,3,67.13,68.59,moderate,-13.59,1.41,prostatone,0.7514,4,TRADEMARK_HIT,SIMILARITY_MODERATE,opistatin,opistatin -> opostatin,0.0,1.0,0.879,1.0,1.0,0.983,0.0,HMG-CoA reductase inhibitor,generic,-statin,crowded,False,,
ozostatin,False,grammar+refined,3,67.37,66.15,moderate,-11.15,3.85,prostatone,0.7757,4,TRADEMARK_HIT,SIMILARITY_MODERATE,opistatin,opistatin -> opostatin -> ozostatin,0.0,1.0,0.879,1.0,1.0,0.983,0.034,HMG-CoA reductase inhibitor,generic,-statin,crowded,False,,
oyostatin,False,grammar+refined,3,67.13,69.51,moderate,-14.51,0.49,station,0.662,4,INTRA_STEM_TOO_CLOSE|TRADEMARK_HIT,SIMILARITY_MODERATE,opistatin,opistatin -> opostatin -> ozostatin -> oyostatin,0.0,1.0,0.879,1.0,1.0,0.983,0.0,HMG-CoA reductase inhibitor,generic,-statin,crowded,False,,
osistatin,False,grammar+refined,3,67.27,70.67,high,-15.67,-0.67,cisplatin,0.8344,4,SIMILARITY_TOO_HIGH|INTRA_STEM_TOO_CLOSE|TRADEMARK_HIT,,asistatin,asistatin -> osistatin,0.0,1.0,0.879,1.0,1.0,0.983,0.019,HMG-CoA reductase inhibitor,generic,-statin,crowded,False,,
osastatin,False,grammar+refined,3,67.16,66.72,moderate,-11.72,3.28,anastatica,0.7375,4,INTRA_STEM_TOO_CLOSE|TRADEMARK_HIT,SIMILARITY_MODERATE,asistatin,asistatin -> osistatin -> osastatin,0.0,1.0,0.879,1.0,1.0,0.983,0.003,HMG-CoA reductase inhibitor,generic,-statin,crowded,False,,
oyastatin,False,grammar+refined,3,67.13,69.51,moderate,-14.51,0.49,station,0.6171,4,INTRA_STEM_TOO_CLOSE|TRADEMARK_HIT,SIMILARITY_MODERATE,asistatin,asistatin -> osistatin -> osastatin -> oyastatin,0.0,1.0,0.879,1.0,1.0,0.983,0.0,HMG-CoA reductase inhibitor,generic,-statin,crowded,False,,
fosustatin,False,grammar,4,60.85,69.17,moderate,-14.17,0.83,sunstation,0.8113,4,TRADEMARK_HIT,SIMILARITY_MODERATE,,fosustatin,0.0,0.6,0.879,1.0,1.0,0.998,0.224,HMG-CoA reductase inhibitor,generic,-statin,crowded,False,,
clelustatin,True,grammar,4,64.97,64.45,moderate,-9.45,5.55,eliglustat,0.6693,4,,SIMILARITY_MODERATE,,clelustatin,0.0,1.0,0.733,1.0,1.0,0.952,0.026,HMG-CoA reductase inhibitor,generic,-statin,crowded,True,,
ixostatin,False,grammar,4,67.13,65.47,moderate,-10.47,4.53,prostatone,0.7014,4,TRADEMARK_HIT,SIMILARITY_MODERATE,,ixostatin,0.0,1.0,0.879,1.0,1.0,0.983,0.0,HMG-CoA reductase inhibitor,generic,-statin,crowded,False,,
nenfevistatin,True,grammar,4,58.85,56.38,moderate,-1.38,13.62,antihistamine,0.6572,5,,SIMILARITY_MODERATE,,nenfevistatin,0.0,0.771,0.869,1.0,1.0,0.624,0.001,HMG-CoA reductase inhibitor,generic,-statin,crowded,False,,
bagfastatin,False,grammar,4,66.48,63.69,moderate,-8.69,6.31,adiastatic,0.6123,4,TRADEMARK_HIT,SIMILARITY_MODERATE|IMPLIED_CLAIM,,bagfastatin,0.0,1.0,0.854,1.0,1.0,0.952,0.0,HMG-CoA reductase inhibitor,generic,-statin,crowded,False,,
roostatin,False,grammar,4,65.53,70.67,high,-15.67,-0.67,prostatone,0.7559,3,SIMILARITY_TOO_HIGH|TRADEMARK_HIT,,,roostatin,0.0,1.0,0.854,1.0,1.0,0.858,0.0,HMG-CoA reductase inhibitor,generic,-statin,crowded,False,,
darvustatin,False,grammar,4,60.1,65.73,moderate,-10.73,4.27,carmustine,0.748,4,TRADEMARK_HIT,SIMILARITY_MODERATE,,darvustatin,0.0,0.68,0.854,1.0,1.0,0.952,0.002,HMG-CoA reductase inhibitor,generic,-statin,crowded,False,,
gesustatin,True,grammar,4,67.29,67.5,moderate,-12.5,2.5,sunstation,0.7893,4,,SIMILARITY_MODERATE,,gesustatin,0.0,1.0,0.879,1.0,1.0,0.998,0.0,HMG-CoA reductase inhibitor,generic,-statin,crowded,True,,
tepudastatin,False,grammar,4,59.5,64.43,moderate,-9.43,5.57,bepotastine,0.6445,5,TRADEMARK_HIT,SIMILARITY_MODERATE,,tepudastatin,0.0,0.733,0.894,1.0,1.0,0.731,0.001,HMG-CoA reductase inhibitor,generic,-statin,crowded,False,,
poevistatin,False,grammar,4,65.76,63.16,moderate,-8.16,6.84,bovista,0.6823,5,TRADEMARK_HIT,SIMILARITY_MODERATE,,poevistatin,0.0,1.0,0.894,1.0,1.0,0.821,0.004,HMG-CoA reductase inhibitor,generic,-statin,crowded,False,,
picavestatin,False,grammar,4,59.49,73.64,high,-18.64,-3.64,pitavastatin,0.8199,5,SIMILARITY_TOO_HIGH|TRADEMARK_HIT,,,picavestatin,0.0,0.733,0.894,1.0,1.0,0.731,0.0,HMG-CoA reductase inhibitor,generic,-statin,crowded,False,,
badjiistatin,True,grammar,4,64.48,68.72,moderate,-13.72,1.28,adiastatic,0.6522,5,,SIMILARITY_MODERATE,,badjiistatin,0.0,1.0,0.869,1.0,1.0,0.731,0.0,HMG-CoA reductase inhibitor,generic,-statin,crowded,True,,
dodulastatin,False,grammar,4,59.75,62.55,moderate,-7.55,7.45,adiastatic,0.8361,5,TRADEMARK_HIT,SIMILARITY_MODERATE,,dodulastatin,0.0,0.733,0.894,1.0,1.0,0.731,0.036,HMG-CoA reductase inhibitor,generic,-statin,crowded,False,,
palistatin,False,grammar,4,61.23,67.34,moderate,-12.34,2.66,palmitamine,0.8983,4,TRADEMARK_HIT,SIMILARITY_MODERATE,,palistatin,0.0,0.6,0.879,1.0,1.0,0.998,0.278,HMG-CoA reductase inhibitor,generic,-statin,crowded,False,,
ampestatin,False,grammar,4,59.19,69.47,moderate,-14.47,0.53,amphetamine,0.8448,4,TRADEMARK_HIT,SIMILARITY_MODERATE,,ampestatin,0.0,0.6,0.854,1.0,1.0,0.998,0.036,HMG-CoA reductase inhibitor,generic,-statin,crowded,False,,
losastatin,False,grammar,4,59.32,83.42,high,-28.42,-13.42,lovastatin,0.7804,4,SIMILARITY_TOO_HIGH|TRADEMARK_HIT,,,losastatin,0.0,0.6,0.879,1.0,1.0,0.998,0.004,HMG-CoA reductase inhibitor,generic,-statin,crowded,False,,
eeristatin,False,grammar,4,67.29,72.65,high,-17.65,-2.65,myristamine,0.6849,4,SIMILARITY_TOO_HIGH|TRADEMARK_HIT,,,eeristatin,0.0,1.0,0.879,1.0,1.0,0.998,0.0,HMG-CoA reductase inhibitor,generic,-statin,crowded,False,,
pamustatin,False,grammar,4,59.29,64.68,moderate,-9.68,5.32,sunstation,0.8273,4,TRADEMARK_HIT,SIMILARITY_MODERATE,,pamustatin,0.0,0.6,0.879,1.0,1.0,0.998,0.001,HMG-CoA reductase inhibitor,generic,-statin,crowded,False,,
ceszizostatin,True,grammar,4,63.41,58.44,moderate,-3.44,11.56,cifostodine,0.6464,5,,SIMILARITY_MODERATE,,ceszizostatin,0.0,1.0,0.869,1.0,1.0,0.624,0.0,HMG-CoA reductase inhibitor,generic,-statin,crowded,True,,
setlistatin,False,grammar,4,60.15,65.02,moderate,-10.02,4.98,replicating,0.7174,4,TRADEMARK_HIT,SIMILARITY_MODERATE,,setlistatin,0.0,0.68,0.854,1.0,1.0,0.952,0.01,HMG-CoA reductase inhibitor,generic,-statin,crowded,False,,
pevoristatin,True,grammar,4,59.54,67.29,moderate,-12.29,2.71,telotristat,0.7269,5,,SIMILARITY_MODERATE,,pevoristatin,0.0,0.733,0.894,1.0,1.0,0.731,0.007,HMG-CoA reductase inhibitor,generic,-statin,crowded,False,,
hozistatin,False,grammar,4,67.29,65.33,moderate,-10.33,4.67,histamine,0.6207,4,TRADEMARK_HIT,SIMILARITY_MODERATE,,hozistatin,0.0,1.0,0.879,1.0,1.0,0.998,0.0,HMG-CoA reductase inhibitor,generic,-statin,crowded,False,,
elustatin,False,grammar,4,67.16,66.05,moderate,-11.05,3.95,station,0.7734,4,TRADEMARK_HIT,SIMILARITY_MODERATE,,elustatin,0.0,1.0,0.879,1.0,1.0,0.983,0.003,HMG-CoA reductase inhibitor,generic,-statin,crowded,False,,
batodostatin,False,grammar,4,59.49,65.8,moderate,-10.8,4.2,bacteriostatic,0.7584,5,TRADEMARK_HIT,SIMILARITY_MODERATE,,batodostatin,0.0,0.733,0.894,1.0,1.0,0.731,0.0,HMG-CoA reductase inhibitor,generic,-statin,crowded,False,,
pozenstatin,True,ngram_guided,4,60.39,69.07,moderate,-14.07,0.93,sunstation,0.732,4,,SIMILARITY_MODERATE,,pozenstatin,0.0,0.68,0.768,1.0,1.0,0.952,0.217,HMG-CoA reductase inhibitor,generic,-statin,crowded,True,,
lipudstatin,True,ngram_guided,4,57.82,66.72,moderate,-11.72,3.28,sunstation,0.6199,4,,SIMILARITY_MODERATE,,lipudstatin,0.0,0.45,0.768,1.0,1.0,0.952,0.507,HMG-CoA reductase inhibitor,generic,-statin,crowded,False,,
pumpstatin,False,ngram_guided,4,50.71,70.42,high,-15.42,-0.42,sunstation,0.5351,3,SIMILARITY_TOO_HIGH|TRADEMARK_HIT,,,pumpstatin,0.0,0.6,0.574,0.65,1.0,0.873,0.013,HMG-CoA reductase inhibitor,generic,-statin,crowded,False,,
irbanistatin,False,ngram_guided,4,52.55,62.43,moderate,-7.43,7.57,vagistat,0.7049,5,TRADEMARK_HIT,SIMILARITY_MODERATE,,irbanistatin,0.0,0.3,0.869,1.0,1.0,0.731,0.295,HMG-CoA reductase inhibitor,generic,-statin,crowded,False,,
parstatin,False,ngram_guided,4,68.43,70.19,high,-15.19,-0.19,parsabiv,0.8212,3,SIMILARITY_TOO_HIGH|TRADEMARK_HIT,,,parstatin,0.0,1.0,0.742,1.0,1.0,0.858,0.636,HMG-CoA reductase inhibitor,generic,-statin,crowded,False,,
cobistatin,False,ngram_guided,4,62.72,73.33,high,-18.33,-3.33,cobicistat,0.8733,4,SIMILARITY_TOO_HIGH|TRADEMARK_HIT,,,cobistatin,0.0,0.6,0.879,1.0,1.0,0.998,0.491,HMG-CoA reductase inhibitor,generic,-statin,crowded,False,,
tezostatin,False,ngram_guided,4,61.04,64.87,moderate,-9.87,5.13,prostatone,0.7852,4,TRADEMARK_HIT,SIMILARITY_MODERATE,,tezostatin,0.0,0.6,0.879,1.0,1.0,0.998,0.25,HMG-CoA reductase inhibitor,generic,-statin,crowded,False,,
bexagamustatin,True,ngram_guided,4,50.22,62.45,moderate,-7.45,7.55,bendamustine,0.7313,6,,SIMILARITY_MODERATE,,bexagamustatin,0.0,0.4,0.904,1.0,1.0,0.309,0.211,HMG-CoA reductase inhibitor,generic,-statin,crowded,False,,
typhstatin,False,ngram_guided,4,53.1,65.92,moderate,-10.92,4.08,cystamine,0.6249,3,INTRA_STEM_TOO_CLOSE|TRADEMARK_HIT,SIMILARITY_MODERATE,,typhstatin,0.0,0.6,0.742,0.65,1.0,0.873,0.018,HMG-CoA reductase inhibitor,generic,-statin,crowded,False,,
phlorstatin,False,ngram_guided,4,46.81,70.49,high,-15.49,-0.49,phloretin,0.7852,3,SIMILARITY_TOO_HIGH|TRADEMARK_HIT,,,phlorstatin,0.0,0.45,0.485,1.0,0.53,0.828,0.752,HMG-CoA reductase inhibitor,generic,-statin,crowded,False,,
bupivekistatin,True,ngram_guided,4,54.98,57.79,moderate,-2.79,12.21,bupivicaine,0.7839,6,,SIMILARITY_MODERATE,,bupivekistatin,0.0,0.4,0.904,1.0,1.0,0.309,0.89,HMG-CoA reductase inhibitor,generic,-statin,crowded,False,,
fidastatin,False,ngram_guided,4,65.01,67.67,moderate,-12.67,2.33,adiastatic,0.8575,4,INTRA_STEM_TOO_CLOSE|TRADEMARK_HIT,SIMILARITY_MODERATE,,fidastatin,0.0,0.6,0.879,1.0,1.0,0.998,0.818,HMG-CoA reductase inhibitor,generic,-statin,crowded,False,,
fragstatin,False,ngram_guided,4,54.47,65.99,moderate,-10.99,4.01,framycetin,0.666,3,TRADEMARK_HIT,SIMILARITY_MODERATE,,fragstatin,0.0,0.6,0.596,1.0,1.0,0.873,0.056,HMG-CoA reductase inhibitor,generic,-statin,crowded,False,,
afastatin,False,ngram_guided,4,69.3,71.58,high,-16.58,-1.58,avastin,0.7689,4,SIMILARITY_TOO_HIGH|TRADEMARK_HIT,IMPLIED_CLAIM,,afastatin,0.0,1.0,0.879,1.0,1.0,0.983,0.309,HMG-CoA reductase inhibitor,generic,-statin,crowded,False,,
bleostatin,False,ngram_guided,4,57.58,72.19,high,-17.19,-2.19,gleostine,0.8181,4,SIMILARITY_TOO_HIGH|TRADEMARK_HIT,,,bleostatin,0.0,0.6,0.733,1.0,1.0,0.998,0.048,HMG-CoA reductase inhibitor,generic,-statin,crowded,False,,
nivozenostatin,True,ngram_guided,4,57.62,65.15,moderate,-10.15,4.85,ozenoxacin,0.7349,6,,SIMILARITY_MODERATE,,nivozenostatin,0.0,0.6,0.904,1.0,1.0,0.309,0.695,HMG-CoA reductase inhibitor,generic,-statin,crowded,False,,
denstatin,False,ngram_guided,4,70.28,76.55,high,-21.55,-6.55,sunstation,0.8543,3,SIMILARITY_TOO_HIGH|TRADEMARK_HIT,,,denstatin,0.0,1.0,0.742,1.0,1.0,0.858,0.902,HMG-CoA reductase inhibitor,generic,-statin,crowded,False,,
brotustatin,False,ngram_guided,4,65.1,66.14,moderate,-11.14,3.86,daprodustat,0.8774,4,TRADEMARK_HIT,SIMILARITY_MODERATE,,brotustatin,0.0,0.68,0.733,1.0,1.0,0.952,0.958,HMG-CoA reductase inhibitor,generic,-statin,crowded,False,,
deslistatin,False,ngram_guided,4,64.4,66.53,moderate,-11.53,3.47,desloratadine,0.8097,4,TRADEMARK_HIT,SIMILARITY_MODERATE,,deslistatin,0.0,0.68,0.733,1.0,1.0,0.952,0.859,HMG-CoA reductase inhibitor,generic,-statin,crowded,False,,
sofpirstatin,True,ngram_guided,4,53.63,59.1,moderate,-4.1,10.9,pertactin,0.6725,4,,SIMILARITY_MODERATE,,sofpirstatin,0.0,0.3,0.768,1.0,1.0,0.862,0.466,HMG-CoA reductase inhibitor,generic,-statin,crowded,False,,
butstatin,False,ngram_guided,4,68.27,72.07,high,-17.07,-2.07,sunstation,0.6695,3,SIMILARITY_TOO_HIGH|TRADEMARK_HIT,,,butstatin,0.0,1.0,0.742,1.0,1.0,0.858,0.614,HMG-CoA reductase inhibitor,generic,-statin,crowded,False,,
efistatin,False,ngram_guided,4,67.28,71.89,high,-16.89,-1.89,cisplatin,0.7841,4,SIMILARITY_TOO_HIGH|TRADEMARK_HIT,,,efistatin,0.0,1.0,0.879,1.0,1.0,0.983,0.02,HMG-CoA reductase inhibitor,generic,-statin,crowded,False,,
somastatin,False,ngram_guided,4,64.8,71.67,high,-16.67,-1.67,somatostatin,0.8448,4,SIMILARITY_TOO_HIGH|TRADEMARK_HIT,,,somastatin,0.0,0.6,0.879,1.0,1.0,0.998,0.788,HMG-CoA reductase inhibitor,generic,-statin,crowded,False,,
decstatin,False,ngram_guided+refined,4,64.14,71.26,high,-16.26,-1.26,decitabine,0.6363,3,SIMILARITY_TOO_HIGH|TRADEMARK_HIT,,denstatin,denstatin -> decstatin,0.0,1.0,0.742,1.0,1.0,0.858,0.025,HMG-CoA reductase inhibitor,generic,-statin,crowded,False,,
defstatin,False,ngram_guided+refined,4,64.23,69.25,moderate,-14.25,0.75,decitabine,0.6805,3,INTRA_STEM_TOO_CLOSE|TRADEMARK_HIT,SIMILARITY_MODERATE,denstatin,denstatin -> decstatin -> defstatin,0.0,1.0,0.742,1.0,1.0,0.858,0.036,HMG-CoA reductase inhibitor,generic,-statin,crowded,False,,
dufstatin,False,ngram_guided+refined,4,63.97,70.55,high,-15.55,-0.55,sunstation,0.6052,3,SIMILARITY_TOO_HIGH|INTRA_STEM_TOO_CLOSE|TRADEMARK_HIT,,denstatin,denstatin -> decstatin -> defstatin -> dufstatin,0.0,1.0,0.742,1.0,1.0,0.858,0.0,HMG-CoA reductase inhibitor,generic,-statin,crowded,False,,
awastatin,False,ngram_guided+refined,4,67.13,70.0,high,-15.0,0.0,anastatica,0.6809,4,SIMILARITY_TOO_HIGH|TRADEMARK_HIT,,afastatin,afastatin -> awastatin,0.0,1.0,0.879,1.0,1.0,0.983,0.0,HMG-CoA reductase inhibitor,generic,-statin,crowded,False,,
panstatin,False,ngram_guided+refined,4,69.05,75.17,high,-20.17,-5.17,sunstation,0.841,3,SIMILARITY_TOO_HIGH|TRADEMARK_HIT,,parstatin,parstatin -> panstatin,0.0,1.0,0.742,1.0,1.0,0.858,0.725,HMG-CoA reductase inhibitor,generic,-statin,crowded,False,,
zanstatin,False,ngram_guided+refined,4,68.43,76.31,high,-21.31,-6.31,sunstation,0.7403,3,SIMILARITY_TOO_HIGH|TRADEMARK_HIT,,parstatin,parstatin -> panstatin -> zanstatin,0.0,1.0,0.742,1.0,1.0,0.858,0.637,HMG-CoA reductase inhibitor,generic,-statin,crowded,False,,
zasstatin,False,ngram_guided+refined,4,61.72,67.46,moderate,-12.46,2.54,station,0.6466,3,TRADEMARK_HIT,SIMILARITY_MODERATE,parstatin,parstatin -> panstatin -> zanstatin -> zasstatin,0.0,1.0,0.742,0.75,1.0,0.858,0.0,HMG-CoA reductase inhibitor,generic,-statin,crowded,False,,
lutstatin,False,ngram_guided+refined,4,64.64,71.31,high,-16.31,-1.31,sunstation,0.6267,3,SIMILARITY_TOO_HIGH|TRADEMARK_HIT,,butstatin,butstatin -> lutstatin,0.0,1.0,0.742,1.0,1.0,0.858,0.095,HMG-CoA reductase inhibitor,generic,-statin,crowded,False,,
latstatin,False,ngram_guided+refined,4,63.98,67.69,moderate,-12.69,2.31,lactated,0.7143,3,INTRA_STEM_TOO_CLOSE|TRADEMARK_HIT,SIMILARITY_MODERATE,butstatin,butstatin -> lutstatin -> latstatin,0.0,1.0,0.742,1.0,1.0,0.858,0.001,HMG-CoA reductase inhibitor,generic,-statin,crowded,False,,
lotstatin,False,ngram_guided+refined,4,63.98,64.32,moderate,-9.32,5.68,station,0.6851,3,TRADEMARK_HIT,SIMILARITY_MODERATE,butstatin,butstatin -> lutstatin -> latstatin -> lotstatin,0.0,1.0,0.742,1.0,1.0,0.858,0.001,HMG-CoA reductase inhibitor,generic,-statin,crowded,False,,
eoristatin,False,grammar+refined,4,66.18,70.92,high,-15.92,-0.92,irritation,0.6597,5,SIMILARITY_TOO_HIGH|TRADEMARK_HIT,,eeristatin,eeristatin -> eoristatin,0.0,1.0,0.894,1.0,1.0,0.867,0.0,HMG-CoA reductase inhibitor,generic,-statin,crowded,False,,
ooristatin,False,grammar+refined,4,67.29,74.33,high,-19.33,-4.33,uristat,0.6312,4,SIMILARITY_TOO_HIGH|TRADEMARK_HIT,,eeristatin,eeristatin -> eoristatin -> ooristatin,0.0,1.0,0.879,1.0,1.0,0.998,0.0,HMG-CoA reductase inhibitor,generic,-statin,crowded,False,,
hizistatin,False,grammar+refined,4,59.29,66.72,moderate,-11.72,3.28,histamine,0.7211,4,TRADEMARK_HIT,SIMILARITY_MODERATE,hozistatin,hozistatin -> hizistatin,0.0,0.6,0.879,1.0,1.0,0.998,0.0,HMG-CoA reductase inhibitor,generic,-statin,crowded,False,,
higistatin,False,grammar+refined,4,67.29,66.72,moderate,-11.72,3.28,histamine,0.6684,4,TRADEMARK_HIT,SIMILARITY_MODERATE,hozistatin,hozistatin -> hizistatin -> higistatin,0.0,1.0,0.879,1.0,1.0,0.998,0.0,HMG-CoA reductase inhibitor,generic,-statin,crowded,False,,
hogistatin,False,grammar+refined,4,67.29,65.33,moderate,-10.33,4.67,histamine,0.6476,4,TRADEMARK_HIT,SIMILARITY_MODERATE,hozistatin,hozistatin -> hizistatin -> higistatin -> hogistatin,0.0,1.0,0.879,1.0,1.0,0.998,0.0,HMG-CoA reductase inhibitor,generic,-statin,crowded,False,,
eristatin,False,ngram_guided+refined,4,71.21,75.36,high,-20.36,-5.36,aristata,0.8689,4,SIMILARITY_TOO_HIGH|TRADEMARK_HIT,,efistatin,efistatin -> eristatin,0.0,1.0,0.879,1.0,1.0,0.983,0.582,HMG-CoA reductase inhibitor,generic,-statin,crowded,False,,
eyistatin,False,ngram_guided+refined,4,67.13,69.51,moderate,-14.51,0.49,station,0.6736,4,INTRA_STEM_TOO_CLOSE|TRADEMARK_HIT,SIMILARITY_MODERATE,efistatin,efistatin -> eristatin -> eyistatin,0.0,1.0,0.879,1.0,1.0,0.983,0.0,HMG-CoA reductase inhibitor,generic,-statin,crowded,False,,
ebistatin,False,ngram_guided+refined,4,67.13,67.44,moderate,-12.44,2.56,pistacia,0.7622,4,INTRA_STEM_TOO_CLOSE|TRADEMARK_HIT,SIMILARITY_MODERATE,efistatin,efistatin -> eristatin -> eyistatin -> ebistatin,0.0,1.0,0.879,1.0,1.0,0.983,0.0,HMG-CoA reductase inhibitor,generic,-statin,crowded,False,,
emustatin,False,grammar+refined,4,67.14,68.36,moderate,-13.36,1.64,muscadine,0.7894,4,INTRA_STEM_TOO_CLOSE|TRADEMARK_HIT,SIMILARITY_MODERATE,elustatin,elustatin -> emustatin,0.0,1.0,0.879,1.0,1.0,0.983,0.001,HMG-CoA reductase inhibitor,generic,-statin,crowded,False,,
ejustatin,False,grammar+refined,4,67.13,66.05,moderate,-11.05,3.95,station,0.7123,4,INTRA_STEM_TOO_CLOSE|TRADEMARK_HIT,SIMILARITY_MODERATE,elustatin,elustatin -> emustatin -> ejustatin,0.0,1.0,0.879,1.0,1.0,0.983,0.0,HMG-CoA reductase inhibitor,generic,-statin,crowded,False,,
egustatin,False,grammar+refined,4,67.13,68.81,moderate,-13.81,1.19,angustata,0.7083,4,INTRA_STEM_TOO_CLOSE|TRADEMARK_HIT,SIMILARITY_MODERATE,elustatin,elustatin -> emustatin -> ejustatin -> egustatin,0.0,1.0,0.879,1.0,1.0,0.983,0.0,HMG-CoA reductase inhibitor,generic,-statin,crowded,False,,
epecycline,False,grammar,1,66.37,64.42,moderate,-9.42,5.58,bencyclane,0.9195,4,INTRA_STEM_TOO_CLOSE|TRADEMARK_HIT,SIMILARITY_MODERATE,,epecycline,0.0,1.0,0.813,1.0,1.0,0.998,0.001,tetracycline antibacterial,generic,-cycline,crowded,False,,
ziviecycline,False,grammar,1,58.6,62.18,moderate,-7.18,7.82,viabecline,0.6191,4,INTRA_STEM_TOO_CLOSE|TRADEMARK_HIT,SIMILARITY_MODERATE,,ziviecycline,0.0,0.68,0.813,1.0,1.0,0.862,0.0,tetracycline antibacterial,generic,-cycline,crowded,False,,
gasalducycline,True,grammar,1,57.46,54.83,low,0.17,15.17,palbociclib,0.7306,5,,,,gasalducycline,0.007,0.771,0.828,1.0,1.0,0.527,0.0,tetracycline antibacterial,generic,-cycline,crowded,False,,
itecycline,False,grammar,1,66.36,63.9,moderate,-8.9,6.1,citicoline,0.8572,4,INTRA_STEM_TOO_CLOSE|TRADEMARK_HIT,SIMILARITY_MODERATE,,itecycline,0.0,1.0,0.813,1.0,1.0,0.998,0.0,tetracycline antibacterial,generic,-cycline,crowded,False,,
udacycline,False,grammar,1,66.36,63.05,moderate,-8.05,6.95,zydaclin,0.6892,4,INTRA_STEM_TOO_CLOSE|TRADEMARK_HIT,SIMILARITY_MODERATE,,udacycline,0.0,1.0,0.813,1.0,1.0,0.998,0.0,tetracycline antibacterial,generic,-cycline,crowded,False,,
udicycline,False,grammar,1,66.36,71.14,high,-16.14,-1.14,dicyclomine,0.7326,4,SIMILARITY_TOO_HIGH|TRADEMARK_HIT,,,udicycline,0.0,1.0,0.813,1.0,1.0,0.998,0.0,tetracycline antibacterial,generic,-cycline,crowded,False,,
griozlacycline,True,grammar,1,60.04,61.97,moderate,-6.97,8.03,trilaciclib,0.6238,5,,SIMILARITY_MODERATE,,griozlacycline,0.0,1.0,0.698,1.0,1.0,0.527,0.0,tetracycline antibacterial,generic,-cycline,crowded,False,,
elacycline,False,grammar,1,72.67,62.52,moderate,-7.52,7.48,aceclidine,0.9251,4,INTRA_STEM_TOO_CLOSE|TRADEMARK_HIT,SIMILARITY_MODERATE,,elacycline,0.0,1.0,0.813,1.0,1.0,0.998,0.902,tetracycline antibacterial,generic,-cycline,crowded,False,,
maclacycline,False,grammar,1,58.19,73.77,high,-18.77,-3.77,meclocycline,0.8822,4,SIMILARITY_TOO_HIGH|INTRA_STEM_TOO_CLOSE|TRADEMARK_HIT,,,maclacycline,0.0,0.68,0.692,1.0,1.0,0.862,0.183,tetracycline antibacterial,generic,-cycline,crowded,False,,
adacycline,False,grammar,1,66.57,67.8,moderate,-12.8,2.2,adapalene,0.898,4,INTRA_STEM_TOO_CLOSE|TRADEMARK_HIT,SIMILARITY_MODERATE,,adacycline,0.0,1.0,0.813,1.0,1.0,0.998,0.03,tetracycline antibacterial,generic,-cycline,crowded,False,,
metacycline,False,grammar,1,63.99,79.62,high,-24.62,-9.62,methacycline,0.9728,4,SIMILARITY_TOO_HIGH|INTRA_STEM_TOO_CLOSE|TRADEMARK_HIT,,,metacycline,0.0,0.6,0.813,1.0,1.0,0.952,0.87,tetracycline antibacterial,generic,-cycline,crowded,False,,
fiturocycline,False,grammar,1,57.56,63.09,moderate,-8.09,6.91,procyclidine,0.8753,5,TRADEMARK_HIT,SIMILARITY_MODERATE,,fiturocycline,0.0,0.733,0.828,1.0,1.0,0.624,0.009,tetracycline antibacterial,generic,-cycline,crowded,False,,
pefmidecycline,False,grammar,1,57.49,56.79,moderate,-1.79,13.21,pentifylline,0.884,5,TRADEMARK_HIT,SIMILARITY_MODERATE,,pefmidecycline,0.0,0.771,0.828,1.0,1.0,0.527,0.028,tetracycline antibacterial,generic,-cycline,crowded,False,,
cixacycline,False,grammar,1,65.91,61.0,moderate,-6.0,9.0,hexocyclium,0.8296,4,INTRA_STEM_TOO_CLOSE|TRADEMARK_HIT,SIMILARITY_MODERATE,,cixacycline,0.0,1.0,0.813,1.0,1.0,0.952,0.001,tetracycline antibacterial,generic,-cycline,crowded,False,,
dintucycline,False,grammar,1,58.65,62.27,moderate,-7.27,7.73,pentifylline,0.7742,4,INTRA_STEM_TOO_CLOSE|TRADEMARK_HIT,SIMILARITY_MODERATE,,dintucycline,0.0,0.68,0.813,1.0,1.0,0.862,0.006,tetracycline antibacterial,generic,-cycline,crowded,False,,
gixecycline,False,grammar,1,65.91,62.0,moderate,-7.0,8.0,hexocyclium,0.7263,4,INTRA_STEM_TOO_CLOSE|TRADEMARK_HIT,SIMILARITY_MODERATE,,gixecycline,0.0,1.0,0.813,1.0,1.0,0.952,0.0,tetracycline antibacterial,generic,-cycline,crowded,False,,
riticycline,False,grammar,1,58.38,69.16,moderate,-14.16,0.84,citicoline,0.9143,4,TRADEMARK_HIT,SIMILARITY_MODERATE,,riticycline,0.0,0.6,0.813,1.0,1.0,0.952,0.068,tetracycline antibacterial,generic,-cycline,crowded,False,,
efelacycline,False,grammar,1,57.5,59.57,moderate,-4.57,10.43,azelastine,0.8395,5,TRADEMARK_HIT,SIMILARITY_MODERATE,,efelacycline,0.0,0.68,0.828,1.0,1.0,0.731,0.0,tetracycline antibacterial,generic,-cycline,crowded,False,,
cevodricycline,True,grammar,1,55.81,59.87,moderate,-4.87,10.13,theodrenaline,0.7886,5,,SIMILARITY_MODERATE,,cevodricycline,0.0,0.771,0.722,1.0,1.0,0.527,0.0,tetracycline antibacterial,generic,-cycline,crowded,False,,
pactocycline,False,grammar,1,58.99,61.65,moderate,-6.65,8.35,achyrocline,0.9497,4,INTRA_STEM_TOO_CLOSE,SIMILARITY_MODERATE,,pactocycline,0.0,0.68,0.813,1.0,1.0,0.862,0.056,tetracycline antibacterial,generic,-cycline,crowded,False,,
amicycline,False,grammar,1,68.8,72.09,high,-17.09,-2.09,aminacrine,0.978,4,SIMILARITY_TOO_HIGH|INTRA_STEM_TOO_CLOSE|TRADEMARK_HIT,,,amicycline,0.0,1.0,0.813,1.0,1.0,0.998,0.349,tetracycline antibacterial,generic,-cycline,crowded,False,,
uticycline,False,grammar,1,66.36,67.68,moderate,-12.68,2.32,citicoline,0.8768,4,INTRA_STEM_TOO_CLOSE|TRADEMARK_HIT,SIMILARITY_MODERATE,,uticycline,0.0,1.0,0.813,1.0,1.0,0.998,0.0,tetracycline antibacterial,generic,-cycline,crowded,False,,
eracycline,False,grammar,1,68.93,63.61,moderate,-8.61,6.39,eravacycline,0.9256,4,INTRA_STEM_TOO_CLOSE|TRADEMARK_HIT,SIMILARITY_MODERATE,,eracycline,0.0,1.0,0.813,1.0,1.0,0.998,0.367,tetracycline antibacterial,generic,-cycline,crowded,False,,
abacycline,False,grammar,1,69.42,64.86,moderate,-9.86,5.14,viabecline,0.9205,4,INTRA_STEM_TOO_CLOSE|TRADEMARK_HIT,SIMILARITY_MODERATE,,abacycline,0.0,1.0,0.813,1.0,1.0,0.998,0.437,tetracycline antibacterial,generic,-cycline,crowded,False,,
ropentocycline,False,ngram_guided,1,43.57,78.9,high,-23.9,-8.9,propentofylline,0.9414,5,SIMILARITY_TOO_HIGH,,,ropentocycline,0.0,0.15,0.828,1.0,0.53,0.527,0.889,tetracycline antibacterial,generic,-cycline,crowded,False,,
biccycline,False,ngram_guided,1,63.75,67.69,moderate,-12.69,2.31,bencyclane,0.7022,3,INTRA_STEM_TOO_CLOSE|TRADEMARK_HIT,SIMILARITY_MODERATE,,biccycline,0.0,1.0,0.788,0.75,1.0,0.873,0.177,tetracycline antibacterial,generic,-cycline,crowded,False,,
carbicycline,False,ngram_guided,1,48.88,66.41,moderate,-11.41,3.59,carbocysteine,0.9784,4,INTRA_STEM_TOO_CLOSE,SIMILARITY_MODERATE,,carbicycline,0.0,0.45,0.813,1.0,0.53,0.862,0.342,tetracycline antibacterial,generic,-cycline,crowded,False,,
pirlocycline,False,ngram_guided,1,64.3,66.76,moderate,-11.76,3.24,procyclidine,0.909,4,INTRA_STEM_TOO_CLOSE|TRADEMARK_HIT,SIMILARITY_MODERATE,,pirlocycline,0.0,0.68,0.813,1.0,1.0,0.862,0.814,tetracycline antibacterial,generic,-cycline,crowded,False,,
trandocycline,False,ngram_guided,1,50.17,61.7,moderate,-6.7,8.3,istradefylline,0.9676,4,TRADEMARK_HIT,SIMILARITY_MODERATE,,trandocycline,0.0,0.3,0.667,1.0,1.0,0.755,0.325,tetracycline antibacterial,generic,-cycline,crowded,False,,
spesocycline,False,ngram_guided,1,55.67,62.85,moderate,-7.85,7.15,procyclidine,0.8975,4,TRADEMARK_HIT,SIMILARITY_MODERATE,,spesocycline,0.0,0.45,0.692,1.0,1.0,0.862,0.48,tetracycline antibacterial,generic,-cycline,crowded,False,,
obelidrcycline,True,ngram_guided,1,52.89,56.52,moderate,-1.52,13.48,bencyclane,0.6589,5,,SIMILARITY_MODERATE,,obelidrcycline,0.0,0.564,0.768,1.0,1.0,0.527,0.083,tetracycline antibacterial,generic,-cycline,crowded,False,,
epliccycline,False,ngram_guided,1,51.73,60.24,moderate,-5.24,9.76,replicating,0.667,4,INTRA_STEM_TOO_CLOSE,SIMILARITY_MODERATE,,epliccycline,0.0,0.45,0.692,0.75,1.0,0.862,0.238,tetracycline antibacterial,generic,-cycline,crowded,False,,
bevabecycline,True,ngram_guided,1,54.38,65.24,moderate,-10.24,4.76,viabecline,0.8134,5,,SIMILARITY_MODERATE,,bevabecycline,0.0,0.517,0.828,1.0,1.0,0.624,0.173,tetracycline antibacterial,generic,-cycline,crowded,False,,
chlorcycline,False,ngram_guided,1,42.59,81.11,high,-26.11,-11.11,chlorcyclizine,0.9698,3,SIMILARITY_TOO_HIGH|INTRA_STEM_TOO_CLOSE,,,chlorcycline,0.0,0.45,0.53,1.0,0.53,0.737,0.187,tetracycline antibacterial,generic,-cycline,crowded,False,,
moexidcycline,False,ngram_guided,1,58.51,64.65,moderate,-9.65,5.35,moxidectin,0.6855,5,INTRA_STEM_TOO_CLOSE|TRADEMARK_HIT,SIMILARITY_MODERATE,,moexidcycline,0.0,0.517,0.828,1.0,1.0,0.624,0.764,tetracycline antibacterial,generic,-cycline,crowded,False,,
difetcycline,False,ngram_guided,1,60.46,64.6,moderate,-9.6,5.4,ditetracycline,0.7313,4,INTRA_STEM_TOO_CLOSE|TRADEMARK_HIT,SIMILARITY_MODERATE,,difetcycline,0.0,0.45,0.813,1.0,1.0,0.862,0.923,tetracycline antibacterial,generic,-cycline,crowded,False,,
dicarfilcycline,True,ngram_guided,1,48.06,61.67,moderate,-6.67,8.33,ticarcillin,0.824,5,,SIMILARITY_MODERATE,,dicarfilcycline,0.0,0.4,0.828,1.0,0.53,0.456,0.919,tetracycline antibacterial,generic,-cycline,crowded,False,,
ondacycline,False,ngram_guided,1,58.99,62.58,moderate,-7.58,7.42,antazoline,0.779,4,INTRA_STEM_TOO_CLOSE|TRADEMARK_HIT,SIMILARITY_MODERATE,,ondacycline,0.0,0.6,0.813,1.0,1.0,0.952,0.155,tetracycline antibacterial,generic,-cycline,crowded,False,,
sulfacycline,False,ngram_guided,1,52.27,80.03,high,-25.03,-10.03,sulfacytine,0.9892,4,SIMILARITY_TOO_HIGH|TRADEMARK_HIT,,,sulfacycline,0.0,0.45,0.813,1.0,0.53,0.862,0.827,tetracycline antibacterial,generic,-cycline,crowded,False,,
pimadalocycline,False,ngram_guided,1,61.42,56.75,moderate,-1.75,13.25,omadacycline,0.8294,6,TRADEMARK_HIT,SIMILARITY_MODERATE,,pimadalocycline,0.0,0.8,0.838,1.0,1.0,0.237,0.902,tetracycline antibacterial,generic,-cycline,crowded,False,,
saprcycline,False,ngram_guided,1,55.21,63.65,moderate,-8.65,6.35,procyclidine,0.7271,3,INTRA_STEM_TOO_CLOSE|TRADEMARK_HIT,SIMILARITY_MODERATE,,saprcycline,0.0,0.6,0.687,1.0,1.0,0.828,0.045,tetracycline antibacterial,generic,-cycline,crowded,False,,
capsaicycline,True,ngram_guided,1,56.1,68.69,moderate,-13.69,1.31,capsaicin,0.85,4,,SIMILARITY_MODERATE,,capsaicycline,0.0,0.3,0.813,1.0,1.0,0.755,0.881,tetracycline antibacterial,generic,-cycline,crowded,False,,
flucycline,False,ngram_guided,1,64.2,72.89,high,-17.89,-2.89,fluciclovine,0.9503,3,SIMILARITY_TOO_HIGH|TRADEMARK_HIT,,,flucycline,0.0,1.0,0.642,1.0,1.0,0.873,0.212,tetracycline antibacterial,generic,-cycline,crowded,False,,
levobicycline,True,ngram_guided,1,49.26,66.04,moderate,-11.04,3.96,levobupivacaine,0.9212,5,,SIMILARITY_MODERATE,,levobicycline,0.0,0.517,0.828,1.0,0.53,0.624,0.515,tetracycline antibacterial,generic,-cycline,crowded,False,,
abeparacycline,False,ngram_guided,1,53.3,60.89,moderate,-5.89,9.11,abemaciclib,0.8575,6,INTRA_STEM_TOO_CLOSE|TRADEMARK_HIT,SIMILARITY_MODERATE,,abeparacycline,0.0,0.357,0.838,1.0,1.0,0.309,0.905,tetracycline antibacterial,generic,-cycline,crowded,False,,
bicicycline,False,ngram_guided,1,63.03,66.37,moderate,-11.37,3.63,citicoline,0.9118,4,INTRA_STEM_TOO_CLOSE|TRADEMARK_HIT,SIMILARITY_MODERATE,,bicicycline,0.0,0.6,0.813,1.0,1.0,0.952,0.732,tetracycline antibacterial,generic,-cycline,crowded,False,,
amitocycline,False,ngram_guided,1,59.63,69.04,moderate,-14.04,0.96,amitryptline,0.9655,5,INTRA_STEM_TOO_CLOSE|TRADEMARK_HIT,SIMILARITY_MODERATE,,amitocycline,0.0,0.45,0.828,1.0,1.0,0.731,0.96,tetracycline antibacterial,generic,-cycline,crowded,False,,
evacycline,False,grammar+refined,1,66.36,67.04,moderate,-12.04,2.96,evoclin,0.8759,4,INTRA_STEM_TOO_CLOSE|TRADEMARK_HIT,SIMILARITY_MODERATE,elacycline,elacycline -> evacycline,0.0,1.0,0.813,1.0,1.0,0.998,0.0,tetracycline antibacterial,generic,-cycline,crowded,False,,
ezacycline,False,grammar+refined,1,66.36,65.17,moderate,-10.17,4.83,viabecline,0.8069,4,INTRA_STEM_TOO_CLOSE|TRADEMARK_HIT,SIMILARITY_MODERATE,elacycline,elacycline -> evacycline -> ezacycline,0.0,1.0,0.813,1.0,1.0,0.998,0.0,tetracycline antibacterial,generic,-cycline,crowded,False,,
efacycline,False,grammar+refined,1,66.5,63.89,moderate,-8.89,6.11,viabecline,0.894,4,INTRA_STEM_TOO_CLOSE|TRADEMARK_HIT,SIMILARITY_MODERATE,elacycline,elacycline -> evacycline -> ezacycline -> efacycline,0.0,1.0,0.813,1.0,1.0,0.998,0.02,tetracycline antibacterial,generic,-cycline,crowded,False,,
akacycline,False,grammar+refined,1,66.36,64.17,moderate,-9.17,5.83,achyrocline,0.7633,4,INTRA_STEM_TOO_CLOSE|TRADEMARK_HIT,SIMILARITY_MODERATE,abacycline,abacycline -> akacycline,0.0,1.0,0.813,1.0,1.0,0.998,0.0,tetracycline antibacterial,generic,-cycline,crowded,False,,
agacycline,False,grammar+refined,1,66.37,62.52,moderate,-7.52,7.48,aceclidine,0.8275,4,INTRA_STEM_TOO_CLOSE,SIMILARITY_MODERATE,abacycline,abacycline -> akacycline -> agacycline,0.0,1.0,0.813,1.0,1.0,0.998,0.001,tetracycline antibacterial,generic,-cycline,crowded,False,,
amacycline,False,grammar+refined,1,66.5,70.55,high,-15.55,-0.55,amsacrine,0.928,4,SIMILARITY_TOO_HIGH|INTRA_STEM_TOO_CLOSE|TRADEMARK_HIT,,abacycline,abacycline -> akacycline -> agacycline -> amacycline,0.0,1.0,0.813,1.0,1.0,0.998,0.02,tetracycline antibacterial,generic,-cycline,crowded,False,,
ewacycline,False,grammar+refined,1,66.36,65.2,moderate,-10.2,4.8,aceclidine,0.6353,4,INTRA_STEM_TOO_CLOSE|TRADEMARK_HIT,SIMILARITY_MODERATE,eracycline,eracycline -> ewacycline,0.0,1.0,0.813,1.0,1.0,0.998,0.0,tetracycline antibacterial,generic,-cycline,crowded,False,,
emacycline,False,grammar+refined,1,68.51,66.73,moderate,-11.73,3.27,methacholine,0.8911,4,INTRA_STEM_TOO_CLOSE|TRADEMARK_HIT,SIMILARITY_MODERATE,eracycline,eracycline -> ewacycline -> emacycline,0.0,1.0,0.813,1.0,1.0,0.998,0.307,tetracycline antibacterial,generic,-cycline,crowded,False,,
amucycline,False,grammar+refined,1,66.36,69.16,moderate,-14.16,0.84,amsacrine,0.8336,4,INTRA_STEM_TOO_CLOSE|TRADEMARK_HIT,SIMILARITY_MODERATE,amicycline,amicycline -> amucycline,0.0,1.0,0.813,1.0,1.0,0.998,0.0,tetracycline antibacterial,generic,-cycline,crowded,False,,
anucycline,False,grammar+refined,1,66.38,64.17,moderate,-9.17,5.83,bencyclane,0.8331,4,INTRA_STEM_TOO_CLOSE|TRADEMARK_HIT,SIMILARITY_MODERATE,amicycline,amicycline -> amucycline -> anucycline,0.0,1.0,0.813,1.0,1.0,0.998,0.003,tetracycline antibacterial,generic,-cycline,crowded,False,,
atucycline,True,grammar+refined,1,66.41,65.52,moderate,-10.52,4.48,achyrocline,0.7699,4,,SIMILARITY_MODERATE,amicycline,amicycline -> amucycline -> anucycline -> atucycline,0.0,1.0,0.813,1.0,1.0,0.998,0.007,tetracycline antibacterial,generic,-cycline,crowded,True,,
aqacycline,False,grammar+refined,1,66.36,67.5,moderate,-12.5,2.5,aceclidine,0.714,4,INTRA_STEM_TOO_CLOSE|TRADEMARK_HIT,SIMILARITY_MODERATE,adacycline,adacycline -> aqacycline,0.0,1.0,0.813,1.0,1.0,0.998,0.0,tetracycline antibacterial,generic,-cycline,crowded,False,,
execycline,False,grammar+refined,1,66.45,69.4,moderate,-14.4,0.6,hexocyclium,0.8963,4,INTRA_STEM_TOO_CLOSE|TRADEMARK_HIT,SIMILARITY_MODERATE,epecycline,epecycline -> execycline,0.0,1.0,0.813,1.0,1.0,0.998,0.013,tetracycline antibacterial,generic,-cycline,crowded,False,,
emecycline,False,grammar+refined,1,66.63,65.9,moderate,-10.9,4.1,methacholine,0.9278,4,INTRA_STEM_TOO_CLOSE|TRADEMARK_HIT,SIMILARITY_MODERATE,epecycline,epecycline -> execycline -> emecycline,0.0,1.0,0.813,1.0,1.0,0.998,0.038,tetracycline antibacterial,generic,-cycline,crowded,False,,
ececycline,False,grammar+refined,1,66.36,69.46,moderate,-14.46,0.54,acefylline,0.8563,4,INTRA_STEM_TOO_CLOSE|TRADEMARK_HIT,SIMILARITY_MODERATE,epecycline,epecycline -> execycline -> emecycline -> ececycline,0.0,1.0,0.813,1.0,1.0,0.998,0.0,tetracycline antibacterial,generic,-cycline,crowded,False,,
ijecycline,False,grammar+refined,1,66.36,63.4,moderate,-8.4,6.6,bencyclane,0.8102,4,INTRA_STEM_TOO_CLOSE|TRADEMARK_HIT,SIMILARITY_MODERATE,itecycline,itecycline -> ijecycline,0.0,1.0,0.813,1.0,1.0,0.998,0.0,tetracycline antibacterial,generic,-cycline,crowded,False,,
iyecycline,False,grammar+refined,1,64.0,65.54,moderate,-10.54,4.46,eyesaline,0.5256,5,INTRA_STEM_TOO_CLOSE|TRADEMARK_HIT,SIMILARITY_MODERATE,itecycline,itecycline -> ijecycline -> iyecycline,0.0,1.0,0.738,1.0,1.0,0.867,0.0,tetracycline antibacterial,generic,-cycline,crowded,False,,
ivecycline,False,grammar+refined,1,66.36,64.58,moderate,-9.58,5.42,evoclin,0.9237,4,INTRA_STEM_TOO_CLOSE|TRADEMARK_HIT,SIMILARITY_MODERATE,itecycline,itecycline -> ijecycline -> iyecycline -> ivecycline,0.0,1.0,0.813,1.0,1.0,0.998,0.0,tetracycline antibacterial,generic,-cycline,crowded,False,,
utacycline,False,grammar+refined,1,66.36,62.52,moderate,-7.52,7.48,aceclidine,0.8415,4,INTRA_STEM_TOO_CLOSE|TRADEMARK_HIT,SIMILARITY_MODERATE,udacycline,udacycline -> utacycline,0.0,1.0,0.813,1.0,1.0,0.998,0.0,tetracycline antibacterial,generic,-cycline,crowded,False,,
uracycline,False,grammar+refined,1,66.36,63.46,moderate,-8.46,6.54,rasagiline,0.9238,4,INTRA_STEM_TOO_CLOSE|TRADEMARK_HIT,SIMILARITY_MODERATE,udacycline,udacycline -> utacycline -> uracycline,0.0,1.0,0.813,1.0,1.0,0.998,0.0,tetracycline antibacterial,generic,-cycline,crowded,False,,
uzacycline,False,grammar+refined,1,66.36,65.17,moderate,-10.17,4.83,viabecline,0.6579,4,INTRA_STEM_TOO_CLOSE|TRADEMARK_HIT,SIMILARITY_MODERATE,udacycline,udacycline -> utacycline -> uracycline -> uzacycline,0.0,1.0,0.813,1.0,1.0,0.998,0.0,tetracycline antibacterial,generic,-cycline,crowded,False,,
eloplicycline,True,grammar,2,56.21,59.47,moderate,-4.47,10.53,lomifylline,0.8194,5,,SIMILARITY_MODERATE,,eloplicycline,0.0,0.733,0.722,1.0,1.0,0.624,0.028,tetracycline antibacterial,generic,-cycline,crowded,False,,
deducycline,False,grammar,2,65.93,68.25,moderate,-13.25,1.75,bencyclane,0.7273,4,TRADEMARK_HIT,SIMILARITY_MODERATE,,deducycline,0.0,1.0,0.813,1.0,1.0,0.952,0.003,tetracycline antibacterial,generic,-cycline,crowded,False,,
orguducycline,True,grammar,2,65.45,52.28,low,2.72,17.72,dicyclomine,0.6039,5,,,,orguducycline,0.109,1.0,0.828,1.0,1.0,0.624,0.0,tetracycline antibacterial,generic,-cycline,crowded,True,,
axodacycline,False,grammar,2,63.9,58.44,moderate,-3.44,11.56,hexocyclium,0.7544,5,TRADEMARK_HIT,SIMILARITY_MODERATE,,axodacycline,0.0,1.0,0.828,1.0,1.0,0.731,0.0,tetracycline antibacterial,generic,-cycline,crowded,False,,
imecycline,False,grammar,2,70.03,65.9,moderate,-10.9,4.1,methacholine,0.9546,4,INTRA_STEM_TOO_CLOSE|TRADEMARK_HIT,SIMILARITY_MODERATE,,imecycline,0.0,1.0,0.813,1.0,1.0,0.998,0.524,tetracycline antibacterial,generic,-cycline,crowded,False,,
liticycline,False,grammar,2,57.91,69.16,moderate,-14.16,0.84,citicoline,0.9286,4,INTRA_STEM_TOO_CLOSE|TRADEMARK_HIT,SIMILARITY_MODERATE,,liticycline,0.0,0.6,0.813,1.0,1.0,0.952,0.001,tetracycline antibacterial,generic,-cycline,crowded,False,,
pilacycline,False,grammar,2,65.97,67.4,moderate,-12.4,2.6,trilaciclib,0.9196,4,INTRA_STEM_TOO_CLOSE|TRADEMARK_HIT,SIMILARITY_MODERATE,,pilacycline,0.0,1.0,0.813,1.0,1.0,0.952,0.01,tetracycline antibacterial,generic,-cycline,crowded,False,,
cibucycline,False,grammar,2,65.99,62.94,moderate,-7.94,7.06,citicoline,0.7405,4,INTRA_STEM_TOO_CLOSE|TRADEMARK_HIT,SIMILARITY_MODERATE,,cibucycline,0.0,1.0,0.813,1.0,1.0,0.952,0.012,tetracycline antibacterial,generic,-cycline,crowded,False,,
umucycline,False,grammar,2,66.36,63.53,moderate,-8.53,6.47,mucilin,0.7102,4,INTRA_STEM_TOO_CLOSE|TRADEMARK_HIT,SIMILARITY_MODERATE,,umucycline,0.0,1.0,0.813,1.0,1.0,0.998,0.0,tetracycline antibacterial,generic,-cycline,crowded,False,,
adecycline,False,grammar,2,66.42,67.96,moderate,-12.96,2.04,decylene,0.9824,4,INTRA_STEM_TOO_CLOSE|TRADEMARK_HIT,SIMILARITY_MODERATE,,adecycline,0.0,1.0,0.813,1.0,1.0,0.998,0.009,tetracycline antibacterial,generic,-cycline,crowded,False,,
lomacycline,False,grammar,2,60.78,70.09,high,-15.09,-0.09,clomocycline,0.8876,4,SIMILARITY_TOO_HIGH|INTRA_STEM_TOO_CLOSE,,,lomacycline,0.0,0.6,0.813,1.0,1.0,0.952,0.411,tetracycline antibacterial,generic,-cycline,crowded,False,,
nacucycline,False,grammar,2,57.91,64.99,moderate,-9.99,5.01,achyrocline,0.7632,4,TRADEMARK_HIT,SIMILARITY_MODERATE,,nacucycline,0.0,0.6,0.813,1.0,1.0,0.952,0.0,tetracycline antibacterial,generic,-cycline,crowded,False,,
arecycline,False,grammar,2,66.38,72.45,high,-17.45,-2.45,sarecycline,0.9482,4,SIMILARITY_TOO_HIGH|INTRA_STEM_TOO_CLOSE|TRADEMARK_HIT,,,arecycline,0.0,1.0,0.813,1.0,1.0,0.998,0.003,tetracycline antibacterial,generic,-cycline,crowded,False,,
pocecycline,False,grammar,2,57.93,62.74,moderate,-7.74,7.26,acefylline,0.8713,4,INTRA_STEM_TOO_CLOSE|TRADEMARK_HIT,SIMILARITY_MODERATE,,pocecycline,0.0,0.6,0.813,1.0,1.0,0.952,0.003,tetracycline antibacterial,generic,-cycline,crowded,False,,
sozithucycline,True,grammar,2,58.68,53.56,low,1.44,16.44,citicoline,0.668,5,,,,sozithucycline,0.058,0.771,0.828,1.0,1.0,0.527,0.0,tetracycline antibacterial,generic,-cycline,crowded,False,,
piothecycline,False,grammar,2,57.51,62.61,moderate,-7.61,7.39,phosphocholine,0.8903,5,INTRA_STEM_TOO_CLOSE,SIMILARITY_MODERATE,,piothecycline,0.0,0.733,0.828,1.0,1.0,0.624,0.001,tetracycline antibacterial,generic,-cycline,crowded,False,,
ticicycline,False,grammar,2,58.22,66.37,moderate,-11.37,3.63,citicoline,0.913,4,INTRA_STEM_TOO_CLOSE|TRADEMARK_HIT,SIMILARITY_MODERATE,,ticicycline,0.0,0.6,0.813,1.0,1.0,0.952,0.045,tetracycline antibacterial,generic,-cycline,crowded,False,,
ehetacycline,False,grammar,2,57.5,70.17,high,-15.17,-0.17,hetacillin,0.7764,5,SIMILARITY_TOO_HIGH|INTRA_STEM_TOO_CLOSE|TRADEMARK_HIT,,,ehetacycline,0.0,0.68,0.828,1.0,1.0,0.731,0.0,tetracycline antibacterial,generic,-cycline,crowded,False,,
praxocycline,False,grammar,2,57.25,64.74,moderate,-9.74,5.26,procyclidine,0.901,4,TRADEMARK_HIT,SIMILARITY_MODERATE,,praxocycline,0.0,0.68,0.692,1.0,1.0,0.862,0.049,tetracycline antibacterial,generic,-cycline,crowded,False,,
enacycline,False,grammar,2,72.86,70.35,high,-15.35,-0.35,bencyclane,0.8984,4,SIMILARITY_TOO_HIGH|INTRA_STEM_TOO_CLOSE|TRADEMARK_HIT,,,enacycline,0.0,1.0,0.813,1.0,1.0,0.998,0.928,tetracycline antibacterial,generic,-cycline,crowded,False,,
zelcicycline,True,grammar,2,58.6,64.39,moderate,-9.39,5.61,zalcitabine,0.7313,4,,SIMILARITY_MODERATE,,zelcicycline,0.0,0.68,0.813,1.0,1.0,0.862,0.0,tetracycline antibacterial,generic,-cycline,crowded,False,,
onicycline,False,grammar,2,66.36,68.53,moderate,-13.53,1.47,nicergoline,0.9128,4,INTRA_STEM_TOO_CLOSE|TRADEMARK_HIT,SIMILARITY_MODERATE,,onicycline,0.0,1.0,0.813,1.0,1.0,0.998,0.0,tetracycline antibacterial,generic,-cycline,crowded,False,,
acicycline,False,grammar,2,71.92,72.9,high,-17.9,-2.9,achyrocline,0.9447,4,SIMILARITY_TOO_HIGH|TRADEMARK_HIT,,,acicycline,0.0,1.0,0.813,1.0,1.0,0.998,0.794,tetracycline antibacterial,generic,-cycline,crowded,False,,
oracycline,False,grammar,2,66.38,63.46,moderate,-8.46,6.54,rasagiline,0.9199,4,INTRA_STEM_TOO_CLOSE|TRADEMARK_HIT,SIMILARITY_MODERATE,,oracycline,0.0,1.0,0.813,1.0,1.0,0.998,0.003,tetracycline antibacterial,generic,-cycline,crowded,False,,
celecycline,False,ngram_guided,2,63.42,67.56,moderate,-12.56,2.44,selegiline,0.9436,4,INTRA_STEM_TOO_CLOSE|TRADEMARK_HIT,SIMILARITY_MODERATE,,celecycline,0.0,0.6,0.813,1.0,1.0,0.952,0.787,tetracycline antibacterial,generic,-cycline,crowded,False,,
tovobelacycline,True,ngram_guided,2,61.96,52.71,low,2.29,17.29,tolazoline,0.7999,6,,,,tovobelacycline,0.092,0.8,0.838,1.0,1.0,0.237,0.665,tetracycline antibacterial,generic,-cycline,crowded,False,,
sebecycline,False,ngram_guided,2,63.49,64.64,moderate,-9.64,5.36,bencyclane,0.9074,4,INTRA_STEM_TOO_CLOSE|TRADEMARK_HIT,SIMILARITY_MODERATE,,sebecycline,0.0,0.6,0.813,1.0,1.0,0.952,0.798,tetracycline antibacterial,generic,-cycline,crowded,False,,
vasocycline,False,ngram_guided,2,59.09,64.2,moderate,-9.2,5.8,varenicline,0.9113,4,INTRA_STEM_TOO_CLOSE|TRADEMARK_HIT,SIMILARITY_MODERATE,,vasocycline,0.0,0.6,0.813,1.0,1.0,0.952,0.169,tetracycline antibacterial,generic,-cycline,crowded,False,,
synthcycline,False,ngram_guided,2,40.52,62.39,moderate,-7.39,7.61,bencyclane,0.753,3,TRADEMARK_HIT,SIMILARITY_MODERATE,,synthcycline,0.0,0.45,0.687,0.65,0.53,0.737,0.028,tetracycline antibacterial,generic,-cycline,crowded,False,,
zalkcycline,True,ngram_guided,2,60.94,64.65,moderate,-9.65,5.35,alkaline,0.6925,3,,SIMILARITY_MODERATE,,zalkcycline,0.0,0.6,0.687,1.0,1.0,0.828,0.864,tetracycline antibacterial,generic,-cycline,crowded,False,,
palcycline,False,ngram_guided,2,70.26,63.04,moderate,-8.04,6.96,alkaline,0.9751,3,INTRA_STEM_TOO_CLOSE,SIMILARITY_MODERATE,,palcycline,0.0,1.0,0.788,1.0,1.0,0.873,0.785,tetracycline antibacterial,generic,-cycline,crowded,False,,
tofecycline,False,ngram_guided,2,63.57,62.74,moderate,-7.74,7.26,etofylline,0.9155,4,INTRA_STEM_TOO_CLOSE|TRADEMARK_HIT,SIMILARITY_MODERATE,,tofecycline,0.0,0.6,0.813,1.0,1.0,0.952,0.809,tetracycline antibacterial,generic,-cycline,crowded,False,,
selacycline,False,ngram_guided,2,64.16,64.61,moderate,-9.61,5.39,sulfacytine,0.9302,4,INTRA_STEM_TOO_CLOSE|TRADEMARK_HIT,SIMILARITY_MODERATE,,selacycline,0.0,0.6,0.813,1.0,1.0,0.952,0.894,tetracycline antibacterial,generic,-cycline,crowded,False,,
defibacycline,False,ngram_guided,2,59.82,57.81,moderate,-2.81,12.19,methacholine,0.8917,5,TRADEMARK_HIT,SIMILARITY_MODERATE,,defibacycline,0.0,0.517,0.828,1.0,1.0,0.624,0.951,tetracycline antibacterial,generic,-cycline,crowded,False,,
parvocycline,False,ngram_guided,2,55.29,66.9,moderate,-11.9,3.1,procyclidine,0.9446,4,INTRA_STEM_TOO_CLOSE,SIMILARITY_MODERATE,,parvocycline,0.0,0.45,0.813,1.0,1.0,0.862,0.184,tetracycline antibacterial,generic,-cycline,crowded,False,,
dulcycline,False,ngram_guided,2,67.01,63.02,moderate,-8.02,6.98,bencyclane,0.9289,3,TRADEMARK_HIT,SIMILARITY_MODERATE,,dulcycline,0.0,1.0,0.788,1.0,1.0,0.873,0.321,tetracycline antibacterial,generic,-cycline,crowded,False,,
plutcycline,True,ngram_guided,2,55.32,61.58,moderate,-6.58,8.42,procyclidine,0.7372,3,,SIMILARITY_MODERATE,,plutcycline,0.0,0.6,0.642,1.0,1.0,0.828,0.151,tetracycline antibacterial,generic,-cycline,crowded,False,,
dapivocycline,False,ngram_guided,2,63.29,62.03,moderate,-7.03,7.97,pizotyline,0.8656,5,TRADEMARK_HIT,SIMILARITY_MODERATE,,dapivocycline,0.0,0.733,0.828,1.0,1.0,0.624,0.827,tetracycline antibacterial,generic,-cycline,crowded,False,,
tricycline,False,ngram_guided,2,64.11,70.59,high,-15.59,-0.59,tridacaine,0.9892,3,SIMILARITY_TOO_HIGH|INTRA_STEM_TOO_CLOSE|TRADEMARK_HIT,,,tricycline,0.0,1.0,0.642,1.0,1.0,0.873,0.2,tetracycline antibacterial,generic,-cycline,crowded,False,,
amocycline,False,ngram_guided,2,69.46,69.16,moderate,-14.16,0.84,amsacrine,0.9415,4,INTRA_STEM_TOO_CLOSE|TRADEMARK_HIT,SIMILARITY_MODERATE,,amocycline,0.0,1.0,0.813,1.0,1.0,0.998,0.443,tetracycline antibacterial,generic,-cycline,crowded,False,,
capmacycline,False,ngram_guided,2,60.1,61.93,moderate,-6.93,8.07,abemaciclib,0.852,4,TRADEMARK_HIT,SIMILARITY_MODERATE,,capmacycline,0.0,0.45,0.813,1.0,1.0,0.862,0.872,tetracycline antibacterial,generic,-cycline,crowded,False,,
natumcycline,True,ngram_guided,2,57.11,63.45,moderate,-8.45,6.55,natamycin,0.8244,4,,SIMILARITY_MODERATE,,natumcycline,0.0,0.45,0.813,1.0,1.0,0.862,0.444,tetracycline antibacterial,generic,-cycline,crowded,False,,
atazocycline,False,ngram_guided,2,63.6,63.34,moderate,-8.34,6.66,antazoline,0.8968,5,TRADEMARK_HIT,SIMILARITY_MODERATE,,atazocycline,0.0,0.68,0.828,1.0,1.0,0.731,0.872,tetracycline antibacterial,generic,-cycline,crowded,False,,
obiocycline,False,ngram_guided,2,57.16,62.25,moderate,-7.25,7.75,bencyclane,0.8911,5,INTRA_STEM_TOO_CLOSE|TRADEMARK_HIT,SIMILARITY_MODERATE,,obiocycline,0.0,0.6,0.828,1.0,1.0,0.821,0.05,tetracycline antibacterial,generic,-cycline,crowded,False,,
euonycycline,False,ngram_guided,2,49.95,59.8,moderate,-4.8,10.2,bencyclane,0.6574,5,TRADEMARK_HIT,SIMILARITY_MODERATE,,euonycycline,0.0,0.45,0.828,0.65,1.0,0.731,0.029,tetracycline antibacterial,generic,-cycline,crowded,False,,
risecycline,False,ngram_guided,2,63.77,63.96,moderate,-8.96,6.04,ribociclib,0.8874,4,INTRA_STEM_TOO_CLOSE|TRADEMARK_HIT,SIMILARITY_MODERATE,,risecycline,0.0,0.6,0.813,1.0,1.0,0.952,0.837,tetracycline antibacterial,generic,-cycline,crowded,False,,
alfacycline,True,ngram_guided,2,61.28,66.88,moderate,-11.88,3.12,sulfacytine,0.9273,4,,SIMILARITY_MODERATE,,alfacycline,0.0,0.6,0.813,1.0,1.0,0.952,0.482,tetracycline antibacterial,generic,-cycline,crowded,False,,
ertazocycline,True,ngram_guided,2,62.29,60.21,moderate,-5.21,9.79,procyclidine,0.8813,5,,SIMILARITY_MODERATE,,ertazocycline,0.0,0.733,0.828,1.0,1.0,0.624,0.684,tetracycline antibacterial,generic,-cycline,crowded,False,,
unacycline,False,grammar+refined,2,66.36,63.4,moderate,-8.4,6.6,bencyclane,0.8772,4,INTRA_STEM_TOO_CLOSE|TRADEMARK_HIT,SIMILARITY_MODERATE,enacycline,enacycline -> unacycline,0.0,1.0,0.813,1.0,1.0,0.998,0.0,tetracycline antibacterial,generic,-cycline,crowded,False,,
ujacycline,True,grammar+refined,2,66.36,63.26,moderate,-8.26,6.74,viabecline,0.7275,4,,SIMILARITY_MODERATE,enacycline,enacycline -> unacycline -> ujacycline,0.0,1.0,0.813,1.0,1.0,0.998,0.0,tetracycline antibacterial,generic,-cycline,crowded,True,,
acocycline,False,grammar+refined,2,66.44,67.74,moderate,-12.74,2.26,achyrocline,0.9624,4,INTRA_STEM_TOO_CLOSE|TRADEMARK_HIT,SIMILARITY_MODERATE,acicycline,acicycline -> acocycline,0.0,1.0,0.813,1.0,1.0,0.998,0.012,tetracycline antibacterial,generic,-cycline,crowded,False,,
anocycline,False,grammar+refined,2,66.54,64.17,moderate,-9.17,5.83,bencyclane,0.9614,4,INTRA_STEM_TOO_CLOSE|TRADEMARK_HIT,SIMILARITY_MODERATE,acicycline,acicycline -> acocycline -> anocycline,0.0,1.0,0.813,1.0,1.0,0.998,0.026,tetracycline antibacterial,generic,-cycline,crowded,False,,
pulcycline,True,ngram_guided+refined,2,64.76,62.24,moderate,-7.24,7.76,bencyclane,0.9378,3,,SIMILARITY_MODERATE,palcycline,palcycline -> pulcycline,0.0,1.0,0.788,1.0,1.0,0.873,0.0,tetracycline antibacterial,generic,-cycline,crowded,True,,
atocycline,False,ngram_guided+refined,2,71.89,69.46,moderate,-14.46,0.54,etofylline,0.9095,4,INTRA_STEM_TOO_CLOSE|TRADEMARK_HIT,SIMILARITY_MODERATE,amocycline,amocycline -> atocycline,0.0,1.0,0.813,1.0,1.0,0.998,0.79,tetracycline antibacterial,generic,-cycline,crowded,False,,
alocycline,False,ngram_guided+refined,2,73.08,63.06,moderate,-8.06,6.94,procyclidine,0.9538,4,INTRA_STEM_TOO_CLOSE|TRADEMARK_HIT,SIMILARITY_MODERATE,amocycline,amocycline -> atocycline -> alocycline,0.0,1.0,0.813,1.0,1.0,0.998,0.959,tetracycline antibacterial,generic,-cycline,crowded,False,,
awocycline,False,ngram_guided+refined,2,66.36,65.32,moderate,-10.32,4.68,evoclin,0.6196,4,INTRA_STEM_TOO_CLOSE|TRADEMARK_HIT,SIMILARITY_MODERATE,amocycline,amocycline -> atocycline -> alocycline -> awocycline,0.0,1.0,0.813,1.0,1.0,0.998,0.0,tetracycline antibacterial,generic,-cycline,crowded,False,,
delcycline,False,ngram_guided+refined,2,67.13,68.79,moderate,-13.79,1.21,bencyclane,0.8575,3,TRADEMARK_HIT,SIMILARITY_MODERATE,dulcycline,dulcycline -> delcycline,0.0,1.0,0.788,1.0,1.0,0.873,0.339,tetracycline antibacterial,generic,-cycline,crowded,False,,
dolcycline,False,ngram_guided+refined,2,64.83,66.65,moderate,-11.65,3.35,tolciclate,0.9224,3,TRADEMARK_HIT,SIMILARITY_MODERATE,dulcycline,dulcycline -> delcycline -> dolcycline,0.0,1.0,0.788,1.0,1.0,0.873,0.01,tetracycline antibacterial,generic,-cycline,crowded,False,,
acecycline,False,grammar+refined,2,69.15,75.94,high,-20.94,-5.94,acefylline,0.9549,4,SIMILARITY_TOO_HIGH|INTRA_STEM_TOO_CLOSE|TRADEMARK_HIT,,adecycline,adecycline -> acecycline,0.0,1.0,0.813,1.0,1.0,0.998,0.398,tetracycline antibacterial,generic,-cycline,crowded,False,,
orecycline,False,grammar+refined,2,66.36,65.8,moderate,-10.8,4.2,precyclemone,0.9434,4,INTRA_STEM_TOO_CLOSE|TRADEMARK_HIT,SIMILARITY_MODERATE,arecycline,arecycline -> orecycline,0.0,1.0,0.813,1.0,1.0,0.998,0.0,tetracycline antibacterial,generic,-cycline,crowded,False,,
okecycline,False,grammar+refined,2,66.36,63.19,moderate,-8.19,6.81,evoclin,0.7505,4,INTRA_STEM_TOO_CLOSE|TRADEMARK_HIT,SIMILARITY_MODERATE,arecycline,arecycline -> orecycline -> okecycline,0.0,1.0,0.813,1.0,1.0,0.998,0.0,tetracycline antibacterial,generic,-cycline,crowded,False,,
ojecycline,False,grammar+refined,2,66.36,63.4,moderate,-8.4,6.6,bencyclane,0.6909,4,INTRA_STEM_TOO_CLOSE|TRADEMARK_HIT,SIMILARITY_MODERATE,arecycline,arecycline -> orecycline -> okecycline -> ojecycline,0.0,1.0,0.813,1.0,1.0,0.998,0.0,tetracycline antibacterial,generic,-cycline,crowded,False,,
axokocycline,False,grammar,3,63.9,59.58,moderate,-4.58,10.42,hexocyclium,0.7079,5,INTRA_STEM_TOO_CLOSE,SIMILARITY_MODERATE,,axokocycline,0.0,1.0,0.828,1.0,1.0,0.731,0.0,tetracycline antibacterial,generic,-cycline,crowded,False,,
notocycline,False,grammar,3,57.91,63.6,moderate,-8.6,6.4,etofylline,0.892,4,INTRA_STEM_TOO_CLOSE|TRADEMARK_HIT,SIMILARITY_MODERATE,,notocycline,0.0,0.6,0.813,1.0,1.0,0.952,0.0,tetracycline antibacterial,generic,-cycline,crowded,False,,
seelicycline,True,grammar,3,58.65,60.05,moderate,-5.05,9.95,salicylid,0.8557,4,,SIMILARITY_MODERATE,,seelicycline,0.0,0.68,0.813,1.0,1.0,0.862,0.006,tetracycline antibacterial,generic,-cycline,crowded,False,,
ixexacycline,False,grammar,3,63.91,62.12,moderate,-7.12,7.88,hexocyclium,0.7385,5,TRADEMARK_HIT,SIMILARITY_MODERATE,,ixexacycline,0.0,1.0,0.828,1.0,1.0,0.731,0.001,tetracycline antibacterial,generic,-cycline,crowded,False,,
belocycline,False,grammar,3,66.73,67.21,moderate,-12.21,2.79,bencyclane,0.9317,4,INTRA_STEM_TOO_CLOSE|TRADEMARK_HIT,SIMILARITY_MODERATE,,belocycline,0.0,1.0,0.813,1.0,1.0,0.952,0.118,tetracycline antibacterial,generic,-cycline,crowded,False,,
pizulocycline,False,grammar,3,62.84,62.12,moderate,-7.12,7.88,pizotyline,0.8551,5,TRADEMARK_HIT,SIMILARITY_MODERATE,,pizulocycline,0.0,1.0,0.828,1.0,1.0,0.624,0.001,tetracycline antibacterial,generic,-cycline,crowded,False,,
doxacycline,False,grammar,3,61.82,84.03,high,-29.03,-14.03,doxycycline,0.9413,4,SIMILARITY_TOO_HIGH|INTRA_STEM_TOO_CLOSE|TRADEMARK_HIT,,,doxacycline,0.0,0.6,0.813,1.0,1.0,0.952,0.559,tetracycline antibacterial,generic,-cycline,crowded,False,,
lotopicycline,True,grammar,3,57.6,58.24,moderate,-3.24,11.76,topicaine,0.8649,5,,SIMILARITY_MODERATE,,lotopicycline,0.0,0.733,0.828,1.0,1.0,0.624,0.014,tetracycline antibacterial,generic,-cycline,crowded,False,,
pafomicycline,True,grammar,3,57.55,59.79,moderate,-4.79,10.21,lomifylline,0.8361,5,,SIMILARITY_MODERATE,,pafomicycline,0.0,0.733,0.828,1.0,1.0,0.624,0.007,tetracycline antibacterial,generic,-cycline,crowded,False,,
asicycline,False,grammar,3,66.36,66.0,moderate,-11.0,4.0,achyrocline,0.9097,4,INTRA_STEM_TOO_CLOSE|TRADEMARK_HIT,SIMILARITY_MODERATE,,asicycline,0.0,1.0,0.813,1.0,1.0,0.998,0.0,tetracycline antibacterial,generic,-cycline,crowded,False,,
avecycline,False,grammar,3,66.54,67.44,moderate,-12.44,2.56,acefylline,0.9567,4,INTRA_STEM_TOO_CLOSE,SIMILARITY_MODERATE,,avecycline,0.0,1.0,0.813,1.0,1.0,0.998,0.026,tetracycline antibacterial,generic,-cycline,crowded,False,,
cectececycline,True,grammar,3,57.3,56.95,moderate,-1.95,13.05,extencilline,0.7723,5,,SIMILARITY_MODERATE,,cectececycline,0.0,0.771,0.828,1.0,1.0,0.527,0.0,tetracycline antibacterial,generic,-cycline,crowded,False,,
iorvecycline,False,grammar,3,57.5,57.96,moderate,-2.96,12.04,viabecline,0.8257,5,INTRA_STEM_TOO_CLOSE,SIMILARITY_MODERATE,,iorvecycline,0.0,0.68,0.828,1.0,1.0,0.731,0.0,tetracycline antibacterial,generic,-cycline,crowded,False,,
otacycline,False,grammar,3,66.36,63.57,moderate,-8.57,6.43,oxacillin,0.8077,4,INTRA_STEM_TOO_CLOSE|TRADEMARK_HIT,SIMILARITY_MODERATE,,otacycline,0.0,1.0,0.813,1.0,1.0,0.998,0.0,tetracycline antibacterial,generic,-cycline,crowded,False,,
tofobicycline,True,grammar,3,57.99,54.51,low,0.49,15.49,novobiocin,0.8234,5,,,,tofobicycline,0.02,0.733,0.828,1.0,1.0,0.624,0.003,tetracycline antibacterial,generic,-cycline,crowded,False,,
omixicycline,False,grammar,3,57.5,63.78,moderate,-8.78,6.22,amoxicillin,0.7949,5,INTRA_STEM_TOO_CLOSE|TRADEMARK_HIT,SIMILARITY_MODERATE,,omixicycline,0.0,0.68,0.828,1.0,1.0,0.731,0.0,tetracycline antibacterial,generic,-cycline,crowded,False,,
ninzicycline,False,grammar,3,58.6,61.34,moderate,-6.34,8.66,bencyclane,0.7133,4,INTRA_STEM_TOO_CLOSE|TRADEMARK_HIT,SIMILARITY_MODERATE,,ninzicycline,0.0,0.68,0.813,1.0,1.0,0.862,0.0,tetracycline antibacterial,generic,-cycline,crowded,False,,
opicycline,False,grammar,3,66.37,64.74,moderate,-9.74,5.26,ropivacaine,0.8975,4,INTRA_STEM_TOO_CLOSE|TRADEMARK_HIT,SIMILARITY_MODERATE,,opicycline,0.0,1.0,0.813,1.0,1.0,0.998,0.001,tetracycline antibacterial,generic,-cycline,crowded,False,,
centibocycline,False,grammar,3,53.2,63.26,moderate,-8.26,6.74,pentifylline,0.8841,5,TRADEMARK_HIT,SIMILARITY_MODERATE,,centibocycline,0.0,0.564,0.828,1.0,1.0,0.527,0.006,tetracycline antibacterial,generic,-cycline,crowded,False,,
usicycline,False,grammar,3,66.36,65.64,moderate,-10.64,4.36,dicyclomine,0.7754,4,TRADEMARK_HIT,SIMILARITY_MODERATE,,usicycline,0.0,1.0,0.813,1.0,1.0,0.998,0.0,tetracycline antibacterial,generic,-cycline,crowded,False,,
bovoxocycline,False,grammar,3,57.5,60.6,moderate,-5.6,9.4,hexocyclium,0.818,5,INTRA_STEM_TOO_CLOSE|TRADEMARK_HIT,SIMILARITY_MODERATE,,bovoxocycline,0.0,0.733,0.828,1.0,1.0,0.624,0.0,tetracycline antibacterial,generic,-cycline,crowded,False,,
evicycline,False,grammar,3,67.38,67.41,moderate,-12.41,2.59,viabecline,0.906,4,TRADEMARK_HIT,SIMILARITY_MODERATE,,evicycline,0.0,1.0,0.813,1.0,1.0,0.998,0.145,tetracycline antibacterial,generic,-cycline,crowded,False,,
detocycline,False,grammar,3,58.02,69.46,moderate,-14.46,0.54,etofylline,0.9024,4,INTRA_STEM_TOO_CLOSE|TRADEMARK_HIT,SIMILARITY_MODERATE,,detocycline,0.0,0.6,0.813,1.0,1.0,0.952,0.016,tetracycline antibacterial,generic,-cycline,crowded,False,,
rosocycline,False,grammar,3,58.15,64.47,moderate,-9.47,5.53,rosoxacin,0.8936,4,INTRA_STEM_TOO_CLOSE|TRADEMARK_HIT,SIMILARITY_MODERATE,,rosocycline,0.0,0.6,0.813,1.0,1.0,0.952,0.034,tetracycline antibacterial,generic,-cycline,crowded,False,,
olmecycline,False,ngram_guided,3,61.29,60.99,moderate,-5.99,9.01,methacholine,0.8707,4,INTRA_STEM_TOO_CLOSE|TRADEMARK_HIT,SIMILARITY_MODERATE,,olmecycline,0.0,0.6,0.813,1.0,1.0,0.952,0.483,tetracycline antibacterial,generic,-cycline,crowded,False,,
avepegacycline,True,ngram_guided,3,49.12,56.01,moderate,-1.01,13.99,abemaciclib,0.7256,6,,SIMILARITY_MODERATE,,avepegacycline,0.0,0.357,0.838,1.0,1.0,0.309,0.307,tetracycline antibacterial,generic,-cycline,crowded,False,,
pumpcycline,True,ngram_guided,3,54.98,62.43,moderate,-7.43,7.57,bencyclane,0.6384,3,,SIMILARITY_MODERATE,,pumpcycline,0.0,0.6,0.687,1.0,1.0,0.828,0.013,tetracycline antibacterial,generic,-cycline,crowded,False,,
brencycline,False,ngram_guided,3,57.41,76.91,high,-21.91,-6.91,bencyclane,0.8848,3,SIMILARITY_TOO_HIGH|INTRA_STEM_TOO_CLOSE|TRADEMARK_HIT,,,brencycline,0.0,0.6,0.642,1.0,1.0,0.828,0.45,tetracycline antibacterial,generic,-cycline,crowded,False,,
napecycline,False,ngram_guided,3,59.58,64.92,moderate,-9.92,5.08,naphazoline,0.9316,4,INTRA_STEM_TOO_CLOSE|TRADEMARK_HIT,SIMILARITY_MODERATE,,napecycline,0.0,0.6,0.813,1.0,1.0,0.952,0.24,tetracycline antibacterial,generic,-cycline,crowded,False,,
capacycline,False,ngram_guided,3,61.41,60.37,moderate,-5.37,9.63,coastline,0.9282,4,INTRA_STEM_TOO_CLOSE|TRADEMARK_HIT,SIMILARITY_MODERATE,,capacycline,0.0,0.6,0.813,1.0,1.0,0.952,0.5,tetracycline antibacterial,generic,-cycline,crowded,False,,
pelcycline,False,ngram_guided,3,65.95,68.01,moderate,-13.01,1.99,bencyclane,0.864,3,TRADEMARK_HIT,SIMILARITY_MODERATE,,pelcycline,0.0,1.0,0.788,1.0,1.0,0.873,0.17,tetracycline antibacterial,generic,-cycline,crowded,False,,
verocycline,False,ngram_guided,3,59.97,67.9,moderate,-12.9,2.1,procyclidine,0.9685,4,INTRA_STEM_TOO_CLOSE|TRADEMARK_HIT,SIMILARITY_MODERATE,,verocycline,0.0,0.6,0.813,1.0,1.0,0.952,0.295,tetracycline antibacterial,generic,-cycline,crowded,False,,
zuracycline,False,ngram_guided,3,58.0,61.11,moderate,-6.11,8.89,zuranolone,0.8468,4,INTRA_STEM_TOO_CLOSE|TRADEMARK_HIT,SIMILARITY_MODERATE,,zuracycline,0.0,0.6,0.813,1.0,1.0,0.952,0.013,tetracycline antibacterial,generic,-cycline,crowded,False,,
chocycline,False,ngram_guided,3,65.22,68.04,moderate,-13.04,1.96,achyrocline,0.9688,3,INTRA_STEM_TOO_CLOSE|TRADEMARK_HIT,SIMILARITY_MODERATE,,chocycline,0.0,1.0,0.788,1.0,1.0,0.873,0.065,tetracycline antibacterial,generic,-cycline,crowded,False,,
obicycline,False,ngram_guided,3,66.5,66.43,moderate,-11.43,3.57,dicyclomine,0.9018,4,TRADEMARK_HIT,SIMILARITY_MODERATE,,obicycline,0.0,1.0,0.813,1.0,1.0,0.998,0.02,tetracycline antibacterial,generic,-cycline,crowded,False,,
fosfotcycline,True,ngram_guided,3,58.89,63.14,moderate,-8.14,6.86,fosfomycin,0.6806,4,,SIMILARITY_MODERATE,,fosfotcycline,0.0,0.517,0.692,1.0,1.0,0.755,0.902,tetracycline antibacterial,generic,-cycline,crowded,False,,
afamcycline,True,ngram_guided,3,59.86,65.58,moderate,-10.58,4.42,amsacrine,0.7021,4,,SIMILARITY_MODERATE,,afamcycline,0.0,0.6,0.813,1.0,1.0,0.952,0.279,tetracycline antibacterial,generic,-cycline,crowded,False,,
laurdimcycline,True,ngram_guided,3,48.93,58.79,moderate,-3.79,11.21,laurdimonium,0.709,4,,SIMILARITY_MODERATE,,laurdimcycline,0.0,0.15,0.813,1.0,1.0,0.659,0.422,tetracycline antibacterial,generic,-cycline,crowded,False,,
tafacycline,False,ngram_guided,3,62.46,61.09,moderate,-6.09,8.91,tafenoquine,0.8387,4,INTRA_STEM_TOO_CLOSE|TRADEMARK_HIT,SIMILARITY_MODERATE,,tafacycline,0.0,0.6,0.813,1.0,1.0,0.952,0.65,tetracycline antibacterial,generic,-cycline,crowded,False,,
hypepcycline,True,ngram_guided,3,63.78,61.41,moderate,-6.41,8.59,bencyclane,0.7413,4,,SIMILARITY_MODERATE,,hypepcycline,0.0,0.68,0.702,1.0,1.0,0.862,0.963,tetracycline antibacterial,generic,-cycline,crowded,True,,
vipivekicycline,True,ngram_guided,3,51.12,54.35,low,0.65,15.65,pivampicillin,0.7802,6,,,,vipivekicycline,0.026,0.4,0.838,1.0,1.0,0.237,0.484,tetracycline antibacterial,generic,-cycline,crowded,False,,
baxdrocycline,True,ngram_guided,3,48.71,62.32,moderate,-7.32,7.68,baxdrostat,0.7834,4,,SIMILARITY_MODERATE,,baxdrocycline,0.0,0.3,0.438,1.0,1.0,0.755,0.575,tetracycline antibacterial,generic,-cycline,crowded,False,,
frunevelcycline,True,ngram_guided,3,45.46,58.87,moderate,-3.87,11.13,farnesylcysteine,0.7172,5,,SIMILARITY_MODERATE,,frunevelcycline,0.0,0.2,0.722,1.0,1.0,0.456,0.257,tetracycline antibacterial,generic,-cycline,crowded,False,,
ketcycline,False,ngram_guided,3,65.2,68.79,moderate,-13.79,1.21,bencyclane,0.7257,3,INTRA_STEM_TOO_CLOSE|TRADEMARK_HIT,SIMILARITY_MODERATE,,ketcycline,0.0,1.0,0.788,1.0,1.0,0.873,0.063,tetracycline antibacterial,generic,-cycline,crowded,False,,
otecycline,False,ngram_guided,3,66.46,63.2,moderate,-8.2,6.8,bencyclane,0.8507,4,INTRA_STEM_TOO_CLOSE|TRADEMARK_HIT,SIMILARITY_MODERATE,,otecycline,0.0,1.0,0.813,1.0,1.0,0.998,0.014,tetracycline antibacterial,generic,-cycline,crowded,False,,
sevelmancycline,True,ngram_guided,3,51.55,55.95,moderate,-0.95,14.05,bencyclane,0.7764,5,,SIMILARITY_MODERATE,,sevelmancycline,0.0,0.4,0.828,1.0,1.0,0.456,0.343,tetracycline antibacterial,generic,-cycline,crowded,False,,
marcycline,False,ngram_guided,3,70.58,66.73,moderate,-11.73,3.27,morpholine,0.9163,3,INTRA_STEM_TOO_CLOSE|TRADEMARK_HIT,SIMILARITY_MODERATE,,marcycline,0.0,1.0,0.788,1.0,1.0,0.873,0.832,tetracycline antibacterial,generic,-cycline,crowded,False,,
thiscycline,False,ngram_guided,3,62.95,61.32,moderate,-6.32,8.68,phosphocholine,0.8822,3,INTRA_STEM_TOO_CLOSE|TRADEMARK_HIT,SIMILARITY_MODERATE,,thiscycline,0.0,0.6,0.788,1.0,1.0,0.828,0.949,tetracycline antibacterial,generic,-cycline,crowded,False,,
murcycline,False,ngram_guided+refined,3,64.76,65.35,moderate,-10.35,4.65,methacholine,0.8707,3,INTRA_STEM_TOO_CLOSE|TRADEMARK_HIT,SIMILARITY_MODERATE,marcycline,marcycline -> murcycline,0.0,1.0,0.788,1.0,1.0,0.873,0.0,tetracycline antibacterial,generic,-cycline,crowded,False,,
mircycline,False,ngram_guided+refined,3,65.14,65.35,moderate,-10.35,4.65,methacholine,0.795,3,INTRA_STEM_TOO_CLOSE|TRADEMARK_HIT,SIMILARITY_MODERATE,marcycline,marcycline -> murcycline -> mircycline,0.0,1.0,0.788,1.0,1.0,0.873,0.054,tetracycline antibacterial,generic,-cycline,crowded,False,,
mercycline,False,ngram_guided+refined,3,67.37,69.7,moderate,-14.7,0.3,methacholine,0.9355,3,INTRA_STEM_TOO_CLOSE|TRADEMARK_HIT,SIMILARITY_MODERATE,marcycline,marcycline -> murcycline -> mircycline -> mercycline,0.0,1.0,0.788,1.0,1.0,0.873,0.373,tetracycline antibacterial,generic,-cycline,crowded,False,,
ecicycline,False,grammar+refined,3,66.36,68.42,moderate,-13.42,1.58,citicoline,0.8476,4,TRADEMARK_HIT,SIMILARITY_MODERATE,evicycline,evicycline -> ecicycline,0.0,1.0,0.813,1.0,1.0,0.998,0.0,tetracycline antibacterial,generic,-cycline,crowded,False,,
exicycline,False,grammar+refined,3,66.38,67.5,moderate,-12.5,2.5,hexocyclium,0.8986,4,INTRA_STEM_TOO_CLOSE|TRADEMARK_HIT,SIMILARITY_MODERATE,evicycline,evicycline -> ecicycline -> exicycline,0.0,1.0,0.813,1.0,1.0,0.998,0.003,tetracycline antibacterial,generic,-cycline,crowded,False,,
egicycline,False,grammar+refined,3,66.36,65.83,moderate,-10.83,4.17,dicyclomine,0.7907,4,INTRA_STEM_TOO_CLOSE,SIMILARITY_MODERATE,evicycline,evicycline -> ecicycline -> exicycline -> egicycline,0.0,1.0,0.813,1.0,1.0,0.998,0.0,tetracycline antibacterial,generic,-cycline,crowded,False,,
bezocycline,False,grammar+refined,3,58.21,71.02,high,-16.02,-1.02,bencyclane,0.9129,4,SIMILARITY_TOO_HIGH|INTRA_STEM_TOO_CLOSE|TRADEMARK_HIT,,belocycline,belocycline -> bezocycline,0.0,0.6,0.813,1.0,1.0,0.952,0.043,tetracycline antibacterial,generic,-cycline,crowded,False,,
bekocycline,False,grammar+refined,3,65.91,69.11,moderate,-14.11,0.89,bencyclane,0.8567,4,INTRA_STEM_TOO_CLOSE|TRADEMARK_HIT,SIMILARITY_MODERATE,belocycline,belocycline -> bezocycline -> bekocycline,0.0,1.0,0.813,1.0,1.0,0.952,0.0,tetracycline antibacterial,generic,-cycline,crowded,False,,
bemocycline,False,grammar+refined,3,58.55,73.68,high,-18.68,-3.68,bencyclane,0.9221,4,SIMILARITY_TOO_HIGH|INTRA_STEM_TOO_CLOSE|TRADEMARK_HIT,,belocycline,belocycline -> bezocycline -> bekocycline -> bemocycline,0.0,0.6,0.813,1.0,1.0,0.952,0.092,tetracycline antibacterial,generic,-cycline,crowded,False,,
abecycline,False,grammar+refined,3,67.9,70.35,high,-15.35,-0.35,bencyclane,0.9227,4,SIMILARITY_TOO_HIGH|INTRA_STEM_TOO_CLOSE|TRADEMARK_HIT,,avecycline,avecycline -> abecycline,0.0,1.0,0.813,1.0,1.0,0.998,0.22,tetracycline antibacterial,generic,-cycline,crowded,False,,
ocicycline,False,ngram_guided+refined,3,66.36,68.42,moderate,-13.42,1.58,citicoline,0.9038,4,INTRA_STEM_TOO_CLOSE|TRADEMARK_HIT,SIMILARITY_MODERATE,obicycline,obicycline -> ocicycline,0.0,1.0,0.813,1.0,1.0,0.998,0.0,tetracycline antibacterial,generic,-cycline,crowded,False,,
odicycline,False,ngram_guided+refined,3,66.36,71.14,high,-16.14,-1.14,dicyclomine,0.8973,4,SIMILARITY_TOO_HIGH|TRADEMARK_HIT,,obicycline,obicycline -> ocicycline -> odicycline,0.0,1.0,0.813,1.0,1.0,0.998,0.0,tetracycline antibacterial,generic,-cycline,crowded,False,,
oxecycline,False,ngram_guided+refined,3,66.36,66.44,moderate,-11.44,3.56,doxecitine,0.9152,4,INTRA_STEM_TOO_CLOSE|TRADEMARK_HIT,SIMILARITY_MODERATE,otecycline,otecycline -> oxecycline,0.0,1.0,0.813,1.0,1.0,0.998,0.0,tetracycline antibacterial,generic,-cycline,crowded,False,,
ovecycline,False,ngram_guided+refined,3,66.37,64.58,moderate,-9.58,5.42,evoclin,0.9342,4,INTRA_STEM_TOO_CLOSE|TRADEMARK_HIT,SIMILARITY_MODERATE,otecycline,otecycline -> oxecycline -> ovecycline,0.0,1.0,0.813,1.0,1.0,0.998,0.001,tetracycline antibacterial,generic,-cycline,crowded,False,,
owecycline,False,ngram_guided+refined,3,66.36,66.79,moderate,-11.79,3.21,evoclin,0.6763,4,INTRA_STEM_TOO_CLOSE|TRADEMARK_HIT,SIMILARITY_MODERATE,otecycline,otecycline -> oxecycline -> ovecycline -> owecycline,0.0,1.0,0.813,1.0,1.0,0.998,0.0,tetracycline antibacterial,generic,-cycline,crowded,False,,
agicycline,False,grammar+refined,3,66.36,67.92,moderate,-12.92,2.08,achyrocline,0.8608,4,INTRA_STEM_TOO_CLOSE,SIMILARITY_MODERATE,asicycline,asicycline -> agicycline,0.0,1.0,0.813,1.0,1.0,0.998,0.0,tetracycline antibacterial,generic,-cycline,crowded,False,,
awicycline,True,grammar+refined,3,66.36,62.72,moderate,-7.72,7.28,dicyclomine,0.6114,4,,SIMILARITY_MODERATE,asicycline,asicycline -> agicycline -> awicycline,0.0,1.0,0.813,1.0,1.0,0.998,0.0,tetracycline antibacterial,generic,-cycline,crowded,True,,
fosucycline,False,grammar,4,59.47,60.27,moderate,-5.27,9.73,fluciclovine,0.8608,4,TRADEMARK_HIT,SIMILARITY_MODERATE,,fosucycline,0.0,0.6,0.813,1.0,1.0,0.952,0.224,tetracycline antibacterial,generic,-cycline,crowded,False,,
clelucycline,False,grammar,4,63.49,58.9,moderate,-3.9,11.1,chlorcyclizine,0.7078,4,INTRA_STEM_TOO_CLOSE,SIMILARITY_MODERATE,,clelucycline,0.0,1.0,0.692,1.0,1.0,0.862,0.026,tetracycline antibacterial,generic,-cycline,crowded,False,,
ixocycline,False,grammar,4,66.36,70.61,high,-15.61,-0.61,hexocyclium,0.8161,4,SIMILARITY_TOO_HIGH|INTRA_STEM_TOO_CLOSE|TRADEMARK_HIT,,,ixocycline,0.0,1.0,0.813,1.0,1.0,0.998,0.0,tetracycline antibacterial,generic,-cycline,crowded,False,,
nenfevicycline,True,grammar,4,57.3,57.71,moderate,-2.71,12.29,bencyclane,0.7102,5,,SIMILARITY_MODERATE,,nenfevicycline,0.0,0.771,0.828,1.0,1.0,0.527,0.001,tetracycline antibacterial,generic,-cycline,crowded,False,,
bagfacycline,False,grammar,4,65.0,58.35,moderate,-3.35,11.65,bactracillin,0.6364,4,INTRA_STEM_TOO_CLOSE|TRADEMARK_HIT,SIMILARITY_MODERATE,,bagfacycline,0.0,1.0,0.813,1.0,1.0,0.862,0.0,tetracycline antibacterial,generic,-cycline,crowded,False,,
roocycline,False,grammar,4,64.76,66.85,moderate,-11.85,3.15,procyclidine,0.8953,3,TRADEMARK_HIT,SIMILARITY_MODERATE,,roocycline,0.0,1.0,0.788,1.0,1.0,0.873,0.0,tetracycline antibacterial,generic,-cycline,crowded,False,,
darvucycline,True,grammar,4,58.62,60.08,moderate,-5.08,9.92,barbexaclone,0.7865,4,,SIMILARITY_MODERATE,,darvucycline,0.0,0.68,0.813,1.0,1.0,0.862,0.002,tetracycline antibacterial,generic,-cycline,crowded,False,,
gesucycline,False,grammar,4,65.91,64.64,moderate,-9.64,5.36,bencyclane,0.8417,4,TRADEMARK_HIT,SIMILARITY_MODERATE,,gesucycline,0.0,1.0,0.813,1.0,1.0,0.952,0.0,tetracycline antibacterial,generic,-cycline,crowded,False,,
tepudacycline,False,grammar,4,57.51,59.71,moderate,-4.71,10.29,terbutaline,0.6677,5,INTRA_STEM_TOO_CLOSE|TRADEMARK_HIT,SIMILARITY_MODERATE,,tepudacycline,0.0,0.733,0.828,1.0,1.0,0.624,0.001,tetracycline antibacterial,generic,-cycline,crowded,False,,
poevicycline,False,grammar,4,63.93,60.93,moderate,-5.93,9.07,bencyclane,0.7582,5,TRADEMARK_HIT,SIMILARITY_MODERATE,,poevicycline,0.0,1.0,0.828,1.0,1.0,0.731,0.004,tetracycline antibacterial,generic,-cycline,crowded,False,,
codicycline,False,grammar,4,58.1,66.65,moderate,-11.65,3.35,dicyclomine,0.9444,4,INTRA_STEM_TOO_CLOSE|TRADEMARK_HIT,SIMILARITY_MODERATE,,codicycline,0.0,0.6,0.813,1.0,1.0,0.952,0.028,tetracycline antibacterial,generic,-cycline,crowded,False,,
badjiicycline,True,grammar,4,62.83,61.99,moderate,-6.99,8.01,bamifylline,0.6508,5,,SIMILARITY_MODERATE,,badjiicycline,0.0,1.0,0.828,1.0,1.0,0.624,0.0,tetracycline antibacterial,generic,-cycline,crowded,False,,
dodulacycline,True,grammar,4,57.76,57.04,moderate,-2.04,12.96,tolazoline,0.9,5,,SIMILARITY_MODERATE,,dodulacycline,0.0,0.733,0.828,1.0,1.0,0.624,0.036,tetracycline antibacterial,generic,-cycline,crowded,False,,
palicycline,False,grammar,4,59.85,65.72,moderate,-10.72,4.28,salicylid,0.9637,4,INTRA_STEM_TOO_CLOSE,SIMILARITY_MODERATE,,palicycline,0.0,0.6,0.813,1.0,1.0,0.952,0.278,tetracycline antibacterial,generic,-cycline,crowded,False,,
ampecycline,False,grammar,4,58.16,67.39,moderate,-12.39,2.61,ampicillin,0.9504,4,INTRA_STEM_TOO_CLOSE|TRADEMARK_HIT,SIMILARITY_MODERATE,,ampecycline,0.0,0.6,0.813,1.0,1.0,0.952,0.036,tetracycline antibacterial,generic,-cycline,crowded,False,,
losacycline,False,grammar,4,57.94,59.86,moderate,-4.86,10.14,viabecline,0.9142,4,INTRA_STEM_TOO_CLOSE|TRADEMARK_HIT,SIMILARITY_MODERATE,,losacycline,0.0,0.6,0.813,1.0,1.0,0.952,0.004,tetracycline antibacterial,generic,-cycline,crowded,False,,
eericycline,False,grammar,4,65.91,60.93,moderate,-5.93,9.07,procyclidine,0.7886,4,INTRA_STEM_TOO_CLOSE|TRADEMARK_HIT,SIMILARITY_MODERATE,,eericycline,0.0,1.0,0.813,1.0,1.0,0.952,0.0,tetracycline antibacterial,generic,-cycline,crowded,False,,
pamucycline,False,grammar,4,57.91,66.12,moderate,-11.12,3.88,bamifylline,0.8281,4,TRADEMARK_HIT,SIMILARITY_MODERATE,,pamucycline,0.0,0.6,0.813,1.0,1.0,0.952,0.001,tetracycline antibacterial,generic,-cycline,crowded,False,,
ceszizocycline,True,grammar,4,61.87,58.83,moderate,-3.83,11.17,eszopiclone,0.7014,5,,SIMILARITY_MODERATE,,ceszizocycline,0.0,1.0,0.828,1.0,1.0,0.527,0.0,tetracycline antibacterial,generic,-cycline,crowded,False,,
setlicycline,False,grammar,4,58.67,60.22,moderate,-5.22,9.78,acetylcholine,0.8239,4,INTRA_STEM_TOO_CLOSE|TRADEMARK_HIT,SIMILARITY_MODERATE,,setlicycline,0.0,0.68,0.813,1.0,1.0,0.862,0.01,tetracycline antibacterial,generic,-cycline,crowded,False,,
apecycline,False,grammar,4,66.38,66.98,moderate,-11.98,3.02,acefylline,0.934,4,INTRA_STEM_TOO_CLOSE,SIMILARITY_MODERATE,,apecycline,0.0,1.0,0.813,1.0,1.0,0.998,0.003,tetracycline antibacterial,generic,-cycline,crowded,False,,
hozicycline,False,grammar,4,65.91,61.28,moderate,-6.28,8.72,dicyclomine,0.6809,4,TRADEMARK_HIT,SIMILARITY_MODERATE,,hozicycline,0.0,1.0,0.813,1.0,1.0,0.952,0.0,tetracycline antibacterial,generic,-cycline,crowded,False,,
elucycline,False,grammar,4,66.38,67.5,moderate,-12.5,2.5,eluxadoline,0.8293,4,INTRA_STEM_TOO_CLOSE,SIMILARITY_MODERATE,,elucycline,0.0,1.0,0.813,1.0,1.0,0.998,0.003,tetracycline antibacterial,generic,-cycline,crowded,False,,
pacicycline,False,grammar,4,60.74,67.81,moderate,-12.81,2.19,achyrocline,0.9011,4,INTRA_STEM_TOO_CLOSE|TRADEMARK_HIT,SIMILARITY_MODERATE,,pacicycline,0.0,0.6,0.813,1.0,1.0,0.952,0.405,tetracycline antibacterial,generic,-cycline,crowded,False,,
pozelcycline,True,ngram_guided,4,55.52,57.84,moderate,-2.84,12.16,bencyclane,0.7553,4,,SIMILARITY_MODERATE,,pozelcycline,0.0,0.45,0.813,1.0,1.0,0.862,0.217,tetracycline antibacterial,generic,-cycline,crowded,False,,
luspargcycline,True,ngram_guided,4,57.3,57.15,moderate,-2.15,12.85,sparkling,0.713,4,,SIMILARITY_MODERATE,,luspargcycline,0.0,0.564,0.692,1.0,1.0,0.659,0.677,tetracycline antibacterial,generic,-cycline,crowded,False,,
elbicycline,True,ngram_guided,4,60.22,62.02,moderate,-7.02,7.98,dicyclomine,0.8547,4,,SIMILARITY_MODERATE,,elbicycline,0.0,0.6,0.813,1.0,1.0,0.952,0.331,tetracycline antibacterial,generic,-cycline,crowded,False,,
fuscycline,False,ngram_guided,4,64.87,61.85,moderate,-6.85,8.15,bencyclane,0.8642,3,TRADEMARK_HIT,SIMILARITY_MODERATE,,fuscycline,0.0,1.0,0.788,1.0,1.0,0.873,0.015,tetracycline antibacterial,generic,-cycline,crowded,False,,
pyrrcycline,False,ngram_guided,4,56.66,65.94,moderate,-10.94,4.06,procyclidine,0.7967,3,INTRA_STEM_TOO_CLOSE|TRADEMARK_HIT,SIMILARITY_MODERATE,,pyrrcycline,0.0,0.6,0.788,1.0,1.0,0.828,0.05,tetracycline antibacterial,generic,-cycline,crowded,False,,
rhucycline,True,ngram_guided,4,62.04,58.71,moderate,-3.71,11.29,procyclidine,0.6972,3,,SIMILARITY_MODERATE|ILLEGAL_ONSET_CLUSTER,,rhucycline,0.0,1.0,0.589,1.0,1.0,0.873,0.009,tetracycline antibacterial,generic,-cycline,crowded,False,,
mupivacycline,True,ngram_guided,4,60.16,69.11,moderate,-14.11,0.89,bupivacine,0.8254,5,,SIMILARITY_MODERATE,,mupivacycline,0.0,0.517,0.828,1.0,1.0,0.624,0.999,tetracycline antibacterial,generic,-cycline,crowded,False,,
epsipulcycline,True,ngram_guided,4,56.76,54.75,low,0.25,15.25,oxyphencyclimine,0.7908,5,,,,epsipulcycline,0.01,0.564,0.828,1.0,1.0,0.527,0.481,tetracycline antibacterial,generic,-cycline,crowded,False,,
apicycline,True,ngram_guided,4,67.24,66.85,moderate,-11.85,3.15,achyrocline,0.9205,4,,SIMILARITY_MODERATE,,apicycline,0.0,1.0,0.813,1.0,1.0,0.998,0.126,tetracycline antibacterial,generic,-cycline,crowded,True,,
pamcycline,True,ngram_guided,4,65.56,69.57,moderate,-14.57,0.43,amsacrine,0.7846,3,,SIMILARITY_MODERATE,,pamcycline,0.0,1.0,0.788,1.0,1.0,0.873,0.114,tetracycline antibacterial,generic,-cycline,crowded,True,,
ledipecycline,True,ngram_guided,4,54.94,55.44,moderate,-0.44,14.56,dibenzyline,0.9074,5,,SIMILARITY_MODERATE,,ledipecycline,0.0,0.517,0.828,1.0,1.0,0.624,0.252,tetracycline antibacterial,generic,-cycline,crowded,False,,
tulacycline,False,ngram_guided,4,59.7,67.05,moderate,-12.05,2.95,tolazoline,0.9125,4,INTRA_STEM_TOO_CLOSE|TRADEMARK_HIT,SIMILARITY_MODERATE,,tulacycline,0.0,0.6,0.813,1.0,1.0,0.952,0.256,tetracycline antibacterial,generic,-cycline,crowded,False,,
deworcycline,True,ngram_guided,4,56.98,60.74,moderate,-5.74,9.26,chlorcyclizine,0.8205,4,,SIMILARITY_MODERATE,,deworcycline,0.0,0.45,0.813,1.0,1.0,0.862,0.426,tetracycline antibacterial,generic,-cycline,crowded,False,,
ecukincycline,True,ngram_guided,4,51.32,58.0,moderate,-3.0,12.0,bencyclane,0.739,5,,SIMILARITY_MODERATE,,ecukincycline,0.0,0.3,0.828,1.0,1.0,0.624,0.355,tetracycline antibacterial,generic,-cycline,crowded,False,,
ledipalcycline,True,ngram_guided,4,44.45,53.6,low,1.4,16.4,ledipasvir,0.8956,5,,,,ledipalcycline,0.056,0.357,0.828,1.0,0.53,0.527,0.231,tetracycline antibacterial,generic,-cycline,crowded,False,,
posacycline,False,ngram_guided,4,61.45,61.65,moderate,-6.65,8.35,coastline,0.9195,4,INTRA_STEM_TOO_CLOSE|TRADEMARK_HIT,SIMILARITY_MODERATE,,posacycline,0.0,0.6,0.813,1.0,1.0,0.952,0.506,tetracycline antibacterial,generic,-cycline,crowded,False,,
leupracycline,False,ngram_guided,4,56.31,62.58,moderate,-7.58,7.42,leuprorelin,0.9141,4,INTRA_STEM_TOO_CLOSE|TRADEMARK_HIT,SIMILARITY_MODERATE,,leupracycline,0.0,0.517,0.692,1.0,1.0,0.755,0.534,tetracycline antibacterial,generic,-cycline,crowded,False,,
autocycline,False,ngram_guided,4,61.99,65.21,moderate,-10.21,4.79,etofylline,0.8694,4,INTRA_STEM_TOO_CLOSE|TRADEMARK_HIT,SIMILARITY_MODERATE,,autocycline,0.0,0.6,0.813,1.0,1.0,0.952,0.583,tetracycline antibacterial,generic,-cycline,crowded,False,,
butcycline,False,ngram_guided,4,69.06,72.01,high,-17.01,-2.01,bencyclane,0.8344,3,SIMILARITY_TOO_HIGH|TRADEMARK_HIT,,,butcycline,0.0,1.0,0.788,1.0,1.0,0.873,0.614,tetracycline antibacterial,generic,-cycline,crowded,False,,
rofitcycline,False,ngram_guided,4,61.19,60.07,moderate,-5.07,9.93,ropivacaine,0.7365,4,TRADEMARK_HIT,SIMILARITY_MODERATE,,rofitcycline,0.0,0.68,0.813,1.0,1.0,0.862,0.37,tetracycline antibacterial,generic,-cycline,crowded,False,,
elecycline,False,ngram_guided,4,70.1,63.19,moderate,-8.19,6.81,evoclin,0.9324,4,INTRA_STEM_TOO_CLOSE,SIMILARITY_MODERATE,,elecycline,0.0,1.0,0.813,1.0,1.0,0.998,0.534,tetracycline antibacterial,generic,-cycline,crowded,False,,
imdevircycline,True,ngram_guided,4,53.31,57.31,moderate,-2.31,12.69,imperialine,0.6956,5,,SIMILARITY_MODERATE,,imdevircycline,0.0,0.357,0.828,1.0,1.0,0.527,0.614,tetracycline antibacterial,generic,-cycline,crowded,False,,
capecycline,False,ngram_guided,4,61.18,66.22,moderate,-11.22,3.78,capecitabine,0.9731,4,INTRA_STEM_TOO_CLOSE|TRADEMARK_HIT,SIMILARITY_MODERATE,,capecycline,0.0,0.6,0.813,1.0,1.0,0.952,0.468,tetracycline antibacterial,generic,-cycline,crowded,False,,
esmcycline,True,ngram_guided,4,63.58,63.92,moderate,-8.92,6.08,bencyclane,0.7298,3,,SIMILARITY_MODERATE,,esmcycline,0.0,1.0,0.687,1.0,1.0,0.873,0.033,tetracycline antibacterial,generic,-cycline,crowded,False,,
betcycline,False,ngram_guided+refined,4,70.32,77.78,high,-22.78,-7.78,bencyclane,0.7503,3,SIMILARITY_TOO_HIGH|INTRA_STEM_TOO_CLOSE|TRADEMARK_HIT,,butcycline,butcycline -> betcycline,0.0,1.0,0.788,1.0,1.0,0.873,0.794,tetracycline antibacterial,generic,-cycline,crowded,False,,
axecycline,False,grammar+refined,4,66.36,65.82,moderate,-10.82,4.18,acefylline,0.8383,4,INTRA_STEM_TOO_CLOSE|TRADEMARK_HIT,SIMILARITY_MODERATE,apecycline,apecycline -> axecycline,0.0,1.0,0.813,1.0,1.0,0.998,0.0,tetracycline antibacterial,generic,-cycline,crowded,False,,
anecycline,False,grammar+refined,4,66.54,66.31,moderate,-11.31,3.69,anectine,0.9473,4,INTRA_STEM_TOO_CLOSE|TRADEMARK_HIT,SIMILARITY_MODERATE,apecycline,apecycline -> axecycline -> anecycline,0.0,1.0,0.813,1.0,1.0,0.998,0.026,tetracycline antibacterial,generic,-cycline,crowded,False,,
aqecycline,False,grammar+refined,4,66.36,67.6,moderate,-12.6,2.4,acefylline,0.7903,4,INTRA_STEM_TOO_CLOSE,SIMILARITY_MODERATE,apecycline,apecycline -> axecycline -> anecycline -> aqecycline,0.0,1.0,0.813,1.0,1.0,0.998,0.0,tetracycline antibacterial,generic,-cycline,crowded,False,,
exucycline,False,grammar+refined,4,66.45,69.15,moderate,-14.15,0.85,hexocyclium,0.7782,4,INTRA_STEM_TOO_CLOSE|TRADEMARK_HIT,SIMILARITY_MODERATE,elucycline,elucycline -> exucycline,0.0,1.0,0.813,1.0,1.0,0.998,0.013,tetracycline antibacterial,generic,-cycline,crowded,False,,
esucycline,False,grammar+refined,4,66.36,62.38,moderate,-7.38,7.62,bencyclane,0.8298,4,TRADEMARK_HIT,SIMILARITY_MODERATE,elucycline,elucycline -> exucycline -> esucycline,0.0,1.0,0.813,1.0,1.0,0.998,0.0,tetracycline antibacterial,generic,-cycline,crowded,False,,
ehucycline,True,grammar+refined,4,66.36,59.62,moderate,-4.62,10.38,evoclin,0.6255,4,,SIMILARITY_MODERATE,elucycline,elucycline -> exucycline -> esucycline -> ehucycline,0.0,1.0,0.813,1.0,1.0,0.998,0.0,tetracycline antibacterial,generic,-cycline,crowded,True,,
ixacycline,False,grammar+refined,4,66.4,66.02,moderate,-11.02,3.98,oxacillin,0.863,4,INTRA_STEM_TOO_CLOSE|TRADEMARK_HIT,SIMILARITY_MODERATE,ixocycline,ixocycline -> ixacycline,0.0,1.0,0.813,1.0,1.0,0.998,0.005,tetracycline antibacterial,generic,-cycline,crowded,False,,
iracycline,False,grammar+refined,4,66.41,63.46,moderate,-8.46,6.54,rasagiline,0.8879,4,INTRA_STEM_TOO_CLOSE|TRADEMARK_HIT,SIMILARITY_MODERATE,ixocycline,ixocycline -> ixacycline -> iracycline,0.0,1.0,0.813,1.0,1.0,0.998,0.006,tetracycline antibacterial,generic,-cycline,crowded,False,,
ibacycline,False,grammar+refined,4,68.95,64.17,moderate,-9.17,5.83,bencyclane,0.8917,4,INTRA_STEM_TOO_CLOSE|TRADEMARK_HIT,SIMILARITY_MODERATE,ixocycline,ixocycline -> ixacycline -> iracycline -> ibacycline,0.0,1.0,0.813,1.0,1.0,0.998,0.37,tetracycline antibacterial,generic,-cycline,crowded,False,,
gosucycline,False,grammar+refined,4,58.0,57.58,moderate,-2.58,12.42,bencyclane,0.8249,4,INTRA_STEM_TOO_CLOSE|TRADEMARK_HIT,SIMILARITY_MODERATE,gesucycline,gesucycline -> gosucycline,0.0,0.6,0.813,1.0,1.0,0.952,0.013,tetracycline antibacterial,generic,-cycline,crowded,False,,
gusucycline,True,grammar+refined,4,65.91,55.98,moderate,-0.98,14.02,zydaclin,0.7633,4,,SIMILARITY_MODERATE,gesucycline,gesucycline -> gosucycline -> gusucycline,0.0,1.0,0.813,1.0,1.0,0.952,0.0,tetracycline antibacterial,generic,-cycline,crowded,True,,
euricycline,False,grammar+refined,4,57.91,60.93,moderate,-5.93,9.07,procyclidine,0.9322,4,INTRA_STEM_TOO_CLOSE|TRADEMARK_HIT,SIMILARITY_MODERATE,eericycline,eericycline -> euricycline,0.0,0.6,0.813,1.0,1.0,0.952,0.0,tetracycline antibacterial,generic,-cycline,crowded,False,,
eoricycline,False,grammar+refined,4,64.81,61.59,moderate,-6.59,8.41,moricizine,0.75,5,INTRA_STEM_TOO_CLOSE|TRADEMARK_HIT,SIMILARITY_MODERATE,eericycline,eericycline -> euricycline -> eoricycline,0.0,1.0,0.828,1.0,1.0,0.821,0.0,tetracycline antibacterial,generic,-cycline,crowded,False,,
eoficycline,False,grammar+refined,4,56.81,62.18,moderate,-7.18,7.82,citicoline,0.7346,5,INTRA_STEM_TOO_CLOSE|TRADEMARK_HIT,SIMILARITY_MODERATE,eericycline,eericycline -> euricycline -> eoricycline -> eoficycline,0.0,0.6,0.828,1.0,1.0,0.821,0.0,tetracycline antibacterial,generic,-cycline,crowded,False,,
hopicycline,False,grammar+refined,4,65.91,63.64,moderate,-8.64,6.36,ropivacaine,0.8825,4,TRADEMARK_HIT,SIMILARITY_MODERATE,hozicycline,hozicycline -> hopicycline,0.0,1.0,0.813,1.0,1.0,0.952,0.001,tetracycline antibacterial,generic,-cycline,crowded,False,,
hipicycline,False,grammar+refined,4,65.91,63.2,moderate,-8.2,6.8,citicoline,0.886,4,TRADEMARK_HIT,SIMILARITY_MODERATE,hozicycline,hozicycline -> hopicycline -> hipicycline,0.0,1.0,0.813,1.0,1.0,0.952,0.0,tetracycline antibacterial,generic,-cycline,crowded,False,,
hikicycline,False,grammar+refined,4,57.91,62.41,moderate,-7.41,7.59,citicoline,0.7546,4,TRADEMARK_HIT,SIMILARITY_MODERATE,hozicycline,hozicycline -> hopicycline -> hipicycline -> hikicycline,0.0,0.6,0.813,1.0,1.0,0.952,0.0,tetracycline antibacterial,generic,-cycline,crowded,False,,
epetinib,False,grammar,1,68.13,72.52,high,-17.52,-2.52,epoetin,0.726,4,SIMILARITY_TOO_HIGH|INTRA_STEM_TOO_CLOSE|TRADEMARK_HIT,,,epetinib,0.0,1.0,1.0,1.0,1.0,0.912,0.001,tyrosine kinase inhibitor,generic,-tinib,saturated,False,,
zivietinib,False,grammar,1,62.58,61.55,moderate,-6.55,8.45,fisetin,0.6182,4,TRADEMARK_HIT,SIMILARITY_MODERATE,,zivietinib,0.0,0.68,1.0,1.0,1.0,0.998,0.0,tyrosine kinase inhibitor,generic,-tinib,saturated,False,,
gasaldutinib,True,grammar,1,61.74,61.08,moderate,-6.08,8.92,caesalpinia,0.6565,5,,SIMILARITY_MODERATE,,gasaldutinib,0.0,0.771,1.0,1.0,1.0,0.731,0.0,tyrosine kinase inhibitor,generic,-tinib,saturated,False,,
itetinib,False,grammar,1,68.12,66.34,moderate,-11.34,3.66,tetani,0.7105,4,INTRA_STEM_TOO_CLOSE|TRADEMARK_HIT,SIMILARITY_MODERATE,,itetinib,0.0,1.0,1.0,1.0,1.0,0.912,0.0,tyrosine kinase inhibitor,generic,-tinib,saturated,False,,
udatinib,False,grammar,1,68.12,65.42,moderate,-10.42,4.58,jadinii,0.6285,4,INTRA_STEM_TOO_CLOSE|TRADEMARK_HIT,SIMILARITY_MODERATE,,udatinib,0.0,1.0,1.0,1.0,1.0,0.912,0.0,tyrosine kinase inhibitor,generic,-tinib,saturated,False,,
uditinib,False,grammar,1,68.12,65.39,moderate,-10.39,4.61,budipine,0.623,4,INTRA_STEM_TOO_CLOSE|TRADEMARK_HIT,SIMILARITY_MODERATE,,uditinib,0.0,1.0,1.0,1.0,1.0,0.912,0.0,tyrosine kinase inhibitor,generic,-tinib,saturated,False,,
griozlatinib,True,grammar,1,64.48,57.25,moderate,-2.25,12.75,platinic,0.6069,5,,SIMILARITY_MODERATE,,griozlatinib,0.0,1.0,0.869,1.0,1.0,0.731,0.0,tyrosine kinase inhibitor,generic,-tinib,saturated,True,,
elatinib,False,grammar,1,74.43,78.04,high,-23.04,-8.04,platinic,0.8628,4,SIMILARITY_TOO_HIGH|INTRA_STEM_TOO_CLOSE|TRADEMARK_HIT,,,elatinib,0.0,1.0,1.0,1.0,1.0,0.912,0.902,tyrosine kinase inhibitor,generic,-tinib,saturated,False,,
maclatinib,False,grammar,1,62.17,67.99,moderate,-12.99,2.01,platinic,0.8125,4,TRADEMARK_HIT,SIMILARITY_MODERATE,,maclatinib,0.0,0.68,0.879,1.0,1.0,0.998,0.183,tyrosine kinase inhibitor,generic,-tinib,saturated,False,,
adatinib,False,grammar,1,68.33,65.42,moderate,-10.42,4.58,jadinii,0.8228,4,INTRA_STEM_TOO_CLOSE|TRADEMARK_HIT,SIMILARITY_MODERATE,,adatinib,0.0,1.0,1.0,1.0,1.0,0.912,0.03,tyrosine kinase inhibitor,generic,-tinib,saturated,False,,
rofomotinib,True,grammar,1,61.95,60.59,moderate,-5.59,9.41,famotidine,0.7292,5,,SIMILARITY_MODERATE,,rofomotinib,0.0,0.733,1.0,1.0,1.0,0.821,0.01,tyrosine kinase inhibitor,generic,-tinib,saturated,False,,
fiturotinib,True,grammar,1,61.94,64.79,moderate,-9.79,5.21,aprotinin,0.7573,5,,SIMILARITY_MODERATE,,fiturotinib,0.0,0.733,1.0,1.0,1.0,0.821,0.009,tyrosine kinase inhibitor,generic,-tinib,saturated,False,,
pefmidetinib,False,grammar,1,61.93,58.31,moderate,-3.31,11.69,vandetanib,0.6756,5,INTRA_STEM_TOO_CLOSE,SIMILARITY_MODERATE,,pefmidetinib,0.0,0.771,1.0,1.0,1.0,0.731,0.028,tyrosine kinase inhibitor,generic,-tinib,saturated,False,,
cixatinib,False,grammar,1,68.83,63.37,moderate,-8.37,6.63,ixazomib,0.6889,4,TRADEMARK_HIT,SIMILARITY_MODERATE,,cixatinib,0.0,1.0,1.0,1.0,1.0,0.983,0.001,tyrosine kinase inhibitor,generic,-tinib,saturated,False,,
dintutinib,True,grammar,1,62.62,68.06,moderate,-13.06,1.94,nintedanib,0.7223,4,,SIMILARITY_MODERATE,,dintutinib,0.0,0.68,1.0,1.0,1.0,0.998,0.006,tyrosine kinase inhibitor,generic,-tinib,saturated,True,,
gixetinib,False,grammar,1,68.83,65.37,moderate,-10.37,4.63,dexetimide,0.655,4,INTRA_STEM_TOO_CLOSE|TRADEMARK_HIT,SIMILARITY_MODERATE,,gixetinib,0.0,1.0,1.0,1.0,1.0,0.983,0.0,tyrosine kinase inhibitor,generic,-tinib,saturated,False,,
cunempatinib,True,grammar,1,61.74,56.02,moderate,-1.02,13.98,clematitis,0.6536,5,,SIMILARITY_MODERATE,,cunempatinib,0.0,0.771,1.0,1.0,1.0,0.731,0.0,tyrosine kinase inhibitor,generic,-tinib,saturated,False,,
efelatinib,False,grammar,1,61.27,68.26,moderate,-13.26,1.74,platinic,0.7596,5,INTRA_STEM_TOO_CLOSE|TRADEMARK_HIT,SIMILARITY_MODERATE,,efelatinib,0.0,0.68,1.0,1.0,1.0,0.867,0.0,tyrosine kinase inhibitor,generic,-tinib,saturated,False,,
cevodritinib,True,grammar,1,60.25,63.47,moderate,-8.47,6.53,cefoxitin,0.6749,5,,SIMILARITY_MODERATE,,cevodritinib,0.0,0.771,0.894,1.0,1.0,0.731,0.0,tyrosine kinase inhibitor,generic,-tinib,saturated,False,,
pactotinib,False,grammar,1,62.97,64.24,moderate,-9.24,5.76,pantothenic,0.8209,4,INTRA_STEM_TOO_CLOSE,SIMILARITY_MODERATE,,pactotinib,0.0,0.68,1.0,1.0,1.0,0.998,0.056,tyrosine kinase inhibitor,generic,-tinib,saturated,False,,
covuitinib,False,grammar,1,68.98,61.46,moderate,-6.46,8.54,aconitine,0.6257,4,INTRA_STEM_TOO_CLOSE|TRADEMARK_HIT,SIMILARITY_MODERATE,,covuitinib,0.0,1.0,1.0,1.0,1.0,0.998,0.0,tyrosine kinase inhibitor,generic,-tinib,saturated,False,,
utitinib,False,grammar,1,66.32,65.2,moderate,-10.2,4.8,titanium,0.6926,4,INTRA_STEM_TOO_CLOSE|TRADEMARK_HIT,SIMILARITY_MODERATE,,utitinib,0.0,1.0,1.0,0.8,1.0,0.912,0.0,tyrosine kinase inhibitor,generic,-tinib,saturated,False,,
eratinib,False,grammar,1,70.69,74.81,high,-19.81,-4.81,neratinib,0.8567,4,SIMILARITY_TOO_HIGH|INTRA_STEM_TOO_CLOSE|TRADEMARK_HIT,,,eratinib,0.0,1.0,1.0,1.0,1.0,0.912,0.367,tyrosine kinase inhibitor,generic,-tinib,saturated,False,,
abatinib,False,grammar,1,71.18,66.58,moderate,-11.58,3.42,platinic,0.7907,4,INTRA_STEM_TOO_CLOSE|TRADEMARK_HIT,SIMILARITY_MODERATE,,abatinib,0.0,1.0,1.0,1.0,1.0,0.912,0.437,tyrosine kinase inhibitor,generic,-tinib,saturated,False,,
ropentotinib,True,ngram_guided,1,48.01,65.22,moderate,-10.22,4.78,propentofylline,0.8295,5,,SIMILARITY_MODERATE,,ropentotinib,0.0,0.15,1.0,1.0,0.53,0.731,0.889,tyrosine kinase inhibitor,generic,-tinib,saturated,False,,
bictinib,False,ngram_guided,1,68.12,70.78,high,-15.78,-0.78,nicotinic,0.7879,3,SIMILARITY_TOO_HIGH,,,bictinib,0.0,1.0,1.0,1.0,1.0,0.787,0.177,tyrosine kinase inhibitor,generic,-tinib,saturated,False,,
carbitinib,False,ngram_guided,1,52.85,76.73,high,-21.73,-6.73,carnitine,0.9505,4,SIMILARITY_TOO_HIGH,,,carbitinib,0.0,0.45,1.0,1.0,0.53,0.998,0.342,tyrosine kinase inhibitor,generic,-tinib,saturated,False,,
pirlotinib,False,ngram_guided,1,68.28,70.02,high,-15.02,-0.02,erlotinib,0.7913,4,SIMILARITY_TOO_HIGH|INTRA_STEM_TOO_CLOSE|TRADEMARK_HIT,,,pirlotinib,0.0,0.68,1.0,1.0,1.0,0.998,0.814,tyrosine kinase inhibitor,generic,-tinib,saturated,False,,
trandotinib,True,ngram_guided,1,54.76,68.77,moderate,-13.77,1.23,vandetanib,0.897,4,,SIMILARITY_MODERATE,,trandotinib,0.0,0.3,0.854,1.0,1.0,0.952,0.325,tyrosine kinase inhibitor,generic,-tinib,saturated,False,,
spesotinib,False,ngram_guided,1,59.65,71.48,high,-16.48,-1.48,spesolimab,0.7814,4,SIMILARITY_TOO_HIGH|INTRA_STEM_TOO_CLOSE|TRADEMARK_HIT,,,spesotinib,0.0,0.45,0.879,1.0,1.0,0.998,0.48,tyrosine kinase inhibitor,generic,-tinib,saturated,False,,
obelidrtinib,True,ngram_guided,1,55.77,57.71,moderate,-2.71,12.29,nylidrin,0.6282,5,,SIMILARITY_MODERATE,,obelidrtinib,0.0,0.564,0.828,1.0,1.0,0.731,0.083,tyrosine kinase inhibitor,generic,-tinib,saturated,False,,
eplictinib,False,ngram_guided,1,57.61,70.45,high,-15.45,-0.45,replicating,0.7121,4,SIMILARITY_TOO_HIGH|INTRA_STEM_TOO_CLOSE,,,eplictinib,0.0,0.45,0.854,1.0,1.0,0.998,0.238,tyrosine kinase inhibitor,generic,-tinib,saturated,False,,
bevabetinib,False,ngram_guided,1,58.76,70.47,high,-15.47,-0.47,sevabertinib,0.6954,5,SIMILARITY_TOO_HIGH|INTRA_STEM_TOO_CLOSE,,,bevabetinib,0.0,0.517,1.0,1.0,1.0,0.821,0.173,tyrosine kinase inhibitor,generic,-tinib,saturated,False,,
chlortinib,False,ngram_guided,1,46.91,71.01,high,-16.01,-1.01,chlorinum,0.9771,3,SIMILARITY_TOO_HIGH|TRADEMARK_HIT,,,chlortinib,0.0,0.45,0.742,1.0,0.53,0.873,0.187,tyrosine kinase inhibitor,generic,-tinib,saturated,False,,
moexidtinib,True,ngram_guided,1,62.89,67.68,moderate,-12.68,2.32,moxidectin,0.6234,5,,SIMILARITY_MODERATE,,moexidtinib,0.0,0.517,1.0,1.0,1.0,0.821,0.764,tyrosine kinase inhibitor,generic,-tinib,saturated,True,,
difettinib,False,ngram_guided,1,62.19,61.28,moderate,-6.28,8.72,nicotinic,0.7401,4,INTRA_STEM_TOO_CLOSE|TRADEMARK_HIT,SIMILARITY_MODERATE,,difettinib,0.0,0.45,1.0,0.75,1.0,0.998,0.923,tyrosine kinase inhibitor,generic,-tinib,saturated,False,,
dicarfiltinib,False,ngram_guided,1,51.81,70.37,high,-15.37,-0.37,ticarcillin,0.7514,5,SIMILARITY_TOO_HIGH,,,dicarfiltinib,0.0,0.4,0.975,1.0,0.53,0.624,0.919,tyrosine kinase inhibitor,generic,-tinib,saturated,False,,
ondatinib,False,ngram_guided,1,61.91,68.69,moderate,-13.69,1.31,vandetanib,0.6924,4,INTRA_STEM_TOO_CLOSE|TRADEMARK_HIT,SIMILARITY_MODERATE,,ondatinib,0.0,0.6,1.0,1.0,1.0,0.983,0.155,tyrosine kinase inhibitor,generic,-tinib,saturated,False,,
sulfatinib,False,ngram_guided,1,56.25,74.47,high,-19.47,-4.47,sulfacytine,0.9745,4,SIMILARITY_TOO_HIGH|TRADEMARK_HIT,,,sulfatinib,0.0,0.45,1.0,1.0,0.53,0.998,0.827,tyrosine kinase inhibitor,generic,-tinib,saturated,False,,
pimadalotinib,True,ngram_guided,1,65.37,62.43,moderate,-7.43,7.57,hemagglutinin,0.7205,6,,SIMILARITY_MODERATE,,pimadalotinib,0.0,0.8,1.0,1.0,1.0,0.406,0.902,tyrosine kinase inhibitor,generic,-tinib,saturated,True,,
saprtinib,False,ngram_guided,1,56.92,75.01,high,-20.01,-5.01,aprotinin,0.666,3,SIMILARITY_TOO_HIGH|INTRA_STEM_TOO_CLOSE|TRADEMARK_HIT,,,saprtinib,0.0,0.6,0.788,1.0,1.0,0.858,0.045,tyrosine kinase inhibitor,generic,-tinib,saturated,False,,
capsaitinib,False,ngram_guided,1,60.69,78.54,high,-23.54,-8.54,capsaicin,0.7267,4,SIMILARITY_TOO_HIGH|INTRA_STEM_TOO_CLOSE|TRADEMARK_HIT,,,capsaitinib,0.0,0.3,1.0,1.0,1.0,0.952,0.881,tyrosine kinase inhibitor,generic,-tinib,saturated,False,,
flutinib,False,ngram_guided,1,66.31,69.58,moderate,-14.58,0.42,flunine,0.9372,3,TRADEMARK_HIT,SIMILARITY_MODERATE,,flutinib,0.0,1.0,0.854,1.0,1.0,0.787,0.212,tyrosine kinase inhibitor,generic,-tinib,saturated,False,,
levobitinib,True,ngram_guided,1,53.63,65.05,moderate,-10.05,4.95,ivosidenib,0.8583,5,,SIMILARITY_MODERATE,,levobitinib,0.0,0.517,1.0,1.0,0.53,0.821,0.515,tyrosine kinase inhibitor,generic,-tinib,saturated,False,,
abeparatinib,True,ngram_guided,1,57.6,65.54,moderate,-10.54,4.46,preparation,0.7879,6,,SIMILARITY_MODERATE,,abeparatinib,0.0,0.357,1.0,1.0,1.0,0.513,0.905,tyrosine kinase inhibitor,generic,-tinib,saturated,False,,
bicitinib,False,ngram_guided,1,65.95,69.81,moderate,-14.81,0.19,asciminib,0.8653,4,INTRA_STEM_TOO_CLOSE|TRADEMARK_HIT,SIMILARITY_MODERATE,,bicitinib,0.0,0.6,1.0,1.0,1.0,0.983,0.732,tyrosine kinase inhibitor,generic,-tinib,saturated,False,,
amitotinib,False,ngram_guided,1,63.39,71.46,high,-16.46,-1.46,nicotinic,0.8551,5,SIMILARITY_TOO_HIGH|TRADEMARK_HIT,,,amitotinib,0.0,0.45,1.0,1.0,1.0,0.867,0.96,tyrosine kinase inhibitor,generic,-tinib,saturated,False,,
elutinib,False,grammar+refined,1,68.14,72.77,high,-17.77,-2.77,velutina,0.7741,4,SIMILARITY_TOO_HIGH|INTRA_STEM_TOO_CLOSE|TRADEMARK_HIT,,elatinib,elatinib -> elutinib,0.0,1.0,1.0,1.0,1.0,0.912,0.003,tyrosine kinase inhibitor,generic,-tinib,saturated,False,,
elotinib,False,grammar+refined,1,70.06,78.56,high,-23.56,-8.56,erlotinib,0.7831,4,SIMILARITY_TOO_HIGH|INTRA_STEM_TOO_CLOSE|TRADEMARK_HIT,,elatinib,elatinib -> elutinib -> elotinib,0.0,1.0,1.0,1.0,1.0,0.912,0.277,tyrosine kinase inhibitor,generic,-tinib,saturated,False,,
olotinib,False,grammar+refined,1,68.13,69.23,moderate,-14.23,0.77,erlotinib,0.7964,4,INTRA_STEM_TOO_CLOSE|TRADEMARK_HIT,SIMILARITY_MODERATE,elatinib,elatinib -> elutinib -> elotinib -> olotinib,0.0,1.0,1.0,1.0,1.0,0.912,0.001,tyrosine kinase inhibitor,generic,-tinib,saturated,False,,
acatinib,False,grammar+refined,1,69.38,70.24,high,-15.24,-0.24,actinidia,0.8444,4,SIMILARITY_TOO_HIGH|INTRA_STEM_TOO_CLOSE|TRADEMARK_HIT,,abatinib,abatinib -> acatinib,0.0,1.0,1.0,1.0,1.0,0.912,0.18,tyrosine kinase inhibitor,generic,-tinib,saturated,False,,
acotinib,False,grammar+refined,1,68.2,71.97,high,-16.97,-1.97,nicotinic,0.8468,4,SIMILARITY_TOO_HIGH|INTRA_STEM_TOO_CLOSE|TRADEMARK_HIT,,abatinib,abatinib -> acatinib -> acotinib,0.0,1.0,1.0,1.0,1.0,0.912,0.012,tyrosine kinase inhibitor,generic,-tinib,saturated,False,,
acetinib,False,grammar+refined,1,70.91,70.44,high,-15.44,-0.44,asciminib,0.9401,4,SIMILARITY_TOO_HIGH|INTRA_STEM_TOO_CLOSE|TRADEMARK_HIT,,abatinib,abatinib -> acatinib -> acotinib -> acetinib,0.0,1.0,1.0,1.0,1.0,0.912,0.398,tyrosine kinase inhibitor,generic,-tinib,saturated,False,,
uratinib,False,grammar+refined,1,68.12,69.48,moderate,-14.48,0.52,aratinga,0.8543,4,INTRA_STEM_TOO_CLOSE|TRADEMARK_HIT,SIMILARITY_MODERATE,eratinib,eratinib -> uratinib,0.0,1.0,1.0,1.0,1.0,0.912,0.0,tyrosine kinase inhibitor,generic,-tinib,saturated,False,,
ujatinib,False,grammar+refined,1,68.12,72.79,high,-17.79,-2.79,jadinii,0.6232,4,SIMILARITY_TOO_HIGH|INTRA_STEM_TOO_CLOSE|TRADEMARK_HIT,,eratinib,eratinib -> uratinib -> ujatinib,0.0,1.0,1.0,1.0,1.0,0.912,0.0,tyrosine kinase inhibitor,generic,-tinib,saturated,False,,
ujutinib,False,grammar+refined,1,68.12,67.77,moderate,-12.77,2.23,rutinic,0.6255,4,TRADEMARK_HIT,SIMILARITY_MODERATE,eratinib,eratinib -> uratinib -> ujatinib -> ujutinib,0.0,1.0,1.0,1.0,1.0,0.912,0.0,tyrosine kinase inhibitor,generic,-tinib,saturated,False,,
coguitinib,False,grammar+refined,1,68.98,62.38,moderate,-7.38,7.62,aconitine,0.7471,4,TRADEMARK_HIT,SIMILARITY_MODERATE,covuitinib,covuitinib -> coguitinib,0.0,1.0,1.0,1.0,1.0,0.998,0.0,tyrosine kinase inhibitor,generic,-tinib,saturated,False,,
cogeitinib,False,grammar+refined,1,62.58,62.66,moderate,-7.66,7.34,aconitine,0.7025,4,TRADEMARK_HIT,SIMILARITY_MODERATE,covuitinib,covuitinib -> coguitinib -> cogeitinib,0.0,0.68,1.0,1.0,1.0,0.998,0.0,tyrosine kinase inhibitor,generic,-tinib,saturated,False,,
cinatinib,False,grammar+refined,1,66.7,67.98,moderate,-12.98,2.02,tinactin,0.9188,4,INTRA_STEM_TOO_CLOSE|TRADEMARK_HIT,SIMILARITY_MODERATE,cixatinib,cixatinib -> cinatinib,0.0,0.6,1.0,1.0,1.0,0.983,0.84,tyrosine kinase inhibitor,generic,-tinib,saturated,False,,
citatinib,False,grammar+refined,1,61.22,68.1,moderate,-13.1,1.9,stationis,0.8831,4,INTRA_STEM_TOO_CLOSE|TRADEMARK_HIT,SIMILARITY_MODERATE,cixatinib,cixatinib -> cinatinib -> citatinib,0.0,0.6,1.0,1.0,1.0,0.983,0.056,tyrosine kinase inhibitor,generic,-tinib,saturated,False,,
cetatinib,False,grammar+refined,1,67.55,69.89,moderate,-14.89,0.11,cetacaine,0.92,4,INTRA_STEM_TOO_CLOSE|TRADEMARK_HIT,SIMILARITY_MODERATE,cixatinib,cixatinib -> cinatinib -> citatinib -> cetatinib,0.0,0.6,1.0,1.0,1.0,0.983,0.96,tyrosine kinase inhibitor,generic,-tinib,saturated,False,,
guxetinib,False,grammar+refined,1,68.83,62.92,moderate,-7.92,7.08,dexetimide,0.6524,4,INTRA_STEM_TOO_CLOSE,SIMILARITY_MODERATE,gixetinib,gixetinib -> guxetinib,0.0,1.0,1.0,1.0,1.0,0.983,0.0,tyrosine kinase inhibitor,generic,-tinib,saturated,False,,
guqetinib,True,grammar+refined,1,68.83,58.43,moderate,-3.43,11.57,guaietolin,0.6167,4,,SIMILARITY_MODERATE,gixetinib,gixetinib -> guxetinib -> guqetinib,0.0,1.0,1.0,1.0,1.0,0.983,0.0,tyrosine kinase inhibitor,generic,-tinib,saturated,True,,
amatinib,False,grammar+refined,1,68.26,73.88,high,-18.88,-3.88,imatinib,0.8836,4,SIMILARITY_TOO_HIGH|INTRA_STEM_TOO_CLOSE|TRADEMARK_HIT,,adatinib,adatinib -> amatinib,0.0,1.0,1.0,1.0,1.0,0.912,0.02,tyrosine kinase inhibitor,generic,-tinib,saturated,False,,
ematinib,False,grammar+refined,1,70.27,76.76,high,-21.76,-6.76,imatinib,0.8254,4,SIMILARITY_TOO_HIGH|INTRA_STEM_TOO_CLOSE|TRADEMARK_HIT,,adatinib,adatinib -> amatinib -> ematinib,0.0,1.0,1.0,1.0,1.0,0.912,0.307,tyrosine kinase inhibitor,generic,-tinib,saturated,False,,
imatinib,False,grammar+refined,1,70.67,100.0,high,-45.0,-30.0,imatinib,0.8498,4,EXACT_NAME_COLLISION|INTRA_STEM_TOO_CLOSE|TRADEMARK_HIT,,adatinib,adatinib -> amatinib -> ematinib -> imatinib,0.0,1.0,1.0,1.0,1.0,0.912,0.364,tyrosine kinase inhibitor,generic,-tinib,saturated,False,,
firlotinib,False,ngram_guided+refined,1,64.14,70.02,high,-15.02,-0.02,erlotinib,0.7254,4,SIMILARITY_TOO_HIGH|INTRA_STEM_TOO_CLOSE|TRADEMARK_HIT,,pirlotinib,pirlotinib -> firlotinib,0.0,0.68,1.0,1.0,1.0,0.998,0.224,tyrosine kinase inhibitor,generic,-tinib,saturated,False,,
virlotinib,False,ngram_guided+refined,1,62.97,70.02,high,-15.02,-0.02,erlotinib,0.8153,4,SIMILARITY_TOO_HIGH|INTRA_STEM_TOO_CLOSE|TRADEMARK_HIT,,pirlotinib,pirlotinib -> firlotinib -> virlotinib,0.0,0.68,1.0,1.0,1.0,0.998,0.056,tyrosine kinase inhibitor,generic,-tinib,saturated,False,,
tirlotinib,False,ngram_guided+refined,1,64.2,70.02,high,-15.02,-0.02,erlotinib,0.7058,4,SIMILARITY_TOO_HIGH|INTRA_STEM_TOO_CLOSE|TRADEMARK_HIT,,pirlotinib,pirlotinib -> firlotinib -> virlotinib -> tirlotinib,0.0,0.68,1.0,1.0,1.0,0.998,0.231,tyrosine kinase inhibitor,generic,-tinib,saturated,False,,
lalbetinib,False,grammar,2,62.58,63.15,moderate,-8.15,6.85,vandetanib,0.7547,4,INTRA_STEM_TOO_CLOSE|TRADEMARK_HIT,SIMILARITY_MODERATE,,lalbetinib,0.0,0.68,1.0,1.0,1.0,0.998,0.0,tyrosine kinase inhibitor,generic,-tinib,saturated,False,,
veminatinib,False,grammar,2,61.96,70.17,high,-15.17,-0.17,pemigatinib,0.8298,5,SIMILARITY_TOO_HIGH|INTRA_STEM_TOO_CLOSE|TRADEMARK_HIT,,,veminatinib,0.0,0.733,1.0,1.0,1.0,0.821,0.012,tyrosine kinase inhibitor,generic,-tinib,saturated,False,,
mazusotinib,True,grammar,2,67.21,64.31,moderate,-9.31,5.69,mafodotin,0.6384,5,,SIMILARITY_MODERATE,,mazusotinib,0.0,1.0,1.0,1.0,1.0,0.821,0.0,tyrosine kinase inhibitor,generic,-tinib,saturated,True,,
axodatinib,False,grammar,2,67.67,61.28,moderate,-6.28,8.72,sedating,0.679,5,INTRA_STEM_TOO_CLOSE,SIMILARITY_MODERATE,,axodatinib,0.0,1.0,1.0,1.0,1.0,0.867,0.0,tyrosine kinase inhibitor,generic,-tinib,saturated,False,,
mabimitinib,False,grammar,2,61.88,64.84,moderate,-9.84,5.16,manidipine,0.8285,5,INTRA_STEM_TOO_CLOSE,SIMILARITY_MODERATE,,mabimitinib,0.0,0.733,1.0,1.0,1.0,0.821,0.0,tyrosine kinase inhibitor,generic,-tinib,saturated,False,,
imetinib,False,grammar,2,71.79,72.48,high,-17.48,-2.48,emetine,0.9236,4,SIMILARITY_TOO_HIGH|INTRA_STEM_TOO_CLOSE|TRADEMARK_HIT,,,imetinib,0.0,1.0,1.0,1.0,1.0,0.912,0.524,tyrosine kinase inhibitor,generic,-tinib,saturated,False,,
pilatinib,False,grammar,2,68.89,78.63,high,-23.63,-8.63,platinic,0.8618,4,SIMILARITY_TOO_HIGH|INTRA_STEM_TOO_CLOSE|TRADEMARK_HIT,,,pilatinib,0.0,1.0,1.0,1.0,1.0,0.983,0.01,tyrosine kinase inhibitor,generic,-tinib,saturated,False,,
cibutinib,False,grammar,2,68.91,68.5,moderate,-13.5,1.5,oxybutynin,0.7969,4,TRADEMARK_HIT,SIMILARITY_MODERATE,,cibutinib,0.0,1.0,1.0,1.0,1.0,0.983,0.012,tyrosine kinase inhibitor,generic,-tinib,saturated,False,,
umutinib,False,grammar,2,68.12,65.69,moderate,-10.69,4.31,rutinic,0.6587,4,INTRA_STEM_TOO_CLOSE|TRADEMARK_HIT,SIMILARITY_MODERATE,,umutinib,0.0,1.0,1.0,1.0,1.0,0.912,0.0,tyrosine kinase inhibitor,generic,-tinib,saturated,False,,
darrutinib,True,grammar,2,62.62,67.42,moderate,-12.42,2.58,rutinic,0.7259,4,,SIMILARITY_MODERATE,,darrutinib,0.0,0.68,1.0,1.0,1.0,0.998,0.006,tyrosine kinase inhibitor,generic,-tinib,saturated,False,,
ogvitinib,False,grammar,2,68.83,61.52,moderate,-6.52,8.48,asciminib,0.6043,4,INTRA_STEM_TOO_CLOSE|TRADEMARK_HIT,SIMILARITY_MODERATE,,ogvitinib,0.0,1.0,1.0,1.0,1.0,0.983,0.0,tyrosine kinase inhibitor,generic,-tinib,saturated,False,,
lomatinib,False,grammar,2,63.7,73.62,high,-18.62,-3.62,lomatium,0.8274,4,SIMILARITY_TOO_HIGH|INTRA_STEM_TOO_CLOSE|TRADEMARK_HIT,,,lomatinib,0.0,0.6,1.0,1.0,1.0,0.983,0.411,tyrosine kinase inhibitor,generic,-tinib,saturated,False,,
tipucotinib,True,grammar,2,61.88,65.0,moderate,-10.0,5.0,nicotinic,0.6525,5,,SIMILARITY_MODERATE,,tipucotinib,0.0,0.733,1.0,1.0,1.0,0.821,0.0,tyrosine kinase inhibitor,generic,-tinib,saturated,False,,
aretinib,False,grammar,2,68.14,70.66,high,-15.66,-0.66,retinyl,0.8118,4,SIMILARITY_TOO_HIGH|INTRA_STEM_TOO_CLOSE|TRADEMARK_HIT,,,aretinib,0.0,1.0,1.0,1.0,1.0,0.912,0.003,tyrosine kinase inhibitor,generic,-tinib,saturated,False,,
sozithutinib,True,grammar,2,62.27,54.44,low,0.56,15.56,ziftomenib,0.6152,5,,,,sozithutinib,0.022,0.771,1.0,1.0,1.0,0.731,0.0,tyrosine kinase inhibitor,generic,-tinib,saturated,False,,
cezinsetinib,True,grammar,2,61.74,60.21,moderate,-5.21,9.79,desensitizing,0.6494,5,,SIMILARITY_MODERATE,,cezinsetinib,0.0,0.771,1.0,1.0,1.0,0.731,0.0,tyrosine kinase inhibitor,generic,-tinib,saturated,False,,
piothetinib,True,grammar,2,61.89,59.24,moderate,-4.24,10.76,diosmetin,0.7648,5,,SIMILARITY_MODERATE,,piothetinib,0.0,0.733,1.0,1.0,1.0,0.821,0.001,tyrosine kinase inhibitor,generic,-tinib,saturated,False,,
linudatinib,False,grammar,2,61.89,64.42,moderate,-9.42,5.58,clindacin,0.774,5,INTRA_STEM_TOO_CLOSE,SIMILARITY_MODERATE,,linudatinib,0.0,0.733,1.0,1.0,1.0,0.821,0.001,tyrosine kinase inhibitor,generic,-tinib,saturated,False,,
praxotinib,False,grammar,2,61.23,70.45,high,-15.45,-0.45,praxbind,0.7807,4,SIMILARITY_TOO_HIGH|INTRA_STEM_TOO_CLOSE|TRADEMARK_HIT,,,praxotinib,0.0,0.68,0.879,1.0,1.0,0.998,0.049,tyrosine kinase inhibitor,generic,-tinib,saturated,False,,
enatinib,False,grammar,2,74.62,68.33,moderate,-13.33,1.67,enasidenib,0.8631,4,INTRA_STEM_TOO_CLOSE|TRADEMARK_HIT,SIMILARITY_MODERATE,,enatinib,0.0,1.0,1.0,1.0,1.0,0.912,0.928,tyrosine kinase inhibitor,generic,-tinib,saturated,False,,
lacanotinib,False,grammar,2,61.94,59.01,moderate,-4.01,10.99,lavandin,0.8369,5,TRADEMARK_HIT,SIMILARITY_MODERATE,,lacanotinib,0.0,0.733,1.0,1.0,1.0,0.821,0.009,tyrosine kinase inhibitor,generic,-tinib,saturated,False,,
onitinib,False,grammar,2,68.12,68.01,moderate,-13.01,1.99,aconitine,0.7894,4,INTRA_STEM_TOO_CLOSE|TRADEMARK_HIT,SIMILARITY_MODERATE,,onitinib,0.0,1.0,1.0,1.0,1.0,0.912,0.0,tyrosine kinase inhibitor,generic,-tinib,saturated,False,,
acitinib,False,grammar,2,73.68,78.93,high,-23.93,-8.93,asciminib,0.9122,4,SIMILARITY_TOO_HIGH|INTRA_STEM_TOO_CLOSE|TRADEMARK_HIT,,,acitinib,0.0,1.0,1.0,1.0,1.0,0.912,0.794,tyrosine kinase inhibitor,generic,-tinib,saturated,False,,
oratinib,False,grammar,2,68.14,72.46,high,-17.46,-2.46,sorafenib,0.8476,4,SIMILARITY_TOO_HIGH|INTRA_STEM_TOO_CLOSE|TRADEMARK_HIT,,,oratinib,0.0,1.0,1.0,1.0,1.0,0.912,0.003,tyrosine kinase inhibitor,generic,-tinib,saturated,False,,
toltinib,False,ngram_guided,2,69.01,67.47,moderate,-12.47,2.53,fortinia,0.7549,3,TRADEMARK_HIT,SIMILARITY_MODERATE,,toltinib,0.0,1.0,1.0,1.0,1.0,0.787,0.305,tyrosine kinase inhibitor,generic,-tinib,saturated,False,,
agalsetinib,False,ngram_guided,2,59.01,63.48,moderate,-8.48,6.52,pralsetinib,0.7489,5,INTRA_STEM_TOO_CLOSE,SIMILARITY_MODERATE,,agalsetinib,0.0,0.517,1.0,1.0,1.0,0.821,0.209,tyrosine kinase inhibitor,generic,-tinib,saturated,False,,
tezotinib,False,ngram_guided,2,62.58,72.42,high,-17.42,-2.42,tepotinib,0.767,4,SIMILARITY_TOO_HIGH|INTRA_STEM_TOO_CLOSE|TRADEMARK_HIT,,,tezotinib,0.0,0.6,1.0,1.0,1.0,0.983,0.25,tyrosine kinase inhibitor,generic,-tinib,saturated,False,,
pentinib,False,ngram_guided,2,69.03,72.21,high,-17.21,-2.21,pentane,0.9501,3,SIMILARITY_TOO_HIGH|INTRA_STEM_TOO_CLOSE,,,pentinib,0.0,1.0,1.0,1.0,1.0,0.787,0.308,tyrosine kinase inhibitor,generic,-tinib,saturated,False,,
oxymetinib,False,ngram_guided,2,52.93,71.91,high,-16.91,-1.91,oxypertine,0.9588,5,SIMILARITY_TOO_HIGH|INTRA_STEM_TOO_CLOSE|TRADEMARK_HIT,,,oxymetinib,0.0,0.45,0.889,1.0,0.53,0.867,0.764,tyrosine kinase inhibitor,generic,-tinib,saturated,False,,
synthtinib,False,ngram_guided,2,43.28,66.4,moderate,-11.4,3.6,synthetic,0.6235,3,TRADEMARK_HIT,SIMILARITY_MODERATE,,synthtinib,0.0,0.45,0.788,0.65,0.53,0.873,0.028,tyrosine kinase inhibitor,generic,-tinib,saturated,False,,
rucatinib,False,ngram_guided,2,61.81,72.08,high,-17.08,-2.08,tucatinib,0.7734,4,SIMILARITY_TOO_HIGH|INTRA_STEM_TOO_CLOSE,,,rucatinib,0.0,0.6,1.0,1.0,1.0,0.983,0.14,tyrosine kinase inhibitor,generic,-tinib,saturated,False,,
zamitinib,False,ngram_guided,2,62.98,67.79,moderate,-12.79,2.21,bamipine,0.8141,4,INTRA_STEM_TOO_CLOSE|TRADEMARK_HIT,SIMILARITY_MODERATE,,zamitinib,0.0,0.6,1.0,1.0,1.0,0.983,0.307,tyrosine kinase inhibitor,generic,-tinib,saturated,False,,
pegadelgtinib,True,ngram_guided,2,55.04,62.21,moderate,-7.21,7.79,pegaptanib,0.6282,5,,SIMILARITY_MODERATE,,pegadelgtinib,0.0,0.4,0.828,1.0,1.0,0.624,0.601,tyrosine kinase inhibitor,generic,-tinib,saturated,False,,
gozeltinib,False,ngram_guided,2,63.33,63.59,moderate,-8.59,6.41,agomelatine,0.6758,4,INTRA_STEM_TOO_CLOSE,SIMILARITY_MODERATE,,gozeltinib,0.0,0.68,1.0,1.0,1.0,0.998,0.107,tyrosine kinase inhibitor,generic,-tinib,saturated,False,,
dofatinib,False,ngram_guided,2,61.74,65.37,moderate,-10.37,4.63,defactinib,0.7593,4,INTRA_STEM_TOO_CLOSE|TRADEMARK_HIT,SIMILARITY_MODERATE,,dofatinib,0.0,0.6,1.0,1.0,1.0,0.983,0.131,tyrosine kinase inhibitor,generic,-tinib,saturated,False,,
protinib,False,ngram_guided,2,66.18,84.59,high,-29.59,-14.59,aprotinin,0.9498,3,SIMILARITY_TOO_HIGH|INTRA_STEM_TOO_CLOSE|TRADEMARK_HIT,,,protinib,0.0,1.0,0.854,1.0,1.0,0.787,0.194,tyrosine kinase inhibitor,generic,-tinib,saturated,False,,
decalcurtinib,True,ngram_guided,2,56.88,63.06,moderate,-8.06,6.94,decalactone,0.7816,5,,SIMILARITY_MODERATE,,decalcurtinib,0.0,0.4,0.975,1.0,1.0,0.624,0.569,tyrosine kinase inhibitor,generic,-tinib,saturated,False,,
bremivitinib,True,ngram_guided,2,60.6,60.5,moderate,-5.5,9.5,artemisinin,0.7598,5,,SIMILARITY_MODERATE,,bremivitinib,0.0,0.564,0.894,1.0,1.0,0.731,0.641,tyrosine kinase inhibitor,generic,-tinib,saturated,False,,
cycltinib,True,ngram_guided,2,61.01,67.44,moderate,-12.44,2.56,cyclizine,0.7179,3,,SIMILARITY_MODERATE,,cycltinib,0.0,0.6,0.788,1.0,1.0,0.858,0.629,tyrosine kinase inhibitor,generic,-tinib,saturated,False,,
sectinib,False,ngram_guided,2,73.04,71.18,high,-16.18,-1.18,pectin,0.8323,3,SIMILARITY_TOO_HIGH|INTRA_STEM_TOO_CLOSE|TRADEMARK_HIT,,,sectinib,0.0,1.0,1.0,1.0,1.0,0.787,0.881,tyrosine kinase inhibitor,generic,-tinib,saturated,False,,
ralsidtinib,False,ngram_guided,2,61.21,66.92,moderate,-11.92,3.08,pralsetinib,0.6302,4,INTRA_STEM_TOO_CLOSE,SIMILARITY_MODERATE,,ralsidtinib,0.0,0.517,0.975,1.0,1.0,0.952,0.386,tyrosine kinase inhibitor,generic,-tinib,saturated,False,,
voltinib,False,ngram_guided,2,67.08,68.76,moderate,-13.76,1.24,veltin,0.6775,3,TRADEMARK_HIT,SIMILARITY_MODERATE,,voltinib,0.0,1.0,1.0,1.0,1.0,0.787,0.029,tyrosine kinase inhibitor,generic,-tinib,saturated,False,,
noglutinib,False,ngram_guided,2,57.74,66.31,moderate,-11.31,3.69,hemagglutinin,0.8607,4,TRADEMARK_HIT,SIMILARITY_MODERATE,,noglutinib,0.0,0.45,0.879,1.0,1.0,0.998,0.207,tyrosine kinase inhibitor,generic,-tinib,saturated,False,,
cemitinib,False,ngram_guided,2,64.61,67.31,moderate,-12.31,2.69,feminine,0.8035,4,INTRA_STEM_TOO_CLOSE|TRADEMARK_HIT,SIMILARITY_MODERATE,,cemitinib,0.0,0.6,1.0,1.0,1.0,0.983,0.54,tyrosine kinase inhibitor,generic,-tinib,saturated,False,,
laurdimtinib,False,ngram_guided,2,53.23,73.57,high,-18.57,-3.57,laurdimonium,0.6541,4,SIMILARITY_TOO_HIGH,,,laurdimtinib,0.0,0.15,0.975,1.0,1.0,0.862,0.422,tyrosine kinase inhibitor,generic,-tinib,saturated,False,,
euonytinib,False,ngram_guided,2,52.16,61.99,moderate,-6.99,8.01,aconitine,0.6166,5,INTRA_STEM_TOO_CLOSE|TRADEMARK_HIT,SIMILARITY_MODERATE,,euonytinib,0.0,0.45,0.889,0.65,1.0,0.867,0.029,tyrosine kinase inhibitor,generic,-tinib,saturated,False,,
rhynchotinib,True,ngram_guided,2,47.9,63.8,moderate,-8.8,6.2,rhynchophylline,0.6606,4,,SIMILARITY_MODERATE|ILLEGAL_ONSET_CLUSTER,,rhynchotinib,0.0,0.15,0.728,1.0,1.0,0.862,0.154,tyrosine kinase inhibitor,generic,-tinib,saturated,False,,
brenbuttinib,True,ngram_guided,2,61.26,64.2,moderate,-9.2,5.8,brentuximab,0.7884,4,,SIMILARITY_MODERATE,,brenbuttinib,0.0,0.564,0.83,0.75,1.0,0.862,0.999,tyrosine kinase inhibitor,generic,-tinib,saturated,False,,
evatinib,False,grammar+refined,2,68.12,66.93,moderate,-11.93,3.07,vaccinia,0.7573,4,INTRA_STEM_TOO_CLOSE|TRADEMARK_HIT,SIMILARITY_MODERATE,enatinib,enatinib -> evatinib,0.0,1.0,1.0,1.0,1.0,0.912,0.0,tyrosine kinase inhibitor,generic,-tinib,saturated,False,,
edatinib,False,grammar+refined,2,68.13,71.63,high,-16.63,-1.63,sedating,0.7532,4,SIMILARITY_TOO_HIGH|INTRA_STEM_TOO_CLOSE|TRADEMARK_HIT,,enatinib,enatinib -> evatinib -> edatinib,0.0,1.0,1.0,1.0,1.0,0.912,0.001,tyrosine kinase inhibitor,generic,-tinib,saturated,False,,
edutinib,False,grammar+refined,2,68.12,66.47,moderate,-11.47,3.53,rutinic,0.6562,4,INTRA_STEM_TOO_CLOSE|TRADEMARK_HIT,SIMILARITY_MODERATE,enatinib,enatinib -> evatinib -> edatinib -> edutinib,0.0,1.0,1.0,1.0,1.0,0.912,0.0,tyrosine kinase inhibitor,generic,-tinib,saturated,False,,
anitinib,False,grammar+refined,2,71.18,69.76,moderate,-14.76,0.24,ranitidine,0.886,4,INTRA_STEM_TOO_CLOSE|TRADEMARK_HIT,SIMILARITY_MODERATE,acitinib,acitinib -> anitinib,0.0,1.0,1.0,1.0,1.0,0.912,0.437,tyrosine kinase inhibitor,generic,-tinib,saturated,False,,
avitinib,False,grammar+refined,2,70.14,68.15,moderate,-13.15,1.85,asciminib,0.8536,4,INTRA_STEM_TOO_CLOSE|TRADEMARK_HIT,SIMILARITY_MODERATE,acitinib,acitinib -> anitinib -> avitinib,0.0,1.0,1.0,1.0,1.0,0.912,0.288,tyrosine kinase inhibitor,generic,-tinib,saturated,False,,
aritinib,False,grammar+refined,2,69.78,69.81,moderate,-14.81,0.19,rutinic,0.8706,4,INTRA_STEM_TOO_CLOSE,SIMILARITY_MODERATE,acitinib,acitinib -> anitinib -> avitinib -> aritinib,0.0,1.0,1.0,1.0,1.0,0.912,0.236,tyrosine kinase inhibitor,generic,-tinib,saturated,False,,
sictinib,True,ngram_guided+refined,2,66.87,67.7,moderate,-12.7,2.3,nicotinic,0.7356,3,,SIMILARITY_MODERATE,sectinib,sectinib -> sictinib,0.0,1.0,1.0,1.0,1.0,0.787,0.0,tyrosine kinase inhibitor,generic,-tinib,saturated,True,,
ametinib,False,grammar+refined,2,68.14,73.37,high,-18.37,-3.37,amezinium,0.9205,4,SIMILARITY_TOO_HIGH|INTRA_STEM_TOO_CLOSE|TRADEMARK_HIT,,imetinib,imetinib -> ametinib,0.0,1.0,1.0,1.0,1.0,0.912,0.003,tyrosine kinase inhibitor,generic,-tinib,saturated,False,,
amutinib,False,grammar+refined,2,68.12,65.69,moderate,-10.69,4.31,rutinic,0.7829,4,INTRA_STEM_TOO_CLOSE|TRADEMARK_HIT,SIMILARITY_MODERATE,imetinib,imetinib -> ametinib -> amutinib,0.0,1.0,1.0,1.0,1.0,0.912,0.0,tyrosine kinase inhibitor,generic,-tinib,saturated,False,,
avutinib,False,grammar+refined,2,68.72,68.03,moderate,-13.03,1.97,rutinic,0.7535,4,INTRA_STEM_TOO_CLOSE|TRADEMARK_HIT,SIMILARITY_MODERATE,imetinib,imetinib -> ametinib -> amutinib -> avutinib,0.0,1.0,1.0,1.0,1.0,0.912,0.086,tyrosine kinase inhibitor,generic,-tinib,saturated,False,,
pextinib,False,ngram_guided+refined,2,64.91,70.33,high,-15.33,-0.33,extina,0.6998,3,SIMILARITY_TOO_HIGH|TRADEMARK_HIT,,pentinib,pentinib -> pextinib,0.0,1.0,0.854,1.0,1.0,0.787,0.012,tyrosine kinase inhibitor,generic,-tinib,saturated,False,,
zextinib,False,ngram_guided+refined,2,64.83,70.33,high,-15.33,-0.33,extina,0.6132,3,SIMILARITY_TOO_HIGH|TRADEMARK_HIT,,pentinib,pentinib -> pextinib -> zextinib,0.0,1.0,0.854,1.0,1.0,0.787,0.0,tyrosine kinase inhibitor,generic,-tinib,saturated,False,,
zeftinib,False,ngram_guided+refined,2,66.87,70.58,high,-15.58,-0.58,cefdinir,0.6267,3,SIMILARITY_TOO_HIGH|INTRA_STEM_TOO_CLOSE|TRADEMARK_HIT,,pentinib,pentinib -> pextinib -> zextinib -> zeftinib,0.0,1.0,1.0,1.0,1.0,0.787,0.0,tyrosine kinase inhibitor,generic,-tinib,saturated,False,,
taltinib,False,ngram_guided+refined,2,72.72,69.1,moderate,-14.1,0.9,alpinia,0.8168,3,TRADEMARK_HIT,SIMILARITY_MODERATE,toltinib,toltinib -> taltinib,0.0,1.0,1.0,1.0,1.0,0.787,0.835,tyrosine kinase inhibitor,generic,-tinib,saturated,False,,
tultinib,False,ngram_guided+refined,2,66.88,63.34,moderate,-8.34,6.66,platinic,0.7616,3,TRADEMARK_HIT,SIMILARITY_MODERATE,toltinib,toltinib -> taltinib -> tultinib,0.0,1.0,1.0,1.0,1.0,0.787,0.001,tyrosine kinase inhibitor,generic,-tinib,saturated,False,,
cebutinib,False,grammar+refined,2,60.83,66.34,moderate,-11.34,3.66,oxybutynin,0.8238,4,INTRA_STEM_TOO_CLOSE|TRADEMARK_HIT,SIMILARITY_MODERATE,cibutinib,cibutinib -> cebutinib,0.0,0.6,1.0,1.0,1.0,0.983,0.001,tyrosine kinase inhibitor,generic,-tinib,saturated,False,,
cecutinib,False,grammar+refined,2,68.83,62.55,moderate,-7.55,7.45,nicotinic,0.7005,4,INTRA_STEM_TOO_CLOSE|TRADEMARK_HIT,SIMILARITY_MODERATE,cibutinib,cibutinib -> cebutinib -> cecutinib,0.0,1.0,1.0,1.0,1.0,0.983,0.0,tyrosine kinase inhibitor,generic,-tinib,saturated,False,,
cegutinib,False,grammar+refined,2,68.83,63.73,moderate,-8.73,6.27,seguine,0.6568,4,INTRA_STEM_TOO_CLOSE|TRADEMARK_HIT,SIMILARITY_MODERATE,cibutinib,cibutinib -> cebutinib -> cecutinib -> cegutinib,0.0,1.0,1.0,1.0,1.0,0.983,0.0,tyrosine kinase inhibitor,generic,-tinib,saturated,False,,
piwatinib,False,grammar+refined,2,68.83,69.9,moderate,-14.9,0.1,platinic,0.6664,4,TRADEMARK_HIT,SIMILARITY_MODERATE,pilatinib,pilatinib -> piwatinib,0.0,1.0,1.0,1.0,1.0,0.983,0.0,tyrosine kinase inhibitor,generic,-tinib,saturated,False,,
pigatinib,False,grammar+refined,2,61.44,73.42,high,-18.42,-3.42,pegaptanib,0.7823,4,SIMILARITY_TOO_HIGH|INTRA_STEM_TOO_CLOSE|TRADEMARK_HIT,,pilatinib,pilatinib -> piwatinib -> pigatinib,0.0,0.6,1.0,1.0,1.0,0.983,0.088,tyrosine kinase inhibitor,generic,-tinib,saturated,False,,
pigitinib,False,grammar+refined,2,68.85,61.22,moderate,-6.22,8.78,digitalin,0.791,4,TRADEMARK_HIT,SIMILARITY_MODERATE,pilatinib,pilatinib -> piwatinib -> pigatinib -> pigitinib,0.0,1.0,1.0,1.0,1.0,0.983,0.003,tyrosine kinase inhibitor,generic,-tinib,saturated,False,,
axokotinib,True,grammar,3,67.67,59.32,moderate,-4.32,10.68,aprotinin,0.6211,5,,SIMILARITY_MODERATE,,axokotinib,0.0,1.0,1.0,1.0,1.0,0.867,0.0,tyrosine kinase inhibitor,generic,-tinib,saturated,True,,
nototinib,False,grammar,3,60.83,71.46,high,-16.46,-1.46,nicotinic,0.7106,4,SIMILARITY_TOO_HIGH|INTRA_STEM_TOO_CLOSE|TRADEMARK_HIT,,,nototinib,0.0,0.6,1.0,1.0,1.0,0.983,0.0,tyrosine kinase inhibitor,generic,-tinib,saturated,False,,
seelitinib,False,grammar,3,62.62,59.78,moderate,-4.78,10.22,velutina,0.7123,4,INTRA_STEM_TOO_CLOSE|TRADEMARK_HIT,SIMILARITY_MODERATE,,seelitinib,0.0,0.68,1.0,1.0,1.0,0.998,0.006,tyrosine kinase inhibitor,generic,-tinib,saturated,False,,
ixexatinib,True,grammar,3,67.67,59.06,moderate,-4.06,10.94,saxatilis,0.6405,5,,SIMILARITY_MODERATE,,ixexatinib,0.0,1.0,1.0,1.0,1.0,0.867,0.001,tyrosine kinase inhibitor,generic,-tinib,saturated,True,,
belotinib,False,grammar,3,69.65,66.41,moderate,-11.41,3.59,velutina,0.8197,4,INTRA_STEM_TOO_CLOSE|TRADEMARK_HIT,SIMILARITY_MODERATE,,belotinib,0.0,1.0,1.0,1.0,1.0,0.983,0.118,tyrosine kinase inhibitor,generic,-tinib,saturated,False,,
pizulotinib,False,grammar,3,67.22,58.44,moderate,-3.44,11.56,mizolastine,0.7322,5,TRADEMARK_HIT,SIMILARITY_MODERATE,,pizulotinib,0.0,1.0,1.0,1.0,1.0,0.821,0.001,tyrosine kinase inhibitor,generic,-tinib,saturated,False,,
doxatinib,False,grammar,3,64.74,70.51,high,-15.51,-0.51,roxatidine,0.8393,4,SIMILARITY_TOO_HIGH|INTRA_STEM_TOO_CLOSE|TRADEMARK_HIT,,,doxatinib,0.0,0.6,1.0,1.0,1.0,0.983,0.559,tyrosine kinase inhibitor,generic,-tinib,saturated,False,,
lotopitinib,True,grammar,3,61.98,59.79,moderate,-4.79,10.21,topicaine,0.7546,5,,SIMILARITY_MODERATE,,lotopitinib,0.0,0.733,1.0,1.0,1.0,0.821,0.014,tyrosine kinase inhibitor,generic,-tinib,saturated,False,,
pafomitinib,False,grammar,3,61.93,70.83,high,-15.83,-0.83,dacomitinib,0.7242,5,SIMILARITY_TOO_HIGH|INTRA_STEM_TOO_CLOSE,,,pafomitinib,0.0,0.733,1.0,1.0,1.0,0.821,0.007,tyrosine kinase inhibitor,generic,-tinib,saturated,False,,
asitinib,False,grammar,3,68.12,74.33,high,-19.33,-4.33,asciminib,0.8275,4,SIMILARITY_TOO_HIGH|INTRA_STEM_TOO_CLOSE|TRADEMARK_HIT,,,asitinib,0.0,1.0,1.0,1.0,1.0,0.912,0.0,tyrosine kinase inhibitor,generic,-tinib,saturated,False,,
avetinib,False,grammar,3,68.3,65.83,moderate,-10.83,4.17,ezetimibe,0.7848,4,INTRA_STEM_TOO_CLOSE|TRADEMARK_HIT,SIMILARITY_MODERATE,,avetinib,0.0,1.0,1.0,1.0,1.0,0.912,0.026,tyrosine kinase inhibitor,generic,-tinib,saturated,False,,
cectecetinib,True,grammar,3,61.74,58.31,moderate,-3.31,11.69,doxecitine,0.7238,5,,SIMILARITY_MODERATE,,cectecetinib,0.0,0.771,1.0,1.0,1.0,0.731,0.0,tyrosine kinase inhibitor,generic,-tinib,saturated,False,,
iorvetinib,True,grammar,3,61.27,60.42,moderate,-5.42,9.58,bioretinol,0.6584,5,,SIMILARITY_MODERATE,,iorvetinib,0.0,0.68,1.0,1.0,1.0,0.867,0.0,tyrosine kinase inhibitor,generic,-tinib,saturated,False,,
otatinib,False,grammar,3,68.12,68.18,moderate,-13.18,1.82,statin,0.7272,4,INTRA_STEM_TOO_CLOSE|TRADEMARK_HIT,SIMILARITY_MODERATE,,otatinib,0.0,1.0,1.0,1.0,1.0,0.912,0.0,tyrosine kinase inhibitor,generic,-tinib,saturated,False,,
tofobitinib,False,grammar,3,61.9,65.58,moderate,-10.58,4.42,tofacitinib,0.7298,5,TRADEMARK_HIT,SIMILARITY_MODERATE,,tofobitinib,0.0,0.733,1.0,1.0,1.0,0.821,0.003,tyrosine kinase inhibitor,generic,-tinib,saturated,False,,
omixitinib,False,grammar,3,61.27,61.19,moderate,-6.19,8.81,romifidine,0.6765,5,INTRA_STEM_TOO_CLOSE,SIMILARITY_MODERATE,,omixitinib,0.0,0.68,1.0,1.0,1.0,0.867,0.0,tyrosine kinase inhibitor,generic,-tinib,saturated,False,,
ninzitinib,False,grammar,3,62.58,68.47,moderate,-13.47,1.53,nintedanib,0.6362,4,TRADEMARK_HIT,SIMILARITY_MODERATE,,ninzitinib,0.0,0.68,1.0,1.0,1.0,0.998,0.0,tyrosine kinase inhibitor,generic,-tinib,saturated,False,,
opitinib,False,grammar,3,68.13,66.31,moderate,-11.31,3.69,iopidine,0.7622,4,INTRA_STEM_TOO_CLOSE|TRADEMARK_HIT,SIMILARITY_MODERATE,,opitinib,0.0,1.0,1.0,1.0,1.0,0.912,0.001,tyrosine kinase inhibitor,generic,-tinib,saturated,False,,
centibotinib,True,grammar,3,57.64,64.19,moderate,-9.19,5.81,ceftibuten,0.8081,5,,SIMILARITY_MODERATE,,centibotinib,0.0,0.564,1.0,1.0,1.0,0.731,0.006,tyrosine kinase inhibitor,generic,-tinib,saturated,False,,
usitinib,False,grammar,3,68.12,66.54,moderate,-11.54,3.46,asciminib,0.6737,4,INTRA_STEM_TOO_CLOSE|TRADEMARK_HIT,SIMILARITY_MODERATE,,usitinib,0.0,1.0,1.0,1.0,1.0,0.912,0.0,tyrosine kinase inhibitor,generic,-tinib,saturated,False,,
bovoxotinib,True,grammar,3,61.88,62.52,moderate,-7.52,7.48,atomoxetine,0.6966,5,,SIMILARITY_MODERATE,,bovoxotinib,0.0,0.733,1.0,1.0,1.0,0.821,0.0,tyrosine kinase inhibitor,generic,-tinib,saturated,False,,
evitinib,False,grammar,3,69.14,64.71,moderate,-9.71,5.29,desitin,0.806,4,INTRA_STEM_TOO_CLOSE|TRADEMARK_HIT,SIMILARITY_MODERATE,,evitinib,0.0,1.0,1.0,1.0,1.0,0.912,0.145,tyrosine kinase inhibitor,generic,-tinib,saturated,False,,
oretinib,False,grammar,3,68.12,70.66,high,-15.66,-0.66,retinyl,0.802,4,SIMILARITY_TOO_HIGH|TRADEMARK_HIT,,,oretinib,0.0,1.0,1.0,1.0,1.0,0.912,0.0,tyrosine kinase inhibitor,generic,-tinib,saturated,False,,
rosotinib,False,grammar,3,61.07,62.78,moderate,-7.78,7.22,aprotinin,0.7636,4,INTRA_STEM_TOO_CLOSE|TRADEMARK_HIT,SIMILARITY_MODERATE,,rosotinib,0.0,0.6,1.0,1.0,1.0,0.983,0.034,tyrosine kinase inhibitor,generic,-tinib,saturated,False,,
odrotinib,False,ngram_guided,3,60.29,75.42,high,-20.42,-5.42,aprotinin,0.7804,4,SIMILARITY_TOO_HIGH|INTRA_STEM_TOO_CLOSE|TRADEMARK_HIT,,,odrotinib,0.0,0.6,0.879,1.0,1.0,0.983,0.165,tyrosine kinase inhibitor,generic,-tinib,saturated,False,,
methyrogtinib,True,ngram_guided,3,44.39,62.24,moderate,-7.24,7.76,dimethyloctane,0.7353,5,,SIMILARITY_MODERATE,,methyrogtinib,0.0,0.4,0.889,1.0,0.18,0.624,0.833,tyrosine kinase inhibitor,generic,-tinib,saturated,False,,
vutritinib,False,ngram_guided,3,56.82,68.5,moderate,-13.5,1.5,nutrition,0.7188,4,INTRA_STEM_TOO_CLOSE|TRADEMARK_HIT,SIMILARITY_MODERATE,,vutritinib,0.0,0.45,0.879,1.0,1.0,0.998,0.076,tyrosine kinase inhibitor,generic,-tinib,saturated,False,,
baxdrotinib,True,ngram_guided,3,53.29,65.85,moderate,-10.85,4.15,baxdrostat,0.6646,4,,SIMILARITY_MODERATE,,baxdrotinib,0.0,0.3,0.625,1.0,1.0,0.952,0.575,tyrosine kinase inhibitor,generic,-tinib,saturated,False,,
usttinib,False,ngram_guided,3,61.02,62.53,moderate,-7.53,7.47,asciminib,0.6052,3,TRADEMARK_HIT,SIMILARITY_MODERATE,,usttinib,0.0,1.0,0.742,0.75,1.0,0.787,0.0,tyrosine kinase inhibitor,generic,-tinib,saturated,False,,
greptotinib,True,ngram_guided,3,60.65,66.34,moderate,-11.34,3.66,streptokinase,0.8314,4,,SIMILARITY_MODERATE,,greptotinib,0.0,0.517,0.854,1.0,1.0,0.952,0.548,tyrosine kinase inhibitor,generic,-tinib,saturated,False,,
aldotinib,False,ngram_guided,3,66.08,65.34,moderate,-10.34,4.66,aprotinin,0.8148,4,INTRA_STEM_TOO_CLOSE|TRADEMARK_HIT,SIMILARITY_MODERATE,,aldotinib,0.0,0.6,1.0,1.0,1.0,0.983,0.751,tyrosine kinase inhibitor,generic,-tinib,saturated,False,,
fondotinib,False,ngram_guided,3,66.57,70.88,high,-15.88,-0.88,vandetanib,0.7621,4,SIMILARITY_TOO_HIGH|INTRA_STEM_TOO_CLOSE,,,fondotinib,0.0,0.68,1.0,1.0,1.0,0.998,0.57,tyrosine kinase inhibitor,generic,-tinib,saturated,False,,
irbantinib,False,ngram_guided,3,57.9,63.59,moderate,-8.59,6.41,memantine,0.7236,4,TRADEMARK_HIT,SIMILARITY_MODERATE,,irbantinib,0.0,0.45,0.975,1.0,1.0,0.998,0.038,tyrosine kinase inhibitor,generic,-tinib,saturated,False,,
treotinib,False,ngram_guided,3,62.25,72.99,high,-17.99,-2.99,aprotinin,0.8575,4,SIMILARITY_TOO_HIGH|INTRA_STEM_TOO_CLOSE|TRADEMARK_HIT,,,treotinib,0.0,0.6,0.879,1.0,1.0,0.983,0.445,tyrosine kinase inhibitor,generic,-tinib,saturated,False,,
abactinib,False,ngram_guided,3,63.78,75.27,high,-20.27,-5.27,bactine,0.8613,4,SIMILARITY_TOO_HIGH|INTRA_STEM_TOO_CLOSE|TRADEMARK_HIT,,,abactinib,0.0,0.6,1.0,1.0,1.0,0.983,0.422,tyrosine kinase inhibitor,generic,-tinib,saturated,False,,
laratinib,False,ngram_guided,3,66.52,70.41,high,-15.41,-0.41,aratinga,0.8772,4,SIMILARITY_TOO_HIGH|INTRA_STEM_TOO_CLOSE|TRADEMARK_HIT,,,laratinib,0.0,0.6,1.0,1.0,1.0,0.983,0.813,tyrosine kinase inhibitor,generic,-tinib,saturated,False,,
proglucltinib,True,ngram_guided,3,56.24,63.0,moderate,-8.0,7.0,prolactin,0.7444,4,,SIMILARITY_MODERATE,,proglucltinib,0.0,0.4,0.622,1.0,1.0,0.755,0.997,tyrosine kinase inhibitor,generic,-tinib,saturated,False,,
hyosctinib,True,ngram_guided,3,56.16,64.65,moderate,-9.65,5.35,hyoscyamine,0.6493,4,,SIMILARITY_MODERATE,,hyosctinib,0.0,0.45,0.813,1.0,1.0,0.998,0.114,tyrosine kinase inhibitor,generic,-tinib,saturated,False,,
voritinib,False,ngram_guided,3,65.67,69.2,moderate,-14.2,0.8,fortinia,0.793,4,INTRA_STEM_TOO_CLOSE|TRADEMARK_HIT,SIMILARITY_MODERATE,,voritinib,0.0,0.6,1.0,1.0,1.0,0.983,0.692,tyrosine kinase inhibitor,generic,-tinib,saturated,False,,
remtinib,False,ngram_guided,3,71.54,64.48,moderate,-9.48,5.52,retinyl,0.6423,3,TRADEMARK_HIT,SIMILARITY_MODERATE,,remtinib,0.0,1.0,1.0,1.0,1.0,0.787,0.666,tyrosine kinase inhibitor,generic,-tinib,saturated,False,,
beclitinib,False,ngram_guided,3,62.61,71.55,high,-16.55,-1.55,umeclidinium,0.7688,4,SIMILARITY_TOO_HIGH|INTRA_STEM_TOO_CLOSE|TRADEMARK_HIT,,,beclitinib,0.0,0.45,0.879,1.0,1.0,0.998,0.904,tyrosine kinase inhibitor,generic,-tinib,saturated,False,,
saritinib,False,ngram_guided,3,67.75,69.38,moderate,-14.38,0.62,ceritinib,0.8686,4,INTRA_STEM_TOO_CLOSE|TRADEMARK_HIT,SIMILARITY_MODERATE,,saritinib,0.0,0.6,1.0,1.0,1.0,0.983,0.989,tyrosine kinase inhibitor,generic,-tinib,saturated,False,,
leuproctinib,True,ngram_guided,3,53.79,63.89,moderate,-8.89,6.11,aprotinin,0.9007,4,,SIMILARITY_MODERATE,,leuproctinib,0.0,0.357,0.854,1.0,1.0,0.862,0.153,tyrosine kinase inhibitor,generic,-tinib,saturated,False,,
brikitinib,False,ngram_guided,3,62.52,71.37,high,-16.37,-1.37,brigatinib,0.691,4,SIMILARITY_TOO_HIGH|INTRA_STEM_TOO_CLOSE,,,brikitinib,0.0,0.45,0.879,1.0,1.0,0.998,0.891,tyrosine kinase inhibitor,generic,-tinib,saturated,False,,
eszopitinib,True,ngram_guided,3,58.89,64.62,moderate,-9.62,5.38,eszopiclone,0.6766,5,,SIMILARITY_MODERATE,,eszopitinib,0.0,0.3,1.0,1.0,1.0,0.821,0.812,tyrosine kinase inhibitor,generic,-tinib,saturated,False,,
dornoxtinib,True,ngram_guided,3,63.44,60.61,moderate,-5.61,9.39,corynoxeine,0.6321,4,,SIMILARITY_MODERATE,,dornoxtinib,0.0,0.517,0.854,1.0,1.0,0.952,0.947,tyrosine kinase inhibitor,generic,-tinib,saturated,True,,
eptotinib,False,ngram_guided,3,67.06,70.9,high,-15.9,-0.9,aprotinin,0.8361,4,SIMILARITY_TOO_HIGH|INTRA_STEM_TOO_CLOSE|TRADEMARK_HIT,,,eptotinib,0.0,0.6,1.0,1.0,1.0,0.983,0.89,tyrosine kinase inhibitor,generic,-tinib,saturated,False,,
romtinib,False,ngram_guided+refined,3,70.3,61.96,moderate,-6.96,8.04,robinia,0.606,3,TRADEMARK_HIT,SIMILARITY_MODERATE,remtinib,remtinib -> romtinib,0.0,1.0,1.0,1.0,1.0,0.787,0.489,tyrosine kinase inhibitor,generic,-tinib,saturated,False,,
ramtinib,False,ngram_guided+refined,3,68.3,67.35,moderate,-12.35,2.65,graminis,0.6295,3,TRADEMARK_HIT,SIMILARITY_MODERATE,remtinib,remtinib -> romtinib -> ramtinib,0.0,1.0,1.0,1.0,1.0,0.787,0.204,tyrosine kinase inhibitor,generic,-tinib,saturated,False,,
rimtinib,False,ngram_guided+refined,3,72.66,65.46,moderate,-10.46,4.54,rutinic,0.6137,3,INTRA_STEM_TOO_CLOSE|TRADEMARK_HIT,SIMILARITY_MODERATE,remtinib,remtinib -> romtinib -> ramtinib -> rimtinib,0.0,1.0,1.0,1.0,1.0,0.787,0.827,tyrosine kinase inhibitor,generic,-tinib,saturated,False,,
bilotinib,False,grammar+refined,3,61.06,81.58,high,-26.58,-11.58,nilotinib,0.8225,4,SIMILARITY_TOO_HIGH|INTRA_STEM_TOO_CLOSE|TRADEMARK_HIT,,belotinib,belotinib -> bilotinib,0.0,0.6,1.0,1.0,1.0,0.983,0.033,tyrosine kinase inhibitor,generic,-tinib,saturated,False,,
lilotinib,False,grammar+refined,3,60.87,72.08,high,-17.08,-2.08,nilotinib,0.7238,4,SIMILARITY_TOO_HIGH|INTRA_STEM_TOO_CLOSE|TRADEMARK_HIT,,belotinib,belotinib -> bilotinib -> lilotinib,0.0,0.6,1.0,1.0,1.0,0.983,0.006,tyrosine kinase inhibitor,generic,-tinib,saturated,False,,
lalotinib,False,grammar+refined,3,60.88,63.42,moderate,-8.42,6.58,aprotinin,0.741,4,INTRA_STEM_TOO_CLOSE|TRADEMARK_HIT,SIMILARITY_MODERATE,belotinib,belotinib -> bilotinib -> lilotinib -> lalotinib,0.0,0.6,1.0,1.0,1.0,0.983,0.007,tyrosine kinase inhibitor,generic,-tinib,saturated,False,,
ecitinib,False,grammar+refined,3,68.12,73.57,high,-18.57,-3.57,asciminib,0.7709,4,SIMILARITY_TOO_HIGH|INTRA_STEM_TOO_CLOSE|TRADEMARK_HIT,,evitinib,evitinib -> ecitinib,0.0,1.0,1.0,1.0,1.0,0.912,0.0,tyrosine kinase inhibitor,generic,-tinib,saturated,False,,
ecatinib,False,grammar+refined,3,68.3,65.3,moderate,-10.3,4.7,canineaid,0.7915,4,INTRA_STEM_TOO_CLOSE|TRADEMARK_HIT,SIMILARITY_MODERATE,evitinib,evitinib -> ecitinib -> ecatinib,0.0,1.0,1.0,1.0,1.0,0.912,0.026,tyrosine kinase inhibitor,generic,-tinib,saturated,False,,
eyatinib,False,grammar+refined,3,68.12,65.69,moderate,-10.69,4.31,platinic,0.6769,4,INTRA_STEM_TOO_CLOSE|TRADEMARK_HIT,SIMILARITY_MODERATE,evitinib,evitinib -> ecitinib -> ecatinib -> eyatinib,0.0,1.0,1.0,1.0,1.0,0.912,0.0,tyrosine kinase inhibitor,generic,-tinib,saturated,False,,
atetinib,False,grammar+refined,3,71.0,66.34,moderate,-11.34,3.66,tetani,0.8636,4,INTRA_STEM_TOO_CLOSE|TRADEMARK_HIT,SIMILARITY_MODERATE,avetinib,avetinib -> atetinib,0.0,1.0,1.0,1.0,1.0,0.912,0.412,tyrosine kinase inhibitor,generic,-tinib,saturated,False,,
aletinib,False,grammar+refined,3,72.87,68.66,moderate,-13.66,1.34,platinic,0.8469,4,INTRA_STEM_TOO_CLOSE|TRADEMARK_HIT,SIMILARITY_MODERATE,avetinib,avetinib -> atetinib -> aletinib,0.0,1.0,1.0,1.0,1.0,0.912,0.678,tyrosine kinase inhibitor,generic,-tinib,saturated,False,,
anetinib,False,grammar+refined,3,68.3,71.86,high,-16.86,-1.86,anectine,0.8155,4,SIMILARITY_TOO_HIGH|INTRA_STEM_TOO_CLOSE|TRADEMARK_HIT,,avetinib,avetinib -> atetinib -> aletinib -> anetinib,0.0,1.0,1.0,1.0,1.0,0.912,0.026,tyrosine kinase inhibitor,generic,-tinib,saturated,False,,
oxitinib,False,grammar+refined,3,69.91,77.92,high,-22.92,-7.92,axitinib,0.8539,4,SIMILARITY_TOO_HIGH|INTRA_STEM_TOO_CLOSE|TRADEMARK_HIT,,opitinib,opitinib -> oxitinib,0.0,1.0,1.0,1.0,1.0,0.912,0.256,tyrosine kinase inhibitor,generic,-tinib,saturated,False,,
ixitinib,False,grammar+refined,3,68.12,77.92,high,-22.92,-7.92,axitinib,0.7052,4,SIMILARITY_TOO_HIGH|INTRA_STEM_TOO_CLOSE|TRADEMARK_HIT,,opitinib,opitinib -> oxitinib -> ixitinib,0.0,1.0,1.0,1.0,1.0,0.912,0.0,tyrosine kinase inhibitor,generic,-tinib,saturated,False,,
iditinib,False,grammar+refined,3,68.13,62.31,moderate,-7.31,7.69,biting,0.7182,4,INTRA_STEM_TOO_CLOSE|TRADEMARK_HIT,SIMILARITY_MODERATE,opitinib,opitinib -> oxitinib -> ixitinib -> iditinib,0.0,1.0,1.0,1.0,1.0,0.912,0.001,tyrosine kinase inhibitor,generic,-tinib,saturated,False,,
asutinib,False,grammar+refined,3,68.13,69.07,moderate,-14.07,0.93,rutinic,0.7058,4,INTRA_STEM_TOO_CLOSE|TRADEMARK_HIT,SIMILARITY_MODERATE,asitinib,asitinib -> asutinib,0.0,1.0,1.0,1.0,1.0,0.912,0.001,tyrosine kinase inhibitor,generic,-tinib,saturated,False,,
ayutinib,False,grammar+refined,3,68.12,68.91,moderate,-13.91,1.09,rutinic,0.6043,4,TRADEMARK_HIT,SIMILARITY_MODERATE,asitinib,asitinib -> asutinib -> ayutinib,0.0,1.0,1.0,1.0,1.0,0.912,0.0,tyrosine kinase inhibitor,generic,-tinib,saturated,False,,
ohatinib,False,grammar+refined,3,68.12,63.01,moderate,-8.01,6.99,platinic,0.6026,4,INTRA_STEM_TOO_CLOSE|TRADEMARK_HIT,SIMILARITY_MODERATE,otatinib,otatinib -> ohatinib,0.0,1.0,1.0,1.0,1.0,0.912,0.0,tyrosine kinase inhibitor,generic,-tinib,saturated,False,,
ojatinib,False,grammar+refined,3,68.12,72.79,high,-17.79,-2.79,jadinii,0.6172,4,SIMILARITY_TOO_HIGH|INTRA_STEM_TOO_CLOSE|TRADEMARK_HIT,,otatinib,otatinib -> ohatinib -> ojatinib,0.0,1.0,1.0,1.0,1.0,0.912,0.0,tyrosine kinase inhibitor,generic,-tinib,saturated,False,,
ajatinib,False,grammar+refined,3,68.12,72.79,high,-17.79,-2.79,jadinii,0.7313,4,SIMILARITY_TOO_HIGH|INTRA_STEM_TOO_CLOSE|TRADEMARK_HIT,,otatinib,otatinib -> ohatinib -> ojatinib -> ajatinib,0.0,1.0,1.0,1.0,1.0,0.912,0.0,tyrosine kinase inhibitor,generic,-tinib,saturated,False,,
ugitinib,False,grammar+refined,3,68.12,62.31,moderate,-7.31,7.69,chitin,0.6236,4,INTRA_STEM_TOO_CLOSE|TRADEMARK_HIT,SIMILARITY_MODERATE,usitinib,usitinib -> ugitinib,0.0,1.0,1.0,1.0,1.0,0.912,0.0,tyrosine kinase inhibitor,generic,-tinib,saturated,False,,
epemab,True,grammar,1,64.81,69.03,moderate,-14.03,0.97,edema,0.7111,3,,SIMILARITY_MODERATE,,epemab,0.0,1.0,1.0,1.0,1.0,0.581,0.001,monoclonal antibody,generic,-mab,saturated,True,,
clohonimab,True,grammar,1,65.14,52.55,low,2.45,17.45,cladonia,0.8146,4,,,,clohonimab,0.098,0.771,0.879,1.0,1.0,0.998,0.011,monoclonal antibody,generic,-mab,saturated,True,,
terfirgomab,True,grammar,1,64.18,55.37,moderate,-0.37,14.63,ergomar,0.7229,4,,SIMILARITY_MODERATE,,terfirgomab,0.0,0.8,0.975,1.0,1.0,0.952,0.0,monoclonal antibody,generic,-mab,saturated,False,,
itemab,False,grammar,1,64.81,71.67,high,-16.67,-1.67,item,0.6815,3,SIMILARITY_TOO_HIGH|TRADEMARK_HIT,,,itemab,0.0,1.0,1.0,1.0,1.0,0.581,0.0,monoclonal antibody,generic,-mab,saturated,False,,
udamab,False,grammar,1,64.81,73.0,high,-18.0,-3.0,adamas,0.6114,3,SIMILARITY_TOO_HIGH|TRADEMARK_HIT,,,udamab,0.0,1.0,1.0,1.0,1.0,0.581,0.0,monoclonal antibody,generic,-mab,saturated,False,,
udimab,True,grammar,1,64.81,68.33,moderate,-13.33,1.67,simaba,0.6367,3,,SIMILARITY_MODERATE,,udimab,0.0,1.0,1.0,1.0,1.0,0.581,0.0,monoclonal antibody,generic,-mab,saturated,False,,
griozlamab,True,grammar,1,66.94,62.58,moderate,-7.58,7.42,triazolam,0.6032,4,,SIMILARITY_MODERATE,,griozlamab,0.0,1.0,0.854,1.0,1.0,0.998,0.0,monoclonal antibody,generic,-mab,saturated,True,,
elamab,False,grammar,1,71.12,74.17,high,-19.17,-4.17,llama,0.8655,3,SIMILARITY_TOO_HIGH|TRADEMARK_HIT,,,elamab,0.0,1.0,1.0,1.0,1.0,0.581,0.902,monoclonal antibody,generic,-mab,saturated,False,,
ciobememab,True,grammar,1,58.95,56.52,moderate,-1.52,13.48,cobamamide,0.6431,5,,SIMILARITY_MODERATE,,ciobememab,0.0,0.564,1.0,1.0,1.0,0.867,0.0,monoclonal antibody,generic,-mab,saturated,False,,
adamab,False,grammar,1,65.02,84.67,high,-29.67,-14.67,adamas,0.8086,3,SIMILARITY_TOO_HIGH|TRADEMARK_HIT,,,adamab,0.0,1.0,1.0,1.0,1.0,0.581,0.03,monoclonal antibody,generic,-mab,saturated,False,,
rofomomab,True,grammar,1,63.56,63.34,moderate,-8.34,6.66,muromonab,0.7268,4,,SIMILARITY_MODERATE,,rofomomab,0.0,0.733,1.0,1.0,1.0,0.983,0.01,monoclonal antibody,generic,-mab,saturated,False,,
fituromab,False,grammar,1,63.55,73.01,high,-18.01,-3.01,citroma,0.7766,4,SIMILARITY_TOO_HIGH|TRADEMARK_HIT,,,fituromab,0.0,0.733,1.0,1.0,1.0,0.983,0.009,monoclonal antibody,generic,-mab,saturated,False,,
pefmidemab,True,grammar,1,64.6,60.49,moderate,-5.49,9.51,peviderm,0.677,4,,SIMILARITY_MODERATE,,pefmidemab,0.0,0.771,1.0,1.0,1.0,0.998,0.028,monoclonal antibody,generic,-mab,saturated,False,,
cixamab,True,grammar,1,65.86,65.91,moderate,-10.91,4.09,apixaban,0.6907,3,,SIMILARITY_MODERATE,,cixamab,0.0,1.0,1.0,1.0,1.0,0.685,0.001,monoclonal antibody,generic,-mab,saturated,True,,
dintumab,True,grammar,1,58.47,60.47,moderate,-5.47,9.53,dinatrum,0.8541,3,,SIMILARITY_MODERATE,,dintumab,0.0,0.68,0.854,1.0,1.0,0.787,0.006,monoclonal antibody,generic,-mab,saturated,False,,
gixemab,True,grammar,1,65.85,59.39,moderate,-4.39,10.61,ixempra,0.6125,3,,SIMILARITY_MODERATE,,gixemab,0.0,1.0,1.0,1.0,1.0,0.685,0.0,monoclonal antibody,generic,-mab,saturated,True,,
cunempamab,True,grammar,1,64.41,56.19,moderate,-1.19,13.81,cuneata,0.6452,4,,SIMILARITY_MODERATE,,cunempamab,0.0,0.771,1.0,1.0,1.0,0.998,0.0,monoclonal antibody,generic,-mab,saturated,False,,
efelamab,True,grammar,1,61.72,64.61,moderate,-9.61,5.39,azelamide,0.74,4,,SIMILARITY_MODERATE,,efelamab,0.0,0.68,1.0,1.0,1.0,0.912,0.0,monoclonal antibody,generic,-mab,saturated,False,,
cevodrimab,True,grammar,1,62.71,62.28,moderate,-7.28,7.72,cefodizime,0.6774,4,,SIMILARITY_MODERATE,,cevodrimab,0.0,0.771,0.879,1.0,1.0,0.998,0.0,monoclonal antibody,generic,-mab,saturated,False,,
larmobimab,True,grammar,1,64.41,57.65,moderate,-2.65,12.35,lasiobema,0.6697,4,,SIMILARITY_MODERATE,,larmobimab,0.0,0.771,1.0,1.0,1.0,0.998,0.001,monoclonal antibody,generic,-mab,saturated,False,,
covuimab,True,grammar,1,66.87,62.01,moderate,-7.01,7.99,sovuna,0.6054,3,,SIMILARITY_MODERATE,,covuimab,0.0,1.0,1.0,1.0,1.0,0.787,0.0,monoclonal antibody,generic,-mab,saturated,True,,
utimab,False,grammar,1,64.81,71.67,high,-16.67,-1.67,simaba,0.7124,3,SIMILARITY_TOO_HIGH,,,utimab,0.0,1.0,1.0,1.0,1.0,0.581,0.0,monoclonal antibody,generic,-mab,saturated,False,,
eramab,True,grammar,1,67.37,69.25,moderate,-14.25,0.75,grama,0.8552,3,,SIMILARITY_MODERATE,,eramab,0.0,1.0,1.0,1.0,1.0,0.581,0.367,monoclonal antibody,generic,-mab,saturated,True,,
toapomab,True,grammar,1,68.13,60.09,moderate,-5.09,9.91,topamax,0.6067,4,,SIMILARITY_MODERATE,,toapomab,0.0,1.0,1.0,1.0,1.0,0.912,0.001,monoclonal antibody,generic,-mab,saturated,True,,
ropentomab,True,ngram_guided,1,50.68,66.6,moderate,-11.6,3.4,pentosan,0.8709,4,,SIMILARITY_MODERATE,,ropentomab,0.0,0.15,1.0,1.0,0.53,0.998,0.889,monoclonal antibody,generic,-mab,saturated,False,,
bicmab,True,ngram_guided,1,63.86,66.17,moderate,-11.17,3.83,abecma,0.6029,2,,SIMILARITY_MODERATE,,bicmab,0.0,1.0,1.0,1.0,1.0,0.361,0.177,monoclonal antibody,generic,-mab,saturated,False,,
carbimab,False,ngram_guided,1,50.75,81.41,high,-26.41,-11.41,carbimide,0.9387,3,SIMILARITY_TOO_HIGH|TRADEMARK_HIT,,,carbimab,0.0,0.45,1.0,1.0,0.53,0.787,0.342,monoclonal antibody,generic,-mab,saturated,False,,
pirlomab,True,ngram_guided,1,66.17,64.64,moderate,-9.64,5.36,papilloma,0.7935,3,,SIMILARITY_MODERATE,,pirlomab,0.0,0.68,1.0,1.0,1.0,0.787,0.814,monoclonal antibody,generic,-mab,saturated,True,,
trandomab,True,ngram_guided,1,53.46,68.07,moderate,-13.07,1.93,transdermal,0.922,3,,SIMILARITY_MODERATE,,trandomab,0.0,0.3,0.829,1.0,1.0,0.858,0.325,monoclonal antibody,generic,-mab,saturated,False,,
spesomab,False,ngram_guided,1,57.19,72.02,high,-17.02,-2.02,spesolimab,0.8021,3,SIMILARITY_TOO_HIGH|INTRA_STEM_TOO_CLOSE,,,spesomab,0.0,0.45,0.854,1.0,1.0,0.787,0.48,monoclonal antibody,generic,-mab,saturated,False,,
obelidrmab,True,ngram_guided,1,58.23,64.39,moderate,-9.39,5.61,belimumab,0.618,4,,SIMILARITY_MODERATE,,obelidrmab,0.0,0.564,0.813,1.0,1.0,0.998,0.083,monoclonal antibody,generic,-mab,saturated,False,,
eplicmab,True,ngram_guided,1,55.15,62.34,moderate,-7.34,7.66,plicata,0.6031,3,,SIMILARITY_MODERATE,,eplicmab,0.0,0.45,0.829,1.0,1.0,0.787,0.238,monoclonal antibody,generic,-mab,saturated,False,,
bevabemab,True,ngram_guided,1,60.37,61.81,moderate,-6.81,8.19,pegademase,0.661,4,,SIMILARITY_MODERATE,,bevabemab,0.0,0.517,1.0,1.0,1.0,0.983,0.173,monoclonal antibody,generic,-mab,saturated,False,,
chlormab,False,ngram_guided,1,43.16,77.67,high,-22.67,-7.67,chloromag,0.9908,2,SIMILARITY_TOO_HIGH|TRADEMARK_HIT,,,chlormab,0.0,0.45,0.692,1.0,0.53,0.568,0.187,monoclonal antibody,generic,-mab,saturated,False,,
moexidmab,True,ngram_guided,1,64.51,61.7,moderate,-6.7,8.3,mexican,0.615,4,,SIMILARITY_MODERATE,,moexidmab,0.0,0.517,1.0,1.0,1.0,0.983,0.764,monoclonal antibody,generic,-mab,saturated,False,,
difetmab,True,ngram_guided,1,62.34,58.0,moderate,-3.0,12.0,dichotoma,0.7408,3,,SIMILARITY_MODERATE,,difetmab,0.0,0.45,1.0,1.0,1.0,0.787,0.923,monoclonal antibody,generic,-mab,saturated,False,,
dicarfilmab,True,ngram_guided,1,55.09,67.77,moderate,-12.77,2.23,ticarcillin,0.7064,4,,SIMILARITY_MODERATE,,dicarfilmab,0.0,0.4,0.975,1.0,0.53,0.952,0.919,monoclonal antibody,generic,-mab,saturated,False,,
ondamab,True,ngram_guided,1,58.94,66.21,moderate,-11.21,3.79,vyndamax,0.6627,3,,SIMILARITY_MODERATE,,ondamab,0.0,0.6,1.0,1.0,1.0,0.685,0.155,monoclonal antibody,generic,-mab,saturated,False,,
sulfamab,False,ngram_guided,1,54.14,84.47,high,-29.47,-14.47,sulfamed,0.9899,3,SIMILARITY_TOO_HIGH|TRADEMARK_HIT,,,sulfamab,0.0,0.45,1.0,1.0,0.53,0.787,0.827,monoclonal antibody,generic,-mab,saturated,False,,
pimadalomab,True,ngram_guided,1,69.52,60.42,moderate,-5.42,9.58,emapalumab,0.7119,5,,SIMILARITY_MODERATE,,pimadalomab,0.0,0.8,1.0,1.0,1.0,0.821,0.902,monoclonal antibody,generic,-mab,saturated,True,,
saprmab,True,ngram_guided,1,52.3,69.84,moderate,-14.84,0.16,capromab,0.6463,2,,SIMILARITY_MODERATE,,saprmab,0.0,0.6,0.737,1.0,1.0,0.466,0.045,monoclonal antibody,generic,-mab,saturated,False,,
capsaimab,False,ngram_guided,1,59.75,74.34,high,-19.34,-4.34,capsimide,0.64,3,SIMILARITY_TOO_HIGH|TRADEMARK_HIT,,,capsaimab,0.0,0.3,1.0,1.0,1.0,0.858,0.881,monoclonal antibody,generic,-mab,saturated,False,,
flumab,True,ngram_guided,1,60.24,65.13,moderate,-10.13,4.87,flumadine,0.872,2,,SIMILARITY_MODERATE|ILLEGAL_ONSET_CLUSTER,,flumab,0.0,1.0,0.725,1.0,1.0,0.361,0.212,monoclonal antibody,generic,-mab,saturated,False,,
levobimab,True,ngram_guided,1,55.25,63.49,moderate,-8.49,6.51,levosimendan,0.8183,4,,SIMILARITY_MODERATE,,levobimab,0.0,0.517,1.0,1.0,0.53,0.983,0.515,monoclonal antibody,generic,-mab,saturated,False,,
abeparamab,True,ngram_guided,1,61.14,59.49,moderate,-4.49,10.51,heparan,0.7747,5,,SIMILARITY_MODERATE,,abeparamab,0.0,0.357,1.0,1.0,1.0,0.867,0.905,monoclonal antibody,generic,-mab,saturated,False,,
bicimab,True,ngram_guided,1,62.97,66.97,moderate,-11.97,3.03,bicisate,0.8102,3,,SIMILARITY_MODERATE,,bicimab,0.0,0.6,1.0,1.0,1.0,0.685,0.732,monoclonal antibody,generic,-mab,saturated,False,,
amitomab,True,ngram_guided,1,63.84,62.47,moderate,-7.47,7.53,mitotane,0.9067,4,,SIMILARITY_MODERATE,,amitomab,0.0,0.45,1.0,1.0,1.0,0.912,0.96,monoclonal antibody,generic,-mab,saturated,False,,
elumab,True,grammar+refined,1,62.78,64.65,moderate,-9.65,5.35,luma,0.8016,3,,SIMILARITY_MODERATE,elamab,elamab -> elumab,0.0,1.0,0.854,1.0,1.0,0.581,0.003,monoclonal antibody,generic,-mab,saturated,False,,
adumab,True,grammar+refined,1,62.9,57.82,moderate,-2.82,12.18,adamas,0.7716,3,,SIMILARITY_MODERATE,adamab,adamab -> adumab,0.0,1.0,0.854,1.0,1.0,0.581,0.019,monoclonal antibody,generic,-mab,saturated,False,,
itomab,True,grammar+refined,1,64.81,69.67,moderate,-14.67,0.33,tomato,0.7073,3,,SIMILARITY_MODERATE,itemab,itemab -> itomab,0.0,1.0,1.0,1.0,1.0,0.581,0.0,monoclonal antibody,generic,-mab,saturated,False,,
udomab,True,grammar+refined,1,64.81,67.37,moderate,-12.37,2.63,domain,0.6193,3,,SIMILARITY_MODERATE,udamab,udamab -> udomab,0.0,1.0,1.0,1.0,1.0,0.581,0.0,monoclonal antibody,generic,-mab,saturated,False,,
uwimab,True,grammar+refined,1,64.81,65.0,moderate,-10.0,5.0,simaba,0.6038,3,,SIMILARITY_MODERATE,utimab,utimab -> uwimab,0.0,1.0,1.0,1.0,1.0,0.581,0.0,monoclonal antibody,generic,-mab,saturated,False,,
fituvomab,True,grammar+refined,1,63.5,66.0,moderate,-11.0,4.0,zituvimet,0.6496,4,,SIMILARITY_MODERATE,fituromab,fituromab -> fituvomab,0.0,0.733,1.0,1.0,1.0,0.983,0.001,monoclonal antibody,generic,-mab,saturated,False,,
capmaimab,True,ngram_guided+refined,1,58.88,65.33,moderate,-10.33,4.67,capmatinib,0.6125,3,,SIMILARITY_MODERATE,capsaimab,capsaimab -> capmaimab,0.0,0.517,1.0,1.0,1.0,0.858,0.138,monoclonal antibody,generic,-mab,saturated,False,,
spesamab,True,ngram_guided+refined,1,58.64,68.24,moderate,-13.24,1.76,sesamum,0.7194,3,,SIMILARITY_MODERATE,spesomab,spesomab -> spesamab,0.0,0.68,0.854,1.0,1.0,0.787,0.03,monoclonal antibody,generic,-mab,saturated,False,,
epegliptin,False,grammar,1,66.95,72.48,high,-17.48,-2.48,epicriptine,0.7228,4,SIMILARITY_TOO_HIGH|TRADEMARK_HIT,,,epegliptin,0.0,1.0,0.854,1.0,1.0,0.998,0.001,DPP-4 inhibitor,generic,-gliptin,saturated,False,,
ziviegliptin,False,grammar,1,59.18,59.61,moderate,-4.61,10.39,imeglimin,0.6069,4,TRADEMARK_HIT,SIMILARITY_MODERATE,,ziviegliptin,0.0,0.68,0.854,1.0,1.0,0.862,0.0,DPP-4 inhibitor,generic,-gliptin,saturated,False,,
gasaldugliptin,True,grammar,1,57.53,56.11,moderate,-1.11,13.89,camaldulensis,0.6523,5,,SIMILARITY_MODERATE,,gasaldugliptin,0.0,0.771,0.845,1.0,1.0,0.527,0.0,DPP-4 inhibitor,generic,-gliptin,saturated,False,,
itegliptin,False,grammar,1,66.94,69.61,moderate,-14.61,0.39,imeglimin,0.6511,4,INTRA_STEM_TOO_CLOSE|TRADEMARK_HIT,SIMILARITY_MODERATE,,itegliptin,0.0,1.0,0.854,1.0,1.0,0.998,0.0,DPP-4 inhibitor,generic,-gliptin,saturated,False,,
udagliptin,False,grammar,1,66.94,60.6,moderate,-5.6,9.4,ergocriptine,0.6165,4,INTRA_STEM_TOO_CLOSE|TRADEMARK_HIT,SIMILARITY_MODERATE,,udagliptin,0.0,1.0,0.854,1.0,1.0,0.998,0.0,DPP-4 inhibitor,generic,-gliptin,saturated,False,,
udigliptin,False,grammar,1,66.94,65.3,moderate,-10.3,4.7,epicriptine,0.6276,4,TRADEMARK_HIT,SIMILARITY_MODERATE,,udigliptin,0.0,1.0,0.854,1.0,1.0,0.998,0.0,DPP-4 inhibitor,generic,-gliptin,saturated,False,,
griozlagliptin,False,grammar,1,60.27,57.55,moderate,-2.55,12.45,rizatriptan,0.6045,5,INTRA_STEM_TOO_CLOSE,SIMILARITY_MODERATE,,griozlagliptin,0.0,1.0,0.714,1.0,1.0,0.527,0.0,DPP-4 inhibitor,generic,-gliptin,saturated,False,,
elagliptin,False,grammar,1,73.25,64.86,moderate,-9.86,5.14,eletriptan,0.7255,4,INTRA_STEM_TOO_CLOSE|TRADEMARK_HIT,SIMILARITY_MODERATE,,elagliptin,0.0,1.0,0.854,1.0,1.0,0.998,0.902,DPP-4 inhibitor,generic,-gliptin,saturated,False,,
maclagliptin,False,grammar,1,58.42,61.37,moderate,-6.37,8.63,claritin,0.707,4,INTRA_STEM_TOO_CLOSE|TRADEMARK_HIT,SIMILARITY_MODERATE,,maclagliptin,0.0,0.68,0.709,1.0,1.0,0.862,0.183,DPP-4 inhibitor,generic,-gliptin,saturated,False,,
adagliptin,False,grammar,1,67.15,60.65,moderate,-5.65,9.35,ergocriptine,0.7179,4,INTRA_STEM_TOO_CLOSE|TRADEMARK_HIT,SIMILARITY_MODERATE,,adagliptin,0.0,1.0,0.854,1.0,1.0,0.998,0.03,DPP-4 inhibitor,generic,-gliptin,saturated,False,,
metagliptin,False,grammar,1,64.57,72.98,high,-17.98,-2.98,metreleptin,0.8463,4,SIMILARITY_TOO_HIGH|INTRA_STEM_TOO_CLOSE|TRADEMARK_HIT,,,metagliptin,0.0,0.6,0.854,1.0,1.0,0.952,0.87,DPP-4 inhibitor,generic,-gliptin,saturated,False,,
fiturogliptin,False,grammar,1,58.14,60.16,moderate,-5.16,9.84,nitroglycerin,0.7273,5,TRADEMARK_HIT,SIMILARITY_MODERATE,,fiturogliptin,0.0,0.733,0.869,1.0,1.0,0.624,0.009,DPP-4 inhibitor,generic,-gliptin,saturated,False,,
pefmidegliptin,True,grammar,1,57.72,55.33,moderate,-0.33,14.67,metreleptin,0.6666,5,,SIMILARITY_MODERATE,,pefmidegliptin,0.0,0.771,0.845,1.0,1.0,0.527,0.028,DPP-4 inhibitor,generic,-gliptin,saturated,False,,
cixagliptin,False,grammar,1,66.49,66.67,moderate,-11.67,3.33,saxagliptin,0.6535,4,INTRA_STEM_TOO_CLOSE|TRADEMARK_HIT,SIMILARITY_MODERATE,,cixagliptin,0.0,1.0,0.854,1.0,1.0,0.952,0.001,DPP-4 inhibitor,generic,-gliptin,saturated,False,,
dintugliptin,False,grammar,1,58.88,59.53,moderate,-4.53,10.47,intralipid,0.6859,4,TRADEMARK_HIT,SIMILARITY_MODERATE,,dintugliptin,0.0,0.68,0.83,1.0,1.0,0.862,0.006,DPP-4 inhibitor,generic,-gliptin,saturated,False,,
gixegliptin,False,grammar,1,66.48,58.75,moderate,-3.75,11.25,oxaliplatin,0.6212,4,INTRA_STEM_TOO_CLOSE|TRADEMARK_HIT,SIMILARITY_MODERATE,,gixegliptin,0.0,1.0,0.854,1.0,1.0,0.952,0.0,DPP-4 inhibitor,generic,-gliptin,saturated,False,,
ritigliptin,False,grammar,1,58.96,63.11,moderate,-8.11,6.89,epicriptine,0.7381,4,INTRA_STEM_TOO_CLOSE|TRADEMARK_HIT,SIMILARITY_MODERATE,,ritigliptin,0.0,0.6,0.854,1.0,1.0,0.952,0.068,DPP-4 inhibitor,generic,-gliptin,saturated,False,,
efelagliptin,False,grammar,1,58.08,65.09,moderate,-10.09,4.91,velagliflozin,0.6762,5,INTRA_STEM_TOO_CLOSE|TRADEMARK_HIT,SIMILARITY_MODERATE,,efelagliptin,0.0,0.68,0.869,1.0,1.0,0.731,0.0,DPP-4 inhibitor,generic,-gliptin,saturated,False,,
cevodrigliptin,True,grammar,1,56.05,58.02,moderate,-3.02,11.98,metreleptin,0.6535,5,,SIMILARITY_MODERATE,,cevodrigliptin,0.0,0.771,0.739,1.0,1.0,0.527,0.0,DPP-4 inhibitor,generic,-gliptin,saturated,False,,
pactogliptin,False,grammar,1,59.22,63.06,moderate,-8.06,6.94,lactoglobulin,0.791,4,INTRA_STEM_TOO_CLOSE|TRADEMARK_HIT,SIMILARITY_MODERATE,,pactogliptin,0.0,0.68,0.83,1.0,1.0,0.862,0.056,DPP-4 inhibitor,generic,-gliptin,saturated,False,,
amigliptin,False,grammar,1,69.38,72.53,high,-17.53,-2.53,amineptin,0.7935,4,SIMILARITY_TOO_HIGH|INTRA_STEM_TOO_CLOSE|TRADEMARK_HIT,,,amigliptin,0.0,1.0,0.854,1.0,1.0,0.998,0.349,DPP-4 inhibitor,generic,-gliptin,saturated,False,,
utigliptin,False,grammar,1,66.94,67.37,moderate,-12.37,2.63,tiglutik,0.687,4,INTRA_STEM_TOO_CLOSE|TRADEMARK_HIT,SIMILARITY_MODERATE,,utigliptin,0.0,1.0,0.854,1.0,1.0,0.998,0.0,DPP-4 inhibitor,generic,-gliptin,saturated,False,,
eragliptin,False,grammar,1,69.51,63.99,moderate,-8.99,6.01,ergocriptine,0.7421,4,INTRA_STEM_TOO_CLOSE|TRADEMARK_HIT,SIMILARITY_MODERATE,,eragliptin,0.0,1.0,0.854,1.0,1.0,0.998,0.367,DPP-4 inhibitor,generic,-gliptin,saturated,False,,
abagliptin,False,grammar,1,70.0,59.69,moderate,-4.69,10.31,leptin,0.6607,4,INTRA_STEM_TOO_CLOSE|TRADEMARK_HIT,SIMILARITY_MODERATE,,abagliptin,0.0,1.0,0.854,1.0,1.0,0.998,0.437,DPP-4 inhibitor,generic,-gliptin,saturated,False,,
ropentogliptin,True,ngram_guided,1,43.8,60.65,moderate,-5.65,9.35,propentofylline,0.8034,5,,SIMILARITY_MODERATE,,ropentogliptin,0.0,0.15,0.845,1.0,0.53,0.527,0.889,DPP-4 inhibitor,generic,-gliptin,saturated,False,,
bicgliptin,False,ngram_guided,1,65.37,69.31,moderate,-14.31,0.69,epicriptine,0.6127,3,INTRA_STEM_TOO_CLOSE|TRADEMARK_HIT,SIMILARITY_MODERATE,,bicgliptin,0.0,1.0,0.742,1.0,1.0,0.873,0.177,DPP-4 inhibitor,generic,-gliptin,saturated,False,,
carbigliptin,True,ngram_guided,1,49.11,69.51,moderate,-14.51,0.49,carboplatin,0.8744,4,,SIMILARITY_MODERATE,,carbigliptin,0.0,0.45,0.83,1.0,0.53,0.862,0.342,DPP-4 inhibitor,generic,-gliptin,saturated,False,,
pirlogliptin,False,ngram_guided,1,64.53,59.05,moderate,-4.05,10.95,felodipine,0.7426,4,INTRA_STEM_TOO_CLOSE|TRADEMARK_HIT,SIMILARITY_MODERATE,,pirlogliptin,0.0,0.68,0.83,1.0,1.0,0.862,0.814,DPP-4 inhibitor,generic,-gliptin,saturated,False,,
trandogliptin,True,ngram_guided,1,50.4,66.35,moderate,-11.35,3.65,trandolapril,0.8489,4,,SIMILARITY_MODERATE,,trandogliptin,0.0,0.3,0.684,1.0,1.0,0.755,0.325,DPP-4 inhibitor,generic,-gliptin,saturated,False,,
spesogliptin,False,ngram_guided,1,55.9,61.25,moderate,-6.25,8.75,spesolskii,0.704,4,TRADEMARK_HIT,SIMILARITY_MODERATE,,spesogliptin,0.0,0.45,0.709,1.0,1.0,0.862,0.48,DPP-4 inhibitor,generic,-gliptin,saturated,False,,
obelidrgliptin,True,ngram_guided,1,48.16,56.47,moderate,-1.47,13.53,metreleptin,0.5244,5,,SIMILARITY_MODERATE,,obelidrgliptin,0.0,0.564,0.655,0.65,1.0,0.527,0.083,DPP-4 inhibitor,generic,-gliptin,saturated,False,,
eplicgliptin,False,ngram_guided,1,53.0,72.36,high,-17.36,-2.36,epicriptine,0.6109,4,SIMILARITY_TOO_HIGH|TRADEMARK_HIT,,,eplicgliptin,0.0,0.45,0.622,1.0,1.0,0.862,0.238,DPP-4 inhibitor,generic,-gliptin,saturated,False,,
bevabegliptin,True,ngram_guided,1,54.96,57.13,moderate,-2.13,12.87,sevabertinib,0.6509,5,,SIMILARITY_MODERATE,,bevabegliptin,0.0,0.517,0.869,1.0,1.0,0.624,0.173,DPP-4 inhibitor,generic,-gliptin,saturated,False,,
chlorgliptin,False,ngram_guided,1,41.95,65.06,moderate,-10.06,4.94,chloraseptic,0.835,3,INTRA_STEM_TOO_CLOSE|TRADEMARK_HIT,SIMILARITY_MODERATE,,chlorgliptin,0.0,0.45,0.485,1.0,0.53,0.737,0.187,DPP-4 inhibitor,generic,-gliptin,saturated,False,,
moexidgliptin,True,ngram_guided,1,57.88,67.31,moderate,-12.31,2.69,moxidectin,0.6239,5,,SIMILARITY_MODERATE,,moexidgliptin,0.0,0.517,0.783,1.0,1.0,0.624,0.764,DPP-4 inhibitor,generic,-gliptin,saturated,False,,
difetgliptin,False,ngram_guided,1,59.83,62.09,moderate,-7.09,7.91,nifedipine,0.6361,4,TRADEMARK_HIT,SIMILARITY_MODERATE,,difetgliptin,0.0,0.45,0.768,1.0,1.0,0.862,0.923,DPP-4 inhibitor,generic,-gliptin,saturated,False,,
dicarfilgliptin,True,ngram_guided,1,47.08,59.65,moderate,-4.65,10.35,ticarcillin,0.7516,5,,SIMILARITY_MODERATE,,dicarfilgliptin,0.0,0.4,0.758,1.0,0.53,0.456,0.919,DPP-4 inhibitor,generic,-gliptin,saturated,False,,
ondagliptin,False,ngram_guided,1,59.22,58.31,moderate,-3.31,11.69,ergocriptine,0.6496,4,INTRA_STEM_TOO_CLOSE|TRADEMARK_HIT,SIMILARITY_MODERATE,,ondagliptin,0.0,0.6,0.83,1.0,1.0,0.952,0.155,DPP-4 inhibitor,generic,-gliptin,saturated,False,,
sulfagliptin,False,ngram_guided,1,52.5,68.48,moderate,-13.48,1.52,sulfacytine,0.9101,4,INTRA_STEM_TOO_CLOSE|TRADEMARK_HIT,SIMILARITY_MODERATE,,sulfagliptin,0.0,0.45,0.83,1.0,0.53,0.862,0.827,DPP-4 inhibitor,generic,-gliptin,saturated,False,,
pimadalogliptin,False,ngram_guided,1,62.0,55.72,moderate,-0.72,14.28,imidazolidinyl,0.6962,6,TRADEMARK_HIT,SIMILARITY_MODERATE,,pimadalogliptin,0.0,0.8,0.879,1.0,1.0,0.237,0.902,DPP-4 inhibitor,generic,-gliptin,saturated,False,,
saprgliptin,False,ngram_guided,1,50.48,65.06,moderate,-10.06,4.94,satraplatin,0.5371,3,INTRA_STEM_TOO_CLOSE|TRADEMARK_HIT,SIMILARITY_MODERATE,,saprgliptin,0.0,0.6,0.574,0.65,1.0,0.828,0.045,DPP-4 inhibitor,generic,-gliptin,saturated,False,,
capsaigliptin,False,ngram_guided,1,56.34,61.04,moderate,-6.04,8.96,capsaicin,0.7026,4,INTRA_STEM_TOO_CLOSE|TRADEMARK_HIT,SIMILARITY_MODERATE,,capsaigliptin,0.0,0.3,0.83,1.0,1.0,0.755,0.881,DPP-4 inhibitor,generic,-gliptin,saturated,False,,
flugliptin,False,ngram_guided,1,64.43,66.44,moderate,-11.44,3.56,flolipid,0.7288,3,INTRA_STEM_TOO_CLOSE|TRADEMARK_HIT,SIMILARITY_MODERATE,,flugliptin,0.0,1.0,0.658,1.0,1.0,0.873,0.212,DPP-4 inhibitor,generic,-gliptin,saturated,False,,
levobigliptin,True,ngram_guided,1,49.84,58.4,moderate,-3.4,11.6,epicriptine,0.7802,5,,SIMILARITY_MODERATE,,levobigliptin,0.0,0.517,0.869,1.0,0.53,0.624,0.515,DPP-4 inhibitor,generic,-gliptin,saturated,False,,
abeparagliptin,True,ngram_guided,1,53.88,62.98,moderate,-7.98,7.02,paraplatin,0.7157,6,,SIMILARITY_MODERATE,,abeparagliptin,0.0,0.357,0.879,1.0,1.0,0.309,0.905,DPP-4 inhibitor,generic,-gliptin,saturated,False,,
bicigliptin,False,ngram_guided,1,63.61,63.87,moderate,-8.87,6.13,epicriptine,0.7131,4,INTRA_STEM_TOO_CLOSE|TRADEMARK_HIT,SIMILARITY_MODERATE,,bicigliptin,0.0,0.6,0.854,1.0,1.0,0.952,0.732,DPP-4 inhibitor,generic,-gliptin,saturated,False,,
amitogliptin,False,ngram_guided,1,60.2,62.86,moderate,-7.86,7.14,metreleptin,0.8226,5,INTRA_STEM_TOO_CLOSE|TRADEMARK_HIT,SIMILARITY_MODERATE,,amitogliptin,0.0,0.45,0.869,1.0,1.0,0.731,0.96,DPP-4 inhibitor,generic,-gliptin,saturated,False,,
evagliptin,False,grammar+refined,1,66.94,63.36,moderate,-8.36,6.64,ergocriptine,0.6821,4,INTRA_STEM_TOO_CLOSE|TRADEMARK_HIT,SIMILARITY_MODERATE,elagliptin,elagliptin -> evagliptin,0.0,1.0,0.854,1.0,1.0,0.998,0.0,DPP-4 inhibitor,generic,-gliptin,saturated,False,,
ezagliptin,False,grammar+refined,1,66.94,64.1,moderate,-9.1,5.9,ergocriptine,0.6468,4,INTRA_STEM_TOO_CLOSE|TRADEMARK_HIT,SIMILARITY_MODERATE,elagliptin,elagliptin -> evagliptin -> ezagliptin,0.0,1.0,0.854,1.0,1.0,0.998,0.0,DPP-4 inhibitor,generic,-gliptin,saturated,False,,
efagliptin,False,grammar+refined,1,67.08,63.4,moderate,-8.4,6.6,epicriptine,0.7113,4,INTRA_STEM_TOO_CLOSE|TRADEMARK_HIT,SIMILARITY_MODERATE,elagliptin,elagliptin -> evagliptin -> ezagliptin -> efagliptin,0.0,1.0,0.854,1.0,1.0,0.998,0.02,DPP-4 inhibitor,generic,-gliptin,saturated,False,,
akagliptin,False,grammar+refined,1,66.94,60.65,moderate,-5.65,9.35,ergocriptine,0.6151,4,INTRA_STEM_TOO_CLOSE|TRADEMARK_HIT,SIMILARITY_MODERATE,abagliptin,abagliptin -> akagliptin,0.0,1.0,0.854,1.0,1.0,0.998,0.0,DPP-4 inhibitor,generic,-gliptin,saturated,False,,
agagliptin,False,grammar+refined,1,66.95,64.8,moderate,-9.8,5.2,galectin,0.6332,4,INTRA_STEM_TOO_CLOSE|TRADEMARK_HIT,SIMILARITY_MODERATE,abagliptin,abagliptin -> akagliptin -> agagliptin,0.0,1.0,0.854,1.0,1.0,0.998,0.001,DPP-4 inhibitor,generic,-gliptin,saturated,False,,
amagliptin,False,grammar+refined,1,67.08,65.67,moderate,-10.67,4.33,imeglimin,0.764,4,INTRA_STEM_TOO_CLOSE|TRADEMARK_HIT,SIMILARITY_MODERATE,abagliptin,abagliptin -> akagliptin -> agagliptin -> amagliptin,0.0,1.0,0.854,1.0,1.0,0.998,0.02,DPP-4 inhibitor,generic,-gliptin,saturated,False,,
ewagliptin,False,grammar+refined,1,66.94,62.81,moderate,-7.81,7.19,leptin,0.6267,4,INTRA_STEM_TOO_CLOSE|TRADEMARK_HIT,SIMILARITY_MODERATE,eragliptin,eragliptin -> ewagliptin,0.0,1.0,0.854,1.0,1.0,0.998,0.0,DPP-4 inhibitor,generic,-gliptin,saturated,False,,
emagliptin,False,grammar+refined,1,69.09,66.48,moderate,-11.48,3.52,hemagglutinin,0.7173,4,INTRA_STEM_TOO_CLOSE|TRADEMARK_HIT,SIMILARITY_MODERATE,eragliptin,eragliptin -> ewagliptin -> emagliptin,0.0,1.0,0.854,1.0,1.0,0.998,0.307,DPP-4 inhibitor,generic,-gliptin,saturated,False,,
amugliptin,False,grammar+refined,1,66.94,64.83,moderate,-9.83,5.17,amineptin,0.6885,4,INTRA_STEM_TOO_CLOSE|TRADEMARK_HIT,SIMILARITY_MODERATE,amigliptin,amigliptin -> amugliptin,0.0,1.0,0.854,1.0,1.0,0.998,0.0,DPP-4 inhibitor,generic,-gliptin,saturated,False,,
anugliptin,False,grammar+refined,1,66.96,63.15,moderate,-8.15,6.85,angelicin,0.6987,4,INTRA_STEM_TOO_CLOSE|TRADEMARK_HIT,SIMILARITY_MODERATE,amigliptin,amigliptin -> amugliptin -> anugliptin,0.0,1.0,0.854,1.0,1.0,0.998,0.003,DPP-4 inhibitor,generic,-gliptin,saturated,False,,
atugliptin,False,grammar+refined,1,66.99,62.45,moderate,-7.45,7.55,tulissin,0.6717,4,INTRA_STEM_TOO_CLOSE|TRADEMARK_HIT,SIMILARITY_MODERATE,amigliptin,amigliptin -> amugliptin -> anugliptin -> atugliptin,0.0,1.0,0.854,1.0,1.0,0.998,0.007,DPP-4 inhibitor,generic,-gliptin,saturated,False,,
aqagliptin,False,grammar+refined,1,66.94,62.81,moderate,-7.81,7.19,leptin,0.634,4,INTRA_STEM_TOO_CLOSE|TRADEMARK_HIT,SIMILARITY_MODERATE,adagliptin,adagliptin -> aqagliptin,0.0,1.0,0.854,1.0,1.0,0.998,0.0,DPP-4 inhibitor,generic,-gliptin,saturated,False,,
epagliptin,False,grammar+refined,1,67.03,70.4,high,-15.4,-0.4,epicriptine,0.7301,4,SIMILARITY_TOO_HIGH|INTRA_STEM_TOO_CLOSE|TRADEMARK_HIT,,epegliptin,epegliptin -> epagliptin,0.0,1.0,0.854,1.0,1.0,0.998,0.013,DPP-4 inhibitor,generic,-gliptin,saturated,False,,
epugliptin,False,grammar+refined,1,66.94,72.3,high,-17.3,-2.3,epicriptine,0.6042,4,SIMILARITY_TOO_HIGH|TRADEMARK_HIT,,epegliptin,epegliptin -> epagliptin -> epugliptin,0.0,1.0,0.854,1.0,1.0,0.998,0.0,DPP-4 inhibitor,generic,-gliptin,saturated,False,,
ecugliptin,False,grammar+refined,1,66.94,65.93,moderate,-10.93,4.07,colistin,0.6137,4,TRADEMARK_HIT,SIMILARITY_MODERATE,epegliptin,epegliptin -> epagliptin -> epugliptin -> ecugliptin,0.0,1.0,0.854,1.0,1.0,0.998,0.0,DPP-4 inhibitor,generic,-gliptin,saturated,False,,
ijegliptin,False,grammar+refined,1,66.94,69.81,moderate,-14.81,0.19,imeglimin,0.6162,4,INTRA_STEM_TOO_CLOSE|TRADEMARK_HIT,SIMILARITY_MODERATE,itegliptin,itegliptin -> ijegliptin,0.0,1.0,0.854,1.0,1.0,0.998,0.0,DPP-4 inhibitor,generic,-gliptin,saturated,False,,
iyegliptin,False,grammar+refined,1,64.58,69.22,moderate,-14.22,0.78,imeglimin,0.4818,5,INTRA_STEM_TOO_CLOSE|TRADEMARK_HIT,SIMILARITY_MODERATE,itegliptin,itegliptin -> ijegliptin -> iyegliptin,0.0,1.0,0.779,1.0,1.0,0.867,0.0,DPP-4 inhibitor,generic,-gliptin,saturated,False,,
ivegliptin,False,grammar+refined,1,66.94,70.4,high,-15.4,-0.4,imeglimin,0.6774,4,SIMILARITY_TOO_HIGH|INTRA_STEM_TOO_CLOSE|TRADEMARK_HIT,,itegliptin,itegliptin -> ijegliptin -> iyegliptin -> ivegliptin,0.0,1.0,0.854,1.0,1.0,0.998,0.0,DPP-4 inhibitor,generic,-gliptin,saturated,False,,
utagliptin,False,grammar+refined,1,66.94,60.4,moderate,-5.4,9.6,vitalipid,0.6697,4,INTRA_STEM_TOO_CLOSE|TRADEMARK_HIT,SIMILARITY_MODERATE,udagliptin,udagliptin -> utagliptin,0.0,1.0,0.854,1.0,1.0,0.998,0.0,DPP-4 inhibitor,generic,-gliptin,saturated,False,,
uragliptin,False,grammar+refined,1,66.94,60.52,moderate,-5.52,9.48,naratriptan,0.7403,4,INTRA_STEM_TOO_CLOSE|TRADEMARK_HIT,SIMILARITY_MODERATE,udagliptin,udagliptin -> utagliptin -> uragliptin,0.0,1.0,0.854,1.0,1.0,0.998,0.0,DPP-4 inhibitor,generic,-gliptin,saturated,False,,
uzagliptin,False,grammar+refined,1,66.94,61.0,moderate,-6.0,9.0,rizatriptan,0.6076,4,INTRA_STEM_TOO_CLOSE|TRADEMARK_HIT,SIMILARITY_MODERATE,udagliptin,udagliptin -> utagliptin -> uragliptin -> uzagliptin,0.0,1.0,0.854,1.0,1.0,0.998,0.0,DPP-4 inhibitor,generic,-gliptin,saturated,False,,
elopligliptin,False,grammar,2,56.44,60.32,moderate,-5.32,9.68,epicriptine,0.6705,5,TRADEMARK_HIT,SIMILARITY_MODERATE,,elopligliptin,0.0,0.733,0.739,1.0,1.0,0.624,0.028,DPP-4 inhibitor,generic,-gliptin,saturated,False,,
dedugliptin,True,grammar,2,66.51,68.44,moderate,-13.44,1.56,teduglutide,0.6399,4,,SIMILARITY_MODERATE,,dedugliptin,0.0,1.0,0.854,1.0,1.0,0.952,0.003,DPP-4 inhibitor,generic,-gliptin,saturated,True,,
orgudugliptin,True,grammar,2,64.03,54.0,low,1.0,16.0,ergocriptine,0.6011,5,,,,orgudugliptin,0.04,1.0,0.845,1.0,1.0,0.624,0.0,DPP-4 inhibitor,generic,-gliptin,saturated,True,,
axodagliptin,False,grammar,2,64.48,59.31,moderate,-4.31,10.69,sotagliflozin,0.6452,5,INTRA_STEM_TOO_CLOSE|TRADEMARK_HIT,SIMILARITY_MODERATE,,axodagliptin,0.0,1.0,0.869,1.0,1.0,0.731,0.0,DPP-4 inhibitor,generic,-gliptin,saturated,False,,
imegliptin,False,grammar,2,70.61,80.04,high,-25.04,-10.04,imeglimin,0.7391,4,SIMILARITY_TOO_HIGH|INTRA_STEM_TOO_CLOSE|TRADEMARK_HIT,,,imegliptin,0.0,1.0,0.854,1.0,1.0,0.998,0.524,DPP-4 inhibitor,generic,-gliptin,saturated,False,,
litigliptin,False,grammar,2,58.49,63.11,moderate,-8.11,6.89,epicriptine,0.758,4,INTRA_STEM_TOO_CLOSE|TRADEMARK_HIT,SIMILARITY_MODERATE,,litigliptin,0.0,0.6,0.854,1.0,1.0,0.952,0.001,DPP-4 inhibitor,generic,-gliptin,saturated,False,,
pilagliptin,False,grammar,2,66.55,61.28,moderate,-6.28,8.72,epicriptine,0.7352,4,INTRA_STEM_TOO_CLOSE|TRADEMARK_HIT,SIMILARITY_MODERATE,,pilagliptin,0.0,1.0,0.854,1.0,1.0,0.952,0.01,DPP-4 inhibitor,generic,-gliptin,saturated,False,,
cibugliptin,False,grammar,2,66.57,63.25,moderate,-8.25,6.75,dibutyltin,0.6169,4,INTRA_STEM_TOO_CLOSE|TRADEMARK_HIT,SIMILARITY_MODERATE,,cibugliptin,0.0,1.0,0.854,1.0,1.0,0.952,0.012,DPP-4 inhibitor,generic,-gliptin,saturated,False,,
umugliptin,False,grammar,2,66.94,63.79,moderate,-8.79,6.21,imeglimin,0.6289,4,TRADEMARK_HIT,SIMILARITY_MODERATE,,umugliptin,0.0,1.0,0.854,1.0,1.0,0.998,0.0,DPP-4 inhibitor,generic,-gliptin,saturated,False,,
adegliptin,False,grammar,2,67.0,64.73,moderate,-9.73,5.27,imeglimin,0.7222,4,INTRA_STEM_TOO_CLOSE|TRADEMARK_HIT,SIMILARITY_MODERATE,,adegliptin,0.0,1.0,0.854,1.0,1.0,0.998,0.009,DPP-4 inhibitor,generic,-gliptin,saturated,False,,
lomagliptin,False,grammar,2,61.36,64.45,moderate,-9.45,5.55,bromocriptine,0.727,4,INTRA_STEM_TOO_CLOSE|TRADEMARK_HIT,SIMILARITY_MODERATE,,lomagliptin,0.0,0.6,0.854,1.0,1.0,0.952,0.411,DPP-4 inhibitor,generic,-gliptin,saturated,False,,
nacugliptin,False,grammar,2,58.48,60.71,moderate,-5.71,9.29,colistin,0.6264,4,TRADEMARK_HIT,SIMILARITY_MODERATE,,nacugliptin,0.0,0.6,0.854,1.0,1.0,0.952,0.0,DPP-4 inhibitor,generic,-gliptin,saturated,False,,
aregliptin,False,grammar,2,66.96,71.51,high,-16.51,-1.51,reclipsen,0.7277,4,SIMILARITY_TOO_HIGH|INTRA_STEM_TOO_CLOSE|TRADEMARK_HIT,,,aregliptin,0.0,1.0,0.854,1.0,1.0,0.998,0.003,DPP-4 inhibitor,generic,-gliptin,saturated,False,,
pocegliptin,False,grammar,2,58.51,61.15,moderate,-6.15,8.85,procyclidine,0.6505,4,TRADEMARK_HIT,SIMILARITY_MODERATE,,pocegliptin,0.0,0.6,0.854,1.0,1.0,0.952,0.003,DPP-4 inhibitor,generic,-gliptin,saturated,False,,
sozithugliptin,False,grammar,2,61.14,51.24,low,3.76,18.76,folliculitis,0.6334,5,TRADEMARK_HIT,,,sozithugliptin,0.15,0.771,0.845,1.0,1.0,0.527,0.0,DPP-4 inhibitor,generic,-gliptin,saturated,False,,
taradogliptin,False,grammar,2,58.32,61.44,moderate,-6.44,8.56,carboplatin,0.7509,5,TRADEMARK_HIT,SIMILARITY_MODERATE,,taradogliptin,0.0,0.733,0.869,1.0,1.0,0.624,0.034,DPP-4 inhibitor,generic,-gliptin,saturated,False,,
ticigliptin,False,grammar,2,58.8,63.87,moderate,-8.87,6.13,epicriptine,0.7147,4,INTRA_STEM_TOO_CLOSE|TRADEMARK_HIT,SIMILARITY_MODERATE,,ticigliptin,0.0,0.6,0.854,1.0,1.0,0.952,0.045,DPP-4 inhibitor,generic,-gliptin,saturated,False,,
ehetagliptin,False,grammar,2,58.08,62.96,moderate,-7.96,7.04,hemagglutinin,0.6517,5,INTRA_STEM_TOO_CLOSE|TRADEMARK_HIT,SIMILARITY_MODERATE,,ehetagliptin,0.0,0.68,0.869,1.0,1.0,0.731,0.0,DPP-4 inhibitor,generic,-gliptin,saturated,False,,
praxogliptin,False,grammar,2,57.48,59.12,moderate,-4.12,10.88,ruxolitinib,0.7693,4,INTRA_STEM_TOO_CLOSE|TRADEMARK_HIT,SIMILARITY_MODERATE,,praxogliptin,0.0,0.68,0.709,1.0,1.0,0.862,0.049,DPP-4 inhibitor,generic,-gliptin,saturated,False,,
enagliptin,False,grammar,2,73.44,64.1,moderate,-9.1,5.9,ergocriptine,0.7036,4,INTRA_STEM_TOO_CLOSE|TRADEMARK_HIT,SIMILARITY_MODERATE,,enagliptin,0.0,1.0,0.854,1.0,1.0,0.998,0.928,DPP-4 inhibitor,generic,-gliptin,saturated,False,,
zelcigliptin,False,grammar,2,58.83,60.52,moderate,-5.52,9.48,epicriptine,0.6258,4,INTRA_STEM_TOO_CLOSE|TRADEMARK_HIT,SIMILARITY_MODERATE,,zelcigliptin,0.0,0.68,0.83,1.0,1.0,0.862,0.0,DPP-4 inhibitor,generic,-gliptin,saturated,False,,
onigliptin,False,grammar,2,66.94,64.19,moderate,-9.19,5.81,epicriptine,0.684,4,INTRA_STEM_TOO_CLOSE|TRADEMARK_HIT,SIMILARITY_MODERATE,,onigliptin,0.0,1.0,0.854,1.0,1.0,0.998,0.0,DPP-4 inhibitor,generic,-gliptin,saturated,False,,
acigliptin,False,grammar,2,72.49,66.0,moderate,-11.0,4.0,epicriptine,0.7415,4,INTRA_STEM_TOO_CLOSE|TRADEMARK_HIT,SIMILARITY_MODERATE,,acigliptin,0.0,1.0,0.854,1.0,1.0,0.998,0.794,DPP-4 inhibitor,generic,-gliptin,saturated,False,,
oragliptin,False,grammar,2,66.96,60.52,moderate,-5.52,9.48,naratriptan,0.735,4,INTRA_STEM_TOO_CLOSE|TRADEMARK_HIT,SIMILARITY_MODERATE,,oragliptin,0.0,1.0,0.854,1.0,1.0,0.998,0.003,DPP-4 inhibitor,generic,-gliptin,saturated,False,,
cilterlogliptin,True,ngram_guided,2,59.46,53.16,low,1.84,16.84,gilteritinib,0.6985,5,,,,cilterlogliptin,0.074,0.6,0.82,1.0,1.0,0.456,0.665,DPP-4 inhibitor,generic,-gliptin,saturated,True,,
avagliptin,False,ngram_guided,2,69.09,61.8,moderate,-6.8,8.2,avapritinib,0.7312,4,INTRA_STEM_TOO_CLOSE|TRADEMARK_HIT,SIMILARITY_MODERATE,,avagliptin,0.0,1.0,0.854,1.0,1.0,0.998,0.307,DPP-4 inhibitor,generic,-gliptin,saturated,False,,
candogliptin,False,ngram_guided,2,58.37,61.99,moderate,-6.99,8.01,endoglin,0.8306,4,TRADEMARK_HIT,SIMILARITY_MODERATE,,candogliptin,0.0,0.45,0.83,1.0,1.0,0.862,0.591,DPP-4 inhibitor,generic,-gliptin,saturated,False,,
nilgliptin,False,ngram_guided,2,68.53,61.81,moderate,-6.81,8.19,nilvadipine,0.7414,3,INTRA_STEM_TOO_CLOSE|TRADEMARK_HIT,SIMILARITY_MODERATE,,nilgliptin,0.0,1.0,0.742,1.0,1.0,0.873,0.63,DPP-4 inhibitor,generic,-gliptin,saturated,False,,
chirgliptin,False,ngram_guided,2,56.61,63.08,moderate,-8.08,6.92,colistin,0.7074,3,INTRA_STEM_TOO_CLOSE|TRADEMARK_HIT,SIMILARITY_MODERATE,,chirgliptin,0.0,0.6,0.718,1.0,1.0,0.828,0.184,DPP-4 inhibitor,generic,-gliptin,saturated,False,,
sonigliptin,False,ngram_guided,2,60.26,59.68,moderate,-4.68,10.32,epicriptine,0.7682,4,INTRA_STEM_TOO_CLOSE|TRADEMARK_HIT,SIMILARITY_MODERATE,,sonigliptin,0.0,0.6,0.854,1.0,1.0,0.952,0.254,DPP-4 inhibitor,generic,-gliptin,saturated,False,,
penbgliptin,False,ngram_guided,2,56.43,58.01,moderate,-3.01,11.99,vinblastine,0.5546,3,TRADEMARK_HIT,SIMILARITY_MODERATE,,penbgliptin,0.0,0.6,0.574,0.65,1.0,0.828,0.895,DPP-4 inhibitor,generic,-gliptin,saturated,False,,
roxgliptin,False,ngram_guided,2,67.04,63.17,moderate,-8.17,6.83,oxaliplatin,0.5285,3,INTRA_STEM_TOO_CLOSE|TRADEMARK_HIT,SIMILARITY_MODERATE,,roxgliptin,0.0,1.0,0.574,1.0,1.0,0.873,0.753,DPP-4 inhibitor,generic,-gliptin,saturated,False,,
doxyphgliptin,True,ngram_guided,2,48.89,64.3,moderate,-9.3,5.7,oxyphenisatin,0.6613,4,,SIMILARITY_MODERATE,,doxyphgliptin,0.0,0.517,0.768,0.65,0.53,0.755,0.846,DPP-4 inhibitor,generic,-gliptin,saturated,False,,
telcanegliptin,True,ngram_guided,2,58.12,60.11,moderate,-5.11,9.89,lercanidipine,0.6486,5,,SIMILARITY_MODERATE,,telcanegliptin,0.0,0.564,0.845,1.0,1.0,0.527,0.676,DPP-4 inhibitor,generic,-gliptin,saturated,False,,
paragliptin,False,ngram_guided,2,60.84,74.9,high,-19.9,-4.9,paraplatin,0.8174,4,SIMILARITY_TOO_HIGH|INTRA_STEM_TOO_CLOSE|TRADEMARK_HIT,,,paragliptin,0.0,0.6,0.854,1.0,1.0,0.952,0.337,DPP-4 inhibitor,generic,-gliptin,saturated,False,,
thiobungliptin,True,ngram_guided,2,56.64,51.5,low,3.5,18.5,sphingolipids,0.7296,5,,,,thiobungliptin,0.14,0.357,0.758,1.0,1.0,0.527,0.751,DPP-4 inhibitor,generic,-gliptin,saturated,False,,
nirmatengliptin,True,ngram_guided,2,53.35,54.03,low,0.97,15.97,nateglinide,0.6612,5,,,,nirmatengliptin,0.039,0.4,0.758,1.0,1.0,0.456,0.608,DPP-4 inhibitor,generic,-gliptin,saturated,False,,
chlogliptin,False,ngram_guided,2,56.42,64.49,moderate,-9.49,5.51,colistin,0.9044,3,INTRA_STEM_TOO_CLOSE|TRADEMARK_HIT,SIMILARITY_MODERATE,,chlogliptin,0.0,0.6,0.572,1.0,1.0,0.828,0.449,DPP-4 inhibitor,generic,-gliptin,saturated,False,,
afagliptin,False,ngram_guided,2,69.1,59.69,moderate,-4.69,10.31,leptin,0.6904,4,INTRA_STEM_TOO_CLOSE|TRADEMARK_HIT,SIMILARITY_MODERATE,,afagliptin,0.0,1.0,0.854,1.0,1.0,0.998,0.309,DPP-4 inhibitor,generic,-gliptin,saturated,False,,
cemigliptin,False,ngram_guided,2,62.26,66.16,moderate,-11.16,3.84,epicriptine,0.7036,4,INTRA_STEM_TOO_CLOSE|TRADEMARK_HIT,SIMILARITY_MODERATE,,cemigliptin,0.0,0.6,0.854,1.0,1.0,0.952,0.54,DPP-4 inhibitor,generic,-gliptin,saturated,False,,
ciltegliptin,False,ngram_guided,2,65.17,62.2,moderate,-7.2,7.8,gilteritinib,0.6909,4,INTRA_STEM_TOO_CLOSE|TRADEMARK_HIT,SIMILARITY_MODERATE,,ciltegliptin,0.0,0.68,0.83,1.0,1.0,0.862,0.905,DPP-4 inhibitor,generic,-gliptin,saturated,False,,
parvogliptin,False,ngram_guided,2,55.52,65.4,moderate,-10.4,4.6,carboplatin,0.7771,4,TRADEMARK_HIT,SIMILARITY_MODERATE,,parvogliptin,0.0,0.45,0.83,1.0,1.0,0.862,0.184,DPP-4 inhibitor,generic,-gliptin,saturated,False,,
nonagliptin,False,ngram_guided,2,64.65,62.15,moderate,-7.15,7.85,nonapeptide,0.7245,4,INTRA_STEM_TOO_CLOSE|TRADEMARK_HIT,SIMILARITY_MODERATE,,nonagliptin,0.0,0.6,0.854,1.0,1.0,0.952,0.88,DPP-4 inhibitor,generic,-gliptin,saturated,False,,
pasgliptin,False,ngram_guided,2,65.12,59.35,moderate,-4.35,10.65,pancreatin,0.6345,3,INTRA_STEM_TOO_CLOSE|TRADEMARK_HIT,SIMILARITY_MODERATE,,pasgliptin,0.0,1.0,0.742,1.0,1.0,0.873,0.142,DPP-4 inhibitor,generic,-gliptin,saturated,False,,
norgliptin,False,ngram_guided,2,68.41,65.12,moderate,-10.12,4.88,nortriptyline,0.654,3,TRADEMARK_HIT,SIMILARITY_MODERATE,,norgliptin,0.0,1.0,0.742,1.0,1.0,0.873,0.613,DPP-4 inhibitor,generic,-gliptin,saturated,False,,
proterlogliptin,True,ngram_guided,2,45.3,66.14,moderate,-11.14,3.86,proteoglycan,0.7848,5,,SIMILARITY_MODERATE,,proterlogliptin,0.0,0.4,0.714,1.0,0.53,0.456,0.753,DPP-4 inhibitor,generic,-gliptin,saturated,False,,
nivogliptin,False,ngram_guided,2,60.6,63.45,moderate,-8.45,6.55,nimodipine,0.6755,4,INTRA_STEM_TOO_CLOSE|TRADEMARK_HIT,SIMILARITY_MODERATE,,nivogliptin,0.0,0.6,0.854,1.0,1.0,0.952,0.302,DPP-4 inhibitor,generic,-gliptin,saturated,False,,
doxgliptin,False,ngram_guided,2,68.39,63.17,moderate,-8.17,6.83,oxaliplatin,0.528,3,INTRA_STEM_TOO_CLOSE|TRADEMARK_HIT,SIMILARITY_MODERATE,,doxgliptin,0.0,1.0,0.574,1.0,1.0,0.873,0.946,DPP-4 inhibitor,generic,-gliptin,saturated,False,,
eqagliptin,False,grammar+refined,2,66.94,62.81,moderate,-7.81,7.19,leptin,0.6283,4,INTRA_STEM_TOO_CLOSE|TRADEMARK_HIT,SIMILARITY_MODERATE,enagliptin,enagliptin -> eqagliptin,0.0,1.0,0.854,1.0,1.0,0.998,0.0,DPP-4 inhibitor,generic,-gliptin,saturated,False,,
etagliptin,False,grammar+refined,2,67.52,64.52,moderate,-9.52,5.48,epicriptine,0.7444,4,INTRA_STEM_TOO_CLOSE|TRADEMARK_HIT,SIMILARITY_MODERATE,enagliptin,enagliptin -> eqagliptin -> etagliptin,0.0,1.0,0.854,1.0,1.0,0.998,0.083,DPP-4 inhibitor,generic,-gliptin,saturated,False,,
awigliptin,False,grammar+refined,2,66.94,64.17,moderate,-9.17,5.83,epicriptine,0.6101,4,INTRA_STEM_TOO_CLOSE|TRADEMARK_HIT,SIMILARITY_MODERATE,acigliptin,acigliptin -> awigliptin,0.0,1.0,0.854,1.0,1.0,0.998,0.0,DPP-4 inhibitor,generic,-gliptin,saturated,False,,
apigliptin,False,grammar+refined,2,67.82,73.73,high,-18.73,-3.73,epicriptine,0.732,4,SIMILARITY_TOO_HIGH|INTRA_STEM_TOO_CLOSE|TRADEMARK_HIT,,acigliptin,acigliptin -> awigliptin -> apigliptin,0.0,1.0,0.854,1.0,1.0,0.998,0.126,DPP-4 inhibitor,generic,-gliptin,saturated,False,,
opigliptin,False,grammar+refined,2,66.95,73.78,high,-18.78,-3.78,epicriptine,0.7056,4,SIMILARITY_TOO_HIGH|TRADEMARK_HIT,,acigliptin,acigliptin -> awigliptin -> apigliptin -> opigliptin,0.0,1.0,0.854,1.0,1.0,0.998,0.001,DPP-4 inhibitor,generic,-gliptin,saturated,False,,
imagliptin,False,grammar+refined,2,69.48,72.53,high,-17.53,-2.53,imeglimin,0.7357,4,SIMILARITY_TOO_HIGH|INTRA_STEM_TOO_CLOSE|TRADEMARK_HIT,,imegliptin,imegliptin -> imagliptin,0.0,1.0,0.854,1.0,1.0,0.998,0.364,DPP-4 inhibitor,generic,-gliptin,saturated,False,,
ibagliptin,False,grammar+refined,2,69.53,65.28,moderate,-10.28,4.72,imeglimin,0.6444,4,INTRA_STEM_TOO_CLOSE|TRADEMARK_HIT,SIMILARITY_MODERATE,imegliptin,imegliptin -> imagliptin -> ibagliptin,0.0,1.0,0.854,1.0,1.0,0.998,0.37,DPP-4 inhibitor,generic,-gliptin,saturated,False,,
ikagliptin,False,grammar+refined,2,66.94,60.65,moderate,-5.65,9.35,ergocriptine,0.6055,4,INTRA_STEM_TOO_CLOSE|TRADEMARK_HIT,SIMILARITY_MODERATE,imegliptin,imegliptin -> imagliptin -> ibagliptin -> ikagliptin,0.0,1.0,0.854,1.0,1.0,0.998,0.0,DPP-4 inhibitor,generic,-gliptin,saturated,False,,
nolgliptin,False,ngram_guided+refined,2,64.21,63.42,moderate,-8.42,6.58,colistin,0.7302,3,INTRA_STEM_TOO_CLOSE|TRADEMARK_HIT,SIMILARITY_MODERATE,nilgliptin,nilgliptin -> nolgliptin,0.0,1.0,0.742,1.0,1.0,0.873,0.012,DPP-4 inhibitor,generic,-gliptin,saturated,False,,
nulgliptin,False,ngram_guided+refined,2,64.12,58.14,moderate,-3.14,11.86,colistin,0.6874,3,INTRA_STEM_TOO_CLOSE|TRADEMARK_HIT,SIMILARITY_MODERATE,nilgliptin,nilgliptin -> nolgliptin -> nulgliptin,0.0,1.0,0.742,1.0,1.0,0.873,0.0,DPP-4 inhibitor,generic,-gliptin,saturated,False,,
nelgliptin,False,ngram_guided+refined,2,66.03,60.4,moderate,-5.4,9.6,delgocitinib,0.6761,3,INTRA_STEM_TOO_CLOSE|TRADEMARK_HIT,SIMILARITY_MODERATE,nilgliptin,nilgliptin -> nolgliptin -> nulgliptin -> nelgliptin,0.0,1.0,0.742,1.0,1.0,0.873,0.273,DPP-4 inhibitor,generic,-gliptin,saturated,False,,
nurgliptin,False,ngram_guided+refined,2,64.12,62.65,moderate,-7.65,7.35,ergocriptine,0.6306,3,INTRA_STEM_TOO_CLOSE|TRADEMARK_HIT,SIMILARITY_MODERATE,norgliptin,norgliptin -> nurgliptin,0.0,1.0,0.742,1.0,1.0,0.873,0.0,DPP-4 inhibitor,generic,-gliptin,saturated,False,,
nirgliptin,False,ngram_guided+refined,2,64.41,63.23,moderate,-8.23,6.77,imeglimin,0.6571,3,INTRA_STEM_TOO_CLOSE|TRADEMARK_HIT,SIMILARITY_MODERATE,norgliptin,norgliptin -> nurgliptin -> nirgliptin,0.0,1.0,0.742,1.0,1.0,0.873,0.041,DPP-4 inhibitor,generic,-gliptin,saturated,False,,
dixgliptin,False,ngram_guided+refined,2,61.77,59.64,moderate,-4.64,10.36,oxaliplatin,0.5351,3,INTRA_STEM_TOO_CLOSE|TRADEMARK_HIT,SIMILARITY_MODERATE,doxgliptin,doxgliptin -> dixgliptin,0.0,1.0,0.574,1.0,1.0,0.873,0.0,DPP-4 inhibitor,generic,-gliptin,saturated,False,,
daxgliptin,False,ngram_guided+refined,2,61.77,64.22,moderate,-9.22,5.78,saxagliptin,0.522,3,INTRA_STEM_TOO_CLOSE|TRADEMARK_HIT,SIMILARITY_MODERATE,doxgliptin,doxgliptin -> dixgliptin -> daxgliptin,0.0,1.0,0.574,1.0,1.0,0.873,0.0,DPP-4 inhibitor,generic,-gliptin,saturated,False,,
duxgliptin,False,ngram_guided+refined,2,61.77,60.65,moderate,-5.65,9.35,oxaliplatin,0.5162,3,INTRA_STEM_TOO_CLOSE|TRADEMARK_HIT,SIMILARITY_MODERATE,doxgliptin,doxgliptin -> dixgliptin -> daxgliptin -> duxgliptin,0.0,1.0,0.574,1.0,1.0,0.873,0.0,DPP-4 inhibitor,generic,-gliptin,saturated,False,,
senigliptin,False,grammar,3,58.56,65.11,moderate,-10.11,4.89,epicriptine,0.7418,4,INTRA_STEM_TOO_CLOSE|TRADEMARK_HIT,SIMILARITY_MODERATE,,senigliptin,0.0,0.6,0.854,1.0,1.0,0.952,0.011,DPP-4 inhibitor,generic,-gliptin,saturated,False,,
bocagliptin,False,grammar,3,58.62,61.89,moderate,-6.89,8.11,ergocriptine,0.677,4,INTRA_STEM_TOO_CLOSE|TRADEMARK_HIT,SIMILARITY_MODERATE,,bocagliptin,0.0,0.6,0.854,1.0,1.0,0.952,0.019,DPP-4 inhibitor,generic,-gliptin,saturated,False,,
ixexagliptin,False,grammar,3,64.49,62.68,moderate,-7.68,7.32,bexagliflozin,0.6269,5,INTRA_STEM_TOO_CLOSE|TRADEMARK_HIT,SIMILARITY_MODERATE,,ixexagliptin,0.0,1.0,0.869,1.0,1.0,0.731,0.001,DPP-4 inhibitor,generic,-gliptin,saturated,False,,
belogliptin,False,grammar,3,67.31,64.7,moderate,-9.7,5.3,felodipine,0.7598,4,INTRA_STEM_TOO_CLOSE|TRADEMARK_HIT,SIMILARITY_MODERATE,,belogliptin,0.0,1.0,0.854,1.0,1.0,0.952,0.118,DPP-4 inhibitor,generic,-gliptin,saturated,False,,
pizulogliptin,False,grammar,3,63.66,54.75,low,0.25,15.25,duloxetine,0.7005,5,INTRA_STEM_TOO_CLOSE|TRADEMARK_HIT,,,pizulogliptin,0.01,1.0,0.869,1.0,1.0,0.624,0.001,DPP-4 inhibitor,generic,-gliptin,saturated,False,,
potacogliptin,False,grammar,3,53.75,58.66,moderate,-3.66,11.34,colistin,0.736,5,TRADEMARK_HIT,SIMILARITY_MODERATE,,potacogliptin,0.0,0.517,0.869,1.0,1.0,0.624,0.001,DPP-4 inhibitor,generic,-gliptin,saturated,False,,
doxagliptin,False,grammar,3,62.4,69.77,moderate,-14.77,0.23,oxaliplatin,0.751,4,INTRA_STEM_TOO_CLOSE|TRADEMARK_HIT,SIMILARITY_MODERATE,,doxagliptin,0.0,0.6,0.854,1.0,1.0,0.952,0.559,DPP-4 inhibitor,generic,-gliptin,saturated,False,,
lotopigliptin,True,grammar,3,58.18,61.04,moderate,-6.04,8.96,epicriptine,0.711,5,,SIMILARITY_MODERATE,,lotopigliptin,0.0,0.733,0.869,1.0,1.0,0.624,0.014,DPP-4 inhibitor,generic,-gliptin,saturated,False,,
pafomigliptin,True,grammar,3,58.13,56.73,moderate,-1.73,13.27,bromocriptine,0.6676,5,,SIMILARITY_MODERATE,,pafomigliptin,0.0,0.733,0.869,1.0,1.0,0.624,0.007,DPP-4 inhibitor,generic,-gliptin,saturated,False,,
asigliptin,False,grammar,3,66.94,64.15,moderate,-9.15,5.85,epicriptine,0.7097,4,INTRA_STEM_TOO_CLOSE|TRADEMARK_HIT,SIMILARITY_MODERATE,,asigliptin,0.0,1.0,0.854,1.0,1.0,0.998,0.0,DPP-4 inhibitor,generic,-gliptin,saturated,False,,
cectecegliptin,True,grammar,3,57.53,56.53,moderate,-1.53,13.47,metreleptin,0.6334,5,,SIMILARITY_MODERATE,,cectecegliptin,0.0,0.771,0.845,1.0,1.0,0.527,0.0,DPP-4 inhibitor,generic,-gliptin,saturated,False,,
pranigliptin,False,grammar,3,59.21,62.6,moderate,-7.6,7.4,prazimectin,0.7807,4,TRADEMARK_HIT,SIMILARITY_MODERATE,,pranigliptin,0.0,0.68,0.709,1.0,1.0,0.862,0.296,DPP-4 inhibitor,generic,-gliptin,saturated,False,,
irbegliptin,False,grammar,3,58.32,66.6,moderate,-11.6,3.4,imeglimin,0.6342,4,TRADEMARK_HIT,SIMILARITY_MODERATE,,irbegliptin,0.0,0.6,0.83,1.0,1.0,0.952,0.027,DPP-4 inhibitor,generic,-gliptin,saturated,False,,
otagliptin,False,grammar,3,66.94,64.85,moderate,-9.85,5.15,sotagliflozin,0.6518,4,INTRA_STEM_TOO_CLOSE|TRADEMARK_HIT,SIMILARITY_MODERATE,,otagliptin,0.0,1.0,0.854,1.0,1.0,0.998,0.0,DPP-4 inhibitor,generic,-gliptin,saturated,False,,
tofobigliptin,True,grammar,3,58.1,55.43,moderate,-0.43,14.57,epicriptine,0.6827,5,,SIMILARITY_MODERATE,,tofobigliptin,0.0,0.733,0.869,1.0,1.0,0.624,0.003,DPP-4 inhibitor,generic,-gliptin,saturated,False,,
mobagliptin,False,grammar,3,58.49,60.24,moderate,-5.24,9.76,bromocriptine,0.6675,4,INTRA_STEM_TOO_CLOSE|TRADEMARK_HIT,SIMILARITY_MODERATE,,mobagliptin,0.0,0.6,0.854,1.0,1.0,0.952,0.001,DPP-4 inhibitor,generic,-gliptin,saturated,False,,
ninzigliptin,False,grammar,3,58.83,59.02,moderate,-4.02,10.98,invigorating,0.6138,4,INTRA_STEM_TOO_CLOSE|TRADEMARK_HIT,SIMILARITY_MODERATE,,ninzigliptin,0.0,0.68,0.83,1.0,1.0,0.862,0.0,DPP-4 inhibitor,generic,-gliptin,saturated,False,,
afegliptin,False,grammar,3,66.96,61.56,moderate,-6.56,8.44,imeglimin,0.6546,4,INTRA_STEM_TOO_CLOSE|TRADEMARK_HIT,SIMILARITY_MODERATE,,afegliptin,0.0,1.0,0.854,1.0,1.0,0.998,0.003,DPP-4 inhibitor,generic,-gliptin,saturated,False,,
usigliptin,False,grammar,3,66.94,63.45,moderate,-8.45,6.55,epicriptine,0.6335,4,INTRA_STEM_TOO_CLOSE|TRADEMARK_HIT,SIMILARITY_MODERATE,,usigliptin,0.0,1.0,0.854,1.0,1.0,0.998,0.0,DPP-4 inhibitor,generic,-gliptin,saturated,False,,
preutagliptin,False,grammar,3,57.27,57.84,moderate,-2.84,12.16,bromocriptine,0.7259,4,INTRA_STEM_TOO_CLOSE|TRADEMARK_HIT,SIMILARITY_MODERATE,,preutagliptin,0.0,0.733,0.709,1.0,1.0,0.755,0.018,DPP-4 inhibitor,generic,-gliptin,saturated,False,,
evigliptin,False,grammar,3,67.96,70.49,high,-15.49,-0.49,epicriptine,0.7144,4,SIMILARITY_TOO_HIGH|TRADEMARK_HIT,,,evigliptin,0.0,1.0,0.854,1.0,1.0,0.998,0.145,DPP-4 inhibitor,generic,-gliptin,saturated,False,,
tonasegliptin,False,grammar,3,53.75,55.32,moderate,-0.32,14.68,nateglinide,0.7341,5,INTRA_STEM_TOO_CLOSE,SIMILARITY_MODERATE,,tonasegliptin,0.0,0.517,0.869,1.0,1.0,0.624,0.001,DPP-4 inhibitor,generic,-gliptin,saturated,False,,
oregliptin,False,grammar,3,66.94,71.51,high,-16.51,-1.51,reclipsen,0.721,4,SIMILARITY_TOO_HIGH|INTRA_STEM_TOO_CLOSE|TRADEMARK_HIT,,,oregliptin,0.0,1.0,0.854,1.0,1.0,0.998,0.0,DPP-4 inhibitor,generic,-gliptin,saturated,False,,
rosogliptin,False,grammar,3,58.72,65.2,moderate,-10.2,4.8,bromocriptine,0.6882,4,INTRA_STEM_TOO_CLOSE|TRADEMARK_HIT,SIMILARITY_MODERATE,,rosogliptin,0.0,0.6,0.854,1.0,1.0,0.952,0.034,DPP-4 inhibitor,generic,-gliptin,saturated,False,,
nevirgliptin,False,ngram_guided,3,57.73,63.0,moderate,-8.0,7.0,metreleptin,0.6688,4,INTRA_STEM_TOO_CLOSE,SIMILARITY_MODERATE,,nevirgliptin,0.0,0.45,0.768,1.0,1.0,0.862,0.624,DPP-4 inhibitor,generic,-gliptin,saturated,False,,
drogliptin,False,ngram_guided,3,69.91,63.84,moderate,-8.84,6.16,prolastin,0.8233,3,INTRA_STEM_TOO_CLOSE|TRADEMARK_HIT,SIMILARITY_MODERATE,,drogliptin,0.0,1.0,0.658,1.0,1.0,0.873,0.995,DPP-4 inhibitor,generic,-gliptin,saturated,False,,
ampigliptin,False,ngram_guided,3,60.29,68.28,moderate,-13.28,1.72,epicriptine,0.7519,4,TRADEMARK_HIT,SIMILARITY_MODERATE,,ampigliptin,0.0,0.6,0.83,1.0,1.0,0.952,0.307,DPP-4 inhibitor,generic,-gliptin,saturated,False,,
tetrgliptin,False,ngram_guided,3,54.01,73.88,high,-18.88,-3.88,metreleptin,0.5316,3,SIMILARITY_TOO_HIGH|INTRA_STEM_TOO_CLOSE|TRADEMARK_HIT,,,tetrgliptin,0.0,0.6,0.574,0.65,1.0,0.828,0.55,DPP-4 inhibitor,generic,-gliptin,saturated,False,,
rosugliptin,False,ngram_guided,3,62.4,64.52,moderate,-9.52,5.48,rosiglitazone,0.7055,4,TRADEMARK_HIT,SIMILARITY_MODERATE,,rosugliptin,0.0,0.6,0.854,1.0,1.0,0.952,0.559,DPP-4 inhibitor,generic,-gliptin,saturated,False,,
acegliptin,False,ngram_guided,3,69.72,72.61,high,-17.61,-2.61,aceclidine,0.7071,4,SIMILARITY_TOO_HIGH|INTRA_STEM_TOO_CLOSE|TRADEMARK_HIT,,,acegliptin,0.0,1.0,0.854,1.0,1.0,0.998,0.398,DPP-4 inhibitor,generic,-gliptin,saturated,False,,
supplegliptin,False,ngram_guided,3,49.92,57.85,moderate,-2.85,12.15,supprelin,0.6901,4,TRADEMARK_HIT,SIMILARITY_MODERATE,,supplegliptin,0.0,0.3,0.622,1.0,1.0,0.755,0.381,DPP-4 inhibitor,generic,-gliptin,saturated,False,,
ethagliptin,False,ngram_guided,3,64.78,65.22,moderate,-10.22,4.78,ethacridine,0.8238,4,INTRA_STEM_TOO_CLOSE|TRADEMARK_HIT,SIMILARITY_MODERATE,,ethagliptin,0.0,0.6,0.83,1.0,1.0,0.952,0.95,DPP-4 inhibitor,generic,-gliptin,saturated,False,,
fosfotgliptin,True,ngram_guided,3,58.07,54.83,low,0.17,15.17,orforglipron,0.61,4,,,,fosfotgliptin,0.007,0.517,0.622,1.0,1.0,0.755,0.902,DPP-4 inhibitor,generic,-gliptin,saturated,False,,
abacagliptin,False,ngram_guided,3,59.97,59.53,moderate,-4.53,10.47,anacamptis,0.6881,5,INTRA_STEM_TOO_CLOSE|TRADEMARK_HIT,SIMILARITY_MODERATE,,abacagliptin,0.0,0.45,0.869,1.0,1.0,0.731,0.927,DPP-4 inhibitor,generic,-gliptin,saturated,False,,
filgliptin,False,ngram_guided,3,67.76,68.81,moderate,-13.81,1.19,filgrastim,0.7528,3,INTRA_STEM_TOO_CLOSE|TRADEMARK_HIT,SIMILARITY_MODERATE,,filgliptin,0.0,1.0,0.742,1.0,1.0,0.873,0.52,DPP-4 inhibitor,generic,-gliptin,saturated,False,,
dirlogliptin,False,ngram_guided,3,61.02,58.27,moderate,-3.27,11.73,ergocriptine,0.6983,4,INTRA_STEM_TOO_CLOSE|TRADEMARK_HIT,SIMILARITY_MODERATE,,dirlogliptin,0.0,0.45,0.83,1.0,1.0,0.862,0.969,DPP-4 inhibitor,generic,-gliptin,saturated,False,,
firgliptin,False,ngram_guided,3,68.77,62.07,moderate,-7.07,7.93,epicriptine,0.6682,3,INTRA_STEM_TOO_CLOSE|TRADEMARK_HIT,SIMILARITY_MODERATE,,firgliptin,0.0,1.0,0.742,1.0,1.0,0.873,0.663,DPP-4 inhibitor,generic,-gliptin,saturated,False,,
clevogliptin,False,ngram_guided,3,60.85,66.98,moderate,-11.98,3.02,clevidipine,0.7749,4,INTRA_STEM_TOO_CLOSE|TRADEMARK_HIT,SIMILARITY_MODERATE,,clevogliptin,0.0,0.68,0.709,1.0,1.0,0.862,0.529,DPP-4 inhibitor,generic,-gliptin,saturated,False,,
garthagliptin,False,ngram_guided,3,56.71,57.47,moderate,-2.47,12.53,naratriptan,0.7405,4,TRADEMARK_HIT,SIMILARITY_MODERATE,,garthagliptin,0.0,0.517,0.743,1.0,1.0,0.755,0.489,DPP-4 inhibitor,generic,-gliptin,saturated,False,,
lumagliptin,False,ngram_guided,3,64.35,66.67,moderate,-11.67,3.33,sumatriptan,0.7545,4,INTRA_STEM_TOO_CLOSE|TRADEMARK_HIT,SIMILARITY_MODERATE,,lumagliptin,0.0,0.6,0.854,1.0,1.0,0.952,0.839,DPP-4 inhibitor,generic,-gliptin,saturated,False,,
meflgliptin,False,ngram_guided,3,53.02,66.27,moderate,-11.27,3.73,metreleptin,0.5664,3,TRADEMARK_HIT,SIMILARITY_MODERATE,,meflgliptin,0.0,0.6,0.574,0.65,1.0,0.828,0.407,DPP-4 inhibitor,generic,-gliptin,saturated,False,,
doxogliptin,False,ngram_guided,3,65.39,63.6,moderate,-8.6,6.4,doxorubicin,0.7772,4,INTRA_STEM_TOO_CLOSE|TRADEMARK_HIT,SIMILARITY_MODERATE,,doxogliptin,0.0,0.6,0.854,1.0,1.0,0.952,0.987,DPP-4 inhibitor,generic,-gliptin,saturated,False,,
halgliptin,False,ngram_guided,3,64.72,58.17,moderate,-3.17,11.83,aloxiprin,0.7793,3,INTRA_STEM_TOO_CLOSE|TRADEMARK_HIT,SIMILARITY_MODERATE,,halgliptin,0.0,1.0,0.742,1.0,1.0,0.873,0.085,DPP-4 inhibitor,generic,-gliptin,saturated,False,,
azlogliptin,False,ngram_guided,3,60.19,64.58,moderate,-9.58,5.42,alogliptin,0.6763,4,INTRA_STEM_TOO_CLOSE|TRADEMARK_HIT,SIMILARITY_MODERATE,,azlogliptin,0.0,0.6,0.83,1.0,1.0,0.952,0.293,DPP-4 inhibitor,generic,-gliptin,saturated,False,,
gangliptin,False,ngram_guided,3,68.68,63.23,moderate,-8.23,6.77,angelicin,0.7105,3,INTRA_STEM_TOO_CLOSE|TRADEMARK_HIT,SIMILARITY_MODERATE,,gangliptin,0.0,1.0,0.742,1.0,1.0,0.873,0.65,DPP-4 inhibitor,generic,-gliptin,saturated,False,,
futigliptin,False,ngram_guided,3,58.66,62.46,moderate,-7.46,7.54,epicriptine,0.6908,4,INTRA_STEM_TOO_CLOSE|TRADEMARK_HIT,SIMILARITY_MODERATE,,futigliptin,0.0,0.6,0.854,1.0,1.0,0.952,0.026,DPP-4 inhibitor,generic,-gliptin,saturated,False,,
nuclebogliptin,True,ngram_guided,3,53.33,57.43,moderate,-2.43,12.57,clinolipid,0.6693,5,,SIMILARITY_MODERATE,,nuclebogliptin,0.0,0.564,0.739,1.0,1.0,0.527,0.204,DPP-4 inhibitor,generic,-gliptin,saturated,False,,
rhynchogliptin,True,ngram_guided,3,43.82,60.52,moderate,-5.52,9.48,rhynchophylline,0.6394,4,,SIMILARITY_MODERATE|ILLEGAL_ONSET_CLUSTER,,rhynchogliptin,0.0,0.15,0.583,1.0,1.0,0.659,0.154,DPP-4 inhibitor,generic,-gliptin,saturated,False,,
dmogliptin,False,ngram_guided+refined,3,62.21,64.37,moderate,-9.37,5.63,imeglimin,0.5452,3,INTRA_STEM_TOO_CLOSE|TRADEMARK_HIT,SIMILARITY_MODERATE|ILLEGAL_ONSET_CLUSTER,drogliptin,drogliptin -> dmogliptin,0.0,1.0,0.606,1.0,1.0,0.873,0.0,DPP-4 inhibitor,generic,-gliptin,saturated,False,,
dwogliptin,False,ngram_guided+refined,3,62.21,62.03,moderate,-7.03,7.97,colistin,0.5738,3,INTRA_STEM_TOO_CLOSE|TRADEMARK_HIT,SIMILARITY_MODERATE|ILLEGAL_ONSET_CLUSTER,drogliptin,drogliptin -> dmogliptin -> dwogliptin,0.0,1.0,0.606,1.0,1.0,0.873,0.0,DPP-4 inhibitor,generic,-gliptin,saturated,False,,
dcogliptin,False,ngram_guided+refined,3,62.21,70.82,high,-15.82,-0.82,colistin,0.5587,3,SIMILARITY_TOO_HIGH|INTRA_STEM_TOO_CLOSE|TRADEMARK_HIT,ILLEGAL_ONSET_CLUSTER,drogliptin,drogliptin -> dmogliptin -> dwogliptin -> dcogliptin,0.0,1.0,0.606,1.0,1.0,0.873,0.0,DPP-4 inhibitor,generic,-gliptin,saturated,False,,
acogliptin,False,ngram_guided+refined,3,67.02,72.37,high,-17.37,-2.37,colistin,0.7764,4,SIMILARITY_TOO_HIGH|INTRA_STEM_TOO_CLOSE|TRADEMARK_HIT,,acegliptin,acegliptin -> acogliptin,0.0,1.0,0.854,1.0,1.0,0.998,0.012,DPP-4 inhibitor,generic,-gliptin,saturated,False,,
adogliptin,False,ngram_guided+refined,3,66.95,64.4,moderate,-9.4,5.6,colistin,0.7743,4,INTRA_STEM_TOO_CLOSE|TRADEMARK_HIT,SIMILARITY_MODERATE,acegliptin,acegliptin -> acogliptin -> adogliptin,0.0,1.0,0.854,1.0,1.0,0.998,0.001,DPP-4 inhibitor,generic,-gliptin,saturated,False,,
apogliptin,False,ngram_guided+refined,3,66.96,65.22,moderate,-10.22,4.78,colistin,0.7363,4,INTRA_STEM_TOO_CLOSE|TRADEMARK_HIT,SIMILARITY_MODERATE,acegliptin,acegliptin -> acogliptin -> adogliptin -> apogliptin,0.0,1.0,0.854,1.0,1.0,0.998,0.003,DPP-4 inhibitor,generic,-gliptin,saturated,False,,
fergliptin,False,ngram_guided+refined,3,64.23,63.97,moderate,-8.97,6.03,ergocriptine,0.7267,3,INTRA_STEM_TOO_CLOSE|TRADEMARK_HIT,SIMILARITY_MODERATE,firgliptin,firgliptin -> fergliptin,0.0,1.0,0.742,1.0,1.0,0.873,0.015,DPP-4 inhibitor,generic,-gliptin,saturated,False,,
gungliptin,False,ngram_guided+refined,3,64.12,58.59,moderate,-3.59,11.41,ergocriptine,0.7114,3,TRADEMARK_HIT,SIMILARITY_MODERATE,gangliptin,gangliptin -> gungliptin,0.0,1.0,0.742,1.0,1.0,0.873,0.0,DPP-4 inhibitor,generic,-gliptin,saturated,False,,
gongliptin,False,ngram_guided+refined,3,64.13,63.77,moderate,-8.77,6.23,ergocriptine,0.6865,3,TRADEMARK_HIT,SIMILARITY_MODERATE,gangliptin,gangliptin -> gungliptin -> gongliptin,0.0,1.0,0.742,1.0,1.0,0.873,0.001,DPP-4 inhibitor,generic,-gliptin,saturated,False,,
etigliptin,False,grammar+refined,3,72.61,73.46,high,-18.46,-3.46,epicriptine,0.7785,4,SIMILARITY_TOO_HIGH|INTRA_STEM_TOO_CLOSE|TRADEMARK_HIT,,evigliptin,evigliptin -> etigliptin,0.0,1.0,0.854,1.0,1.0,0.998,0.811,DPP-4 inhibitor,generic,-gliptin,saturated,False,,
folgliptin,False,ngram_guided+refined,3,64.12,69.07,moderate,-14.07,0.93,follistim,0.7383,3,INTRA_STEM_TOO_CLOSE|TRADEMARK_HIT,SIMILARITY_MODERATE,filgliptin,filgliptin -> folgliptin,0.0,1.0,0.742,1.0,1.0,0.873,0.0,DPP-4 inhibitor,generic,-gliptin,saturated,False,,
felgliptin,False,ngram_guided+refined,3,67.16,66.8,moderate,-11.8,3.2,felodipine,0.6964,3,INTRA_STEM_TOO_CLOSE|TRADEMARK_HIT,SIMILARITY_MODERATE,filgliptin,filgliptin -> folgliptin -> felgliptin,0.0,1.0,0.742,1.0,1.0,0.873,0.434,DPP-4 inhibitor,generic,-gliptin,saturated,False,,
bedogliptin,False,grammar+refined,3,67.17,61.75,moderate,-6.75,8.25,ergocriptine,0.7036,4,INTRA_STEM_TOO_CLOSE|TRADEMARK_HIT,SIMILARITY_MODERATE,belogliptin,belogliptin -> bedogliptin,0.0,1.0,0.854,1.0,1.0,0.952,0.098,DPP-4 inhibitor,generic,-gliptin,saturated,False,,
begogliptin,False,grammar+refined,3,66.51,66.7,moderate,-11.7,3.3,ergocriptine,0.7118,4,INTRA_STEM_TOO_CLOSE|TRADEMARK_HIT,SIMILARITY_MODERATE,belogliptin,belogliptin -> bedogliptin -> begogliptin,0.0,1.0,0.854,1.0,1.0,0.952,0.003,DPP-4 inhibitor,generic,-gliptin,saturated,False,,
bigogliptin,False,grammar+refined,3,66.57,64.75,moderate,-9.75,5.25,ergocriptine,0.732,4,INTRA_STEM_TOO_CLOSE|TRADEMARK_HIT,SIMILARITY_MODERATE,belogliptin,belogliptin -> bedogliptin -> begogliptin -> bigogliptin,0.0,1.0,0.854,1.0,1.0,0.952,0.012,DPP-4 inhibitor,generic,-gliptin,saturated,False,,
alegliptin,False,grammar+refined,3,71.69,68.03,moderate,-13.03,1.97,alogliptin,0.7418,4,INTRA_STEM_TOO_CLOSE|TRADEMARK_HIT,SIMILARITY_MODERATE,afegliptin,afegliptin -> alegliptin,0.0,1.0,0.854,1.0,1.0,0.998,0.678,DPP-4 inhibitor,generic,-gliptin,saturated,False,,
ahegliptin,False,grammar+refined,3,66.94,62.61,moderate,-7.61,7.39,herceptin,0.605,4,INTRA_STEM_TOO_CLOSE|TRADEMARK_HIT,SIMILARITY_MODERATE,afegliptin,afegliptin -> alegliptin -> ahegliptin,0.0,1.0,0.854,1.0,1.0,0.998,0.0,DPP-4 inhibitor,generic,-gliptin,saturated,False,,
ajegliptin,False,grammar+refined,3,66.94,62.95,moderate,-7.95,7.05,imeglimin,0.6144,4,INTRA_STEM_TOO_CLOSE|TRADEMARK_HIT,SIMILARITY_MODERATE,afegliptin,afegliptin -> alegliptin -> ahegliptin -> ajegliptin,0.0,1.0,0.854,1.0,1.0,0.998,0.0,DPP-4 inhibitor,generic,-gliptin,saturated,False,,
simogliptin,False,grammar,4,59.21,66.84,moderate,-11.84,3.16,imeglimin,0.7311,4,INTRA_STEM_TOO_CLOSE|TRADEMARK_HIT,SIMILARITY_MODERATE,,simogliptin,0.0,0.6,0.854,1.0,1.0,0.952,0.104,DPP-4 inhibitor,generic,-gliptin,saturated,False,,
ixogliptin,False,grammar,4,66.94,63.94,moderate,-8.94,6.06,colistin,0.6741,4,INTRA_STEM_TOO_CLOSE|TRADEMARK_HIT,SIMILARITY_MODERATE,,ixogliptin,0.0,1.0,0.854,1.0,1.0,0.998,0.0,DPP-4 inhibitor,generic,-gliptin,saturated,False,,
estigliptin,False,grammar,4,56.45,67.55,moderate,-12.55,2.45,epicriptine,0.7845,4,INTRA_STEM_TOO_CLOSE|TRADEMARK_HIT,SIMILARITY_MODERATE,,estigliptin,0.0,0.6,0.709,1.0,1.0,0.952,0.001,DPP-4 inhibitor,generic,-gliptin,saturated,False,,
nenfevigliptin,False,grammar,4,57.53,55.44,moderate,-0.44,14.56,teneligliptin,0.6318,5,INTRA_STEM_TOO_CLOSE,SIMILARITY_MODERATE,,nenfevigliptin,0.0,0.771,0.845,1.0,1.0,0.527,0.001,DPP-4 inhibitor,generic,-gliptin,saturated,False,,
roogliptin,False,grammar,4,65.34,64.47,moderate,-9.47,5.53,colistin,0.6386,3,INTRA_STEM_TOO_CLOSE|TRADEMARK_HIT,SIMILARITY_MODERATE,,roogliptin,0.0,1.0,0.829,1.0,1.0,0.873,0.0,DPP-4 inhibitor,generic,-gliptin,saturated,False,,
clokugliptin,False,grammar,4,63.59,58.36,moderate,-3.36,11.64,colistin,0.6183,4,INTRA_STEM_TOO_CLOSE|TRADEMARK_HIT,SIMILARITY_MODERATE,,clokugliptin,0.0,1.0,0.709,1.0,1.0,0.862,0.007,DPP-4 inhibitor,generic,-gliptin,saturated,False,,
gesugliptin,False,grammar,4,66.48,60.36,moderate,-5.36,9.64,teduglutide,0.702,4,TRADEMARK_HIT,SIMILARITY_MODERATE,,gesugliptin,0.0,1.0,0.854,1.0,1.0,0.952,0.0,DPP-4 inhibitor,generic,-gliptin,saturated,False,,
tepudagliptin,False,grammar,4,58.09,56.6,moderate,-1.6,13.4,epicriptine,0.6175,5,TRADEMARK_HIT,SIMILARITY_MODERATE,,tepudagliptin,0.0,0.733,0.869,1.0,1.0,0.624,0.001,DPP-4 inhibitor,generic,-gliptin,saturated,False,,
poevigliptin,True,grammar,4,64.51,62.37,moderate,-7.37,7.63,epicriptine,0.6422,5,,SIMILARITY_MODERATE,,poevigliptin,0.0,1.0,0.869,1.0,1.0,0.731,0.004,DPP-4 inhibitor,generic,-gliptin,saturated,True,,
udoclugliptin,True,grammar,4,62.85,53.68,low,1.32,16.32,ergocriptine,0.6052,5,,,,udoclugliptin,0.053,1.0,0.739,1.0,1.0,0.624,0.0,DPP-4 inhibitor,generic,-gliptin,saturated,True,,
badjiigliptin,True,grammar,4,63.61,54.43,low,0.57,15.57,epicriptine,0.6178,5,,,,badjiigliptin,0.023,1.0,0.845,1.0,1.0,0.624,0.0,DPP-4 inhibitor,generic,-gliptin,saturated,True,,
dodulagliptin,True,grammar,4,58.33,65.01,moderate,-10.01,4.99,dulaglutide,0.7364,5,,SIMILARITY_MODERATE,,dodulagliptin,0.0,0.733,0.869,1.0,1.0,0.624,0.036,DPP-4 inhibitor,generic,-gliptin,saturated,True,,
paligliptin,False,grammar,4,60.43,63.41,moderate,-8.41,6.59,oxaliplatin,0.8048,4,INTRA_STEM_TOO_CLOSE|TRADEMARK_HIT,SIMILARITY_MODERATE,,paligliptin,0.0,0.6,0.854,1.0,1.0,0.952,0.278,DPP-4 inhibitor,generic,-gliptin,saturated,False,,
ampegliptin,False,grammar,4,58.39,64.24,moderate,-9.24,5.76,imeglimin,0.7857,4,TRADEMARK_HIT,SIMILARITY_MODERATE,,ampegliptin,0.0,0.6,0.83,1.0,1.0,0.952,0.036,DPP-4 inhibitor,generic,-gliptin,saturated,False,,
talbixagliptin,False,grammar,4,53.48,58.13,moderate,-3.13,11.87,bexagliflozin,0.674,5,TRADEMARK_HIT,SIMILARITY_MODERATE,,talbixagliptin,0.0,0.564,0.845,1.0,1.0,0.527,0.014,DPP-4 inhibitor,generic,-gliptin,saturated,False,,
eerigliptin,False,grammar,4,66.48,63.03,moderate,-8.03,6.97,epicriptine,0.6368,4,TRADEMARK_HIT,SIMILARITY_MODERATE,,eerigliptin,0.0,1.0,0.854,1.0,1.0,0.952,0.0,DPP-4 inhibitor,generic,-gliptin,saturated,False,,
cotagliptin,False,grammar,4,66.48,66.31,moderate,-11.31,3.69,sotagliflozin,0.7466,4,INTRA_STEM_TOO_CLOSE|TRADEMARK_HIT,SIMILARITY_MODERATE,,cotagliptin,0.0,1.0,0.854,1.0,1.0,0.952,0.0,DPP-4 inhibitor,generic,-gliptin,saturated,False,,
ceszizogliptin,True,grammar,4,62.38,54.71,low,0.29,15.29,cefoxitin,0.626,5,,,,ceszizogliptin,0.012,1.0,0.845,1.0,1.0,0.527,0.0,DPP-4 inhibitor,generic,-gliptin,saturated,True,,
toxigliptin,False,grammar,4,59.35,63.32,moderate,-8.32,6.68,moxidectin,0.7347,4,INTRA_STEM_TOO_CLOSE|TRADEMARK_HIT,SIMILARITY_MODERATE,,toxigliptin,0.0,0.6,0.854,1.0,1.0,0.952,0.124,DPP-4 inhibitor,generic,-gliptin,saturated,False,,
setligliptin,False,grammar,4,58.9,62.77,moderate,-7.77,7.23,metreleptin,0.6653,4,INTRA_STEM_TOO_CLOSE|TRADEMARK_HIT,SIMILARITY_MODERATE,,setligliptin,0.0,0.68,0.83,1.0,1.0,0.862,0.01,DPP-4 inhibitor,generic,-gliptin,saturated,False,,
apegliptin,False,grammar,4,66.96,66.88,moderate,-11.88,3.12,epicriptine,0.743,4,INTRA_STEM_TOO_CLOSE|TRADEMARK_HIT,SIMILARITY_MODERATE,,apegliptin,0.0,1.0,0.854,1.0,1.0,0.998,0.003,DPP-4 inhibitor,generic,-gliptin,saturated,False,,
elugliptin,False,grammar,4,66.96,62.59,moderate,-7.59,7.41,eletriptan,0.6386,4,INTRA_STEM_TOO_CLOSE|TRADEMARK_HIT,SIMILARITY_MODERATE,,elugliptin,0.0,1.0,0.854,1.0,1.0,0.998,0.003,DPP-4 inhibitor,generic,-gliptin,saturated,False,,
pacigliptin,False,grammar,4,61.32,62.62,moderate,-7.62,7.38,epicriptine,0.7027,4,INTRA_STEM_TOO_CLOSE|TRADEMARK_HIT,SIMILARITY_MODERATE,,pacigliptin,0.0,0.6,0.854,1.0,1.0,0.952,0.405,DPP-4 inhibitor,generic,-gliptin,saturated,False,,
poccigliptin,True,grammar,4,58.84,59.66,moderate,-4.66,10.34,epicriptine,0.7239,4,,SIMILARITY_MODERATE,,poccigliptin,0.0,0.68,0.83,1.0,1.0,0.862,0.001,DPP-4 inhibitor,generic,-gliptin,saturated,True,,
abegliptin,False,ngram_guided,4,68.48,65.92,moderate,-10.92,4.08,imeglimin,0.6902,4,INTRA_STEM_TOO_CLOSE|TRADEMARK_HIT,SIMILARITY_MODERATE,,abegliptin,0.0,1.0,0.854,1.0,1.0,0.998,0.22,DPP-4 inhibitor,generic,-gliptin,saturated,False,,
pongliptin,False,ngram_guided,4,69.9,62.03,moderate,-7.03,7.97,colistin,0.722,3,TRADEMARK_HIT,SIMILARITY_MODERATE,,pongliptin,0.0,1.0,0.742,1.0,1.0,0.873,0.826,DPP-4 inhibitor,generic,-gliptin,saturated,False,,
pyrrgliptin,True,ngram_guided,4,52.87,68.03,moderate,-13.03,1.97,pyrrolidine,0.6523,3,,SIMILARITY_MODERATE,,pyrrgliptin,0.0,0.6,0.742,0.65,1.0,0.828,0.05,DPP-4 inhibitor,generic,-gliptin,saturated,False,,
pumpgliptin,True,ngram_guided,4,50.25,57.2,moderate,-2.2,12.8,empagliflozin,0.516,3,,SIMILARITY_MODERATE,,pumpgliptin,0.0,0.6,0.574,0.65,1.0,0.828,0.013,DPP-4 inhibitor,generic,-gliptin,saturated,False,,
rhugliptin,False,ngram_guided,4,62.27,58.52,moderate,-3.52,11.48,reclipsen,0.6056,3,TRADEMARK_HIT,SIMILARITY_MODERATE|ILLEGAL_ONSET_CLUSTER,,rhugliptin,0.0,1.0,0.606,1.0,1.0,0.873,0.009,DPP-4 inhibitor,generic,-gliptin,saturated,False,,
mupivagliptin,False,ngram_guided,4,60.74,57.2,moderate,-2.2,12.8,epicriptine,0.6775,5,INTRA_STEM_TOO_CLOSE|TRADEMARK_HIT,SIMILARITY_MODERATE,,mupivagliptin,0.0,0.517,0.869,1.0,1.0,0.624,0.999,DPP-4 inhibitor,generic,-gliptin,saturated,False,,
eszopapogliptin,True,ngram_guided,4,51.97,53.19,low,1.81,16.81,zopapogene,0.6582,6,,,,eszopapogliptin,0.072,0.4,0.855,1.0,1.0,0.237,0.413,DPP-4 inhibitor,generic,-gliptin,saturated,False,,
pembgliptin,True,ngram_guided,4,55.73,63.5,moderate,-8.5,6.5,pombiliti,0.5319,3,,SIMILARITY_MODERATE,,pembgliptin,0.0,0.6,0.574,0.65,1.0,0.828,0.796,DPP-4 inhibitor,generic,-gliptin,saturated,False,,
orlagliptin,False,ngram_guided,4,58.56,59.41,moderate,-4.41,10.59,trelagliptin,0.6503,4,INTRA_STEM_TOO_CLOSE|TRADEMARK_HIT,SIMILARITY_MODERATE,,orlagliptin,0.0,0.6,0.83,1.0,1.0,0.952,0.061,DPP-4 inhibitor,generic,-gliptin,saturated,False,,
trogliptin,False,ngram_guided,4,66.18,68.31,moderate,-13.31,1.69,troglitazone,0.8675,3,INTRA_STEM_TOO_CLOSE|TRADEMARK_HIT,SIMILARITY_MODERATE,,trogliptin,0.0,1.0,0.658,1.0,1.0,0.873,0.462,DPP-4 inhibitor,generic,-gliptin,saturated,False,,
fruquizagliptin,True,ngram_guided,4,50.76,58.82,moderate,-3.82,11.18,fruquintinb,0.7109,5,,SIMILARITY_MODERATE,,fruquizagliptin,0.0,0.4,0.648,1.0,1.0,0.456,0.59,DPP-4 inhibitor,generic,-gliptin,saturated,False,,
bacagliptin,False,ngram_guided,4,63.23,62.0,moderate,-7.0,8.0,dapagliflozin,0.7125,4,INTRA_STEM_TOO_CLOSE|TRADEMARK_HIT,SIMILARITY_MODERATE,,bacagliptin,0.0,0.6,0.854,1.0,1.0,0.952,0.678,DPP-4 inhibitor,generic,-gliptin,saturated,False,,
novogliptin,False,ngram_guided,4,59.39,63.88,moderate,-8.88,6.12,novobiocin,0.6668,4,INTRA_STEM_TOO_CLOSE|TRADEMARK_HIT,SIMILARITY_MODERATE,,novogliptin,0.0,0.6,0.854,1.0,1.0,0.952,0.129,DPP-4 inhibitor,generic,-gliptin,saturated,False,,
sparvogliptin,True,ngram_guided,4,54.87,61.19,moderate,-6.19,8.81,carboplatin,0.7535,4,,SIMILARITY_MODERATE,,sparvogliptin,0.0,0.517,0.684,1.0,1.0,0.755,0.344,DPP-4 inhibitor,generic,-gliptin,saturated,False,,
bexgliptin,False,ngram_guided,4,64.52,65.71,moderate,-10.71,4.29,bexagliflozin,0.5239,3,INTRA_STEM_TOO_CLOSE|TRADEMARK_HIT,SIMILARITY_MODERATE,,bexgliptin,0.0,1.0,0.574,1.0,1.0,0.873,0.394,DPP-4 inhibitor,generic,-gliptin,saturated,False,,
zafirgliptin,False,ngram_guided,4,54.94,57.31,moderate,-2.31,12.69,epicriptine,0.6434,4,TRADEMARK_HIT,SIMILARITY_MODERATE,,zafirgliptin,0.0,0.45,0.768,1.0,1.0,0.862,0.225,DPP-4 inhibitor,generic,-gliptin,saturated,False,,
levamphogliptin,True,ngram_guided,4,59.02,67.89,moderate,-12.89,2.11,levamlodipine,0.7466,5,,SIMILARITY_MODERATE,,levamphogliptin,0.0,0.6,0.758,1.0,1.0,0.456,0.98,DPP-4 inhibitor,generic,-gliptin,saturated,True,,
dofosragliptin,True,ngram_guided,4,54.9,55.72,moderate,-0.72,14.28,satraplatin,0.6564,5,,SIMILARITY_MODERATE,,dofosragliptin,0.0,0.564,0.845,1.0,1.0,0.527,0.217,DPP-4 inhibitor,generic,-gliptin,saturated,False,,
muragliptin,False,ngram_guided,4,58.95,62.08,moderate,-7.08,7.92,metreleptin,0.7606,4,TRADEMARK_HIT,SIMILARITY_MODERATE,,muragliptin,0.0,0.6,0.854,1.0,1.0,0.952,0.066,DPP-4 inhibitor,generic,-gliptin,saturated,False,,
pelgliptin,False,ngram_guided,4,65.32,60.63,moderate,-5.63,9.37,felodipine,0.7274,3,INTRA_STEM_TOO_CLOSE|TRADEMARK_HIT,SIMILARITY_MODERATE,,pelgliptin,0.0,1.0,0.742,1.0,1.0,0.873,0.17,DPP-4 inhibitor,generic,-gliptin,saturated,False,,
dursulfgliptin,True,ngram_guided,4,46.53,54.77,low,0.23,15.23,fursultiamin,0.5535,4,,,,dursulfgliptin,0.009,0.15,0.6,0.65,1.0,0.659,0.925,DPP-4 inhibitor,generic,-gliptin,saturated,False,,
empagliptin,False,ngram_guided,4,58.85,72.31,high,-17.31,-2.31,empagliflozin,0.6871,4,SIMILARITY_TOO_HIGH|INTRA_STEM_TOO_CLOSE|TRADEMARK_HIT,,,empagliptin,0.0,0.6,0.83,1.0,1.0,0.952,0.102,DPP-4 inhibitor,generic,-gliptin,saturated,False,,
dabgliptin,False,ngram_guided,4,66.95,59.76,moderate,-4.76,10.24,dapagliflozin,0.6061,3,TRADEMARK_HIT,SIMILARITY_MODERATE,,dabgliptin,0.0,1.0,0.742,1.0,1.0,0.873,0.403,DPP-4 inhibitor,generic,-gliptin,saturated,False,,
paclgliptin,False,ngram_guided,4,52.49,58.0,moderate,-3.0,12.0,epicriptine,0.5473,3,INTRA_STEM_TOO_CLOSE|TRADEMARK_HIT,SIMILARITY_MODERATE,,paclgliptin,0.0,0.6,0.574,0.65,1.0,0.828,0.332,DPP-4 inhibitor,generic,-gliptin,saturated,False,,
pungliptin,False,ngram_guided+refined,4,64.12,59.04,moderate,-4.04,10.96,epicriptine,0.7114,3,TRADEMARK_HIT,SIMILARITY_MODERATE,pongliptin,pongliptin -> pungliptin,0.0,1.0,0.742,1.0,1.0,0.873,0.0,DPP-4 inhibitor,generic,-gliptin,saturated,False,,
pingliptin,False,ngram_guided+refined,4,64.78,66.27,moderate,-11.27,3.73,epicriptine,0.7512,3,INTRA_STEM_TOO_CLOSE|TRADEMARK_HIT,SIMILARITY_MODERATE,pongliptin,pongliptin -> pungliptin -> pingliptin,0.0,1.0,0.742,1.0,1.0,0.873,0.094,DPP-4 inhibitor,generic,-gliptin,saturated,False,,
pangliptin,False,ngram_guided+refined,4,69.2,68.29,moderate,-13.29,1.71,pancreatin,0.7601,3,INTRA_STEM_TOO_CLOSE|TRADEMARK_HIT,SIMILARITY_MODERATE,pongliptin,pongliptin -> pungliptin -> pingliptin -> pangliptin,0.0,1.0,0.742,1.0,1.0,0.873,0.725,DPP-4 inhibitor,generic,-gliptin,saturated,False,,
awegliptin,False,ngram_guided+refined,4,66.94,63.52,moderate,-8.52,6.48,reclipsen,0.6052,4,INTRA_STEM_TOO_CLOSE|TRADEMARK_HIT,SIMILARITY_MODERATE,abegliptin,abegliptin -> awegliptin,0.0,1.0,0.854,1.0,1.0,0.998,0.0,DPP-4 inhibitor,generic,-gliptin,saturated,False,,
amegliptin,False,ngram_guided+refined,4,66.96,73.18,high,-18.18,-3.18,imeglimin,0.7356,4,SIMILARITY_TOO_HIGH|INTRA_STEM_TOO_CLOSE|TRADEMARK_HIT,,abegliptin,abegliptin -> awegliptin -> amegliptin,0.0,1.0,0.854,1.0,1.0,0.998,0.003,DPP-4 inhibitor,generic,-gliptin,saturated,False,,
asegliptin,False,grammar+refined,4,66.95,64.13,moderate,-9.13,5.87,seglentis,0.7204,4,INTRA_STEM_TOO_CLOSE|TRADEMARK_HIT,SIMILARITY_MODERATE,apegliptin,apegliptin -> asegliptin,0.0,1.0,0.854,1.0,1.0,0.998,0.001,DPP-4 inhibitor,generic,-gliptin,saturated,False,,
azegliptin,False,grammar+refined,4,67.19,66.76,moderate,-11.76,3.24,azelastine,0.6386,4,INTRA_STEM_TOO_CLOSE|TRADEMARK_HIT,SIMILARITY_MODERATE,apegliptin,apegliptin -> asegliptin -> azegliptin,0.0,1.0,0.854,1.0,1.0,0.998,0.036,DPP-4 inhibitor,generic,-gliptin,saturated,False,,
axegliptin,False,grammar+refined,4,66.94,62.84,moderate,-7.84,7.16,oxaliplatin,0.6515,4,INTRA_STEM_TOO_CLOSE|TRADEMARK_HIT,SIMILARITY_MODERATE,apegliptin,apegliptin -> asegliptin -> azegliptin -> axegliptin,0.0,1.0,0.854,1.0,1.0,0.998,0.0,DPP-4 inhibitor,generic,-gliptin,saturated,False,,
enugliptin,False,grammar+refined,4,66.94,62.71,moderate,-7.71,7.29,epicriptine,0.6494,4,INTRA_STEM_TOO_CLOSE|TRADEMARK_HIT,SIMILARITY_MODERATE,elugliptin,elugliptin -> enugliptin,0.0,1.0,0.854,1.0,1.0,0.998,0.0,DPP-4 inhibitor,generic,-gliptin,saturated,False,,
equgliptin,False,grammar+refined,4,62.98,69.26,moderate,-14.26,0.74,equalactin,0.5552,3,TRADEMARK_HIT,SIMILARITY_MODERATE,elugliptin,elugliptin -> enugliptin -> equgliptin,0.0,1.0,0.661,1.0,1.0,0.873,0.0,DPP-4 inhibitor,generic,-gliptin,saturated,False,,
exugliptin,False,grammar+refined,4,67.03,65.23,moderate,-10.23,4.77,exfoliating,0.6463,4,INTRA_STEM_TOO_CLOSE|TRADEMARK_HIT,SIMILARITY_MODERATE,elugliptin,elugliptin -> enugliptin -> equgliptin -> exugliptin,0.0,1.0,0.854,1.0,1.0,0.998,0.013,DPP-4 inhibitor,generic,-gliptin,saturated,False,,
debgliptin,False,ngram_guided+refined,4,64.12,60.79,moderate,-5.79,9.21,metreleptin,0.6311,3,TRADEMARK_HIT,SIMILARITY_MODERATE,dabgliptin,dabgliptin -> debgliptin,0.0,1.0,0.742,1.0,1.0,0.873,0.0,DPP-4 inhibitor,generic,-gliptin,saturated,False,,
dibgliptin,False,ngram_guided+refined,4,64.26,64.92,moderate,-9.92,5.08,dibutyltin,0.6245,3,INTRA_STEM_TOO_CLOSE|TRADEMARK_HIT,SIMILARITY_MODERATE,dabgliptin,dabgliptin -> debgliptin -> dibgliptin,0.0,1.0,0.742,1.0,1.0,0.873,0.019,DPP-4 inhibitor,generic,-gliptin,saturated,False,,
iwogliptin,False,grammar+refined,4,66.94,63.38,moderate,-8.38,6.62,colistin,0.6157,4,INTRA_STEM_TOO_CLOSE|TRADEMARK_HIT,SIMILARITY_MODERATE,ixogliptin,ixogliptin -> iwogliptin,0.0,1.0,0.854,1.0,1.0,0.998,0.0,DPP-4 inhibitor,generic,-gliptin,saturated,False,,
ifogliptin,False,grammar+refined,4,66.94,65.07,moderate,-10.07,4.93,follistim,0.6231,4,INTRA_STEM_TOO_CLOSE|TRADEMARK_HIT,SIMILARITY_MODERATE,ixogliptin,ixogliptin -> iwogliptin -> ifogliptin,0.0,1.0,0.854,1.0,1.0,0.998,0.0,DPP-4 inhibitor,generic,-gliptin,saturated,False,,
idogliptin,False,grammar+refined,4,67.07,64.4,moderate,-9.4,5.6,colistin,0.7105,4,INTRA_STEM_TOO_CLOSE|TRADEMARK_HIT,SIMILARITY_MODERATE,ixogliptin,ixogliptin -> iwogliptin -> ifogliptin -> idogliptin,0.0,1.0,0.854,1.0,1.0,0.998,0.018,DPP-4 inhibitor,generic,-gliptin,saturated,False,,
gasugliptin,False,grammar+refined,4,58.48,56.84,moderate,-1.84,13.16,galectin,0.6771,4,INTRA_STEM_TOO_CLOSE|TRADEMARK_HIT,SIMILARITY_MODERATE,gesugliptin,gesugliptin -> gasugliptin,0.0,0.6,0.854,1.0,1.0,0.952,0.0,DPP-4 inhibitor,generic,-gliptin,saturated,False,,
eevigliptin,False,grammar+refined,4,66.48,65.72,moderate,-10.72,4.28,epicriptine,0.6144,4,TRADEMARK_HIT,SIMILARITY_MODERATE,eerigliptin,eerigliptin -> eevigliptin,0.0,1.0,0.854,1.0,1.0,0.952,0.0,DPP-4 inhibitor,generic,-gliptin,saturated,False,,
eefigliptin,False,grammar+refined,4,66.48,67.57,moderate,-12.57,2.43,epicriptine,0.6211,4,TRADEMARK_HIT,SIMILARITY_MODERATE,eerigliptin,eerigliptin -> eevigliptin -> eefigliptin,0.0,1.0,0.854,1.0,1.0,0.952,0.0,DPP-4 inhibitor,generic,-gliptin,saturated,False,,
eepigliptin,False,grammar+refined,4,58.48,74.57,high,-19.57,-4.57,epicriptine,0.6454,4,SIMILARITY_TOO_HIGH|INTRA_STEM_TOO_CLOSE|TRADEMARK_HIT,,eerigliptin,eerigliptin -> eevigliptin -> eefigliptin -> eepigliptin,0.0,0.6,0.854,1.0,1.0,0.952,0.0,DPP-4 inhibitor,generic,-gliptin,saturated,False,,
epegliflozin,False,grammar,1,63.01,68.44,moderate,-13.44,1.56,peoniflorin,0.7484,5,INTRA_STEM_TOO_CLOSE|TRADEMARK_HIT,SIMILARITY_MODERATE,,epegliflozin,0.0,1.0,0.763,1.0,1.0,0.731,0.001,SGLT2 inhibitor,generic,-gliflozin,saturated,False,,
ziviegliflozin,False,grammar,1,55.22,54.32,low,0.68,15.68,zoliflodacin,0.6141,5,TRADEMARK_HIT,,,ziviegliflozin,0.027,0.68,0.763,1.0,1.0,0.527,0.0,SGLT2 inhibitor,generic,-gliflozin,saturated,False,,
gasaldugliflozin,False,grammar,1,53.23,54.74,low,0.26,15.26,lavandulifolia,0.6697,6,TRADEMARK_HIT,,,gasaldugliflozin,0.01,0.771,0.759,1.0,1.0,0.192,0.0,SGLT2 inhibitor,generic,-gliflozin,saturated,False,,
itegliflozin,False,grammar,1,63.0,64.23,moderate,-9.23,5.77,peoniflorin,0.6746,5,INTRA_STEM_TOO_CLOSE|TRADEMARK_HIT,SIMILARITY_MODERATE,,itegliflozin,0.0,1.0,0.763,1.0,1.0,0.731,0.0,SGLT2 inhibitor,generic,-gliflozin,saturated,False,,
udagliflozin,False,grammar,1,63.0,57.29,moderate,-2.29,12.71,acriflavine,0.6307,5,INTRA_STEM_TOO_CLOSE|TRADEMARK_HIT,SIMILARITY_MODERATE,,udagliflozin,0.0,1.0,0.763,1.0,1.0,0.731,0.0,SGLT2 inhibitor,generic,-gliflozin,saturated,False,,
udigliflozin,False,grammar,1,63.0,61.66,moderate,-6.66,8.34,diglycerin,0.6458,5,INTRA_STEM_TOO_CLOSE|TRADEMARK_HIT,SIMILARITY_MODERATE,,udigliflozin,0.0,1.0,0.763,1.0,1.0,0.731,0.0,SGLT2 inhibitor,generic,-gliflozin,saturated,False,,
griozlagliflozin,False,grammar,1,55.86,55.54,moderate,-0.54,14.46,trelagliptin,0.6088,6,INTRA_STEM_TOO_CLOSE,SIMILARITY_MODERATE,,griozlagliflozin,0.0,1.0,0.638,1.0,1.0,0.192,0.0,SGLT2 inhibitor,generic,-gliflozin,saturated,False,,
elagliflozin,False,grammar,1,69.31,74.81,high,-19.81,-4.81,velagliflozin,0.7507,5,SIMILARITY_TOO_HIGH|INTRA_STEM_TOO_CLOSE|TRADEMARK_HIT,,,elagliflozin,0.0,1.0,0.763,1.0,1.0,0.731,0.902,SGLT2 inhibitor,generic,-gliflozin,saturated,False,,
maclagliflozin,False,grammar,1,54.23,55.55,moderate,-0.55,14.45,saxagliptin,0.7292,5,INTRA_STEM_TOO_CLOSE|TRADEMARK_HIT,SIMILARITY_MODERATE,,maclagliflozin,0.0,0.68,0.648,1.0,1.0,0.527,0.183,SGLT2 inhibitor,generic,-gliflozin,saturated,False,,
adagliflozin,False,grammar,1,63.21,57.29,moderate,-2.29,12.71,acriflavine,0.7442,5,INTRA_STEM_TOO_CLOSE|TRADEMARK_HIT,SIMILARITY_MODERATE,,adagliflozin,0.0,1.0,0.763,1.0,1.0,0.731,0.03,SGLT2 inhibitor,generic,-gliflozin,saturated,False,,
metagliflozin,False,grammar,1,60.02,60.16,moderate,-5.16,9.84,methdilazine,0.8542,5,INTRA_STEM_TOO_CLOSE|TRADEMARK_HIT,SIMILARITY_MODERATE,,metagliflozin,0.0,0.6,0.763,1.0,1.0,0.624,0.87,SGLT2 inhibitor,generic,-gliflozin,saturated,False,,
fiturogliflozin,False,grammar,1,53.07,60.57,moderate,-5.57,9.43,nitroglycerin,0.748,6,INTRA_STEM_TOO_CLOSE,SIMILARITY_MODERATE,,fiturogliflozin,0.0,0.733,0.784,1.0,1.0,0.237,0.009,SGLT2 inhibitor,generic,-gliflozin,saturated,False,,
pefmidegliflozin,True,grammar,1,56.16,51.89,low,3.11,18.11,peoniflorin,0.6849,6,,,,pefmidegliflozin,0.124,0.771,0.759,1.0,1.0,0.192,0.028,SGLT2 inhibitor,generic,-gliflozin,saturated,False,,
cixagliflozin,False,grammar,1,61.94,63.37,moderate,-8.37,6.63,saxagliptin,0.6752,5,INTRA_STEM_TOO_CLOSE|TRADEMARK_HIT,SIMILARITY_MODERATE,,cixagliflozin,0.0,1.0,0.763,1.0,1.0,0.624,0.001,SGLT2 inhibitor,generic,-gliflozin,saturated,False,,
dintugliflozin,False,grammar,1,57.34,51.79,low,3.21,18.21,densiflorum,0.7079,5,INTRA_STEM_TOO_CLOSE|TRADEMARK_HIT,,,dintugliflozin,0.128,0.68,0.739,1.0,1.0,0.527,0.006,SGLT2 inhibitor,generic,-gliflozin,saturated,False,,
gixegliflozin,False,grammar,1,61.93,56.78,moderate,-1.78,13.22,peoniflorin,0.6363,5,INTRA_STEM_TOO_CLOSE|TRADEMARK_HIT,SIMILARITY_MODERATE,,gixegliflozin,0.0,1.0,0.763,1.0,1.0,0.624,0.0,SGLT2 inhibitor,generic,-gliflozin,saturated,False,,
ritigliflozin,False,grammar,1,54.41,57.08,moderate,-2.08,12.92,sitagliptin,0.7602,5,INTRA_STEM_TOO_CLOSE|TRADEMARK_HIT,SIMILARITY_MODERATE,,ritigliflozin,0.0,0.6,0.763,1.0,1.0,0.624,0.068,SGLT2 inhibitor,generic,-gliflozin,saturated,False,,
efelagliflozin,False,grammar,1,52.66,72.49,high,-17.49,-2.49,velagliflozin,0.6983,6,SIMILARITY_TOO_HIGH|INTRA_STEM_TOO_CLOSE|TRADEMARK_HIT,,,efelagliflozin,0.0,0.68,0.784,1.0,1.0,0.309,0.0,SGLT2 inhibitor,generic,-gliflozin,saturated,False,,
cevodrigliflozin,True,grammar,1,56.24,50.2,low,4.8,19.8,teneligliptin,0.6706,6,,,,cevodrigliflozin,0.192,0.771,0.663,1.0,1.0,0.192,0.0,SGLT2 inhibitor,generic,-gliflozin,saturated,True,,
pactogliflozin,False,grammar,1,54.61,61.94,moderate,-6.94,8.06,lactoglobulin,0.8064,5,INTRA_STEM_TOO_CLOSE|TRADEMARK_HIT,SIMILARITY_MODERATE,,pactogliflozin,0.0,0.68,0.739,1.0,1.0,0.527,0.056,SGLT2 inhibitor,generic,-gliflozin,saturated,False,,
amigliflozin,False,grammar,1,65.44,58.52,moderate,-3.52,11.48,miglitol,0.8109,5,INTRA_STEM_TOO_CLOSE|TRADEMARK_HIT,SIMILARITY_MODERATE,,amigliflozin,0.0,1.0,0.763,1.0,1.0,0.731,0.349,SGLT2 inhibitor,generic,-gliflozin,saturated,False,,
utigliflozin,False,grammar,1,63.0,56.75,moderate,-1.75,13.25,diglycerin,0.7125,5,INTRA_STEM_TOO_CLOSE|TRADEMARK_HIT,SIMILARITY_MODERATE,,utigliflozin,0.0,1.0,0.763,1.0,1.0,0.731,0.0,SGLT2 inhibitor,generic,-gliflozin,saturated,False,,
eragliflozin,False,grammar,1,65.57,58.45,moderate,-3.45,11.55,grandiflorum,0.7655,5,INTRA_STEM_TOO_CLOSE|TRADEMARK_HIT,SIMILARITY_MODERATE,,eragliflozin,0.0,1.0,0.763,1.0,1.0,0.731,0.367,SGLT2 inhibitor,generic,-gliflozin,saturated,False,,
abagliflozin,False,grammar,1,66.06,57.29,moderate,-2.29,12.71,acriflavine,0.6852,5,INTRA_STEM_TOO_CLOSE|TRADEMARK_HIT,SIMILARITY_MODERATE,,abagliflozin,0.0,1.0,0.763,1.0,1.0,0.731,0.437,SGLT2 inhibitor,generic,-gliflozin,saturated,False,,
bicgliflozin,False,ngram_guided,1,63.92,56.44,moderate,-1.44,13.56,acriflavine,0.6249,4,INTRA_STEM_TOO_CLOSE|TRADEMARK_HIT,SIMILARITY_MODERATE,,bicgliflozin,0.0,1.0,0.647,1.0,1.0,0.862,0.177,SGLT2 inhibitor,generic,-gliflozin,saturated,False,,
carbigliflozin,False,ngram_guided,1,44.49,58.32,moderate,-3.32,11.68,carbenicillin,0.8775,5,INTRA_STEM_TOO_CLOSE|TRADEMARK_HIT,SIMILARITY_MODERATE,,carbigliflozin,0.0,0.45,0.739,1.0,0.53,0.527,0.342,SGLT2 inhibitor,generic,-gliflozin,saturated,False,,
pirlogliflozin,False,ngram_guided,1,59.91,62.04,moderate,-7.04,7.96,peoniflorin,0.7626,5,INTRA_STEM_TOO_CLOSE|TRADEMARK_HIT,SIMILARITY_MODERATE,,pirlogliflozin,0.0,0.68,0.739,1.0,1.0,0.527,0.814,SGLT2 inhibitor,generic,-gliflozin,saturated,False,,
trandogliflozin,False,ngram_guided,1,46.56,59.18,moderate,-4.18,10.82,grandiflorum,0.8548,5,INTRA_STEM_TOO_CLOSE|TRADEMARK_HIT,SIMILARITY_MODERATE,,trandogliflozin,0.0,0.3,0.623,1.0,1.0,0.456,0.325,SGLT2 inhibitor,generic,-gliflozin,saturated,False,,
spesogliflozin,False,ngram_guided,1,51.71,63.53,moderate,-8.53,6.47,peoniflorin,0.726,5,INTRA_STEM_TOO_CLOSE|TRADEMARK_HIT,SIMILARITY_MODERATE,,spesogliflozin,0.0,0.45,0.648,1.0,1.0,0.527,0.48,SGLT2 inhibitor,generic,-gliflozin,saturated,False,,
obelidrgliflozin,True,ngram_guided,1,46.86,51.76,low,3.24,18.24,lidoflazine,0.534,6,,,,obelidrgliflozin,0.13,0.564,0.579,0.65,1.0,0.192,0.083,SGLT2 inhibitor,generic,-gliflozin,saturated,False,,
eplicgliflozin,False,ngram_guided,1,50.13,53.62,low,1.38,16.38,lidoflazine,0.6197,5,INTRA_STEM_TOO_CLOSE|TRADEMARK_HIT,,,eplicgliflozin,0.055,0.45,0.561,1.0,1.0,0.527,0.238,SGLT2 inhibitor,generic,-gliflozin,saturated,False,,
bevabegliflozin,False,ngram_guided,1,49.89,56.2,moderate,-1.2,13.8,betibeglogene,0.6695,6,INTRA_STEM_TOO_CLOSE|TRADEMARK_HIT,SIMILARITY_MODERATE,,bevabegliflozin,0.0,0.517,0.784,1.0,1.0,0.237,0.173,SGLT2 inhibitor,generic,-gliflozin,saturated,False,,
chlorgliflozin,False,ngram_guided,1,41.02,65.81,moderate,-10.81,4.19,chlorcyclizine,0.8429,4,INTRA_STEM_TOO_CLOSE,SIMILARITY_MODERATE,,chlorgliflozin,0.0,0.45,0.475,1.0,0.53,0.659,0.187,SGLT2 inhibitor,generic,-gliflozin,saturated,False,,
moexidgliflozin,False,ngram_guided,1,55.31,52.4,low,2.6,17.6,bexagliflozin,0.6376,6,INTRA_STEM_TOO_CLOSE,,,moexidgliflozin,0.104,0.517,0.697,1.0,1.0,0.237,0.764,SGLT2 inhibitor,generic,-gliflozin,saturated,False,,
difetgliflozin,False,ngram_guided,1,56.28,53.89,low,1.11,16.11,peoniflorin,0.6526,5,INTRA_STEM_TOO_CLOSE|TRADEMARK_HIT,,,difetgliflozin,0.044,0.45,0.677,1.0,1.0,0.527,0.923,SGLT2 inhibitor,generic,-gliflozin,saturated,False,,
dicarfilgliflozin,True,ngram_guided,1,43.91,54.06,low,0.94,15.94,ticarcillin,0.7678,6,,,,dicarfilgliflozin,0.038,0.4,0.672,1.0,0.53,0.168,0.919,SGLT2 inhibitor,generic,-gliflozin,saturated,False,,
ondagliflozin,False,ngram_guided,1,54.67,55.45,moderate,-0.45,14.55,longiflorium,0.671,5,INTRA_STEM_TOO_CLOSE|TRADEMARK_HIT,SIMILARITY_MODERATE,,ondagliflozin,0.0,0.6,0.739,1.0,1.0,0.624,0.155,SGLT2 inhibitor,generic,-gliflozin,saturated,False,,
sulfagliflozin,False,ngram_guided,1,47.88,64.42,moderate,-9.42,5.58,sulfasalazine,0.908,5,INTRA_STEM_TOO_CLOSE|TRADEMARK_HIT,SIMILARITY_MODERATE,,sulfagliflozin,0.0,0.45,0.739,1.0,0.53,0.527,0.827,SGLT2 inhibitor,generic,-gliflozin,saturated,False,,
pimadalogliflozin,True,ngram_guided,1,61.14,52.77,low,2.23,17.23,alogliptin,0.7138,7,,,,pimadalogliflozin,0.089,0.8,0.798,1.0,1.0,0.052,0.902,SGLT2 inhibitor,generic,-gliflozin,saturated,True,,
saprgliflozin,False,ngram_guided,1,48.98,58.71,moderate,-3.71,11.29,dapagliflozin,0.5542,4,INTRA_STEM_TOO_CLOSE|TRADEMARK_HIT,SIMILARITY_MODERATE,,saprgliflozin,0.0,0.6,0.519,0.65,1.0,0.755,0.045,SGLT2 inhibitor,generic,-gliflozin,saturated,False,,
capsaigliflozin,False,ngram_guided,1,52.07,57.89,moderate,-2.89,12.11,capillifolium,0.7229,5,INTRA_STEM_TOO_CLOSE|TRADEMARK_HIT,SIMILARITY_MODERATE,,capsaigliflozin,0.0,0.3,0.739,1.0,1.0,0.456,0.881,SGLT2 inhibitor,generic,-gliflozin,saturated,False,,
flugliflozin,False,ngram_guided,1,64.18,66.89,moderate,-11.89,3.11,fluciclovine,0.7535,4,INTRA_STEM_TOO_CLOSE|TRADEMARK_HIT,SIMILARITY_MODERATE,,flugliflozin,0.0,1.0,0.648,1.0,1.0,0.862,0.212,SGLT2 inhibitor,generic,-gliflozin,saturated,False,,
levobigliflozin,True,ngram_guided,1,44.77,55.22,moderate,-0.22,14.78,lovotibeglogene,0.7942,6,,SIMILARITY_MODERATE,,levobigliflozin,0.0,0.517,0.784,1.0,0.53,0.237,0.515,SGLT2 inhibitor,generic,-gliflozin,saturated,False,,
abeparagliflozin,False,ngram_guided,1,50.94,54.44,low,0.56,15.56,parapsilosis,0.7353,7,INTRA_STEM_TOO_CLOSE|TRADEMARK_HIT,,,abeparagliflozin,0.022,0.357,0.798,1.0,1.0,0.076,0.905,SGLT2 inhibitor,generic,-gliflozin,saturated,False,,
bicigliflozin,False,ngram_guided,1,59.58,54.45,low,0.55,15.55,bacilliformis,0.7376,5,INTRA_STEM_TOO_CLOSE|TRADEMARK_HIT,,,bicigliflozin,0.022,0.6,0.763,1.0,1.0,0.624,0.732,SGLT2 inhibitor,generic,-gliflozin,saturated,False,,
amitogliflozin,False,ngram_guided,1,54.79,57.7,moderate,-2.7,12.3,nitroglycerin,0.8323,6,INTRA_STEM_TOO_CLOSE|TRADEMARK_HIT,SIMILARITY_MODERATE,,amitogliflozin,0.0,0.45,0.784,1.0,1.0,0.309,0.96,SGLT2 inhibitor,generic,-gliflozin,saturated,False,,
tibgliflozin,False,ngram_guided,1,64.88,54.73,low,0.27,15.27,zoliflodacin,0.6219,4,INTRA_STEM_TOO_CLOSE|TRADEMARK_HIT,,,tibgliflozin,0.011,1.0,0.647,1.0,1.0,0.862,0.278,SGLT2 inhibitor,generic,-gliflozin,saturated,False,,
olagliflozin,False,grammar+refined,1,66.96,57.73,moderate,-2.73,12.27,velagliflozin,0.7455,5,INTRA_STEM_TOO_CLOSE|TRADEMARK_HIT,SIMILARITY_MODERATE,elagliflozin,elagliflozin -> olagliflozin,0.0,1.0,0.763,1.0,1.0,0.731,0.566,SGLT2 inhibitor,generic,-gliflozin,saturated,False,,
owagliflozin,False,grammar+refined,1,63.0,59.57,moderate,-4.57,10.43,acriflavine,0.634,5,INTRA_STEM_TOO_CLOSE|TRADEMARK_HIT,SIMILARITY_MODERATE,elagliflozin,elagliflozin -> olagliflozin -> owagliflozin,0.0,1.0,0.763,1.0,1.0,0.731,0.0,SGLT2 inhibitor,generic,-gliflozin,saturated,False,,
omagliflozin,False,grammar+refined,1,66.05,57.29,moderate,-2.29,12.71,acriflavine,0.7288,5,INTRA_STEM_TOO_CLOSE|TRADEMARK_HIT,SIMILARITY_MODERATE,elagliflozin,elagliflozin -> olagliflozin -> owagliflozin -> omagliflozin,0.0,1.0,0.763,1.0,1.0,0.731,0.436,SGLT2 inhibitor,generic,-gliflozin,saturated,False,,
ayagliflozin,False,grammar+refined,1,63.0,59.53,moderate,-4.53,10.47,acriflavine,0.6313,5,INTRA_STEM_TOO_CLOSE|TRADEMARK_HIT,SIMILARITY_MODERATE,abagliflozin,abagliflozin -> ayagliflozin,0.0,1.0,0.763,1.0,1.0,0.731,0.0,SGLT2 inhibitor,generic,-gliflozin,saturated,False,,
amagliflozin,False,grammar+refined,1,63.14,57.29,moderate,-2.29,12.71,acriflavine,0.7847,5,INTRA_STEM_TOO_CLOSE|TRADEMARK_HIT,SIMILARITY_MODERATE,abagliflozin,abagliflozin -> ayagliflozin -> amagliflozin,0.0,1.0,0.763,1.0,1.0,0.731,0.02,SGLT2 inhibitor,generic,-gliflozin,saturated,False,,
aragliflozin,False,grammar+refined,1,63.05,58.45,moderate,-3.45,11.55,grandiflorum,0.792,5,INTRA_STEM_TOO_CLOSE|TRADEMARK_HIT,SIMILARITY_MODERATE,abagliflozin,abagliflozin -> ayagliflozin -> amagliflozin -> aragliflozin,0.0,1.0,0.763,1.0,1.0,0.731,0.007,SGLT2 inhibitor,generic,-gliflozin,saturated,False,,
anigliflozin,False,grammar+refined,1,66.06,57.26,moderate,-2.26,12.74,anidulafungin,0.7733,5,INTRA_STEM_TOO_CLOSE|TRADEMARK_HIT,SIMILARITY_MODERATE,amigliflozin,amigliflozin -> anigliflozin,0.0,1.0,0.763,1.0,1.0,0.731,0.437,SGLT2 inhibitor,generic,-gliflozin,saturated,False,,
atigliflozin,False,grammar+refined,1,65.6,56.75,moderate,-1.75,13.25,diglycerin,0.7612,5,INTRA_STEM_TOO_CLOSE|TRADEMARK_HIT,SIMILARITY_MODERATE,amigliflozin,amigliflozin -> anigliflozin -> atigliflozin,0.0,1.0,0.763,1.0,1.0,0.731,0.372,SGLT2 inhibitor,generic,-gliflozin,saturated,False,,
aqigliflozin,False,grammar+refined,1,63.0,57.73,moderate,-2.73,12.27,acriflavine,0.6601,5,INTRA_STEM_TOO_CLOSE|TRADEMARK_HIT,SIMILARITY_MODERATE,amigliflozin,amigliflozin -> anigliflozin -> atigliflozin -> aqigliflozin,0.0,1.0,0.763,1.0,1.0,0.731,0.0,SGLT2 inhibitor,generic,-gliflozin,saturated,False,,
tubgliflozin,False,ngram_guided+refined,1,62.67,57.8,moderate,-2.8,12.2,peoniflorin,0.6569,4,INTRA_STEM_TOO_CLOSE|TRADEMARK_HIT,SIMILARITY_MODERATE,tibgliflozin,tibgliflozin -> tubgliflozin,0.0,1.0,0.647,1.0,1.0,0.862,0.0,SGLT2 inhibitor,generic,-gliflozin,saturated,False,,
tabgliflozin,False,ngram_guided+refined,1,62.67,58.23,moderate,-3.23,11.77,taxifolin,0.6229,4,INTRA_STEM_TOO_CLOSE|TRADEMARK_HIT,SIMILARITY_MODERATE,tibgliflozin,tibgliflozin -> tubgliflozin -> tabgliflozin,0.0,1.0,0.647,1.0,1.0,0.862,0.0,SGLT2 inhibitor,generic,-gliflozin,saturated,False,,
fcugliflozin,False,ngram_guided+refined,1,62.33,54.8,low,0.2,15.2,acriflavine,0.5514,4,INTRA_STEM_TOO_CLOSE|TRADEMARK_HIT,ILLEGAL_ONSET_CLUSTER,flugliflozin,flugliflozin -> fcugliflozin,0.008,1.0,0.609,1.0,1.0,0.862,0.0,SGLT2 inhibitor,generic,-gliflozin,saturated,False,,
fjugliflozin,False,ngram_guided+refined,1,62.14,58.04,moderate,-3.04,11.96,fluciclovine,0.5823,4,INTRA_STEM_TOO_CLOSE|TRADEMARK_HIT,SIMILARITY_MODERATE|ILLEGAL_ONSET_CLUSTER,flugliflozin,flugliflozin -> fcugliflozin -> fjugliflozin,0.0,1.0,0.609,1.0,1.0,0.862,0.0,SGLT2 inhibitor,generic,-gliflozin,saturated,False,,
fyugliflozin,False,ngram_guided+refined,1,62.65,57.6,moderate,-2.6,12.4,peoniflorin,0.6072,5,INTRA_STEM_TOO_CLOSE|TRADEMARK_HIT,SIMILARITY_MODERATE,flugliflozin,flugliflozin -> fcugliflozin -> fjugliflozin -> fyugliflozin,0.0,1.0,0.739,1.0,1.0,0.731,0.0,SGLT2 inhibitor,generic,-gliflozin,saturated,False,,
bucgliflozin,False,ngram_guided+refined,1,62.67,61.75,moderate,-6.75,8.25,buclizine,0.6326,4,INTRA_STEM_TOO_CLOSE|TRADEMARK_HIT,SIMILARITY_MODERATE,bicgliflozin,bicgliflozin -> bucgliflozin,0.0,1.0,0.647,1.0,1.0,0.862,0.0,SGLT2 inhibitor,generic,-gliflozin,saturated,False,,
bacgliflozin,False,ngram_guided+refined,1,63.71,62.12,moderate,-7.12,7.88,acriflavine,0.665,4,INTRA_STEM_TOO_CLOSE|TRADEMARK_HIT,SIMILARITY_MODERATE,bicgliflozin,bicgliflozin -> bucgliflozin -> bacgliflozin,0.0,1.0,0.647,1.0,1.0,0.862,0.148,SGLT2 inhibitor,generic,-gliflozin,saturated,False,,
afagliflozin,False,grammar+refined,1,65.16,57.29,moderate,-2.29,12.71,acriflavine,0.7154,5,INTRA_STEM_TOO_CLOSE|TRADEMARK_HIT,SIMILARITY_MODERATE,adagliflozin,adagliflozin -> afagliflozin,0.0,1.0,0.763,1.0,1.0,0.731,0.309,SGLT2 inhibitor,generic,-gliflozin,saturated,False,,
agagliflozin,False,grammar+refined,1,63.01,58.61,moderate,-3.61,11.39,gatifloxacin,0.6524,5,INTRA_STEM_TOO_CLOSE|TRADEMARK_HIT,SIMILARITY_MODERATE,adagliflozin,adagliflozin -> afagliflozin -> agagliflozin,0.0,1.0,0.763,1.0,1.0,0.731,0.001,SGLT2 inhibitor,generic,-gliflozin,saturated,False,,
elugliflozin,False,grammar,2,63.02,59.23,moderate,-4.23,10.77,fluciclovine,0.6589,5,INTRA_STEM_TOO_CLOSE|TRADEMARK_HIT,SIMILARITY_MODERATE,,elugliflozin,0.0,1.0,0.763,1.0,1.0,0.731,0.003,SGLT2 inhibitor,generic,-gliflozin,saturated,False,,
mazusogliflozin,True,grammar,2,58.34,55.89,moderate,-0.89,14.11,zoliflodacin,0.6377,6,,SIMILARITY_MODERATE,,mazusogliflozin,0.0,1.0,0.784,1.0,1.0,0.237,0.0,SGLT2 inhibitor,generic,-gliflozin,saturated,True,,
flenegliflozin,False,grammar,2,52.99,57.2,moderate,-2.2,12.8,linagliptin,0.7361,5,INTRA_STEM_TOO_CLOSE,SIMILARITY_MODERATE,,flenegliflozin,0.0,0.68,0.648,1.0,1.0,0.527,0.006,SGLT2 inhibitor,generic,-gliflozin,saturated,False,,
axodagliflozin,False,grammar,2,59.06,56.28,moderate,-1.28,13.72,saxagliptin,0.6639,6,INTRA_STEM_TOO_CLOSE|TRADEMARK_HIT,SIMILARITY_MODERATE,,axodagliflozin,0.0,1.0,0.784,1.0,1.0,0.309,0.0,SGLT2 inhibitor,generic,-gliflozin,saturated,False,,
mabimigliflozin,False,grammar,2,58.98,48.78,low,6.22,21.22,miglitol,0.7535,6,TRADEMARK_HIT,,,mabimigliflozin,0.249,0.733,0.784,1.0,1.0,0.237,0.0,SGLT2 inhibitor,generic,-gliflozin,saturated,False,,
imegliflozin,False,grammar,2,66.67,64.83,moderate,-9.83,5.17,imeglimin,0.7626,5,INTRA_STEM_TOO_CLOSE|TRADEMARK_HIT,SIMILARITY_MODERATE,,imegliflozin,0.0,1.0,0.763,1.0,1.0,0.731,0.524,SGLT2 inhibitor,generic,-gliflozin,saturated,False,,
pilagliflozin,False,grammar,2,62.0,59.84,moderate,-4.84,10.16,vildagliptin,0.7575,5,INTRA_STEM_TOO_CLOSE|TRADEMARK_HIT,SIMILARITY_MODERATE,,pilagliflozin,0.0,1.0,0.763,1.0,1.0,0.624,0.01,SGLT2 inhibitor,generic,-gliflozin,saturated,False,,
cibugliflozin,False,grammar,2,63.32,53.64,low,1.36,16.36,sitagliptin,0.6298,5,INTRA_STEM_TOO_CLOSE|TRADEMARK_HIT,,,cibugliflozin,0.054,1.0,0.763,1.0,1.0,0.624,0.012,SGLT2 inhibitor,generic,-gliflozin,saturated,False,,
umugliflozin,False,grammar,2,63.0,55.66,moderate,-0.66,14.34,zoliflodacin,0.6476,5,INTRA_STEM_TOO_CLOSE|TRADEMARK_HIT,SIMILARITY_MODERATE,,umugliflozin,0.0,1.0,0.763,1.0,1.0,0.731,0.0,SGLT2 inhibitor,generic,-gliflozin,saturated,False,,
adegliflozin,False,grammar,2,63.06,62.58,moderate,-7.58,7.42,peoniflorin,0.7479,5,INTRA_STEM_TOO_CLOSE|TRADEMARK_HIT,SIMILARITY_MODERATE,,adegliflozin,0.0,1.0,0.763,1.0,1.0,0.731,0.009,SGLT2 inhibitor,generic,-gliflozin,saturated,False,,
ogvigliflozin,False,grammar,2,63.11,53.41,low,1.59,16.59,rosiglitazone,0.6085,5,TRADEMARK_HIT,,,ogvigliflozin,0.064,1.0,0.739,1.0,1.0,0.624,0.0,SGLT2 inhibitor,generic,-gliflozin,saturated,False,,
lomagliflozin,False,grammar,2,56.8,60.12,moderate,-5.12,9.88,longiflorium,0.7504,5,INTRA_STEM_TOO_CLOSE|TRADEMARK_HIT,SIMILARITY_MODERATE,,lomagliflozin,0.0,0.6,0.763,1.0,1.0,0.624,0.411,SGLT2 inhibitor,generic,-gliflozin,saturated,False,,
glalagliflozin,False,grammar,2,53.33,57.16,moderate,-2.16,12.84,trelagliptin,0.7115,5,INTRA_STEM_TOO_CLOSE|TRADEMARK_HIT,SIMILARITY_MODERATE,,glalagliflozin,0.0,0.68,0.648,1.0,1.0,0.527,0.054,SGLT2 inhibitor,generic,-gliflozin,saturated,False,,
aregliflozin,False,grammar,2,63.02,59.44,moderate,-4.44,10.56,peoniflorin,0.7527,5,INTRA_STEM_TOO_CLOSE|TRADEMARK_HIT,SIMILARITY_MODERATE,,aregliflozin,0.0,1.0,0.763,1.0,1.0,0.731,0.003,SGLT2 inhibitor,generic,-gliflozin,saturated,False,,
pocegliflozin,False,grammar,2,53.95,60.33,moderate,-5.33,9.67,peoniflorin,0.6724,5,INTRA_STEM_TOO_CLOSE|TRADEMARK_HIT,SIMILARITY_MODERATE,,pocegliflozin,0.0,0.6,0.763,1.0,1.0,0.624,0.003,SGLT2 inhibitor,generic,-gliflozin,saturated,False,,
piothegliflozin,False,grammar,2,52.67,56.83,moderate,-1.83,13.17,peoniflorin,0.6572,6,INTRA_STEM_TOO_CLOSE|TRADEMARK_HIT,SIMILARITY_MODERATE,,piothegliflozin,0.0,0.733,0.759,1.0,1.0,0.237,0.001,SGLT2 inhibitor,generic,-gliflozin,saturated,False,,
ticigliflozin,False,grammar,2,54.35,54.89,low,0.11,15.11,sitagliptin,0.7395,5,INTRA_STEM_TOO_CLOSE|TRADEMARK_HIT,,,ticigliflozin,0.004,0.6,0.763,1.0,1.0,0.624,0.045,SGLT2 inhibitor,generic,-gliflozin,saturated,False,,
linudagliflozin,False,grammar,2,53.02,61.21,moderate,-6.21,8.79,linagliptin,0.7242,6,INTRA_STEM_TOO_CLOSE|TRADEMARK_HIT,SIMILARITY_MODERATE,,linudagliflozin,0.0,0.733,0.784,1.0,1.0,0.237,0.001,SGLT2 inhibitor,generic,-gliflozin,saturated,False,,
praxogliflozin,False,grammar,2,53.29,56.34,moderate,-1.34,13.66,saxagliptin,0.7865,5,INTRA_STEM_TOO_CLOSE|TRADEMARK_HIT,SIMILARITY_MODERATE,,praxogliflozin,0.0,0.68,0.648,1.0,1.0,0.527,0.049,SGLT2 inhibitor,generic,-gliflozin,saturated,False,,
enagliflozin,False,grammar,2,69.5,60.35,moderate,-5.35,9.65,linagliptin,0.7294,5,INTRA_STEM_TOO_CLOSE|TRADEMARK_HIT,SIMILARITY_MODERATE,,enagliflozin,0.0,1.0,0.763,1.0,1.0,0.731,0.928,SGLT2 inhibitor,generic,-gliflozin,saturated,False,,
mobagliflozin,False,grammar,2,53.94,55.01,moderate,-0.01,14.99,zoliflodacin,0.6906,5,INTRA_STEM_TOO_CLOSE|TRADEMARK_HIT,SIMILARITY_MODERATE,,mobagliflozin,0.0,0.6,0.763,1.0,1.0,0.624,0.001,SGLT2 inhibitor,generic,-gliflozin,saturated,False,,
onigliflozin,False,grammar,2,63.0,58.66,moderate,-3.66,11.34,peoniflorin,0.7102,5,INTRA_STEM_TOO_CLOSE|TRADEMARK_HIT,SIMILARITY_MODERATE,,onigliflozin,0.0,1.0,0.763,1.0,1.0,0.731,0.0,SGLT2 inhibitor,generic,-gliflozin,saturated,False,,
acigliflozin,False,grammar,2,68.55,59.1,moderate,-4.1,10.9,acriflavine,0.7647,5,INTRA_STEM_TOO_CLOSE|TRADEMARK_HIT,SIMILARITY_MODERATE,,acigliflozin,0.0,1.0,0.763,1.0,1.0,0.731,0.794,SGLT2 inhibitor,generic,-gliflozin,saturated,False,,
oragliflozin,False,grammar,2,63.02,58.45,moderate,-3.45,11.55,grandiflorum,0.7591,5,INTRA_STEM_TOO_CLOSE|TRADEMARK_HIT,SIMILARITY_MODERATE,,oragliflozin,0.0,1.0,0.763,1.0,1.0,0.731,0.003,SGLT2 inhibitor,generic,-gliflozin,saturated,False,,
photegliflozin,False,ngram_guided,2,54.42,66.28,moderate,-11.28,3.72,sotagliflozin,0.7482,5,INTRA_STEM_TOO_CLOSE|TRADEMARK_HIT,SIMILARITY_MODERATE,,photegliflozin,0.0,0.45,0.739,1.0,1.0,0.527,0.687,SGLT2 inhibitor,generic,-gliflozin,saturated,False,,
rebgliflozin,False,ngram_guided,2,63.6,57.52,moderate,-2.52,12.48,peoniflorin,0.6725,4,INTRA_STEM_TOO_CLOSE|TRADEMARK_HIT,SIMILARITY_MODERATE,,rebgliflozin,0.0,1.0,0.647,1.0,1.0,0.862,0.133,SGLT2 inhibitor,generic,-gliflozin,saturated,False,,
sutigliflozin,False,ngram_guided,2,54.9,61.25,moderate,-6.25,8.75,sotagliflozin,0.7683,5,INTRA_STEM_TOO_CLOSE|TRADEMARK_HIT,SIMILARITY_MODERATE,,sutigliflozin,0.0,0.6,0.763,1.0,1.0,0.624,0.138,SGLT2 inhibitor,generic,-gliflozin,saturated,False,,
doxgliflozin,False,ngram_guided,2,67.5,59.26,moderate,-4.26,10.74,oxaliplatin,0.5427,4,INTRA_STEM_TOO_CLOSE|TRADEMARK_HIT,SIMILARITY_MODERATE,,doxgliflozin,0.0,1.0,0.519,1.0,1.0,0.862,0.946,SGLT2 inhibitor,generic,-gliflozin,saturated,False,,
azagliflozin,False,ngram_guided,2,69.05,60.87,moderate,-5.87,9.13,zoliflodacin,0.6922,5,INTRA_STEM_TOO_CLOSE|TRADEMARK_HIT,SIMILARITY_MODERATE,,azagliflozin,0.0,1.0,0.763,1.0,1.0,0.731,0.864,SGLT2 inhibitor,generic,-gliflozin,saturated,False,,
zalkgliflozin,False,ngram_guided,2,54.71,55.88,moderate,-0.88,14.12,alogliptin,0.535,4,INTRA_STEM_TOO_CLOSE|TRADEMARK_HIT,SIMILARITY_MODERATE,,zalkgliflozin,0.0,0.6,0.519,0.65,1.0,0.755,0.864,SGLT2 inhibitor,generic,-gliflozin,saturated,False,,
revumegliflozin,True,ngram_guided,2,52.35,51.87,low,3.13,18.13,revumenib,0.686,6,,,,revumegliflozin,0.125,0.3,0.784,1.0,1.0,0.237,0.714,SGLT2 inhibitor,generic,-gliflozin,saturated,False,,
degagliflozin,False,ngram_guided,2,56.95,56.49,moderate,-1.49,13.51,bexagliflozin,0.653,5,INTRA_STEM_TOO_CLOSE|TRADEMARK_HIT,SIMILARITY_MODERATE,,degagliflozin,0.0,0.6,0.763,1.0,1.0,0.624,0.432,SGLT2 inhibitor,generic,-gliflozin,saturated,False,,
progliflozin,False,ngram_guided,2,64.05,65.7,moderate,-10.7,4.3,peoniflorin,0.8945,4,INTRA_STEM_TOO_CLOSE|TRADEMARK_HIT,SIMILARITY_MODERATE,,progliflozin,0.0,1.0,0.648,1.0,1.0,0.862,0.194,SGLT2 inhibitor,generic,-gliflozin,saturated,False,,
decalcurgliflozin,True,ngram_guided,2,54.64,48.17,low,6.83,21.83,peoniflorin,0.7131,6,,,,decalcurgliflozin,0.273,0.4,0.672,1.0,1.0,0.168,0.569,SGLT2 inhibitor,generic,-gliflozin,saturated,False,,
bremimgliflozin,True,ngram_guided,2,58.25,49.29,low,5.71,20.71,peoniflorin,0.6336,5,,,,bremimgliflozin,0.228,0.517,0.561,1.0,1.0,0.456,0.718,SGLT2 inhibitor,generic,-gliflozin,saturated,True,,
sevakigliflozin,False,ngram_guided,2,55.73,51.21,low,3.79,18.79,sessilifolia,0.6904,6,INTRA_STEM_TOO_CLOSE|TRADEMARK_HIT,,,sevakigliflozin,0.152,0.517,0.784,1.0,1.0,0.237,0.488,SGLT2 inhibitor,generic,-gliflozin,saturated,False,,
posagliflozin,False,ngram_guided,2,57.47,57.78,moderate,-2.78,12.22,peoniflorin,0.7745,5,INTRA_STEM_TOO_CLOSE|TRADEMARK_HIT,SIMILARITY_MODERATE,,posagliflozin,0.0,0.6,0.763,1.0,1.0,0.624,0.506,SGLT2 inhibitor,generic,-gliflozin,saturated,False,,
nusinogliflozin,True,ngram_guided,2,56.42,52.96,low,2.04,17.04,linagliptin,0.7506,6,,,,nusinogliflozin,0.082,0.517,0.784,1.0,1.0,0.237,0.826,SGLT2 inhibitor,generic,-gliflozin,saturated,True,,
cobigliflozin,False,ngram_guided,2,57.37,56.82,moderate,-1.82,13.18,rosiglitazone,0.7879,5,INTRA_STEM_TOO_CLOSE|TRADEMARK_HIT,SIMILARITY_MODERATE,,cobigliflozin,0.0,0.6,0.763,1.0,1.0,0.624,0.491,SGLT2 inhibitor,generic,-gliflozin,saturated,False,,
ambenzeagliflozin,True,ngram_guided,2,42.18,53.08,low,1.92,16.92,benzealkonium,0.7707,6,,,,ambenzeagliflozin,0.077,0.4,0.734,1.0,0.53,0.168,0.414,SGLT2 inhibitor,generic,-gliflozin,saturated,False,,
octylgliflozin,False,ngram_guided,2,45.24,55.1,moderate,-0.1,14.9,tylvalosin,0.8779,5,INTRA_STEM_TOO_CLOSE,SIMILARITY_MODERATE,,octylgliflozin,0.0,0.45,0.677,1.0,0.53,0.527,0.573,SGLT2 inhibitor,generic,-gliflozin,saturated,False,,
trogliflozin,False,ngram_guided,2,65.93,69.29,moderate,-14.29,0.71,troglitazone,0.8717,4,INTRA_STEM_TOO_CLOSE|TRADEMARK_HIT,SIMILARITY_MODERATE,,trogliflozin,0.0,1.0,0.648,1.0,1.0,0.862,0.462,SGLT2 inhibitor,generic,-gliflozin,saturated,False,,
arfilgliflozin,True,ngram_guided,2,55.14,52.36,low,2.64,17.64,orforglipron,0.7036,5,,,,arfilgliflozin,0.106,0.45,0.652,1.0,1.0,0.527,0.6,SGLT2 inhibitor,generic,-gliflozin,saturated,False,,
adjustgliflozin,False,ngram_guided,2,44.24,51.69,low,3.31,18.31,angustifolium,0.5288,5,TRADEMARK_HIT,,,adjustgliflozin,0.132,0.3,0.524,0.65,1.0,0.456,0.188,SGLT2 inhibitor,generic,-gliflozin,saturated,False,,
dodesgliflozin,False,ngram_guided,2,55.38,53.3,low,1.7,16.7,peoniflorin,0.7252,5,INTRA_STEM_TOO_CLOSE|TRADEMARK_HIT,,,dodesgliflozin,0.068,0.45,0.677,1.0,1.0,0.527,0.713,SGLT2 inhibitor,generic,-gliflozin,saturated,False,,
pregliflozin,False,ngram_guided,2,65.43,64.56,moderate,-9.56,5.44,peoniflorin,0.8009,4,INTRA_STEM_TOO_CLOSE|TRADEMARK_HIT,SIMILARITY_MODERATE,,pregliflozin,0.0,1.0,0.648,1.0,1.0,0.862,0.391,SGLT2 inhibitor,generic,-gliflozin,saturated,False,,
irbangliflozin,False,ngram_guided,2,50.16,56.56,moderate,-1.56,13.44,peoniflorin,0.6621,5,INTRA_STEM_TOO_CLOSE|TRADEMARK_HIT,SIMILARITY_MODERATE,,irbangliflozin,0.0,0.45,0.758,1.0,1.0,0.527,0.038,SGLT2 inhibitor,generic,-gliflozin,saturated,False,,
nordgliflozin,False,ngram_guided,2,53.14,63.19,moderate,-8.19,6.81,norditropin,0.5395,4,INTRA_STEM_TOO_CLOSE|TRADEMARK_HIT,SIMILARITY_MODERATE,,nordgliflozin,0.0,0.6,0.519,0.65,1.0,0.755,0.64,SGLT2 inhibitor,generic,-gliflozin,saturated,False,,
ebagliflozin,False,grammar+refined,2,63.0,57.29,moderate,-2.29,12.71,acriflavine,0.6612,5,INTRA_STEM_TOO_CLOSE|TRADEMARK_HIT,SIMILARITY_MODERATE,enagliflozin,enagliflozin -> ebagliflozin,0.0,1.0,0.763,1.0,1.0,0.731,0.0,SGLT2 inhibitor,generic,-gliflozin,saturated,False,,
epagliflozin,False,grammar+refined,2,63.09,64.58,moderate,-9.58,5.42,empagliflozin,0.7543,5,INTRA_STEM_TOO_CLOSE|TRADEMARK_HIT,SIMILARITY_MODERATE,enagliflozin,enagliflozin -> ebagliflozin -> epagliflozin,0.0,1.0,0.763,1.0,1.0,0.731,0.013,SGLT2 inhibitor,generic,-gliflozin,saturated,False,,
eyagliflozin,False,grammar+refined,2,63.0,59.53,moderate,-4.53,10.47,acriflavine,0.6733,5,INTRA_STEM_TOO_CLOSE|TRADEMARK_HIT,SIMILARITY_MODERATE,enagliflozin,enagliflozin -> ebagliflozin -> epagliflozin -> eyagliflozin,0.0,1.0,0.763,1.0,1.0,0.731,0.0,SGLT2 inhibitor,generic,-gliflozin,saturated,False,,
axagliflozin,False,ngram_guided+refined,2,63.1,66.9,moderate,-11.9,3.1,saxagliptin,0.6913,5,INTRA_STEM_TOO_CLOSE|TRADEMARK_HIT,SIMILARITY_MODERATE,azagliflozin,azagliflozin -> axagliflozin,0.0,1.0,0.763,1.0,1.0,0.731,0.014,SGLT2 inhibitor,generic,-gliflozin,saturated,False,,
akigliflozin,False,grammar+refined,2,63.0,55.66,moderate,-0.66,14.34,zoliflodacin,0.6932,5,INTRA_STEM_TOO_CLOSE|TRADEMARK_HIT,SIMILARITY_MODERATE,acigliflozin,acigliflozin -> akigliflozin,0.0,1.0,0.763,1.0,1.0,0.731,0.0,SGLT2 inhibitor,generic,-gliflozin,saturated,False,,
abigliflozin,False,grammar+refined,2,63.38,57.42,moderate,-2.42,12.58,diglycerin,0.7618,5,INTRA_STEM_TOO_CLOSE|TRADEMARK_HIT,SIMILARITY_MODERATE,acigliflozin,acigliflozin -> akigliflozin -> abigliflozin,0.0,1.0,0.763,1.0,1.0,0.731,0.054,SGLT2 inhibitor,generic,-gliflozin,saturated,False,,
agigliflozin,False,grammar+refined,2,63.0,56.92,moderate,-1.92,13.08,diglycerin,0.7455,5,INTRA_STEM_TOO_CLOSE|TRADEMARK_HIT,SIMILARITY_MODERATE,acigliflozin,acigliflozin -> akigliflozin -> abigliflozin -> agigliflozin,0.0,1.0,0.763,1.0,1.0,0.731,0.0,SGLT2 inhibitor,generic,-gliflozin,saturated,False,,
dixgliflozin,False,ngram_guided+refined,2,60.88,55.44,moderate,-0.44,14.56,nixiflor,0.553,4,INTRA_STEM_TOO_CLOSE|TRADEMARK_HIT,SIMILARITY_MODERATE,doxgliflozin,doxgliflozin -> dixgliflozin,0.0,1.0,0.519,1.0,1.0,0.862,0.0,SGLT2 inhibitor,generic,-gliflozin,saturated,False,,
duxgliflozin,False,ngram_guided+refined,2,61.71,54.14,low,0.86,15.86,bexagliflozin,0.5243,4,INTRA_STEM_TOO_CLOSE|TRADEMARK_HIT,,doxgliflozin,doxgliflozin -> dixgliflozin -> duxgliflozin,0.034,1.0,0.519,1.0,1.0,0.862,0.0,SGLT2 inhibitor,generic,-gliflozin,saturated,False,,
dexgliflozin,False,ngram_guided+refined,2,61.79,69.71,moderate,-14.71,0.29,bexagliflozin,0.5525,4,INTRA_STEM_TOO_CLOSE|TRADEMARK_HIT,SIMILARITY_MODERATE,doxgliflozin,doxgliflozin -> dixgliflozin -> duxgliflozin -> dexgliflozin,0.0,1.0,0.519,1.0,1.0,0.862,0.129,SGLT2 inhibitor,generic,-gliflozin,saturated,False,,
isegliflozin,False,grammar+refined,2,63.04,60.93,moderate,-5.93,9.07,peoniflorin,0.7109,5,INTRA_STEM_TOO_CLOSE|TRADEMARK_HIT,SIMILARITY_MODERATE,imegliflozin,imegliflozin -> isegliflozin,0.0,1.0,0.763,1.0,1.0,0.731,0.006,SGLT2 inhibitor,generic,-gliflozin,saturated,False,,
ijegliflozin,False,grammar+refined,2,63.0,61.09,moderate,-6.09,8.91,peoniflorin,0.6302,5,INTRA_STEM_TOO_CLOSE|TRADEMARK_HIT,SIMILARITY_MODERATE,imegliflozin,imegliflozin -> isegliflozin -> ijegliflozin,0.0,1.0,0.763,1.0,1.0,0.731,0.0,SGLT2 inhibitor,generic,-gliflozin,saturated,False,,
idegliflozin,False,grammar+refined,2,67.56,62.58,moderate,-7.58,7.42,peoniflorin,0.7271,5,INTRA_STEM_TOO_CLOSE|TRADEMARK_HIT,SIMILARITY_MODERATE,imegliflozin,imegliflozin -> isegliflozin -> ijegliflozin -> idegliflozin,0.0,1.0,0.763,1.0,1.0,0.731,0.651,SGLT2 inhibitor,generic,-gliflozin,saturated,False,,
tjogliflozin,False,ngram_guided+refined,2,62.14,61.89,moderate,-6.89,8.11,zoliflodacin,0.5641,4,INTRA_STEM_TOO_CLOSE|TRADEMARK_HIT,SIMILARITY_MODERATE|ILLEGAL_ONSET_CLUSTER,trogliflozin,trogliflozin -> tjogliflozin,0.0,1.0,0.609,1.0,1.0,0.862,0.0,SGLT2 inhibitor,generic,-gliflozin,saturated,False,,
thogliflozin,False,ngram_guided+refined,2,65.78,63.76,moderate,-8.76,6.24,peoniflorin,0.7869,4,INTRA_STEM_TOO_CLOSE|TRADEMARK_HIT,SIMILARITY_MODERATE,trogliflozin,trogliflozin -> tjogliflozin -> thogliflozin,0.0,1.0,0.709,1.0,1.0,0.862,0.32,SGLT2 inhibitor,generic,-gliflozin,saturated,False,,
tkogliflozin,False,ngram_guided+refined,2,62.14,62.16,moderate,-7.16,7.84,peoniflorin,0.5595,4,INTRA_STEM_TOO_CLOSE|TRADEMARK_HIT,SIMILARITY_MODERATE|ILLEGAL_ONSET_CLUSTER,trogliflozin,trogliflozin -> tjogliflozin -> thogliflozin -> tkogliflozin,0.0,1.0,0.609,1.0,1.0,0.862,0.0,SGLT2 inhibitor,generic,-gliflozin,saturated,False,,
pgegliflozin,False,ngram_guided+refined,2,62.14,64.56,moderate,-9.56,5.44,peoniflorin,0.5514,4,INTRA_STEM_TOO_CLOSE|TRADEMARK_HIT,SIMILARITY_MODERATE|ILLEGAL_ONSET_CLUSTER,pregliflozin,pregliflozin -> pgegliflozin,0.0,1.0,0.609,1.0,1.0,0.862,0.0,SGLT2 inhibitor,generic,-gliflozin,saturated,False,,
pjogliflozin,False,ngram_guided+refined,2,62.14,65.7,moderate,-10.7,4.3,peoniflorin,0.5641,4,INTRA_STEM_TOO_CLOSE|TRADEMARK_HIT,SIMILARITY_MODERATE|ILLEGAL_ONSET_CLUSTER,progliflozin,progliflozin -> pjogliflozin,0.0,1.0,0.609,1.0,1.0,0.862,0.0,SGLT2 inhibitor,generic,-gliflozin,saturated,False,,
pvogliflozin,False,ngram_guided+refined,2,62.14,65.7,moderate,-10.7,4.3,peoniflorin,0.5862,4,INTRA_STEM_TOO_CLOSE|TRADEMARK_HIT,SIMILARITY_MODERATE|ILLEGAL_ONSET_CLUSTER,progliflozin,progliflozin -> pjogliflozin -> pvogliflozin,0.0,1.0,0.609,1.0,1.0,0.862,0.0,SGLT2 inhibitor,generic,-gliflozin,saturated,False,,
pmogliflozin,False,ngram_guided+refined,2,62.14,65.7,moderate,-10.7,4.3,peoniflorin,0.5807,4,INTRA_STEM_TOO_CLOSE|TRADEMARK_HIT,SIMILARITY_MODERATE|ILLEGAL_ONSET_CLUSTER,progliflozin,progliflozin -> pjogliflozin -> pvogliflozin -> pmogliflozin,0.0,1.0,0.609,1.0,1.0,0.862,0.0,SGLT2 inhibitor,generic,-gliflozin,saturated,False,,
sepugliflozin,False,grammar,3,61.93,57.55,moderate,-2.55,12.45,peoniflorin,0.6102,5,INTRA_STEM_TOO_CLOSE|TRADEMARK_HIT,SIMILARITY_MODERATE,,sepugliflozin,0.0,1.0,0.763,1.0,1.0,0.624,0.0,SGLT2 inhibitor,generic,-gliflozin,saturated,False,,
tilomigliflozin,True,grammar,3,53.86,57.01,moderate,-2.01,12.99,tildipirosin,0.7104,6,,SIMILARITY_MODERATE,,tilomigliflozin,0.0,0.733,0.784,1.0,1.0,0.237,0.122,SGLT2 inhibitor,generic,-gliflozin,saturated,False,,
exaigliflozin,False,grammar,3,53.93,66.4,moderate,-11.4,3.6,bexagliflozin,0.6496,5,INTRA_STEM_TOO_CLOSE|TRADEMARK_HIT,SIMILARITY_MODERATE,,exaigliflozin,0.0,0.6,0.763,1.0,1.0,0.624,0.0,SGLT2 inhibitor,generic,-gliflozin,saturated,False,,
belogliflozin,False,grammar,3,62.75,69.54,moderate,-14.54,0.46,velagliflozin,0.7799,5,INTRA_STEM_TOO_CLOSE|TRADEMARK_HIT,SIMILARITY_MODERATE,,belogliflozin,0.0,1.0,0.763,1.0,1.0,0.624,0.118,SGLT2 inhibitor,generic,-gliflozin,saturated,False,,
pizulogliflozin,True,grammar,3,59.68,53.62,low,1.38,16.38,peoniflorin,0.7205,6,,,,pizulogliflozin,0.055,1.0,0.784,1.0,1.0,0.237,0.001,SGLT2 inhibitor,generic,-gliflozin,saturated,True,,
doxagliflozin,False,grammar,3,57.85,68.7,moderate,-13.7,1.3,bexagliflozin,0.7715,5,INTRA_STEM_TOO_CLOSE|TRADEMARK_HIT,SIMILARITY_MODERATE,,doxagliflozin,0.0,0.6,0.763,1.0,1.0,0.624,0.559,SGLT2 inhibitor,generic,-gliflozin,saturated,False,,
lotopigliflozin,False,grammar,3,53.27,54.83,low,0.17,15.17,lovotibeglogene,0.7317,6,INTRA_STEM_TOO_CLOSE|TRADEMARK_HIT,,,lotopigliflozin,0.007,0.733,0.784,1.0,1.0,0.237,0.014,SGLT2 inhibitor,generic,-gliflozin,saturated,False,,
pafomigliflozin,False,grammar,3,53.06,55.65,moderate,-0.65,14.35,peoniflorin,0.6871,6,TRADEMARK_HIT,SIMILARITY_MODERATE,,pafomigliflozin,0.0,0.733,0.784,1.0,1.0,0.237,0.007,SGLT2 inhibitor,generic,-gliflozin,saturated,False,,
asigliflozin,False,grammar,3,63.0,58.71,moderate,-3.71,11.29,rosiglitazone,0.7353,5,INTRA_STEM_TOO_CLOSE|TRADEMARK_HIT,SIMILARITY_MODERATE,,asigliflozin,0.0,1.0,0.763,1.0,1.0,0.731,0.0,SGLT2 inhibitor,generic,-gliflozin,saturated,False,,
avegliflozin,False,grammar,3,63.18,61.59,moderate,-6.59,8.41,peoniflorin,0.7429,5,INTRA_STEM_TOO_CLOSE|TRADEMARK_HIT,SIMILARITY_MODERATE,,avegliflozin,0.0,1.0,0.763,1.0,1.0,0.731,0.026,SGLT2 inhibitor,generic,-gliflozin,saturated,False,,
cectecegliflozin,True,grammar,3,57.6,50.18,low,4.82,19.82,peoniflorin,0.6475,6,,,,cectecegliflozin,0.193,0.771,0.759,1.0,1.0,0.192,0.0,SGLT2 inhibitor,generic,-gliflozin,saturated,True,,
iorvegliflozin,True,grammar,3,52.32,55.34,moderate,-0.34,14.66,zoliflodacin,0.6611,6,,SIMILARITY_MODERATE,,iorvegliflozin,0.0,0.68,0.759,1.0,1.0,0.309,0.0,SGLT2 inhibitor,generic,-gliflozin,saturated,False,,
otagliflozin,False,grammar,3,63.0,74.81,high,-19.81,-4.81,sotagliflozin,0.6755,5,SIMILARITY_TOO_HIGH|INTRA_STEM_TOO_CLOSE|TRADEMARK_HIT,,,otagliflozin,0.0,1.0,0.763,1.0,1.0,0.731,0.0,SGLT2 inhibitor,generic,-gliflozin,saturated,False,,
tofobigliflozin,True,grammar,3,56.72,51.16,low,3.84,18.84,rosiglitazone,0.7036,6,,,,tofobigliflozin,0.154,0.733,0.784,1.0,1.0,0.237,0.003,SGLT2 inhibitor,generic,-gliflozin,saturated,True,,
omixigliflozin,False,grammar,3,56.29,51.22,low,3.78,18.78,moxifloxacin,0.6682,6,INTRA_STEM_TOO_CLOSE,,,omixigliflozin,0.151,0.68,0.784,1.0,1.0,0.309,0.0,SGLT2 inhibitor,generic,-gliflozin,saturated,False,,
ninzigliflozin,True,grammar,3,55.51,53.65,low,1.35,16.35,teneligliptin,0.6245,5,,,,ninzigliflozin,0.054,0.68,0.739,1.0,1.0,0.527,0.0,SGLT2 inhibitor,generic,-gliflozin,saturated,False,,
opigliflozin,False,grammar,3,63.01,60.74,moderate,-5.74,9.26,peoniflorin,0.7313,5,INTRA_STEM_TOO_CLOSE|TRADEMARK_HIT,SIMILARITY_MODERATE,,opigliflozin,0.0,1.0,0.763,1.0,1.0,0.731,0.001,SGLT2 inhibitor,generic,-gliflozin,saturated,False,,
centibogliflozin,True,grammar,3,50.23,53.59,low,1.41,16.41,centifolia,0.7747,6,,,,centibogliflozin,0.056,0.564,0.759,1.0,1.0,0.192,0.006,SGLT2 inhibitor,generic,-gliflozin,saturated,False,,
usigliflozin,False,grammar,3,63.0,59.1,moderate,-4.1,10.9,rosiglitazone,0.6528,5,INTRA_STEM_TOO_CLOSE|TRADEMARK_HIT,SIMILARITY_MODERATE,,usigliflozin,0.0,1.0,0.763,1.0,1.0,0.731,0.0,SGLT2 inhibitor,generic,-gliflozin,saturated,False,,
bovoxogliflozin,False,grammar,3,54.83,53.1,low,1.9,16.9,oxaliplatin,0.7189,6,INTRA_STEM_TOO_CLOSE,,,bovoxogliflozin,0.076,0.733,0.784,1.0,1.0,0.237,0.0,SGLT2 inhibitor,generic,-gliflozin,saturated,False,,
evigliflozin,False,grammar,3,64.02,57.03,moderate,-2.03,12.97,zoliflodacin,0.7407,5,INTRA_STEM_TOO_CLOSE|TRADEMARK_HIT,SIMILARITY_MODERATE,,evigliflozin,0.0,1.0,0.763,1.0,1.0,0.731,0.145,SGLT2 inhibitor,generic,-gliflozin,saturated,False,,
oregliflozin,False,grammar,3,63.0,59.44,moderate,-4.44,10.56,peoniflorin,0.7468,5,INTRA_STEM_TOO_CLOSE|TRADEMARK_HIT,SIMILARITY_MODERATE,,oregliflozin,0.0,1.0,0.763,1.0,1.0,0.731,0.0,SGLT2 inhibitor,generic,-gliflozin,saturated,False,,
rosogliflozin,False,grammar,3,54.17,64.04,moderate,-9.04,5.96,rosiglitazone,0.7119,5,INTRA_STEM_TOO_CLOSE|TRADEMARK_HIT,SIMILARITY_MODERATE,,rosogliflozin,0.0,0.6,0.763,1.0,1.0,0.624,0.034,SGLT2 inhibitor,generic,-gliflozin,saturated,False,,
hitiqogliflozin,False,grammar,3,53.01,56.21,moderate,-1.21,13.79,peoniflorin,0.6202,6,INTRA_STEM_TOO_CLOSE,SIMILARITY_MODERATE,,hitiqogliflozin,0.0,0.733,0.784,1.0,1.0,0.237,0.0,SGLT2 inhibitor,generic,-gliflozin,saturated,False,,
tengliflozin,False,ngram_guided,3,69.83,66.81,moderate,-11.81,3.19,peoniflorin,0.699,4,INTRA_STEM_TOO_CLOSE|TRADEMARK_HIT,SIMILARITY_MODERATE,,tengliflozin,0.0,1.0,0.768,1.0,1.0,0.862,0.78,SGLT2 inhibitor,generic,-gliflozin,saturated,False,,
pragliflozin,False,ngram_guided,3,64.97,59.15,moderate,-4.15,10.85,pradofloxacin,0.8112,4,INTRA_STEM_TOO_CLOSE|TRADEMARK_HIT,SIMILARITY_MODERATE,,pragliflozin,0.0,1.0,0.648,1.0,1.0,0.862,0.325,SGLT2 inhibitor,generic,-gliflozin,saturated,False,,
cucurgliflozin,False,ngram_guided,3,50.38,59.43,moderate,-4.43,10.57,cucurbitacin,0.6673,5,INTRA_STEM_TOO_CLOSE|TRADEMARK_HIT,SIMILARITY_MODERATE,,cucurgliflozin,0.0,0.45,0.677,1.0,1.0,0.527,0.233,SGLT2 inhibitor,generic,-gliflozin,saturated,False,,
muralgliflozin,False,ngram_guided,3,56.24,52.74,low,2.26,17.26,multiflorum,0.7835,5,TRADEMARK_HIT,,,muralgliflozin,0.09,0.68,0.677,1.0,1.0,0.527,0.103,SGLT2 inhibitor,generic,-gliflozin,saturated,False,,
zuragliflozin,False,ngram_guided,3,54.02,55.44,moderate,-0.44,14.56,grandiflorum,0.705,5,INTRA_STEM_TOO_CLOSE|TRADEMARK_HIT,SIMILARITY_MODERATE,,zuragliflozin,0.0,0.6,0.763,1.0,1.0,0.624,0.013,SGLT2 inhibitor,generic,-gliflozin,saturated,False,,
cosidgliflozin,False,ngram_guided,3,54.97,58.39,moderate,-3.39,11.61,rosiglitazone,0.6926,5,INTRA_STEM_TOO_CLOSE|TRADEMARK_HIT,SIMILARITY_MODERATE,,cosidgliflozin,0.0,0.45,0.677,1.0,1.0,0.527,0.889,SGLT2 inhibitor,generic,-gliflozin,saturated,False,,
govigliflozin,False,ngram_guided,3,57.46,58.6,moderate,-3.6,11.4,rosiglitazone,0.6993,5,INTRA_STEM_TOO_CLOSE|TRADEMARK_HIT,SIMILARITY_MODERATE,,govigliflozin,0.0,0.6,0.763,1.0,1.0,0.624,0.504,SGLT2 inhibitor,generic,-gliflozin,saturated,False,,
sebegliflozin,False,ngram_guided,3,59.52,59.35,moderate,-4.35,10.65,peoniflorin,0.7133,5,INTRA_STEM_TOO_CLOSE|TRADEMARK_HIT,SIMILARITY_MODERATE,,sebegliflozin,0.0,0.6,0.763,1.0,1.0,0.624,0.798,SGLT2 inhibitor,generic,-gliflozin,saturated,False,,
bamgliflozin,False,ngram_guided,3,65.14,56.97,moderate,-1.97,13.03,tamsulosin,0.6928,4,INTRA_STEM_TOO_CLOSE|TRADEMARK_HIT,SIMILARITY_MODERATE,,bamgliflozin,0.0,1.0,0.647,1.0,1.0,0.862,0.352,SGLT2 inhibitor,generic,-gliflozin,saturated,False,,
febgliflozin,False,ngram_guided,3,65.71,61.2,moderate,-6.2,8.8,peoniflorin,0.6646,4,INTRA_STEM_TOO_CLOSE|TRADEMARK_HIT,SIMILARITY_MODERATE,,febgliflozin,0.0,1.0,0.647,1.0,1.0,0.862,0.434,SGLT2 inhibitor,generic,-gliflozin,saturated,False,,
desgliflozin,False,ngram_guided,3,65.82,59.92,moderate,-4.92,10.08,peoniflorin,0.726,4,INTRA_STEM_TOO_CLOSE|TRADEMARK_HIT,SIMILARITY_MODERATE,,desgliflozin,0.0,1.0,0.647,1.0,1.0,0.862,0.449,SGLT2 inhibitor,generic,-gliflozin,saturated,False,,
gamglogliflozin,True,ngram_guided,3,49.07,54.15,low,0.85,15.85,alogliptin,0.6726,5,,,,gamglogliflozin,0.034,0.3,0.561,1.0,1.0,0.456,0.692,SGLT2 inhibitor,generic,-gliflozin,saturated,False,,
resgliflozin,False,ngram_guided,3,64.77,56.88,moderate,-1.88,13.12,peoniflorin,0.7125,4,INTRA_STEM_TOO_CLOSE|TRADEMARK_HIT,SIMILARITY_MODERATE,,resgliflozin,0.0,1.0,0.647,1.0,1.0,0.862,0.299,SGLT2 inhibitor,generic,-gliflozin,saturated,False,,
golgliflozin,False,ngram_guided,3,63.94,59.09,moderate,-4.09,10.91,zoliflodacin,0.7138,4,INTRA_STEM_TOO_CLOSE|TRADEMARK_HIT,SIMILARITY_MODERATE,,golgliflozin,0.0,1.0,0.647,1.0,1.0,0.862,0.181,SGLT2 inhibitor,generic,-gliflozin,saturated,False,,
mivagliflozin,False,ngram_guided,3,60.5,58.85,moderate,-3.85,11.15,bivalirudin,0.7361,5,INTRA_STEM_TOO_CLOSE|TRADEMARK_HIT,SIMILARITY_MODERATE,,mivagliflozin,0.0,0.6,0.763,1.0,1.0,0.624,0.939,SGLT2 inhibitor,generic,-gliflozin,saturated,False,,
octalgliflozin,False,ngram_guided,3,53.88,55.13,moderate,-0.13,14.87,oxaliplatin,0.8294,5,INTRA_STEM_TOO_CLOSE|TRADEMARK_HIT,SIMILARITY_MODERATE,,octalgliflozin,0.0,0.45,0.652,1.0,1.0,0.527,0.782,SGLT2 inhibitor,generic,-gliflozin,saturated,False,,
vadalgliflozin,False,ngram_guided,3,56.88,53.84,low,1.16,16.16,vildagliptin,0.721,5,INTRA_STEM_TOO_CLOSE|TRADEMARK_HIT,,,vadalgliflozin,0.046,0.68,0.677,1.0,1.0,0.527,0.345,SGLT2 inhibitor,generic,-gliflozin,saturated,False,,
voxigliflozin,False,ngram_guided,3,58.96,58.81,moderate,-3.81,11.19,oxaliplatin,0.7103,5,INTRA_STEM_TOO_CLOSE|TRADEMARK_HIT,SIMILARITY_MODERATE,,voxigliflozin,0.0,0.6,0.763,1.0,1.0,0.624,0.719,SGLT2 inhibitor,generic,-gliflozin,saturated,False,,
amylgliflozin,False,ngram_guided,3,58.65,56.89,moderate,-1.89,13.11,amyloglucosidase,0.8185,5,INTRA_STEM_TOO_CLOSE|TRADEMARK_HIT,SIMILARITY_MODERATE,,amylgliflozin,0.0,0.6,0.677,1.0,1.0,0.624,0.848,SGLT2 inhibitor,generic,-gliflozin,saturated,False,,
zalecgliflozin,False,ngram_guided,3,54.11,55.4,moderate,-0.4,14.6,alogliptin,0.614,5,INTRA_STEM_TOO_CLOSE|TRADEMARK_HIT,SIMILARITY_MODERATE,,zalecgliflozin,0.0,0.68,0.677,1.0,1.0,0.527,0.109,SGLT2 inhibitor,generic,-gliflozin,saturated,False,,
fruquizagliflozin,True,ngram_guided,3,52.94,49.74,low,5.26,20.26,fruquintinib,0.7291,6,,,,fruquizagliflozin,0.21,0.4,0.648,1.0,1.0,0.168,0.59,SGLT2 inhibitor,generic,-gliflozin,saturated,False,,
dodecigliflozin,False,ngram_guided,3,44.94,55.12,moderate,-0.12,14.88,teneligliptin,0.7489,6,TRADEMARK_HIT,SIMILARITY_MODERATE,,dodecigliflozin,0.0,0.517,0.784,1.0,0.53,0.237,0.54,SGLT2 inhibitor,generic,-gliflozin,saturated,False,,
ombigliflozin,False,ngram_guided,3,54.95,54.38,low,0.62,15.62,kombiglyze,0.7165,5,INTRA_STEM_TOO_CLOSE|TRADEMARK_HIT,,,ombigliflozin,0.025,0.6,0.739,1.0,1.0,0.624,0.11,SGLT2 inhibitor,generic,-gliflozin,saturated,False,,
oclgliflozin,False,ngram_guided,3,58.17,54.8,low,0.2,15.2,acriflavine,0.5749,4,INTRA_STEM_TOO_CLOSE|TRADEMARK_HIT,,,oclgliflozin,0.008,1.0,0.519,0.65,1.0,0.862,0.035,SGLT2 inhibitor,generic,-gliflozin,saturated,False,,
tungliflozin,False,ngram_guided+refined,3,64.37,63.59,moderate,-8.59,6.41,peoniflorin,0.7016,4,INTRA_STEM_TOO_CLOSE|TRADEMARK_HIT,SIMILARITY_MODERATE,tengliflozin,tengliflozin -> tungliflozin,0.0,1.0,0.768,1.0,1.0,0.862,0.0,SGLT2 inhibitor,generic,-gliflozin,saturated,False,,
tongliflozin,False,ngram_guided+refined,3,64.37,63.71,moderate,-8.71,6.29,peoniflorin,0.7422,4,INTRA_STEM_TOO_CLOSE|TRADEMARK_HIT|CROSSLINGUAL_ADVERSE_MEANING,SIMILARITY_MODERATE,tengliflozin,tengliflozin -> tungliflozin -> tongliflozin,0.0,1.0,0.768,1.0,1.0,0.862,0.0,SGLT2 inhibitor,generic,-gliflozin,saturated,False,,
dasgliflozin,False,ngram_guided+refined,3,62.82,62.3,moderate,-7.3,7.7,dapagliflozin,0.6534,4,INTRA_STEM_TOO_CLOSE|TRADEMARK_HIT,SIMILARITY_MODERATE,desgliflozin,desgliflozin -> dasgliflozin,0.0,1.0,0.647,1.0,1.0,0.862,0.021,SGLT2 inhibitor,generic,-gliflozin,saturated,False,,
disgliflozin,False,ngram_guided+refined,3,62.73,57.65,moderate,-2.65,12.35,diglycerin,0.73,4,INTRA_STEM_TOO_CLOSE|TRADEMARK_HIT,SIMILARITY_MODERATE,desgliflozin,desgliflozin -> dasgliflozin -> disgliflozin,0.0,1.0,0.647,1.0,1.0,0.862,0.007,SGLT2 inhibitor,generic,-gliflozin,saturated,False,,
dusgliflozin,False,ngram_guided+refined,3,62.67,55.72,moderate,-0.72,14.28,zoliflodacin,0.6438,4,INTRA_STEM_TOO_CLOSE|TRADEMARK_HIT,SIMILARITY_MODERATE,desgliflozin,desgliflozin -> dasgliflozin -> disgliflozin -> dusgliflozin,0.0,1.0,0.647,1.0,1.0,0.862,0.0,SGLT2 inhibitor,generic,-gliflozin,saturated,False,,
fobgliflozin,False,ngram_guided+refined,3,62.67,59.04,moderate,-4.04,10.96,follitropin,0.6224,4,INTRA_STEM_TOO_CLOSE|TRADEMARK_HIT,SIMILARITY_MODERATE,febgliflozin,febgliflozin -> fobgliflozin,0.0,1.0,0.647,1.0,1.0,0.862,0.0,SGLT2 inhibitor,generic,-gliflozin,saturated,False,,
fabgliflozin,False,ngram_guided+refined,3,62.7,54.97,low,0.03,15.03,flabellifolia,0.6162,4,INTRA_STEM_TOO_CLOSE|TRADEMARK_HIT,,febgliflozin,febgliflozin -> fobgliflozin -> fabgliflozin,0.001,1.0,0.647,1.0,1.0,0.862,0.0,SGLT2 inhibitor,generic,-gliflozin,saturated,False,,
bumgliflozin,False,ngram_guided+refined,3,62.72,58.76,moderate,-3.76,11.24,peoniflorin,0.6903,4,INTRA_STEM_TOO_CLOSE|TRADEMARK_HIT,SIMILARITY_MODERATE,bamgliflozin,bamgliflozin -> bumgliflozin,0.0,1.0,0.647,1.0,1.0,0.862,0.006,SGLT2 inhibitor,generic,-gliflozin,saturated,False,,
bimgliflozin,False,ngram_guided+refined,3,62.7,55.52,moderate,-0.52,14.48,peoniflorin,0.6397,4,INTRA_STEM_TOO_CLOSE|TRADEMARK_HIT,SIMILARITY_MODERATE,bamgliflozin,bamgliflozin -> bumgliflozin -> bimgliflozin,0.0,1.0,0.647,1.0,1.0,0.862,0.003,SGLT2 inhibitor,generic,-gliflozin,saturated,False,,
bemgliflozin,False,ngram_guided+refined,3,62.73,63.12,moderate,-8.12,6.88,peoniflorin,0.6554,4,INTRA_STEM_TOO_CLOSE|TRADEMARK_HIT,SIMILARITY_MODERATE,bamgliflozin,bamgliflozin -> bumgliflozin -> bimgliflozin -> bemgliflozin,0.0,1.0,0.647,1.0,1.0,0.862,0.007,SGLT2 inhibitor,generic,-gliflozin,saturated,False,,
pjagliflozin,False,ngram_guided+refined,3,62.14,58.1,moderate,-3.1,11.9,peoniflorin,0.5566,4,INTRA_STEM_TOO_CLOSE|TRADEMARK_HIT,SIMILARITY_MODERATE|ILLEGAL_ONSET_CLUSTER,pragliflozin,pragliflozin -> pjagliflozin,0.0,1.0,0.609,1.0,1.0,0.862,0.0,SGLT2 inhibitor,generic,-gliflozin,saturated,False,,
pdagliflozin,False,ngram_guided+refined,3,62.14,58.74,moderate,-3.74,11.26,peoniflorin,0.5775,4,INTRA_STEM_TOO_CLOSE|TRADEMARK_HIT,SIMILARITY_MODERATE|ILLEGAL_ONSET_CLUSTER,pragliflozin,pragliflozin -> pjagliflozin -> pdagliflozin,0.0,1.0,0.609,1.0,1.0,0.862,0.0,SGLT2 inhibitor,generic,-gliflozin,saturated,False,,
pgagliflozin,False,ngram_guided+refined,3,62.14,58.1,moderate,-3.1,11.9,peoniflorin,0.5515,4,INTRA_STEM_TOO_CLOSE|TRADEMARK_HIT,SIMILARITY_MODERATE|ILLEGAL_ONSET_CLUSTER,pragliflozin,pragliflozin -> pjagliflozin -> pdagliflozin -> pgagliflozin,0.0,1.0,0.609,1.0,1.0,0.862,0.0,SGLT2 inhibitor,generic,-gliflozin,saturated,False,,
risgliflozin,False,ngram_guided+refined,3,66.42,54.73,low,0.27,15.27,zoliflodacin,0.6824,4,INTRA_STEM_TOO_CLOSE|TRADEMARK_HIT,,resgliflozin,resgliflozin -> risgliflozin,0.011,1.0,0.647,1.0,1.0,0.862,0.498,SGLT2 inhibitor,generic,-gliflozin,saturated,False,,
rusgliflozin,False,ngram_guided+refined,3,62.67,56.19,moderate,-1.19,13.81,ruscifolia,0.655,4,INTRA_STEM_TOO_CLOSE|TRADEMARK_HIT,SIMILARITY_MODERATE,resgliflozin,resgliflozin -> risgliflozin -> rusgliflozin,0.0,1.0,0.647,1.0,1.0,0.862,0.0,SGLT2 inhibitor,generic,-gliflozin,saturated,False,,
ejigliflozin,False,grammar+refined,3,63.0,56.92,moderate,-1.92,13.08,diglycerin,0.6312,5,INTRA_STEM_TOO_CLOSE|TRADEMARK_HIT,SIMILARITY_MODERATE,evigliflozin,evigliflozin -> ejigliflozin,0.0,1.0,0.763,1.0,1.0,0.731,0.0,SGLT2 inhibitor,generic,-gliflozin,saturated,False,,
erigliflozin,False,grammar+refined,3,67.07,57.0,moderate,-2.0,13.0,riboflavin,0.767,5,INTRA_STEM_TOO_CLOSE|TRADEMARK_HIT,SIMILARITY_MODERATE,evigliflozin,evigliflozin -> ejigliflozin -> erigliflozin,0.0,1.0,0.763,1.0,1.0,0.731,0.582,SGLT2 inhibitor,generic,-gliflozin,saturated,False,,
gelgliflozin,False,ngram_guided+refined,3,62.67,63.92,moderate,-8.92,6.08,velagliflozin,0.7478,4,INTRA_STEM_TOO_CLOSE|TRADEMARK_HIT,SIMILARITY_MODERATE,golgliflozin,golgliflozin -> gelgliflozin,0.0,1.0,0.647,1.0,1.0,0.862,0.0,SGLT2 inhibitor,generic,-gliflozin,saturated,False,,
gilgliflozin,False,ngram_guided+refined,3,62.68,55.67,moderate,-0.67,14.33,liliiflora,0.743,4,INTRA_STEM_TOO_CLOSE|TRADEMARK_HIT,SIMILARITY_MODERATE,golgliflozin,golgliflozin -> gelgliflozin -> gilgliflozin,0.0,1.0,0.647,1.0,1.0,0.862,0.001,SGLT2 inhibitor,generic,-gliflozin,saturated,False,,
galgliflozin,False,ngram_guided+refined,3,64.23,56.64,moderate,-1.64,13.36,alogliptin,0.829,4,INTRA_STEM_TOO_CLOSE|TRADEMARK_HIT,SIMILARITY_MODERATE,golgliflozin,golgliflozin -> gelgliflozin -> gilgliflozin -> galgliflozin,0.0,1.0,0.647,1.0,1.0,0.862,0.223,SGLT2 inhibitor,generic,-gliflozin,saturated,False,,
itagliflozin,False,grammar,4,63.0,65.37,moderate,-10.37,4.63,sitagliptin,0.6903,5,INTRA_STEM_TOO_CLOSE|TRADEMARK_HIT,SIMILARITY_MODERATE,,itagliflozin,0.0,1.0,0.763,1.0,1.0,0.731,0.0,SGLT2 inhibitor,generic,-gliflozin,saturated,False,,
estigliflozin,False,grammar,4,52.32,55.23,moderate,-0.23,14.77,sessilifolia,0.8007,5,INTRA_STEM_TOO_CLOSE|TRADEMARK_HIT,SIMILARITY_MODERATE,,estigliflozin,0.0,0.6,0.648,1.0,1.0,0.624,0.001,SGLT2 inhibitor,generic,-gliflozin,saturated,False,,
nenfevigliflozin,True,grammar,4,52.98,58.72,moderate,-3.72,11.28,teneligliptin,0.6457,6,,SIMILARITY_MODERATE,,nenfevigliflozin,0.0,0.771,0.759,1.0,1.0,0.192,0.001,SGLT2 inhibitor,generic,-gliflozin,saturated,False,,
roogliflozin,False,grammar,4,63.89,59.69,moderate,-4.69,10.31,zoliflodacin,0.6589,4,INTRA_STEM_TOO_CLOSE|TRADEMARK_HIT,SIMILARITY_MODERATE,,roogliflozin,0.0,1.0,0.733,1.0,1.0,0.862,0.0,SGLT2 inhibitor,generic,-gliflozin,saturated,False,,
clokugliflozin,False,grammar,4,61.25,53.07,low,1.93,16.93,longiflorium,0.6308,5,INTRA_STEM_TOO_CLOSE,,,clokugliflozin,0.077,1.0,0.648,1.0,1.0,0.527,0.007,SGLT2 inhibitor,generic,-gliflozin,saturated,False,,
gesugliflozin,False,grammar,4,61.93,55.99,moderate,-0.99,14.01,peoniflorin,0.7257,5,INTRA_STEM_TOO_CLOSE|TRADEMARK_HIT,SIMILARITY_MODERATE,,gesugliflozin,0.0,1.0,0.763,1.0,1.0,0.624,0.0,SGLT2 inhibitor,generic,-gliflozin,saturated,False,,
tepudagliflozin,False,grammar,4,56.42,51.46,low,3.54,18.54,peoniflorin,0.6283,6,INTRA_STEM_TOO_CLOSE|TRADEMARK_HIT,,,tepudagliflozin,0.142,0.733,0.784,1.0,1.0,0.237,0.001,SGLT2 inhibitor,generic,-gliflozin,saturated,False,,
poevigliflozin,False,grammar,4,59.09,57.28,moderate,-2.28,12.72,peoniflorin,0.6602,6,INTRA_STEM_TOO_CLOSE|TRADEMARK_HIT,SIMILARITY_MODERATE,,poevigliflozin,0.0,1.0,0.784,1.0,1.0,0.309,0.004,SGLT2 inhibitor,generic,-gliflozin,saturated,False,,
udoclugliflozin,False,grammar,4,60.22,51.29,low,3.71,18.71,fluciclovine,0.611,6,TRADEMARK_HIT,,,udoclugliflozin,0.148,1.0,0.663,1.0,1.0,0.237,0.0,SGLT2 inhibitor,generic,-gliflozin,saturated,False,,
badjiigliflozin,False,grammar,4,60.21,52.7,low,2.3,17.3,diglycerin,0.6287,6,TRADEMARK_HIT,,,badjiigliflozin,0.092,1.0,0.759,1.0,1.0,0.237,0.0,SGLT2 inhibitor,generic,-gliflozin,saturated,False,,
dodulagliflozin,False,grammar,4,56.34,51.8,low,3.2,18.2,trelagliptin,0.7555,6,INTRA_STEM_TOO_CLOSE|TRADEMARK_HIT,,,dodulagliflozin,0.128,0.733,0.784,1.0,1.0,0.237,0.036,SGLT2 inhibitor,generic,-gliflozin,saturated,False,,
paligliflozin,False,grammar,4,55.88,58.76,moderate,-3.76,11.24,lidoflazine,0.8187,5,INTRA_STEM_TOO_CLOSE|TRADEMARK_HIT,SIMILARITY_MODERATE,,paligliflozin,0.0,0.6,0.763,1.0,1.0,0.624,0.278,SGLT2 inhibitor,generic,-gliflozin,saturated,False,,
ampegliflozin,False,grammar,4,53.84,69.03,moderate,-14.03,0.97,empagliflozin,0.802,5,INTRA_STEM_TOO_CLOSE|TRADEMARK_HIT,SIMILARITY_MODERATE,,ampegliflozin,0.0,0.6,0.739,1.0,1.0,0.624,0.036,SGLT2 inhibitor,generic,-gliflozin,saturated,False,,
talbixagliflozin,False,grammar,4,49.31,54.6,low,0.4,15.4,saxagliptin,0.693,6,INTRA_STEM_TOO_CLOSE|TRADEMARK_HIT,,,talbixagliflozin,0.016,0.564,0.759,1.0,1.0,0.192,0.014,SGLT2 inhibitor,generic,-gliflozin,saturated,False,,
eerigliflozin,False,grammar,4,61.93,55.57,moderate,-0.57,14.43,viridiflora,0.6549,5,INTRA_STEM_TOO_CLOSE|TRADEMARK_HIT,SIMILARITY_MODERATE,,eerigliflozin,0.0,1.0,0.763,1.0,1.0,0.624,0.0,SGLT2 inhibitor,generic,-gliflozin,saturated,False,,
cotagliflozin,False,grammar,4,61.93,79.58,high,-24.58,-9.58,sotagliflozin,0.7679,5,SIMILARITY_TOO_HIGH|INTRA_STEM_TOO_CLOSE|TRADEMARK_HIT,,,cotagliflozin,0.0,1.0,0.763,1.0,1.0,0.624,0.0,SGLT2 inhibitor,generic,-gliflozin,saturated,False,,
ceszizogliflozin,True,grammar,4,58.8,53.7,low,1.3,16.3,zoliflodacin,0.6393,6,,,,ceszizogliflozin,0.052,1.0,0.759,1.0,1.0,0.192,0.0,SGLT2 inhibitor,generic,-gliflozin,saturated,True,,
toxigliflozin,False,grammar,4,54.8,58.81,moderate,-3.81,11.19,oxaliplatin,0.7568,5,INTRA_STEM_TOO_CLOSE|TRADEMARK_HIT,SIMILARITY_MODERATE,,toxigliflozin,0.0,0.6,0.763,1.0,1.0,0.624,0.124,SGLT2 inhibitor,generic,-gliflozin,saturated,False,,
setligliflozin,False,grammar,4,54.28,60.21,moderate,-5.21,9.79,teneligliptin,0.6862,5,INTRA_STEM_TOO_CLOSE|TRADEMARK_HIT,SIMILARITY_MODERATE,,setligliflozin,0.0,0.68,0.739,1.0,1.0,0.527,0.01,SGLT2 inhibitor,generic,-gliflozin,saturated,False,,
apegliflozin,False,grammar,4,63.02,68.44,moderate,-13.44,1.56,peoniflorin,0.7662,5,INTRA_STEM_TOO_CLOSE|TRADEMARK_HIT,SIMILARITY_MODERATE,,apegliflozin,0.0,1.0,0.763,1.0,1.0,0.731,0.003,SGLT2 inhibitor,generic,-gliflozin,saturated,False,,
meuninagliflozin,False,grammar,4,53.33,55.7,moderate,-0.7,14.3,linagliptin,0.631,6,TRADEMARK_HIT,SIMILARITY_MODERATE,,meuninagliflozin,0.0,0.771,0.784,1.0,1.0,0.192,0.001,SGLT2 inhibitor,generic,-gliflozin,saturated,False,,
pacigliflozin,False,grammar,4,56.77,57.35,moderate,-2.35,12.65,bacilliformis,0.7263,5,INTRA_STEM_TOO_CLOSE|TRADEMARK_HIT,SIMILARITY_MODERATE,,pacigliflozin,0.0,0.6,0.763,1.0,1.0,0.624,0.405,SGLT2 inhibitor,generic,-gliflozin,saturated,False,,
poccigliflozin,False,grammar,4,54.69,54.52,low,0.48,15.48,coccidioidin,0.7459,5,INTRA_STEM_TOO_CLOSE|TRADEMARK_HIT,,,poccigliflozin,0.019,0.68,0.739,1.0,1.0,0.527,0.001,SGLT2 inhibitor,generic,-gliflozin,saturated,False,,
reagliflozin,False,grammar,4,63.89,57.83,moderate,-2.83,12.17,peoniflorin,0.727,4,INTRA_STEM_TOO_CLOSE|TRADEMARK_HIT,SIMILARITY_MODERATE,,reagliflozin,0.0,1.0,0.733,1.0,1.0,0.862,0.0,SGLT2 inhibitor,generic,-gliflozin,saturated,False,,
drogliflozin,False,ngram_guided,4,69.66,64.52,moderate,-9.52,5.48,troglitazone,0.8341,4,INTRA_STEM_TOO_CLOSE|TRADEMARK_HIT,SIMILARITY_MODERATE,,drogliflozin,0.0,1.0,0.648,1.0,1.0,0.862,0.995,SGLT2 inhibitor,generic,-gliflozin,saturated,False,,
rangliflozin,False,ngram_guided,4,69.21,61.89,moderate,-6.89,8.11,grandiflorum,0.7357,4,INTRA_STEM_TOO_CLOSE|TRADEMARK_HIT,SIMILARITY_MODERATE,,rangliflozin,0.0,1.0,0.768,1.0,1.0,0.862,0.692,SGLT2 inhibitor,generic,-gliflozin,saturated,False,,
valdesgliflozin,False,ngram_guided,4,54.6,57.76,moderate,-2.76,12.24,vildagliptin,0.7269,5,INTRA_STEM_TOO_CLOSE|TRADEMARK_HIT,SIMILARITY_MODERATE,,valdesgliflozin,0.0,0.517,0.652,1.0,1.0,0.456,0.797,SGLT2 inhibitor,generic,-gliflozin,saturated,False,,
tesevamogliflozin,True,ngram_guided,4,59.55,50.87,low,4.13,19.13,tesamorelin,0.6678,7,,,,tesevamogliflozin,0.165,0.6,0.798,1.0,1.0,0.052,0.985,SGLT2 inhibitor,generic,-gliflozin,saturated,True,,
dulgliflozin,False,ngram_guided,4,64.92,59.82,moderate,-4.82,10.18,multiflorum,0.7866,4,INTRA_STEM_TOO_CLOSE|TRADEMARK_HIT,SIMILARITY_MODERATE,,dulgliflozin,0.0,1.0,0.647,1.0,1.0,0.862,0.321,SGLT2 inhibitor,generic,-gliflozin,saturated,False,,
suvgliflozin,False,ngram_guided,4,63.26,55.95,moderate,-0.95,14.05,subtilisin,0.6552,4,INTRA_STEM_TOO_CLOSE|TRADEMARK_HIT,SIMILARITY_MODERATE,,suvgliflozin,0.0,1.0,0.647,1.0,1.0,0.862,0.085,SGLT2 inhibitor,generic,-gliflozin,saturated,False,,
arggliflozin,False,ngram_guided,4,58.27,56.39,moderate,-1.39,13.61,zoliflodacin,0.664,4,INTRA_STEM_TOO_CLOSE|TRADEMARK_HIT,SIMILARITY_MODERATE,,arggliflozin,0.0,1.0,0.647,0.4,1.0,0.862,0.142,SGLT2 inhibitor,generic,-gliflozin,saturated,False,,
chlogliflozin,False,ngram_guided,4,55.56,60.28,moderate,-5.28,9.72,alogliptin,0.9032,4,INTRA_STEM_TOO_CLOSE|TRADEMARK_HIT,SIMILARITY_MODERATE,,chlogliflozin,0.0,0.6,0.561,1.0,1.0,0.755,0.449,SGLT2 inhibitor,generic,-gliflozin,saturated,False,,
chirgliflozin,False,ngram_guided,4,54.55,57.23,moderate,-2.23,12.77,peoniflorin,0.7313,4,INTRA_STEM_TOO_CLOSE|TRADEMARK_HIT,SIMILARITY_MODERATE,,chirgliflozin,0.0,0.6,0.622,1.0,1.0,0.755,0.184,SGLT2 inhibitor,generic,-gliflozin,saturated,False,,
levocagliflozin,False,ngram_guided,4,39.29,56.98,moderate,-1.98,13.02,levocetirizine,0.7422,6,INTRA_STEM_TOO_CLOSE|TRADEMARK_HIT,SIMILARITY_MODERATE,,levocagliflozin,0.0,0.3,0.784,1.0,0.53,0.237,0.352,SGLT2 inhibitor,generic,-gliflozin,saturated,False,,
tepoxigliflozin,False,ngram_guided,4,54.91,54.26,low,0.74,15.74,teneligliptin,0.7109,6,INTRA_STEM_TOO_CLOSE,,,tepoxigliflozin,0.03,0.517,0.784,1.0,1.0,0.237,0.789,SGLT2 inhibitor,generic,-gliflozin,saturated,False,,
marggliflozin,False,ngram_guided,4,53.9,56.34,moderate,-1.34,13.66,marbofloxacin,0.6786,4,INTRA_STEM_TOO_CLOSE|TRADEMARK_HIT,SIMILARITY_MODERATE,,marggliflozin,0.0,0.6,0.647,0.4,1.0,0.755,0.814,SGLT2 inhibitor,generic,-gliflozin,saturated,False,,
marbogliflozin,False,ngram_guided,4,53.58,61.28,moderate,-6.28,8.72,marbofloxacin,0.8575,5,INTRA_STEM_TOO_CLOSE|TRADEMARK_HIT,SIMILARITY_MODERATE,,marbogliflozin,0.0,0.45,0.739,1.0,1.0,0.527,0.567,SGLT2 inhibitor,generic,-gliflozin,saturated,False,,
zangliflozin,False,ngram_guided,4,68.83,61.65,moderate,-6.65,8.35,zoliflodacin,0.7084,4,INTRA_STEM_TOO_CLOSE|TRADEMARK_HIT,SIMILARITY_MODERATE,,zangliflozin,0.0,1.0,0.768,1.0,1.0,0.862,0.637,SGLT2 inhibitor,generic,-gliflozin,saturated,False,,
butgliflozin,False,ngram_guided,4,66.97,56.74,moderate,-1.74,13.26,buclizine,0.6589,4,INTRA_STEM_TOO_CLOSE|TRADEMARK_HIT,SIMILARITY_MODERATE,,butgliflozin,0.0,1.0,0.647,1.0,1.0,0.862,0.614,SGLT2 inhibitor,generic,-gliflozin,saturated,False,,
rhynchogliflozin,True,ngram_guided,4,40.6,58.0,moderate,-3.0,12.0,rhynchophylline,0.669,5,,SIMILARITY_MODERATE|ILLEGAL_ONSET_CLUSTER,,rhynchogliflozin,0.0,0.15,0.53,1.0,1.0,0.411,0.154,SGLT2 inhibitor,generic,-gliflozin,saturated,False,,
enralgliflozin,False,ngram_guided,4,52.54,54.0,low,1.0,16.0,trelagliptin,0.6971,5,INTRA_STEM_TOO_CLOSE|TRADEMARK_HIT,,,enralgliflozin,0.04,0.45,0.652,1.0,1.0,0.527,0.454,SGLT2 inhibitor,generic,-gliflozin,saturated,False,,
repogliflozin,False,ngram_guided,4,55.83,63.87,moderate,-8.87,6.13,peoniflorin,0.7761,5,INTRA_STEM_TOO_CLOSE|TRADEMARK_HIT,SIMILARITY_MODERATE,,repogliflozin,0.0,0.6,0.763,1.0,1.0,0.624,0.272,SGLT2 inhibitor,generic,-gliflozin,saturated,False,,
ephogliflozin,False,ngram_guided,4,54.99,63.85,moderate,-8.85,6.15,peoniflorin,0.7766,5,INTRA_STEM_TOO_CLOSE|TRADEMARK_HIT,SIMILARITY_MODERATE,,ephogliflozin,0.0,0.6,0.739,1.0,1.0,0.624,0.201,SGLT2 inhibitor,generic,-gliflozin,saturated,False,,
gepogliflozin,False,ngram_guided,4,55.52,63.87,moderate,-8.87,6.13,peoniflorin,0.7414,5,INTRA_STEM_TOO_CLOSE|TRADEMARK_HIT,SIMILARITY_MODERATE,,gepogliflozin,0.0,0.6,0.763,1.0,1.0,0.624,0.227,SGLT2 inhibitor,generic,-gliflozin,saturated,False,,
polylgliflozin,False,ngram_guided,4,44.58,63.83,moderate,-8.83,6.17,polyglycerin,0.8695,5,INTRA_STEM_TOO_CLOSE,SIMILARITY_MODERATE,,polylgliflozin,0.0,0.45,0.677,1.0,0.53,0.527,0.479,SGLT2 inhibitor,generic,-gliflozin,saturated,False,,
clebrikigliflozin,True,ngram_guided,4,53.27,47.09,low,7.91,22.91,chlorcyclizine,0.6781,6,,,,clebrikigliflozin,0.316,0.2,0.623,1.0,1.0,0.168,0.895,SGLT2 inhibitor,generic,-gliflozin,saturated,False,,
ecagliflozin,False,ngram_guided,4,63.18,58.49,moderate,-3.49,11.51,cauliflower,0.703,5,INTRA_STEM_TOO_CLOSE|TRADEMARK_HIT,SIMILARITY_MODERATE,,ecagliflozin,0.0,1.0,0.763,1.0,1.0,0.731,0.026,SGLT2 inhibitor,generic,-gliflozin,saturated,False,,
zengliflozin,False,ngram_guided,4,64.38,63.45,moderate,-8.45,6.55,zoliflodacin,0.6729,4,INTRA_STEM_TOO_CLOSE|TRADEMARK_HIT,SIMILARITY_MODERATE,,zengliflozin,0.0,1.0,0.768,1.0,1.0,0.862,0.001,SGLT2 inhibitor,generic,-gliflozin,saturated,False,,
dqogliflozin,False,ngram_guided+refined,4,63.54,63.61,moderate,-8.61,6.39,zoliflodacin,0.6342,4,INTRA_STEM_TOO_CLOSE|TRADEMARK_HIT,SIMILARITY_MODERATE,drogliflozin,drogliflozin -> dqogliflozin,0.0,1.0,0.709,1.0,1.0,0.862,0.0,SGLT2 inhibitor,generic,-gliflozin,saturated,False,,
dnogliflozin,False,ngram_guided+refined,4,62.14,60.23,moderate,-5.23,9.77,zoliflodacin,0.5902,4,INTRA_STEM_TOO_CLOSE|TRADEMARK_HIT,SIMILARITY_MODERATE|ILLEGAL_ONSET_CLUSTER,drogliflozin,drogliflozin -> dqogliflozin -> dnogliflozin,0.0,1.0,0.609,1.0,1.0,0.862,0.0,SGLT2 inhibitor,generic,-gliflozin,saturated,False,,
rengliflozin,False,ngram_guided+refined,4,64.64,61.9,moderate,-6.9,8.1,peoniflorin,0.7139,4,INTRA_STEM_TOO_CLOSE|TRADEMARK_HIT,SIMILARITY_MODERATE,rangliflozin,rangliflozin -> rengliflozin,0.0,1.0,0.768,1.0,1.0,0.862,0.038,SGLT2 inhibitor,generic,-gliflozin,saturated,False,,
zingliflozin,False,ngram_guided+refined,4,64.37,61.65,moderate,-6.65,8.35,zoliflodacin,0.7449,4,INTRA_STEM_TOO_CLOSE|TRADEMARK_HIT,SIMILARITY_MODERATE,zangliflozin,zangliflozin -> zingliflozin,0.0,1.0,0.768,1.0,1.0,0.862,0.0,SGLT2 inhibitor,generic,-gliflozin,saturated,False,,
botgliflozin,False,ngram_guided+refined,4,62.67,57.95,moderate,-2.95,12.05,zoliflodacin,0.6255,4,INTRA_STEM_TOO_CLOSE|TRADEMARK_HIT,SIMILARITY_MODERATE,butgliflozin,butgliflozin -> botgliflozin,0.0,1.0,0.647,1.0,1.0,0.862,0.0,SGLT2 inhibitor,generic,-gliflozin,saturated,False,,
batgliflozin,False,ngram_guided+refined,4,62.67,56.74,moderate,-1.74,13.26,gatifloxacin,0.6423,4,INTRA_STEM_TOO_CLOSE|TRADEMARK_HIT,SIMILARITY_MODERATE,butgliflozin,butgliflozin -> botgliflozin -> batgliflozin,0.0,1.0,0.647,1.0,1.0,0.862,0.0,SGLT2 inhibitor,generic,-gliflozin,saturated,False,,
delgliflozin,False,ngram_guided+refined,4,65.05,63.38,moderate,-8.38,6.62,velagliflozin,0.7477,4,INTRA_STEM_TOO_CLOSE|TRADEMARK_HIT,SIMILARITY_MODERATE,dulgliflozin,dulgliflozin -> delgliflozin,0.0,1.0,0.647,1.0,1.0,0.862,0.339,SGLT2 inhibitor,generic,-gliflozin,saturated,False,,
dolgliflozin,False,ngram_guided+refined,4,62.74,59.09,moderate,-4.09,10.91,zoliflodacin,0.7377,4,INTRA_STEM_TOO_CLOSE|TRADEMARK_HIT,SIMILARITY_MODERATE,dulgliflozin,dulgliflozin -> delgliflozin -> dolgliflozin,0.0,1.0,0.647,1.0,1.0,0.862,0.01,SGLT2 inhibitor,generic,-gliflozin,saturated,False,,
dilgliflozin,False,ngram_guided+refined,4,65.33,57.92,moderate,-2.92,12.08,tildipirosin,0.8132,4,INTRA_STEM_TOO_CLOSE|TRADEMARK_HIT,SIMILARITY_MODERATE,dulgliflozin,dulgliflozin -> delgliflozin -> dolgliflozin -> dilgliflozin,0.0,1.0,0.647,1.0,1.0,0.862,0.38,SGLT2 inhibitor,generic,-gliflozin,saturated,False,,
zungliflozin,False,ngram_guided+refined,4,64.37,63.85,moderate,-8.85,6.15,zoliflodacin,0.624,4,INTRA_STEM_TOO_CLOSE|TRADEMARK_HIT,SIMILARITY_MODERATE,zengliflozin,zengliflozin -> zungliflozin,0.0,1.0,0.768,1.0,1.0,0.862,0.0,SGLT2 inhibitor,generic,-gliflozin,saturated,False,,
riogliflozin,False,grammar+refined,4,63.0,60.22,moderate,-5.22,9.78,peoniflorin,0.7381,5,INTRA_STEM_TOO_CLOSE|TRADEMARK_HIT,SIMILARITY_MODERATE,roogliflozin,roogliflozin -> riogliflozin,0.0,1.0,0.763,1.0,1.0,0.731,0.0,SGLT2 inhibitor,generic,-gliflozin,saturated,False,,
roagliflozin,False,grammar+refined,4,63.0,59.35,moderate,-4.35,10.65,zoliflodacin,0.7304,5,INTRA_STEM_TOO_CLOSE|TRADEMARK_HIT,SIMILARITY_MODERATE,reagliflozin,reagliflozin -> roagliflozin,0.0,1.0,0.763,1.0,1.0,0.731,0.0,SGLT2 inhibitor,generic,-gliflozin,saturated,False,,
epeparib,True,grammar,1,68.13,64.72,moderate,-9.72,5.28,heparin,0.7232,4,,SIMILARITY_MODERATE,,epeparib,0.0,1.0,1.0,1.0,1.0,0.912,0.001,PARP inhibitor,generic,-parib,saturated,True,,
zivieparib,True,grammar,1,62.58,66.39,moderate,-11.39,3.61,reviparin,0.6044,4,,SIMILARITY_MODERATE,,zivieparib,0.0,0.68,1.0,1.0,1.0,0.998,0.0,PARP inhibitor,generic,-parib,saturated,False,,
gasalduparib,True,grammar,1,61.74,59.48,moderate,-4.48,10.52,dalteparin,0.6408,5,,SIMILARITY_MODERATE,,gasalduparib,0.0,0.771,1.0,1.0,1.0,0.731,0.0,PARP inhibitor,generic,-parib,saturated,False,,
iteparib,True,grammar,1,68.12,65.46,moderate,-10.46,4.54,temaril,0.6469,4,,SIMILARITY_MODERATE,,iteparib,0.0,1.0,1.0,1.0,1.0,0.912,0.0,PARP inhibitor,generic,-parib,saturated,True,,
udaparib,False,grammar,1,68.12,66.46,moderate,-11.46,3.54,capparis,0.6117,4,INTRA_STEM_TOO_CLOSE,SIMILARITY_MODERATE,,udaparib,0.0,1.0,1.0,1.0,1.0,0.912,0.0,PARP inhibitor,generic,-parib,saturated,False,,
udiparib,False,grammar,1,68.12,70.17,high,-15.17,-0.17,uniprim,0.624,4,SIMILARITY_TOO_HIGH|TRADEMARK_HIT,,,udiparib,0.0,1.0,1.0,1.0,1.0,0.912,0.0,PARP inhibitor,generic,-parib,saturated,False,,
griozlaparib,True,grammar,1,64.48,56.52,moderate,-1.52,13.48,tinzaparin,0.6026,5,,SIMILARITY_MODERATE,,griozlaparib,0.0,1.0,0.869,1.0,1.0,0.731,0.0,PARP inhibitor,generic,-parib,saturated,False,,
elaparib,False,grammar,1,74.43,76.96,high,-21.96,-6.96,olaparib,0.7227,4,SIMILARITY_TOO_HIGH|INTRA_STEM_TOO_CLOSE|TRADEMARK_HIT,,,elaparib,0.0,1.0,1.0,1.0,1.0,0.912,0.902,PARP inhibitor,generic,-parib,saturated,False,,
maclaparib,True,grammar,1,62.17,62.17,moderate,-7.17,7.83,malabar,0.7022,4,,SIMILARITY_MODERATE,,maclaparib,0.0,0.68,0.879,1.0,1.0,0.998,0.183,PARP inhibitor,generic,-parib,saturated,False,,
adaparib,False,grammar,1,68.33,74.78,high,-19.78,-4.78,addaprin,0.7329,4,SIMILARITY_TOO_HIGH|INTRA_STEM_TOO_CLOSE|TRADEMARK_HIT,,,adaparib,0.0,1.0,1.0,1.0,1.0,0.912,0.03,PARP inhibitor,generic,-parib,saturated,False,,
rofomoparib,True,grammar,1,61.95,63.17,moderate,-8.17,6.83,brodimoprim,0.6986,5,,SIMILARITY_MODERATE,,rofomoparib,0.0,0.733,1.0,1.0,1.0,0.821,0.01,PARP inhibitor,generic,-parib,saturated,False,,
fituroparib,True,grammar,1,61.94,62.32,moderate,-7.32,7.68,semuloparin,0.76,5,,SIMILARITY_MODERATE,,fituroparib,0.0,0.733,1.0,1.0,1.0,0.821,0.009,PARP inhibitor,generic,-parib,saturated,False,,
pefmideparib,True,grammar,1,61.93,57.99,moderate,-2.99,12.01,bemiparin,0.6528,5,,SIMILARITY_MODERATE,,pefmideparib,0.0,0.771,1.0,1.0,1.0,0.731,0.028,PARP inhibitor,generic,-parib,saturated,False,,
cixaparib,True,grammar,1,68.83,66.9,moderate,-11.9,3.1,tinzaparin,0.6558,4,,SIMILARITY_MODERATE,,cixaparib,0.0,1.0,1.0,1.0,1.0,0.983,0.001,PARP inhibitor,generic,-parib,saturated,True,,
dintuparib,True,grammar,1,62.62,64.17,moderate,-9.17,5.83,tinzaparin,0.6572,4,,SIMILARITY_MODERATE,,dintuparib,0.0,0.68,1.0,1.0,1.0,0.998,0.006,PARP inhibitor,generic,-parib,saturated,False,,
gixeparib,True,grammar,1,68.83,60.22,moderate,-5.22,9.78,enoxaparin,0.6212,4,,SIMILARITY_MODERATE,,gixeparib,0.0,1.0,1.0,1.0,1.0,0.983,0.0,PARP inhibitor,generic,-parib,saturated,True,,
ritiparib,False,grammar,1,61.31,70.02,high,-15.02,-0.02,reviparin,0.6818,4,SIMILARITY_TOO_HIGH,,,ritiparib,0.0,0.6,1.0,1.0,1.0,0.983,0.068,PARP inhibitor,generic,-parib,saturated,False,,
efelaparib,False,grammar,1,61.27,67.92,moderate,-12.92,2.08,zelapar,0.6677,5,INTRA_STEM_TOO_CLOSE,SIMILARITY_MODERATE,,efelaparib,0.0,0.68,1.0,1.0,1.0,0.867,0.0,PARP inhibitor,generic,-parib,saturated,False,,
cevodriparib,True,grammar,1,60.25,55.35,moderate,-0.35,14.65,reviparin,0.6504,5,,SIMILARITY_MODERATE,,cevodriparib,0.0,0.771,0.894,1.0,1.0,0.731,0.0,PARP inhibitor,generic,-parib,saturated,False,,
pactoparib,True,grammar,1,62.97,66.44,moderate,-11.44,3.56,pazopanib,0.8302,4,,SIMILARITY_MODERATE,,pactoparib,0.0,0.68,1.0,1.0,1.0,0.998,0.056,PARP inhibitor,generic,-parib,saturated,False,,
covuiparib,True,grammar,1,68.98,61.55,moderate,-6.55,8.45,reviparin,0.606,4,,SIMILARITY_MODERATE,,covuiparib,0.0,1.0,1.0,1.0,1.0,0.998,0.0,PARP inhibitor,generic,-parib,saturated,True,,
utiparib,True,grammar,1,68.12,67.57,moderate,-12.57,2.43,uniprim,0.6402,4,,SIMILARITY_MODERATE,,utiparib,0.0,1.0,1.0,1.0,1.0,0.912,0.0,PARP inhibitor,generic,-parib,saturated,True,,
eraparib,False,grammar,1,70.69,67.53,moderate,-12.53,2.47,fragarin,0.748,4,INTRA_STEM_TOO_CLOSE,SIMILARITY_MODERATE,,eraparib,0.0,1.0,1.0,1.0,1.0,0.912,0.367,PARP inhibitor,generic,-parib,saturated,False,,
abaparib,False,grammar,1,71.18,66.53,moderate,-11.53,3.47,addaprin,0.6732,4,INTRA_STEM_TOO_CLOSE,SIMILARITY_MODERATE,,abaparib,0.0,1.0,1.0,1.0,1.0,0.912,0.437,PARP inhibitor,generic,-parib,saturated,False,,
ropentoparib,True,ngram_guided,1,48.01,63.06,moderate,-8.06,6.94,propentofylline,0.8372,5,,SIMILARITY_MODERATE,,ropentoparib,0.0,0.15,1.0,1.0,0.53,0.731,0.889,PARP inhibitor,generic,-parib,saturated,False,,
bicparib,False,ngram_guided,1,68.12,70.66,high,-15.66,-0.66,bicarb,0.6195,3,SIMILARITY_TOO_HIGH|TRADEMARK_HIT,,,bicparib,0.0,1.0,1.0,1.0,1.0,0.787,0.177,PARP inhibitor,generic,-parib,saturated,False,,
carbiparib,True,ngram_guided,1,52.85,67.51,moderate,-12.51,2.49,ardeparin,0.8827,4,,SIMILARITY_MODERATE,,carbiparib,0.0,0.45,1.0,1.0,0.53,0.998,0.342,PARP inhibitor,generic,-parib,saturated,False,,
pirloparib,True,ngram_guided,1,68.28,63.42,moderate,-8.42,6.58,certoparin,0.7704,4,,SIMILARITY_MODERATE,,pirloparib,0.0,0.68,1.0,1.0,1.0,0.998,0.814,PARP inhibitor,generic,-parib,saturated,True,,
trandoparib,False,ngram_guided,1,54.76,71.82,high,-16.82,-1.82,trandolapril,0.8958,4,SIMILARITY_TOO_HIGH|TRADEMARK_HIT,,,trandoparib,0.0,0.3,0.854,1.0,1.0,0.952,0.325,PARP inhibitor,generic,-parib,saturated,False,,
spesoparib,True,ngram_guided,1,59.65,64.88,moderate,-9.88,5.12,pazopanib,0.7704,4,,SIMILARITY_MODERATE,,spesoparib,0.0,0.45,0.879,1.0,1.0,0.998,0.48,PARP inhibitor,generic,-parib,saturated,False,,
obelidrparib,True,ngram_guided,1,57.39,53.31,low,1.69,16.69,bemiparin,0.615,5,,,,obelidrparib,0.068,0.564,0.828,1.0,1.0,0.731,0.083,PARP inhibitor,generic,-parib,saturated,False,,
eplicparib,True,ngram_guided,1,57.61,65.53,moderate,-10.53,4.47,pulicaris,0.6142,4,,SIMILARITY_MODERATE,,eplicparib,0.0,0.45,0.854,1.0,1.0,0.998,0.238,PARP inhibitor,generic,-parib,saturated,False,,
bevabeparib,True,ngram_guided,1,58.76,64.24,moderate,-9.24,5.76,benazepril,0.6492,5,,SIMILARITY_MODERATE,,bevabeparib,0.0,0.517,1.0,1.0,1.0,0.821,0.173,PARP inhibitor,generic,-parib,saturated,False,,
chlorparib,True,ngram_guided,1,46.91,67.04,moderate,-12.04,2.96,chloraprep,0.9332,3,,SIMILARITY_MODERATE,,chlorparib,0.0,0.45,0.742,1.0,0.53,0.873,0.187,PARP inhibitor,generic,-parib,saturated,False,,
moexidparib,False,ngram_guided,1,62.89,71.55,high,-16.55,-1.55,moexipril,0.6331,5,SIMILARITY_TOO_HIGH|TRADEMARK_HIT,,,moexidparib,0.0,0.517,1.0,1.0,1.0,0.821,0.764,PARP inhibitor,generic,-parib,saturated,False,,
difetparib,True,ngram_guided,1,64.44,63.78,moderate,-8.78,6.22,bifenthrin,0.6315,4,,SIMILARITY_MODERATE,,difetparib,0.0,0.45,1.0,1.0,1.0,0.998,0.923,PARP inhibitor,generic,-parib,saturated,False,,
dicarfilparib,True,ngram_guided,1,51.81,61.64,moderate,-6.64,8.36,ticarcillin,0.6746,5,,SIMILARITY_MODERATE,,dicarfilparib,0.0,0.4,0.975,1.0,0.53,0.624,0.919,PARP inhibitor,generic,-parib,saturated,False,,
ondaparib,False,ngram_guided,1,61.91,70.83,high,-15.83,-0.83,fondaparinux,0.6471,4,SIMILARITY_TOO_HIGH|TRADEMARK_HIT,,,ondaparib,0.0,0.6,1.0,1.0,1.0,0.983,0.155,PARP inhibitor,generic,-parib,saturated,False,,
sulfaparib,False,ngram_guided,1,56.25,79.17,high,-24.17,-9.17,sulfatrim,0.908,4,SIMILARITY_TOO_HIGH|TRADEMARK_HIT,,,sulfaparib,0.0,0.45,1.0,1.0,0.53,0.998,0.827,PARP inhibitor,generic,-parib,saturated,False,,
pimadaloparib,True,ngram_guided,1,65.37,67.12,moderate,-12.12,2.88,imidacloprid,0.7072,6,,SIMILARITY_MODERATE,,pimadaloparib,0.0,0.8,1.0,1.0,1.0,0.406,0.902,PARP inhibitor,generic,-parib,saturated,False,,
saprparib,False,ngram_guided,1,56.92,70.51,high,-15.51,-0.51,sapropterin,0.6785,3,SIMILARITY_TOO_HIGH|TRADEMARK_HIT,,,saprparib,0.0,0.6,0.788,1.0,1.0,0.858,0.045,PARP inhibitor,generic,-parib,saturated,False,,
capsaiparib,True,ngram_guided,1,60.69,66.44,moderate,-11.44,3.56,capsaicin,0.6317,4,,SIMILARITY_MODERATE,,capsaiparib,0.0,0.3,1.0,1.0,1.0,0.952,0.881,PARP inhibitor,generic,-parib,saturated,False,,
fluparib,False,ngram_guided,1,66.31,70.47,high,-15.47,-0.47,fluarix,0.8411,3,SIMILARITY_TOO_HIGH|TRADEMARK_HIT,,,fluparib,0.0,1.0,0.854,1.0,1.0,0.787,0.212,PARP inhibitor,generic,-parib,saturated,False,,
levobiparib,True,ngram_guided,1,53.63,63.55,moderate,-8.55,6.45,reviparin,0.7715,5,,SIMILARITY_MODERATE,,levobiparib,0.0,0.517,1.0,1.0,0.53,0.821,0.515,PARP inhibitor,generic,-parib,saturated,False,,
abeparaparib,True,ngram_guided,1,57.6,63.47,moderate,-8.47,6.53,parnaparin,0.7154,6,,SIMILARITY_MODERATE,,abeparaparib,0.0,0.357,1.0,1.0,1.0,0.513,0.905,PARP inhibitor,generic,-parib,saturated,False,,
biciparib,True,ngram_guided,1,65.95,67.47,moderate,-12.47,2.53,bemiparin,0.7388,4,,SIMILARITY_MODERATE,,biciparib,0.0,0.6,1.0,1.0,1.0,0.983,0.732,PARP inhibitor,generic,-parib,saturated,True,,
amitoparib,False,ngram_guided,1,63.39,70.01,high,-15.01,-0.01,aminopyrine,0.8646,5,SIMILARITY_TOO_HIGH,,,amitoparib,0.0,0.45,1.0,1.0,1.0,0.867,0.96,PARP inhibitor,generic,-parib,saturated,False,,
olaparib,False,grammar+refined,1,72.08,100.0,high,-45.0,-30.0,olaparib,0.7156,4,EXACT_NAME_COLLISION|INTRA_STEM_TOO_CLOSE,,elaparib,elaparib -> olaparib,0.0,1.0,1.0,1.0,1.0,0.912,0.566,PARP inhibitor,generic,-parib,saturated,False,,
ovaparib,False,grammar+refined,1,68.12,68.61,moderate,-13.61,1.39,vaporub,0.6756,4,INTRA_STEM_TOO_CLOSE,SIMILARITY_MODERATE,elaparib,elaparib -> olaparib -> ovaparib,0.0,1.0,1.0,1.0,1.0,0.912,0.0,PARP inhibitor,generic,-parib,saturated,False,,
oyaparib,False,grammar+refined,1,68.12,70.4,high,-15.4,-0.4,aparine,0.6194,4,SIMILARITY_TOO_HIGH|INTRA_STEM_TOO_CLOSE,,elaparib,elaparib -> olaparib -> ovaparib -> oyaparib,0.0,1.0,1.0,1.0,1.0,0.912,0.0,PARP inhibitor,generic,-parib,saturated,False,,
akaparib,False,grammar+refined,1,68.12,71.66,high,-16.66,-1.66,capparis,0.6353,4,SIMILARITY_TOO_HIGH|INTRA_STEM_TOO_CLOSE,,abaparib,abaparib -> akaparib,0.0,1.0,1.0,1.0,1.0,0.912,0.0,PARP inhibitor,generic,-parib,saturated,False,,
agaparib,False,grammar+refined,1,68.13,69.06,moderate,-14.06,0.94,capparis,0.6927,4,INTRA_STEM_TOO_CLOSE,SIMILARITY_MODERATE,abaparib,abaparib -> akaparib -> agaparib,0.0,1.0,1.0,1.0,1.0,0.912,0.001,PARP inhibitor,generic,-parib,saturated,False,,
amaparib,False,grammar+refined,1,68.26,67.04,moderate,-12.04,2.96,amprid,0.7194,4,INTRA_STEM_TOO_CLOSE,SIMILARITY_MODERATE,abaparib,abaparib -> akaparib -> agaparib -> amaparib,0.0,1.0,1.0,1.0,1.0,0.912,0.02,PARP inhibitor,generic,-parib,saturated,False,,
ewaparib,False,grammar+refined,1,68.12,70.4,high,-15.4,-0.4,aparine,0.6039,4,SIMILARITY_TOO_HIGH|INTRA_STEM_TOO_CLOSE,,eraparib,eraparib -> ewaparib,0.0,1.0,1.0,1.0,1.0,0.912,0.0,PARP inhibitor,generic,-parib,saturated,False,,
emaparib,False,grammar+refined,1,70.27,67.82,moderate,-12.82,2.18,bemiparin,0.6756,4,INTRA_STEM_TOO_CLOSE,SIMILARITY_MODERATE,eraparib,eraparib -> ewaparib -> emaparib,0.0,1.0,1.0,1.0,1.0,0.912,0.307,PARP inhibitor,generic,-parib,saturated,False,,
alaparib,False,grammar+refined,1,72.22,73.88,high,-18.88,-3.88,olaparib,0.7712,4,SIMILARITY_TOO_HIGH|INTRA_STEM_TOO_CLOSE,,adaparib,adaparib -> alaparib,0.0,1.0,1.0,1.0,1.0,0.912,0.586,PARP inhibitor,generic,-parib,saturated,False,,
anaparib,False,grammar+refined,1,69.25,71.06,high,-16.06,-1.06,danaparoid,0.8171,4,SIMILARITY_TOO_HIGH|INTRA_STEM_TOO_CLOSE,,adaparib,adaparib -> alaparib -> anaparib,0.0,1.0,1.0,1.0,1.0,0.912,0.162,PARP inhibitor,generic,-parib,saturated,False,,
ataparib,False,grammar+refined,1,72.67,69.06,moderate,-14.06,0.94,capparis,0.7068,4,INTRA_STEM_TOO_CLOSE,SIMILARITY_MODERATE,adaparib,adaparib -> alaparib -> anaparib -> ataparib,0.0,1.0,1.0,1.0,1.0,0.912,0.65,PARP inhibitor,generic,-parib,saturated,False,,
uqaparib,False,grammar+refined,1,68.12,70.4,high,-15.4,-0.4,aparine,0.6044,4,SIMILARITY_TOO_HIGH|INTRA_STEM_TOO_CLOSE,,udaparib,udaparib -> uqaparib,0.0,1.0,1.0,1.0,1.0,0.912,0.0,PARP inhibitor,generic,-parib,saturated,False,,
uquparib,True,grammar+refined,1,65.46,68.6,moderate,-13.6,1.4,aucuparia,0.6026,3,,SIMILARITY_MODERATE,udaparib,udaparib -> uqaparib -> uquparib,0.0,1.0,0.899,1.0,1.0,0.787,0.0,PARP inhibitor,generic,-parib,saturated,False,,
odiparib,True,grammar+refined,1,68.12,62.9,moderate,-7.9,7.1,reviparin,0.7376,4,,SIMILARITY_MODERATE,udiparib,udiparib -> odiparib,0.0,1.0,1.0,1.0,1.0,0.912,0.0,PARP inhibitor,generic,-parib,saturated,True,,
biwparib,True,ngram_guided+refined,1,66.87,60.62,moderate,-5.62,9.38,bicarb,0.621,3,,SIMILARITY_MODERATE,bicparib,bicparib -> biwparib,0.0,1.0,1.0,1.0,1.0,0.787,0.0,PARP inhibitor,generic,-parib,saturated,True,,
fleparib,False,ngram_guided+refined,1,67.42,65.51,moderate,-10.51,4.49,elettaria,0.7356,3,INTRA_STEM_TOO_CLOSE,SIMILARITY_MODERATE,fluparib,fluparib -> fleparib,0.0,1.0,0.854,1.0,1.0,0.787,0.371,PARP inhibitor,generic,-parib,saturated,False,,
fdeparib,True,ngram_guided+refined,1,64.09,69.54,moderate,-14.54,0.46,ardeparin,0.532,3,,SIMILARITY_MODERATE|ILLEGAL_ONSET_CLUSTER,fluparib,fluparib -> fleparib -> fdeparib,0.0,1.0,0.801,1.0,1.0,0.787,0.0,PARP inhibitor,generic,-parib,saturated,False,,
sulusto,True,grammar,1,62.37,66.03,moderate,-11.03,3.97,soluton,0.7818,3,,SIMILARITY_MODERATE,,sulusto,0.0,0.771,0.899,1.0,,,0.013,"proprietary mark, cardiovascular",brand,,brand,True,1.0,0.925
idiysa,True,grammar,1,64.0,66.51,moderate,-11.51,3.49,disal,0.6001,4,,SIMILARITY_MODERATE,,idiysa,0.0,1.0,1.0,1.0,,,0.0,"proprietary mark, cardiovascular",brand,,brand,True,1.0,0.733
hamarcy,True,grammar,1,61.49,64.14,moderate,-9.14,5.86,homarus,0.6345,3,,SIMILARITY_MODERATE,,hamarcy,0.0,0.771,0.889,1.0,,,0.0,"proprietary mark, cardiovascular",brand,,brand,False,1.0,0.883
clavorzo,False,grammar,1,58.63,73.72,high,-18.72,-3.72,flavors,0.7298,3,SIMILARITY_TOO_HIGH|TRADEMARK_HIT,,,clavorzo,0.0,0.6,0.829,1.0,,,0.025,"proprietary mark, cardiovascular",brand,,brand,False,1.0,0.895
syzeza,True,grammar,1,63.45,67.67,moderate,-12.67,2.33,synera,0.6006,3,,SIMILARITY_MODERATE,,syzeza,0.0,1.0,0.889,1.0,,,0.001,"proprietary mark, cardiovascular",brand,,brand,True,1.0,0.8
itevmo,False,grammar,1,58.99,78.03,high,-23.03,-8.03,retevmo,0.6006,3,SIMILARITY_TOO_HIGH|TRADEMARK_HIT,,,itevmo,0.0,0.517,1.0,1.0,,,0.001,"proprietary mark, cardiovascular",brand,,brand,False,1.0,0.85
xomosa,False,grammar,1,59.73,76.67,high,-21.67,-6.67,dumosa,0.6372,3,SIMILARITY_TOO_HIGH|TRADEMARK_HIT,,,xomosa,0.0,0.517,1.0,1.0,,,0.0,"proprietary mark, cardiovascular",brand,,brand,False,1.0,0.9
dondamiu,False,grammar,1,59.08,73.54,high,-18.54,-3.54,pongamia,0.609,4,SIMILARITY_TOO_HIGH,,,dondamiu,0.0,0.6,1.0,1.0,,,0.0,"proprietary mark, cardiovascular",brand,,brand,False,1.0,0.779
sisyzi,True,grammar,1,59.71,60.82,moderate,-5.82,9.18,silybin,0.6004,3,,SIMILARITY_MODERATE,,sisyzi,0.0,0.733,0.889,1.0,,,0.0,"proprietary mark, cardiovascular",brand,,brand,False,1.0,0.8
dirjare,True,grammar,1,65.13,60.65,moderate,-5.65,9.35,duocare,0.6003,2,,SIMILARITY_MODERATE,,dirjare,0.0,1.0,1.0,1.0,,,0.001,"proprietary mark, cardiovascular",brand,,brand,True,1.0,0.808
vupore,False,grammar,1,61.02,71.81,high,-16.81,-1.81,spore,0.6009,2,SIMILARITY_TOO_HIGH|TRADEMARK_HIT,,,vupore,0.0,0.733,1.0,1.0,,,0.0,"proprietary mark, cardiovascular",brand,,brand,False,1.0,0.783
lonumbo,True,grammar,1,60.81,68.73,moderate,-13.73,1.27,lidonumb,0.6574,3,,SIMILARITY_MODERATE,,lonumbo,0.0,0.564,1.0,1.0,,,0.004,"proprietary mark, cardiovascular",brand,,brand,False,1.0,0.925
elilmi,True,grammar,1,62.02,67.04,moderate,-12.04,2.96,elemi,0.6087,3,,SIMILARITY_MODERATE,,elilmi,0.0,0.733,1.0,1.0,,,0.001,"proprietary mark, cardiovascular",brand,,brand,False,1.0,0.85
zaroro,True,grammar,1,62.83,60.77,moderate,-5.77,9.23,aardora,0.6013,3,,SIMILARITY_MODERATE,,zaroro,0.0,0.733,1.0,1.0,,,0.008,"proprietary mark, cardiovascular",brand,,brand,True,1.0,0.9
eltista,False,grammar,1,58.48,71.54,high,-16.54,-1.54,ellipta,0.8462,3,SIMILARITY_TOO_HIGH|TRADEMARK_HIT,,,eltista,0.0,0.564,0.874,1.0,,,0.012,"proprietary mark, cardiovascular",brand,,brand,False,1.0,0.883
stritiu,False,grammar,1,55.99,70.7,high,-15.7,-0.7,stricta,0.6023,3,SIMILARITY_TOO_HIGH,,,stritiu,0.0,0.564,0.742,1.0,,,0.009,"proprietary mark, cardiovascular",brand,,brand,False,1.0,0.842
tedachi,True,grammar,1,63.67,62.94,moderate,-7.94,7.06,debachere,0.6297,3,,SIMILARITY_MODERATE,,tedachi,0.0,0.771,1.0,1.0,,,0.0,"proprietary mark, cardiovascular",brand,,brand,True,1.0,0.925
kogri,True,grammar,1,60.7,68.51,moderate,-13.51,1.49,koseri,0.619,2,,SIMILARITY_MODERATE,,kogri,0.0,1.0,0.849,1.0,,,0.0,"proprietary mark, cardiovascular",brand,,brand,False,1.0,0.654
puiclai,True,grammar,1,58.56,61.39,moderate,-6.39,8.61,nicolai,0.6007,2,,SIMILARITY_MODERATE,,puiclai,0.0,0.771,0.849,1.0,,,0.0,"proprietary mark, cardiovascular",brand,,brand,False,1.0,0.725
vakso,True,grammar,1,62.81,65.13,moderate,-10.13,4.87,vafseo,0.6001,2,,SIMILARITY_MODERATE,,vakso,0.0,1.0,1.0,1.0,,,0.0,"proprietary mark, cardiovascular",brand,,brand,True,1.0,0.654
siollene,False,grammar,1,60.86,78.68,high,-23.68,-8.68,silene,0.8142,3,SIMILARITY_TOO_HIGH,,,siollene,0.0,0.6,1.0,1.0,,,0.004,"proprietary mark, cardiovascular",brand,,brand,False,1.0,0.895
motapri,True,grammar,1,60.07,69.33,moderate,-14.33,0.67,mosapride,0.7247,3,,SIMILARITY_MODERATE,,motapri,0.0,0.564,0.899,1.0,,,0.089,"proprietary mark, cardiovascular",brand,,brand,False,1.0,0.925
cimuti,False,grammar,1,62.77,73.67,high,-18.67,-3.67,gimoti,0.6195,3,SIMILARITY_TOO_HIGH|TRADEMARK_HIT,,,cimuti,0.0,0.733,1.0,1.0,,,0.0,"proprietary mark, cardiovascular",brand,,brand,False,1.0,0.9
piirvata,True,grammar,1,61.91,68.4,moderate,-13.4,1.6,pinnata,0.6006,4,,SIMILARITY_MODERATE,,piirvata,0.0,0.8,1.0,1.0,,,0.004,"proprietary mark, cardiovascular",brand,,brand,False,1.0,0.779
deratum,False,ngram_guided,1,69.09,81.8,high,-26.8,-11.8,odoratum,0.9898,3,SIMILARITY_TOO_HIGH|TRADEMARK_HIT,,,deratum,0.0,0.564,1.0,1.0,,,0.961,"proprietary mark, cardiovascular",brand,,brand,False,1.0,0.967
valdolamica,True,ngram_guided,1,63.51,63.27,moderate,-8.27,6.73,magellanica,0.7872,5,,SIMILARITY_MODERATE,,valdolamica,0.0,0.668,1.0,1.0,,,0.942,"proprietary mark, cardiovascular",brand,,brand,True,1.0,0.508
bontranz,True,ngram_guided,1,61.87,68.71,moderate,-13.71,1.29,tonsurans,0.7725,2,,SIMILARITY_MODERATE,,bontranz,0.0,0.6,0.737,1.0,,,0.875,"proprietary mark, cardiovascular",brand,,brand,False,1.0,0.743
vancelest,True,ngram_guided,1,61.18,64.02,moderate,-9.02,5.98,vaxelis,0.9215,3,,SIMILARITY_MODERATE,,vancelest,0.0,0.433,0.874,1.0,,,0.663,"proprietary mark, cardiovascular",brand,,brand,False,1.0,0.838
clarozole,False,ngram_guided,1,60.02,72.63,high,-17.63,-2.63,letrozole,0.8531,3,SIMILARITY_TOO_HIGH|TRADEMARK_HIT,,,clarozole,0.0,0.433,0.854,1.0,,,0.495,"proprietary mark, cardiovascular",brand,,brand,False,1.0,0.869
circa,False,ngram_guided,1,61.05,74.52,high,-19.52,-4.52,circata,0.6444,2,SIMILARITY_TOO_HIGH|TRADEMARK_HIT,,,circa,0.0,0.45,1.0,1.0,,,0.742,"proprietary mark, cardiovascular",brand,,brand,False,1.0,0.654
octozol,False,ngram_guided,1,62.87,74.34,high,-19.34,-4.34,proctosol,0.7879,3,SIMILARITY_TOO_HIGH|TRADEMARK_HIT,,,octozol,0.0,0.357,1.0,1.0,,,0.624,"proprietary mark, cardiovascular",brand,,brand,False,1.0,0.925
khedecitisp,True,ngram_guided,1,53.89,62.76,moderate,-7.76,7.24,hepatitis,0.5661,4,,SIMILARITY_MODERATE|ILLEGAL_ONSET_CLUSTER,,khedecitisp,0.0,0.668,0.739,1.0,,,0.023,"proprietary mark, cardiovascular",brand,,brand,False,1.0,0.6
lurogmtinac,True,ngram_guided,1,54.77,59.13,moderate,-4.13,10.87,bromfenac,0.605,4,,SIMILARITY_MODERATE,,lurogmtinac,0.0,0.668,0.813,1.0,,,0.004,"proprietary mark, cardiovascular",brand,,brand,False,1.0,0.6
vidiaderm,False,ngram_guided,1,58.23,81.05,high,-26.05,-11.05,diaderm,0.8558,4,SIMILARITY_TOO_HIGH|TRADEMARK_HIT,,,vidiaderm,0.0,0.239,1.0,1.0,,,0.635,"proprietary mark, cardiovascular",brand,,brand,False,1.0,0.721
vinestron,False,ngram_guided,1,52.2,74.28,high,-19.28,-4.28,dienestrol,0.9522,3,SIMILARITY_TOO_HIGH,,,vinestron,0.0,0.239,0.788,1.0,,,0.433,"proprietary mark, cardiovascular",brand,,brand,False,0.8,0.838
atopiraprov,True,ngram_guided,1,54.47,62.9,moderate,-7.9,7.1,spirapril,0.6453,5,,SIMILARITY_MODERATE,,atopiraprov,0.0,0.482,0.94,1.0,,,0.244,"proprietary mark, cardiovascular",brand,,brand,False,1.0,0.508
idate,False,ngram_guided,1,62.89,84.7,high,-29.7,-14.7,date,0.758,2,SIMILARITY_TOO_HIGH|TRADEMARK_HIT,,,idate,0.0,0.45,1.0,1.0,,,0.855,"proprietary mark, cardiovascular",brand,,brand,False,1.0,0.717
alosetlidop,True,ngram_guided,1,59.0,65.48,moderate,-10.48,4.52,alosetron,0.6576,5,,SIMILARITY_MODERATE,,alosetlidop,0.0,0.482,1.0,1.0,,,0.703,"proprietary mark, cardiovascular",brand,,brand,False,1.0,0.508
moneerydayv,True,ngram_guided,1,52.55,57.69,moderate,-2.69,12.31,moderiba,0.6263,4,,SIMILARITY_MODERATE,,moneerydayv,0.0,0.482,0.889,1.0,,,0.014,"proprietary mark, cardiovascular",brand,,brand,False,1.0,0.55
cimec,False,ngram_guided,1,66.12,86.14,high,-31.14,-16.14,cimex,0.6428,2,SIMILARITY_TOO_HIGH,,,cimec,0.0,0.68,1.0,1.0,,,0.856,"proprietary mark, cardiovascular",brand,,brand,False,1.0,0.717
hemocys,False,ngram_guided,1,63.45,78.33,high,-23.33,-8.33,hemocyte,0.719,3,SIMILARITY_TOO_HIGH|TRADEMARK_HIT,,,hemocys,0.0,0.357,0.889,1.0,,,0.97,"proprietary mark, cardiovascular",brand,,brand,False,1.0,0.883
scarboplata,False,ngram_guided,1,51.59,81.24,high,-26.24,-11.24,carboplatin,0.8223,4,SIMILARITY_TOO_HIGH|TRADEMARK_HIT,,,scarboplata,0.0,0.073,0.709,1.0,,,0.879,"proprietary mark, cardiovascular",brand,,brand,False,1.0,0.575
febrax,False,ngram_guided,1,62.8,76.54,high,-21.54,-6.54,debrox,0.7023,2,SIMILARITY_TOO_HIGH|TRADEMARK_HIT,,,febrax,0.0,0.733,0.849,1.0,,,0.581,"proprietary mark, cardiovascular",brand,,brand,False,1.0,0.733
sular,False,ngram_guided,1,62.2,100.0,high,-45.0,-30.0,sular,0.9577,2,EXACT_NAME_COLLISION|TRADEMARK_HIT,,,sular,0.0,0.45,1.0,1.0,,,0.769,"proprietary mark, cardiovascular",brand,,brand,False,1.0,0.717
mysolobe,False,ngram_guided,1,60.5,76.2,high,-21.2,-6.2,mysoline,0.6972,3,SIMILARITY_TOO_HIGH|TRADEMARK_HIT,,,mysolobe,0.0,0.6,0.889,1.0,,,0.154,"proprietary mark, cardiovascular",brand,,brand,False,1.0,0.895
cetim,False,ngram_guided,1,63.87,73.76,high,-18.76,-3.76,stim,0.7833,2,SIMILARITY_TOO_HIGH|TRADEMARK_HIT,,,cetim,0.0,0.68,1.0,1.0,,,0.575,"proprietary mark, cardiovascular",brand,,brand,False,1.0,0.717
caplustella,True,ngram_guided,1,56.06,69.45,moderate,-14.45,0.55,capsella,0.8526,4,,SIMILARITY_MODERATE,,caplustella,0.0,0.482,0.709,1.0,,,0.722,"proprietary mark, cardiovascular",brand,,brand,False,1.0,0.575
gasynchiq,True,ngram_guided,1,60.9,60.38,moderate,-5.38,9.62,palynziq,0.6487,3,,SIMILARITY_MODERATE,,gasynchiq,0.0,0.628,0.889,1.0,,,0.38,"proprietary mark, cardiovascular",brand,,brand,False,1.0,0.775
duratum,False,ngram_guided+refined,1,63.26,81.41,high,-26.41,-11.41,odoratum,0.9742,3,SIMILARITY_TOO_HIGH,,deratum,deratum -> duratum,0.0,0.357,1.0,1.0,,,0.595,"proprietary mark, cardiovascular",brand,,brand,False,1.0,0.967
wuratum,False,ngram_guided+refined,1,58.5,73.09,high,-18.09,-3.09,atratum,0.6153,3,SIMILARITY_TOO_HIGH|TRADEMARK_HIT,,deratum,deratum -> duratum -> wuratum,0.0,0.357,1.0,1.0,,,0.0,"proprietary mark, cardiovascular",brand,,brand,False,1.0,0.967
wusatum,True,ngram_guided+refined,1,61.4,67.48,moderate,-12.48,2.52,anisatum,0.603,3,,SIMILARITY_MODERATE,deratum,deratum -> duratum -> wuratum -> wusatum,0.0,0.564,1.0,1.0,,,0.0,"proprietary mark, cardiovascular",brand,,brand,False,1.0,0.967
cimuc,False,ngram_guided+refined,1,59.27,74.07,high,-19.07,-4.07,cimex,0.6004,2,SIMILARITY_TOO_HIGH,,cimec,cimec -> cimuc,0.0,0.68,1.0,1.0,,,0.0,"proprietary mark, cardiovascular",brand,,brand,False,1.0,0.717
cikuc,True,ngram_guided+refined,1,63.75,61.49,moderate,-6.49,8.51,cicuta,0.6,2,,SIMILARITY_MODERATE,cimec,cimec -> cimuc -> cikuc,0.0,1.0,1.0,1.0,,,0.0,"proprietary mark, cardiovascular",brand,,brand,True,1.0,0.717
cotim,True,ngram_guided+refined,1,59.43,69.18,moderate,-14.18,0.82,cotinus,0.7991,2,,SIMILARITY_MODERATE,cetim,cetim -> cotim,0.0,0.68,1.0,1.0,,,0.02,"proprietary mark, cardiovascular",brand,,brand,False,1.0,0.717
hemocyw,False,ngram_guided+refined,1,57.75,74.88,high,-19.88,-4.88,hemocyte,0.6007,3,SIMILARITY_TOO_HIGH|TRADEMARK_HIT,,hemocys,hemocys -> hemocyw,0.0,0.357,0.889,1.0,,,0.257,"proprietary mark, cardiovascular",brand,,brand,False,1.0,0.883
hemocyl,False,ngram_guided+refined,1,59.53,83.44,high,-28.44,-13.44,hemofil,0.7361,3,SIMILARITY_TOO_HIGH|TRADEMARK_HIT,,hemocys,hemocys -> hemocyw -> hemocyl,0.0,0.357,0.889,1.0,,,0.48,"proprietary mark, cardiovascular",brand,,brand,False,1.0,0.883
hemozyl,False,ngram_guided+refined,1,68.6,80.74,high,-25.74,-10.74,hemofil,0.8095,3,SIMILARITY_TOO_HIGH|TRADEMARK_HIT,,hemocys,hemocys -> hemocyw -> hemocyl -> hemozyl,0.0,0.771,0.889,1.0,,,0.889,"proprietary mark, cardiovascular",brand,,brand,False,1.0,0.883
udate,False,ngram_guided+refined,1,59.51,84.7,high,-29.7,-14.7,date,0.7508,2,SIMILARITY_TOO_HIGH,,idate,idate -> udate,0.0,0.68,1.0,1.0,,,0.03,"proprietary mark, cardiovascular",brand,,brand,False,1.0,0.717
odate,False,ngram_guided+refined,1,59.92,87.34,high,-32.34,-17.34,iodate,0.7724,2,SIMILARITY_TOO_HIGH|TRADEMARK_HIT,,idate,idate -> udate -> odate,0.0,0.45,1.0,1.0,,,0.484,"proprietary mark, cardiovascular",brand,,brand,False,1.0,0.717
adate,False,ngram_guided+refined,1,59.9,84.7,high,-29.7,-14.7,date,0.9301,2,SIMILARITY_TOO_HIGH|TRADEMARK_HIT,,idate,idate -> udate -> odate -> adate,0.0,0.45,1.0,1.0,,,0.481,"proprietary mark, cardiovascular",brand,,brand,False,1.0,0.717
octorol,False,ngram_guided+refined,1,64.03,80.37,high,-25.37,-10.37,hectorol,0.793,3,SIMILARITY_TOO_HIGH|TRADEMARK_HIT,,octozol,octozol -> octorol,0.0,0.357,1.0,1.0,,,0.769,"proprietary mark, cardiovascular",brand,,brand,False,1.0,0.925
uctorol,False,ngram_guided+refined,1,57.9,83.45,high,-28.45,-13.45,hectorol,0.645,3,SIMILARITY_TOO_HIGH|TRADEMARK_HIT,,octozol,octozol -> octorol -> uctorol,0.0,0.357,1.0,1.0,,,0.004,"proprietary mark, cardiovascular",brand,,brand,False,1.0,0.925
actorol,False,ngram_guided+refined,1,63.63,81.29,high,-26.29,-11.29,hectorol,0.9457,3,SIMILARITY_TOO_HIGH|TRADEMARK_HIT,,octozol,octozol -> octorol -> uctorol -> actorol,0.0,0.357,1.0,1.0,,,0.72,"proprietary mark, cardiovascular",brand,,brand,False,1.0,0.925
felrax,False,ngram_guided+refined,1,59.94,76.22,high,-21.22,-6.22,selrx,0.6447,2,SIMILARITY_TOO_HIGH|TRADEMARK_HIT,,febrax,febrax -> felrax,0.0,0.733,0.849,1.0,,,0.224,"proprietary mark, cardiovascular",brand,,brand,False,1.0,0.733
filrax,True,ngram_guided+refined,1,61.92,69.9,moderate,-14.9,0.1,firox,0.6578,2,,SIMILARITY_MODERATE,febrax,febrax -> felrax -> filrax,0.0,1.0,0.849,1.0,,,0.004,"proprietary mark, cardiovascular",brand,,brand,False,1.0,0.733
comuti,True,grammar+refined,1,62.77,62.9,moderate,-7.9,7.1,cometriq,0.6648,3,,SIMILARITY_MODERATE,cimuti,cimuti -> comuti,0.0,0.733,1.0,1.0,,,0.0,"proprietary mark, cardiovascular",brand,,brand,True,1.0,0.9
sulusto,True,grammar,1,62.37,66.03,moderate,-11.03,3.97,soluton,0.7818,3,,SIMILARITY_MODERATE,,sulusto,0.0,0.771,0.899,1.0,,,0.013,"proprietary mark, oncology",brand,,brand,True,1.0,0.925
idiysa,True,grammar,1,64.0,66.51,moderate,-11.51,3.49,disal,0.6001,4,,SIMILARITY_MODERATE,,idiysa,0.0,1.0,1.0,1.0,,,0.0,"proprietary mark, oncology",brand,,brand,True,1.0,0.733
hamarcy,True,grammar,1,61.49,64.14,moderate,-9.14,5.86,homarus,0.6345,3,,SIMILARITY_MODERATE,,hamarcy,0.0,0.771,0.889,1.0,,,0.0,"proprietary mark, oncology",brand,,brand,False,1.0,0.883
clavorzo,False,grammar,1,58.63,73.72,high,-18.72,-3.72,flavors,0.7298,3,SIMILARITY_TOO_HIGH|TRADEMARK_HIT,,,clavorzo,0.0,0.6,0.829,1.0,,,0.025,"proprietary mark, oncology",brand,,brand,False,1.0,0.895
syzeza,True,grammar,1,63.45,67.67,moderate,-12.67,2.33,synera,0.6006,3,,SIMILARITY_MODERATE,,syzeza,0.0,1.0,0.889,1.0,,,0.001,"proprietary mark, oncology",brand,,brand,True,1.0,0.8
itevmo,False,grammar,1,58.99,78.03,high,-23.03,-8.03,retevmo,0.6006,3,SIMILARITY_TOO_HIGH|TRADEMARK_HIT,,,itevmo,0.0,0.517,1.0,1.0,,,0.001,"proprietary mark, oncology",brand,,brand,False,1.0,0.85
xomosa,False,grammar,1,59.73,76.67,high,-21.67,-6.67,dumosa,0.6372,3,SIMILARITY_TOO_HIGH|TRADEMARK_HIT,,,xomosa,0.0,0.517,1.0,1.0,,,0.0,"proprietary mark, oncology",brand,,brand,False,1.0,0.9
dondamiu,False,grammar,1,59.08,73.54,high,-18.54,-3.54,pongamia,0.609,4,SIMILARITY_TOO_HIGH,,,dondamiu,0.0,0.6,1.0,1.0,,,0.0,"proprietary mark, oncology",brand,,brand,False,1.0,0.779
sisyzi,True,grammar,1,59.71,60.82,moderate,-5.82,9.18,silybin,0.6004,3,,SIMILARITY_MODERATE,,sisyzi,0.0,0.733,0.889,1.0,,,0.0,"proprietary mark, oncology",brand,,brand,False,1.0,0.8
dirjare,True,grammar,1,65.13,60.65,moderate,-5.65,9.35,duocare,0.6003,2,,SIMILARITY_MODERATE,,dirjare,0.0,1.0,1.0,1.0,,,0.001,"proprietary mark, oncology",brand,,brand,True,1.0,0.808
vupore,False,grammar,1,61.02,71.81,high,-16.81,-1.81,spore,0.6009,2,SIMILARITY_TOO_HIGH|TRADEMARK_HIT,,,vupore,0.0,0.733,1.0,1.0,,,0.0,"proprietary mark, oncology",brand,,brand,False,1.0,0.783
lonumbo,True,grammar,1,60.81,68.73,moderate,-13.73,1.27,lidonumb,0.6574,3,,SIMILARITY_MODERATE,,lonumbo,0.0,0.564,1.0,1.0,,,0.004,"proprietary mark, oncology",brand,,brand,False,1.0,0.925
elilmi,True,grammar,1,62.02,67.04,moderate,-12.04,2.96,elemi,0.6087,3,,SIMILARITY_MODERATE,,elilmi,0.0,0.733,1.0,1.0,,,0.001,"proprietary mark, oncology",brand,,brand,False,1.0,0.85
zaroro,True,grammar,1,62.83,60.77,moderate,-5.77,9.23,aardora,0.6013,3,,SIMILARITY_MODERATE,,zaroro,0.0,0.733,1.0,1.0,,,0.008,"proprietary mark, oncology",brand,,brand,True,1.0,0.9
eltista,False,grammar,1,58.48,71.54,high,-16.54,-1.54,ellipta,0.8462,3,SIMILARITY_TOO_HIGH|TRADEMARK_HIT,,,eltista,0.0,0.564,0.874,1.0,,,0.012,"proprietary mark, oncology",brand,,brand,False,1.0,0.883
stritiu,False,grammar,1,55.99,70.7,high,-15.7,-0.7,stricta,0.6023,3,SIMILARITY_TOO_HIGH,,,stritiu,0.0,0.564,0.742,1.0,,,0.009,"proprietary mark, oncology",brand,,brand,False,1.0,0.842
tedachi,True,grammar,1,63.67,62.94,moderate,-7.94,7.06,debachere,0.6297,3,,SIMILARITY_MODERATE,,tedachi,0.0,0.771,1.0,1.0,,,0.0,"proprietary mark, oncology",brand,,brand,True,1.0,0.925
kogri,True,grammar,1,60.7,68.51,moderate,-13.51,1.49,koseri,0.619,2,,SIMILARITY_MODERATE,,kogri,0.0,1.0,0.849,1.0,,,0.0,"proprietary mark, oncology",brand,,brand,False,1.0,0.654
puiclai,True,grammar,1,58.56,61.39,moderate,-6.39,8.61,nicolai,0.6007,2,,SIMILARITY_MODERATE,,puiclai,0.0,0.771,0.849,1.0,,,0.0,"proprietary mark, oncology",brand,,brand,False,1.0,0.725
vakso,True,grammar,1,62.81,65.13,moderate,-10.13,4.87,vafseo,0.6001,2,,SIMILARITY_MODERATE,,vakso,0.0,1.0,1.0,1.0,,,0.0,"proprietary mark, oncology",brand,,brand,True,1.0,0.654
siollene,False,grammar,1,60.86,78.68,high,-23.68,-8.68,silene,0.8142,3,SIMILARITY_TOO_HIGH,,,siollene,0.0,0.6,1.0,1.0,,,0.004,"proprietary mark, oncology",brand,,brand,False,1.0,0.895
motapri,True,grammar,1,60.07,69.33,moderate,-14.33,0.67,mosapride,0.7247,3,,SIMILARITY_MODERATE,,motapri,0.0,0.564,0.899,1.0,,,0.089,"proprietary mark, oncology",brand,,brand,False,1.0,0.925
cimuti,False,grammar,1,62.77,73.67,high,-18.67,-3.67,gimoti,0.6195,3,SIMILARITY_TOO_HIGH|TRADEMARK_HIT,,,cimuti,0.0,0.733,1.0,1.0,,,0.0,"proprietary mark, oncology",brand,,brand,False,1.0,0.9
piirvata,True,grammar,1,61.91,68.4,moderate,-13.4,1.6,pinnata,0.6006,4,,SIMILARITY_MODERATE,,piirvata,0.0,0.8,1.0,1.0,,,0.004,"proprietary mark, oncology",brand,,brand,False,1.0,0.779
deratum,False,ngram_guided,1,69.09,81.8,high,-26.8,-11.8,odoratum,0.9898,3,SIMILARITY_TOO_HIGH|TRADEMARK_HIT,,,deratum,0.0,0.564,1.0,1.0,,,0.961,"proprietary mark, oncology",brand,,brand,False,1.0,0.967
valdolamica,True,ngram_guided,1,63.51,63.27,moderate,-8.27,6.73,magellanica,0.7872,5,,SIMILARITY_MODERATE,,valdolamica,0.0,0.668,1.0,1.0,,,0.942,"proprietary mark, oncology",brand,,brand,True,1.0,0.508
bontranz,True,ngram_guided,1,61.87,68.71,moderate,-13.71,1.29,tonsurans,0.7725,2,,SIMILARITY_MODERATE,,bontranz,0.0,0.6,0.737,1.0,,,0.875,"proprietary mark, oncology",brand,,brand,False,1.0,0.743
vancelest,True,ngram_guided,1,61.18,64.02,moderate,-9.02,5.98,vaxelis,0.9215,3,,SIMILARITY_MODERATE,,vancelest,0.0,0.433,0.874,1.0,,,0.663,"proprietary mark, oncology",brand,,brand,False,1.0,0.838
clarozole,False,ngram_guided,1,60.02,72.63,high,-17.63,-2.63,letrozole,0.8531,3,SIMILARITY_TOO_HIGH|TRADEMARK_HIT,,,clarozole,0.0,0.433,0.854,1.0,,,0.495,"proprietary mark, oncology",brand,,brand,False,1.0,0.869
circa,False,ngram_guided,1,61.05,74.52,high,-19.52,-4.52,circata,0.6444,2,SIMILARITY_TOO_HIGH|TRADEMARK_HIT,,,circa,0.0,0.45,1.0,1.0,,,0.742,"proprietary mark, oncology",brand,,brand,False,1.0,0.654
octozol,False,ngram_guided,1,62.87,74.34,high,-19.34,-4.34,proctosol,0.7879,3,SIMILARITY_TOO_HIGH|TRADEMARK_HIT,,,octozol,0.0,0.357,1.0,1.0,,,0.624,"proprietary mark, oncology",brand,,brand,False,1.0,0.925
khedecitisp,True,ngram_guided,1,53.89,62.76,moderate,-7.76,7.24,hepatitis,0.5661,4,,SIMILARITY_MODERATE|ILLEGAL_ONSET_CLUSTER,,khedecitisp,0.0,0.668,0.739,1.0,,,0.023,"proprietary mark, oncology",brand,,brand,False,1.0,0.6
lurogmtinac,True,ngram_guided,1,54.77,59.13,moderate,-4.13,10.87,bromfenac,0.605,4,,SIMILARITY_MODERATE,,lurogmtinac,0.0,0.668,0.813,1.0,,,0.004,"proprietary mark, oncology",brand,,brand,False,1.0,0.6
vidiaderm,False,ngram_guided,1,58.23,81.05,high,-26.05,-11.05,diaderm,0.8558,4,SIMILARITY_TOO_HIGH|TRADEMARK_HIT,,,vidiaderm,0.0,0.239,1.0,1.0,,,0.635,"proprietary mark, oncology",brand,,brand,False,1.0,0.721
vinestron,False,ngram_guided,1,52.2,74.28,high,-19.28,-4.28,dienestrol,0.9522,3,SIMILARITY_TOO_HIGH,,,vinestron,0.0,0.239,0.788,1.0,,,0.433,"proprietary mark, oncology",brand,,brand,False,0.8,0.838
atopiraprov,True,ngram_guided,1,54.47,62.9,moderate,-7.9,7.1,spirapril,0.6453,5,,SIMILARITY_MODERATE,,atopiraprov,0.0,0.482,0.94,1.0,,,0.244,"proprietary mark, oncology",brand,,brand,False,1.0,0.508
idate,False,ngram_guided,1,62.89,84.7,high,-29.7,-14.7,date,0.758,2,SIMILARITY_TOO_HIGH|TRADEMARK_HIT,,,idate,0.0,0.45,1.0,1.0,,,0.855,"proprietary mark, oncology",brand,,brand,False,1.0,0.717
alosetlidop,True,ngram_guided,1,59.0,65.48,moderate,-10.48,4.52,alosetron,0.6576,5,,SIMILARITY_MODERATE,,alosetlidop,0.0,0.482,1.0,1.0,,,0.703,"proprietary mark, oncology",brand,,brand,False,1.0,0.508
moneerydayv,True,ngram_guided,1,52.55,57.69,moderate,-2.69,12.31,moderiba,0.6263,4,,SIMILARITY_MODERATE,,moneerydayv,0.0,0.482,0.889,1.0,,,0.014,"proprietary mark, oncology",brand,,brand,False,1.0,0.55
cimec,False,ngram_guided,1,66.12,86.14,high,-31.14,-16.14,cimex,0.6428,2,SIMILARITY_TOO_HIGH,,,cimec,0.0,0.68,1.0,1.0,,,0.856,"proprietary mark, oncology",brand,,brand,False,1.0,0.717
hemocys,False,ngram_guided,1,63.45,78.33,high,-23.33,-8.33,hemocyte,0.719,3,SIMILARITY_TOO_HIGH|TRADEMARK_HIT,,,hemocys,0.0,0.357,0.889,1.0,,,0.97,"proprietary mark, oncology",brand,,brand,False,1.0,0.883
scarboplata,False,ngram_guided,1,51.59,81.24,high,-26.24,-11.24,carboplatin,0.8223,4,SIMILARITY_TOO_HIGH|TRADEMARK_HIT,,,scarboplata,0.0,0.073,0.709,1.0,,,0.879,"proprietary mark, oncology",brand,,brand,False,1.0,0.575
febrax,False,ngram_guided,1,62.8,76.54,high,-21.54,-6.54,debrox,0.7023,2,SIMILARITY_TOO_HIGH|TRADEMARK_HIT,,,febrax,0.0,0.733,0.849,1.0,,,0.581,"proprietary mark, oncology",brand,,brand,False,1.0,0.733
sular,False,ngram_guided,1,62.2,100.0,high,-45.0,-30.0,sular,0.9577,2,EXACT_NAME_COLLISION|TRADEMARK_HIT,,,sular,0.0,0.45,1.0,1.0,,,0.769,"proprietary mark, oncology",brand,,brand,False,1.0,0.717
mysolobe,False,ngram_guided,1,60.5,76.2,high,-21.2,-6.2,mysoline,0.6972,3,SIMILARITY_TOO_HIGH|TRADEMARK_HIT,,,mysolobe,0.0,0.6,0.889,1.0,,,0.154,"proprietary mark, oncology",brand,,brand,False,1.0,0.895
cetim,False,ngram_guided,1,63.87,73.76,high,-18.76,-3.76,stim,0.7833,2,SIMILARITY_TOO_HIGH|TRADEMARK_HIT,,,cetim,0.0,0.68,1.0,1.0,,,0.575,"proprietary mark, oncology",brand,,brand,False,1.0,0.717
caplustella,True,ngram_guided,1,56.06,69.45,moderate,-14.45,0.55,capsella,0.8526,4,,SIMILARITY_MODERATE,,caplustella,0.0,0.482,0.709,1.0,,,0.722,"proprietary mark, oncology",brand,,brand,False,1.0,0.575
gasynchiq,True,ngram_guided,1,60.9,60.38,moderate,-5.38,9.62,palynziq,0.6487,3,,SIMILARITY_MODERATE,,gasynchiq,0.0,0.628,0.889,1.0,,,0.38,"proprietary mark, oncology",brand,,brand,False,1.0,0.775
duratum,False,ngram_guided+refined,1,63.26,81.41,high,-26.41,-11.41,odoratum,0.9742,3,SIMILARITY_TOO_HIGH,,deratum,deratum -> duratum,0.0,0.357,1.0,1.0,,,0.595,"proprietary mark, oncology",brand,,brand,False,1.0,0.967
wuratum,False,ngram_guided+refined,1,58.5,73.09,high,-18.09,-3.09,atratum,0.6153,3,SIMILARITY_TOO_HIGH|TRADEMARK_HIT,,deratum,deratum -> duratum -> wuratum,0.0,0.357,1.0,1.0,,,0.0,"proprietary mark, oncology",brand,,brand,False,1.0,0.967
wusatum,True,ngram_guided+refined,1,61.4,67.48,moderate,-12.48,2.52,anisatum,0.603,3,,SIMILARITY_MODERATE,deratum,deratum -> duratum -> wuratum -> wusatum,0.0,0.564,1.0,1.0,,,0.0,"proprietary mark, oncology",brand,,brand,False,1.0,0.967
cimuc,False,ngram_guided+refined,1,59.27,74.07,high,-19.07,-4.07,cimex,0.6004,2,SIMILARITY_TOO_HIGH,,cimec,cimec -> cimuc,0.0,0.68,1.0,1.0,,,0.0,"proprietary mark, oncology",brand,,brand,False,1.0,0.717
cikuc,True,ngram_guided+refined,1,63.75,61.49,moderate,-6.49,8.51,cicuta,0.6,2,,SIMILARITY_MODERATE,cimec,cimec -> cimuc -> cikuc,0.0,1.0,1.0,1.0,,,0.0,"proprietary mark, oncology",brand,,brand,True,1.0,0.717
cotim,True,ngram_guided+refined,1,59.43,69.18,moderate,-14.18,0.82,cotinus,0.7991,2,,SIMILARITY_MODERATE,cetim,cetim -> cotim,0.0,0.68,1.0,1.0,,,0.02,"proprietary mark, oncology",brand,,brand,False,1.0,0.717
hemocyw,False,ngram_guided+refined,1,57.75,74.88,high,-19.88,-4.88,hemocyte,0.6007,3,SIMILARITY_TOO_HIGH|TRADEMARK_HIT,,hemocys,hemocys -> hemocyw,0.0,0.357,0.889,1.0,,,0.257,"proprietary mark, oncology",brand,,brand,False,1.0,0.883
hemocyl,False,ngram_guided+refined,1,59.53,83.44,high,-28.44,-13.44,hemofil,0.7361,3,SIMILARITY_TOO_HIGH|TRADEMARK_HIT,,hemocys,hemocys -> hemocyw -> hemocyl,0.0,0.357,0.889,1.0,,,0.48,"proprietary mark, oncology",brand,,brand,False,1.0,0.883
hemozyl,False,ngram_guided+refined,1,68.6,80.74,high,-25.74,-10.74,hemofil,0.8095,3,SIMILARITY_TOO_HIGH|TRADEMARK_HIT,,hemocys,hemocys -> hemocyw -> hemocyl -> hemozyl,0.0,0.771,0.889,1.0,,,0.889,"proprietary mark, oncology",brand,,brand,False,1.0,0.883
udate,False,ngram_guided+refined,1,59.51,84.7,high,-29.7,-14.7,date,0.7508,2,SIMILARITY_TOO_HIGH,,idate,idate -> udate,0.0,0.68,1.0,1.0,,,0.03,"proprietary mark, oncology",brand,,brand,False,1.0,0.717
odate,False,ngram_guided+refined,1,59.92,87.34,high,-32.34,-17.34,iodate,0.7724,2,SIMILARITY_TOO_HIGH|TRADEMARK_HIT,,idate,idate -> udate -> odate,0.0,0.45,1.0,1.0,,,0.484,"proprietary mark, oncology",brand,,brand,False,1.0,0.717
adate,False,ngram_guided+refined,1,59.9,84.7,high,-29.7,-14.7,date,0.9301,2,SIMILARITY_TOO_HIGH|TRADEMARK_HIT,,idate,idate -> udate -> odate -> adate,0.0,0.45,1.0,1.0,,,0.481,"proprietary mark, oncology",brand,,brand,False,1.0,0.717
octorol,False,ngram_guided+refined,1,64.03,80.37,high,-25.37,-10.37,hectorol,0.793,3,SIMILARITY_TOO_HIGH|TRADEMARK_HIT,,octozol,octozol -> octorol,0.0,0.357,1.0,1.0,,,0.769,"proprietary mark, oncology",brand,,brand,False,1.0,0.925
uctorol,False,ngram_guided+refined,1,57.9,83.45,high,-28.45,-13.45,hectorol,0.645,3,SIMILARITY_TOO_HIGH|TRADEMARK_HIT,,octozol,octozol -> octorol -> uctorol,0.0,0.357,1.0,1.0,,,0.004,"proprietary mark, oncology",brand,,brand,False,1.0,0.925
actorol,False,ngram_guided+refined,1,63.63,81.29,high,-26.29,-11.29,hectorol,0.9457,3,SIMILARITY_TOO_HIGH|TRADEMARK_HIT,,octozol,octozol -> octorol -> uctorol -> actorol,0.0,0.357,1.0,1.0,,,0.72,"proprietary mark, oncology",brand,,brand,False,1.0,0.925
felrax,False,ngram_guided+refined,1,59.94,76.22,high,-21.22,-6.22,selrx,0.6447,2,SIMILARITY_TOO_HIGH|TRADEMARK_HIT,,febrax,febrax -> felrax,0.0,0.733,0.849,1.0,,,0.224,"proprietary mark, oncology",brand,,brand,False,1.0,0.733
filrax,True,ngram_guided+refined,1,61.92,69.9,moderate,-14.9,0.1,firox,0.6578,2,,SIMILARITY_MODERATE,febrax,febrax -> felrax -> filrax,0.0,1.0,0.849,1.0,,,0.004,"proprietary mark, oncology",brand,,brand,False,1.0,0.733
comuti,True,grammar+refined,1,62.77,62.9,moderate,-7.9,7.1,cometriq,0.6648,3,,SIMILARITY_MODERATE,cimuti,cimuti -> comuti,0.0,0.733,1.0,1.0,,,0.0,"proprietary mark, oncology",brand,,brand,True,1.0,0.9
sulusto,True,grammar,1,62.37,66.03,moderate,-11.03,3.97,soluton,0.7818,3,,SIMILARITY_MODERATE,,sulusto,0.0,0.771,0.899,1.0,,,0.013,"proprietary mark, CNS / neurology",brand,,brand,True,1.0,0.925
idiysa,True,grammar,1,64.0,66.51,moderate,-11.51,3.49,disal,0.6001,4,,SIMILARITY_MODERATE,,idiysa,0.0,1.0,1.0,1.0,,,0.0,"proprietary mark, CNS / neurology",brand,,brand,True,1.0,0.733
hamarcy,True,grammar,1,61.49,64.14,moderate,-9.14,5.86,homarus,0.6345,3,,SIMILARITY_MODERATE,,hamarcy,0.0,0.771,0.889,1.0,,,0.0,"proprietary mark, CNS / neurology",brand,,brand,False,1.0,0.883
clavorzo,False,grammar,1,58.63,73.72,high,-18.72,-3.72,flavors,0.7298,3,SIMILARITY_TOO_HIGH|TRADEMARK_HIT,,,clavorzo,0.0,0.6,0.829,1.0,,,0.025,"proprietary mark, CNS / neurology",brand,,brand,False,1.0,0.895
syzeza,True,grammar,1,63.45,67.67,moderate,-12.67,2.33,synera,0.6006,3,,SIMILARITY_MODERATE,,syzeza,0.0,1.0,0.889,1.0,,,0.001,"proprietary mark, CNS / neurology",brand,,brand,True,1.0,0.8
itevmo,False,grammar,1,58.99,78.03,high,-23.03,-8.03,retevmo,0.6006,3,SIMILARITY_TOO_HIGH|TRADEMARK_HIT,,,itevmo,0.0,0.517,1.0,1.0,,,0.001,"proprietary mark, CNS / neurology",brand,,brand,False,1.0,0.85
xomosa,False,grammar,1,59.73,76.67,high,-21.67,-6.67,dumosa,0.6372,3,SIMILARITY_TOO_HIGH|TRADEMARK_HIT,,,xomosa,0.0,0.517,1.0,1.0,,,0.0,"proprietary mark, CNS / neurology",brand,,brand,False,1.0,0.9
dondamiu,False,grammar,1,59.08,73.54,high,-18.54,-3.54,pongamia,0.609,4,SIMILARITY_TOO_HIGH,,,dondamiu,0.0,0.6,1.0,1.0,,,0.0,"proprietary mark, CNS / neurology",brand,,brand,False,1.0,0.779
sisyzi,True,grammar,1,59.71,60.82,moderate,-5.82,9.18,silybin,0.6004,3,,SIMILARITY_MODERATE,,sisyzi,0.0,0.733,0.889,1.0,,,0.0,"proprietary mark, CNS / neurology",brand,,brand,False,1.0,0.8
dirjare,True,grammar,1,65.13,60.65,moderate,-5.65,9.35,duocare,0.6003,2,,SIMILARITY_MODERATE,,dirjare,0.0,1.0,1.0,1.0,,,0.001,"proprietary mark, CNS / neurology",brand,,brand,True,1.0,0.808
vupore,False,grammar,1,61.02,71.81,high,-16.81,-1.81,spore,0.6009,2,SIMILARITY_TOO_HIGH|TRADEMARK_HIT,,,vupore,0.0,0.733,1.0,1.0,,,0.0,"proprietary mark, CNS / neurology",brand,,brand,False,1.0,0.783
lonumbo,True,grammar,1,60.81,68.73,moderate,-13.73,1.27,lidonumb,0.6574,3,,SIMILARITY_MODERATE,,lonumbo,0.0,0.564,1.0,1.0,,,0.004,"proprietary mark, CNS / neurology",brand,,brand,False,1.0,0.925
elilmi,True,grammar,1,62.02,67.04,moderate,-12.04,2.96,elemi,0.6087,3,,SIMILARITY_MODERATE,,elilmi,0.0,0.733,1.0,1.0,,,0.001,"proprietary mark, CNS / neurology",brand,,brand,False,1.0,0.85
zaroro,True,grammar,1,62.83,60.77,moderate,-5.77,9.23,aardora,0.6013,3,,SIMILARITY_MODERATE,,zaroro,0.0,0.733,1.0,1.0,,,0.008,"proprietary mark, CNS / neurology",brand,,brand,True,1.0,0.9
eltista,False,grammar,1,58.48,71.54,high,-16.54,-1.54,ellipta,0.8462,3,SIMILARITY_TOO_HIGH|TRADEMARK_HIT,,,eltista,0.0,0.564,0.874,1.0,,,0.012,"proprietary mark, CNS / neurology",brand,,brand,False,1.0,0.883
stritiu,False,grammar,1,55.99,70.7,high,-15.7,-0.7,stricta,0.6023,3,SIMILARITY_TOO_HIGH,,,stritiu,0.0,0.564,0.742,1.0,,,0.009,"proprietary mark, CNS / neurology",brand,,brand,False,1.0,0.842
tedachi,True,grammar,1,63.67,62.94,moderate,-7.94,7.06,debachere,0.6297,3,,SIMILARITY_MODERATE,,tedachi,0.0,0.771,1.0,1.0,,,0.0,"proprietary mark, CNS / neurology",brand,,brand,True,1.0,0.925
kogri,True,grammar,1,60.7,68.51,moderate,-13.51,1.49,koseri,0.619,2,,SIMILARITY_MODERATE,,kogri,0.0,1.0,0.849,1.0,,,0.0,"proprietary mark, CNS / neurology",brand,,brand,False,1.0,0.654
puiclai,True,grammar,1,58.56,61.39,moderate,-6.39,8.61,nicolai,0.6007,2,,SIMILARITY_MODERATE,,puiclai,0.0,0.771,0.849,1.0,,,0.0,"proprietary mark, CNS / neurology",brand,,brand,False,1.0,0.725
vakso,True,grammar,1,62.81,65.13,moderate,-10.13,4.87,vafseo,0.6001,2,,SIMILARITY_MODERATE,,vakso,0.0,1.0,1.0,1.0,,,0.0,"proprietary mark, CNS / neurology",brand,,brand,True,1.0,0.654
siollene,False,grammar,1,60.86,78.68,high,-23.68,-8.68,silene,0.8142,3,SIMILARITY_TOO_HIGH,,,siollene,0.0,0.6,1.0,1.0,,,0.004,"proprietary mark, CNS / neurology",brand,,brand,False,1.0,0.895
motapri,True,grammar,1,60.07,69.33,moderate,-14.33,0.67,mosapride,0.7247,3,,SIMILARITY_MODERATE,,motapri,0.0,0.564,0.899,1.0,,,0.089,"proprietary mark, CNS / neurology",brand,,brand,False,1.0,0.925
cimuti,False,grammar,1,62.77,73.67,high,-18.67,-3.67,gimoti,0.6195,3,SIMILARITY_TOO_HIGH|TRADEMARK_HIT,,,cimuti,0.0,0.733,1.0,1.0,,,0.0,"proprietary mark, CNS / neurology",brand,,brand,False,1.0,0.9
piirvata,True,grammar,1,61.91,68.4,moderate,-13.4,1.6,pinnata,0.6006,4,,SIMILARITY_MODERATE,,piirvata,0.0,0.8,1.0,1.0,,,0.004,"proprietary mark, CNS / neurology",brand,,brand,False,1.0,0.779
deratum,False,ngram_guided,1,69.09,81.8,high,-26.8,-11.8,odoratum,0.9898,3,SIMILARITY_TOO_HIGH|TRADEMARK_HIT,,,deratum,0.0,0.564,1.0,1.0,,,0.961,"proprietary mark, CNS / neurology",brand,,brand,False,1.0,0.967
valdolamica,True,ngram_guided,1,63.51,63.27,moderate,-8.27,6.73,magellanica,0.7872,5,,SIMILARITY_MODERATE,,valdolamica,0.0,0.668,1.0,1.0,,,0.942,"proprietary mark, CNS / neurology",brand,,brand,True,1.0,0.508
bontranz,True,ngram_guided,1,61.87,68.71,moderate,-13.71,1.29,tonsurans,0.7725,2,,SIMILARITY_MODERATE,,bontranz,0.0,0.6,0.737,1.0,,,0.875,"proprietary mark, CNS / neurology",brand,,brand,False,1.0,0.743
vancelest,True,ngram_guided,1,61.18,64.02,moderate,-9.02,5.98,vaxelis,0.9215,3,,SIMILARITY_MODERATE,,vancelest,0.0,0.433,0.874,1.0,,,0.663,"proprietary mark, CNS / neurology",brand,,brand,False,1.0,0.838
clarozole,False,ngram_guided,1,60.02,72.63,high,-17.63,-2.63,letrozole,0.8531,3,SIMILARITY_TOO_HIGH|TRADEMARK_HIT,,,clarozole,0.0,0.433,0.854,1.0,,,0.495,"proprietary mark, CNS / neurology",brand,,brand,False,1.0,0.869
circa,False,ngram_guided,1,61.05,74.52,high,-19.52,-4.52,circata,0.6444,2,SIMILARITY_TOO_HIGH|TRADEMARK_HIT,,,circa,0.0,0.45,1.0,1.0,,,0.742,"proprietary mark, CNS / neurology",brand,,brand,False,1.0,0.654
octozol,False,ngram_guided,1,62.87,74.34,high,-19.34,-4.34,proctosol,0.7879,3,SIMILARITY_TOO_HIGH|TRADEMARK_HIT,,,octozol,0.0,0.357,1.0,1.0,,,0.624,"proprietary mark, CNS / neurology",brand,,brand,False,1.0,0.925
khedecitisp,True,ngram_guided,1,53.89,62.76,moderate,-7.76,7.24,hepatitis,0.5661,4,,SIMILARITY_MODERATE|ILLEGAL_ONSET_CLUSTER,,khedecitisp,0.0,0.668,0.739,1.0,,,0.023,"proprietary mark, CNS / neurology",brand,,brand,False,1.0,0.6
lurogmtinac,True,ngram_guided,1,54.77,59.13,moderate,-4.13,10.87,bromfenac,0.605,4,,SIMILARITY_MODERATE,,lurogmtinac,0.0,0.668,0.813,1.0,,,0.004,"proprietary mark, CNS / neurology",brand,,brand,False,1.0,0.6
vidiaderm,False,ngram_guided,1,58.23,81.05,high,-26.05,-11.05,diaderm,0.8558,4,SIMILARITY_TOO_HIGH|TRADEMARK_HIT,,,vidiaderm,0.0,0.239,1.0,1.0,,,0.635,"proprietary mark, CNS / neurology",brand,,brand,False,1.0,0.721
vinestron,False,ngram_guided,1,52.2,74.28,high,-19.28,-4.28,dienestrol,0.9522,3,SIMILARITY_TOO_HIGH,,,vinestron,0.0,0.239,0.788,1.0,,,0.433,"proprietary mark, CNS / neurology",brand,,brand,False,0.8,0.838
atopiraprov,True,ngram_guided,1,54.47,62.9,moderate,-7.9,7.1,spirapril,0.6453,5,,SIMILARITY_MODERATE,,atopiraprov,0.0,0.482,0.94,1.0,,,0.244,"proprietary mark, CNS / neurology",brand,,brand,False,1.0,0.508
idate,False,ngram_guided,1,62.89,84.7,high,-29.7,-14.7,date,0.758,2,SIMILARITY_TOO_HIGH|TRADEMARK_HIT,,,idate,0.0,0.45,1.0,1.0,,,0.855,"proprietary mark, CNS / neurology",brand,,brand,False,1.0,0.717
alosetlidop,True,ngram_guided,1,59.0,65.48,moderate,-10.48,4.52,alosetron,0.6576,5,,SIMILARITY_MODERATE,,alosetlidop,0.0,0.482,1.0,1.0,,,0.703,"proprietary mark, CNS / neurology",brand,,brand,False,1.0,0.508
moneerydayv,True,ngram_guided,1,52.55,57.69,moderate,-2.69,12.31,moderiba,0.6263,4,,SIMILARITY_MODERATE,,moneerydayv,0.0,0.482,0.889,1.0,,,0.014,"proprietary mark, CNS / neurology",brand,,brand,False,1.0,0.55
cimec,False,ngram_guided,1,66.12,86.14,high,-31.14,-16.14,cimex,0.6428,2,SIMILARITY_TOO_HIGH,,,cimec,0.0,0.68,1.0,1.0,,,0.856,"proprietary mark, CNS / neurology",brand,,brand,False,1.0,0.717
hemocys,False,ngram_guided,1,63.45,78.33,high,-23.33,-8.33,hemocyte,0.719,3,SIMILARITY_TOO_HIGH|TRADEMARK_HIT,,,hemocys,0.0,0.357,0.889,1.0,,,0.97,"proprietary mark, CNS / neurology",brand,,brand,False,1.0,0.883
scarboplata,False,ngram_guided,1,51.59,81.24,high,-26.24,-11.24,carboplatin,0.8223,4,SIMILARITY_TOO_HIGH|TRADEMARK_HIT,,,scarboplata,0.0,0.073,0.709,1.0,,,0.879,"proprietary mark, CNS / neurology",brand,,brand,False,1.0,0.575
febrax,False,ngram_guided,1,62.8,76.54,high,-21.54,-6.54,debrox,0.7023,2,SIMILARITY_TOO_HIGH|TRADEMARK_HIT,,,febrax,0.0,0.733,0.849,1.0,,,0.581,"proprietary mark, CNS / neurology",brand,,brand,False,1.0,0.733
sular,False,ngram_guided,1,62.2,100.0,high,-45.0,-30.0,sular,0.9577,2,EXACT_NAME_COLLISION|TRADEMARK_HIT,,,sular,0.0,0.45,1.0,1.0,,,0.769,"proprietary mark, CNS / neurology",brand,,brand,False,1.0,0.717
mysolobe,False,ngram_guided,1,60.5,76.2,high,-21.2,-6.2,mysoline,0.6972,3,SIMILARITY_TOO_HIGH|TRADEMARK_HIT,,,mysolobe,0.0,0.6,0.889,1.0,,,0.154,"proprietary mark, CNS / neurology",brand,,brand,False,1.0,0.895
cetim,False,ngram_guided,1,63.87,73.76,high,-18.76,-3.76,stim,0.7833,2,SIMILARITY_TOO_HIGH|TRADEMARK_HIT,,,cetim,0.0,0.68,1.0,1.0,,,0.575,"proprietary mark, CNS / neurology",brand,,brand,False,1.0,0.717
caplustella,True,ngram_guided,1,56.06,69.45,moderate,-14.45,0.55,capsella,0.8526,4,,SIMILARITY_MODERATE,,caplustella,0.0,0.482,0.709,1.0,,,0.722,"proprietary mark, CNS / neurology",brand,,brand,False,1.0,0.575
gasynchiq,True,ngram_guided,1,60.9,60.38,moderate,-5.38,9.62,palynziq,0.6487,3,,SIMILARITY_MODERATE,,gasynchiq,0.0,0.628,0.889,1.0,,,0.38,"proprietary mark, CNS / neurology",brand,,brand,False,1.0,0.775
duratum,False,ngram_guided+refined,1,63.26,81.41,high,-26.41,-11.41,odoratum,0.9742,3,SIMILARITY_TOO_HIGH,,deratum,deratum -> duratum,0.0,0.357,1.0,1.0,,,0.595,"proprietary mark, CNS / neurology",brand,,brand,False,1.0,0.967
wuratum,False,ngram_guided+refined,1,58.5,73.09,high,-18.09,-3.09,atratum,0.6153,3,SIMILARITY_TOO_HIGH|TRADEMARK_HIT,,deratum,deratum -> duratum -> wuratum,0.0,0.357,1.0,1.0,,,0.0,"proprietary mark, CNS / neurology",brand,,brand,False,1.0,0.967
wusatum,True,ngram_guided+refined,1,61.4,67.48,moderate,-12.48,2.52,anisatum,0.603,3,,SIMILARITY_MODERATE,deratum,deratum -> duratum -> wuratum -> wusatum,0.0,0.564,1.0,1.0,,,0.0,"proprietary mark, CNS / neurology",brand,,brand,False,1.0,0.967
cimuc,False,ngram_guided+refined,1,59.27,74.07,high,-19.07,-4.07,cimex,0.6004,2,SIMILARITY_TOO_HIGH,,cimec,cimec -> cimuc,0.0,0.68,1.0,1.0,,,0.0,"proprietary mark, CNS / neurology",brand,,brand,False,1.0,0.717
cikuc,True,ngram_guided+refined,1,63.75,61.49,moderate,-6.49,8.51,cicuta,0.6,2,,SIMILARITY_MODERATE,cimec,cimec -> cimuc -> cikuc,0.0,1.0,1.0,1.0,,,0.0,"proprietary mark, CNS / neurology",brand,,brand,True,1.0,0.717
cotim,True,ngram_guided+refined,1,59.43,69.18,moderate,-14.18,0.82,cotinus,0.7991,2,,SIMILARITY_MODERATE,cetim,cetim -> cotim,0.0,0.68,1.0,1.0,,,0.02,"proprietary mark, CNS / neurology",brand,,brand,False,1.0,0.717
hemocyw,False,ngram_guided+refined,1,57.75,74.88,high,-19.88,-4.88,hemocyte,0.6007,3,SIMILARITY_TOO_HIGH|TRADEMARK_HIT,,hemocys,hemocys -> hemocyw,0.0,0.357,0.889,1.0,,,0.257,"proprietary mark, CNS / neurology",brand,,brand,False,1.0,0.883
hemocyl,False,ngram_guided+refined,1,59.53,83.44,high,-28.44,-13.44,hemofil,0.7361,3,SIMILARITY_TOO_HIGH|TRADEMARK_HIT,,hemocys,hemocys -> hemocyw -> hemocyl,0.0,0.357,0.889,1.0,,,0.48,"proprietary mark, CNS / neurology",brand,,brand,False,1.0,0.883
hemozyl,False,ngram_guided+refined,1,68.6,80.74,high,-25.74,-10.74,hemofil,0.8095,3,SIMILARITY_TOO_HIGH|TRADEMARK_HIT,,hemocys,hemocys -> hemocyw -> hemocyl -> hemozyl,0.0,0.771,0.889,1.0,,,0.889,"proprietary mark, CNS / neurology",brand,,brand,False,1.0,0.883
udate,False,ngram_guided+refined,1,59.51,84.7,high,-29.7,-14.7,date,0.7508,2,SIMILARITY_TOO_HIGH,,idate,idate -> udate,0.0,0.68,1.0,1.0,,,0.03,"proprietary mark, CNS / neurology",brand,,brand,False,1.0,0.717
odate,False,ngram_guided+refined,1,59.92,87.34,high,-32.34,-17.34,iodate,0.7724,2,SIMILARITY_TOO_HIGH|TRADEMARK_HIT,,idate,idate -> udate -> odate,0.0,0.45,1.0,1.0,,,0.484,"proprietary mark, CNS / neurology",brand,,brand,False,1.0,0.717
adate,False,ngram_guided+refined,1,59.9,84.7,high,-29.7,-14.7,date,0.9301,2,SIMILARITY_TOO_HIGH|TRADEMARK_HIT,,idate,idate -> udate -> odate -> adate,0.0,0.45,1.0,1.0,,,0.481,"proprietary mark, CNS / neurology",brand,,brand,False,1.0,0.717
octorol,False,ngram_guided+refined,1,64.03,80.37,high,-25.37,-10.37,hectorol,0.793,3,SIMILARITY_TOO_HIGH|TRADEMARK_HIT,,octozol,octozol -> octorol,0.0,0.357,1.0,1.0,,,0.769,"proprietary mark, CNS / neurology",brand,,brand,False,1.0,0.925
uctorol,False,ngram_guided+refined,1,57.9,83.45,high,-28.45,-13.45,hectorol,0.645,3,SIMILARITY_TOO_HIGH|TRADEMARK_HIT,,octozol,octozol -> octorol -> uctorol,0.0,0.357,1.0,1.0,,,0.004,"proprietary mark, CNS / neurology",brand,,brand,False,1.0,0.925
actorol,False,ngram_guided+refined,1,63.63,81.29,high,-26.29,-11.29,hectorol,0.9457,3,SIMILARITY_TOO_HIGH|TRADEMARK_HIT,,octozol,octozol -> octorol -> uctorol -> actorol,0.0,0.357,1.0,1.0,,,0.72,"proprietary mark, CNS / neurology",brand,,brand,False,1.0,0.925
felrax,False,ngram_guided+refined,1,59.94,76.22,high,-21.22,-6.22,selrx,0.6447,2,SIMILARITY_TOO_HIGH|TRADEMARK_HIT,,febrax,febrax -> felrax,0.0,0.733,0.849,1.0,,,0.224,"proprietary mark, CNS / neurology",brand,,brand,False,1.0,0.733
filrax,True,ngram_guided+refined,1,61.92,69.9,moderate,-14.9,0.1,firox,0.6578,2,,SIMILARITY_MODERATE,febrax,febrax -> felrax -> filrax,0.0,1.0,0.849,1.0,,,0.004,"proprietary mark, CNS / neurology",brand,,brand,False,1.0,0.733
comuti,True,grammar+refined,1,62.77,62.9,moderate,-7.9,7.1,cometriq,0.6648,3,,SIMILARITY_MODERATE,cimuti,cimuti -> comuti,0.0,0.733,1.0,1.0,,,0.0,"proprietary mark, CNS / neurology",brand,,brand,True,1.0,0.9
sulusto,True,grammar,1,62.37,66.03,moderate,-11.03,3.97,soluton,0.7818,3,,SIMILARITY_MODERATE,,sulusto,0.0,0.771,0.899,1.0,,,0.013,"proprietary mark, anti-infective",brand,,brand,True,1.0,0.925
idiysa,True,grammar,1,64.0,66.51,moderate,-11.51,3.49,disal,0.6001,4,,SIMILARITY_MODERATE,,idiysa,0.0,1.0,1.0,1.0,,,0.0,"proprietary mark, anti-infective",brand,,brand,True,1.0,0.733
hamarcy,True,grammar,1,61.49,64.14,moderate,-9.14,5.86,homarus,0.6345,3,,SIMILARITY_MODERATE,,hamarcy,0.0,0.771,0.889,1.0,,,0.0,"proprietary mark, anti-infective",brand,,brand,False,1.0,0.883
clavorzo,False,grammar,1,58.63,73.72,high,-18.72,-3.72,flavors,0.7298,3,SIMILARITY_TOO_HIGH|TRADEMARK_HIT,,,clavorzo,0.0,0.6,0.829,1.0,,,0.025,"proprietary mark, anti-infective",brand,,brand,False,1.0,0.895
syzeza,True,grammar,1,63.45,67.67,moderate,-12.67,2.33,synera,0.6006,3,,SIMILARITY_MODERATE,,syzeza,0.0,1.0,0.889,1.0,,,0.001,"proprietary mark, anti-infective",brand,,brand,True,1.0,0.8
itevmo,False,grammar,1,58.99,78.03,high,-23.03,-8.03,retevmo,0.6006,3,SIMILARITY_TOO_HIGH|TRADEMARK_HIT,,,itevmo,0.0,0.517,1.0,1.0,,,0.001,"proprietary mark, anti-infective",brand,,brand,False,1.0,0.85
xomosa,False,grammar,1,59.73,76.67,high,-21.67,-6.67,dumosa,0.6372,3,SIMILARITY_TOO_HIGH|TRADEMARK_HIT,,,xomosa,0.0,0.517,1.0,1.0,,,0.0,"proprietary mark, anti-infective",brand,,brand,False,1.0,0.9
dondamiu,False,grammar,1,59.08,73.54,high,-18.54,-3.54,pongamia,0.609,4,SIMILARITY_TOO_HIGH,,,dondamiu,0.0,0.6,1.0,1.0,,,0.0,"proprietary mark, anti-infective",brand,,brand,False,1.0,0.779
sisyzi,True,grammar,1,59.71,60.82,moderate,-5.82,9.18,silybin,0.6004,3,,SIMILARITY_MODERATE,,sisyzi,0.0,0.733,0.889,1.0,,,0.0,"proprietary mark, anti-infective",brand,,brand,False,1.0,0.8
dirjare,True,grammar,1,65.13,60.65,moderate,-5.65,9.35,duocare,0.6003,2,,SIMILARITY_MODERATE,,dirjare,0.0,1.0,1.0,1.0,,,0.001,"proprietary mark, anti-infective",brand,,brand,True,1.0,0.808
vupore,False,grammar,1,61.02,71.81,high,-16.81,-1.81,spore,0.6009,2,SIMILARITY_TOO_HIGH|TRADEMARK_HIT,,,vupore,0.0,0.733,1.0,1.0,,,0.0,"proprietary mark, anti-infective",brand,,brand,False,1.0,0.783
lonumbo,True,grammar,1,60.81,68.73,moderate,-13.73,1.27,lidonumb,0.6574,3,,SIMILARITY_MODERATE,,lonumbo,0.0,0.564,1.0,1.0,,,0.004,"proprietary mark, anti-infective",brand,,brand,False,1.0,0.925
elilmi,True,grammar,1,62.02,67.04,moderate,-12.04,2.96,elemi,0.6087,3,,SIMILARITY_MODERATE,,elilmi,0.0,0.733,1.0,1.0,,,0.001,"proprietary mark, anti-infective",brand,,brand,False,1.0,0.85
zaroro,True,grammar,1,62.83,60.77,moderate,-5.77,9.23,aardora,0.6013,3,,SIMILARITY_MODERATE,,zaroro,0.0,0.733,1.0,1.0,,,0.008,"proprietary mark, anti-infective",brand,,brand,True,1.0,0.9
eltista,False,grammar,1,58.48,71.54,high,-16.54,-1.54,ellipta,0.8462,3,SIMILARITY_TOO_HIGH|TRADEMARK_HIT,,,eltista,0.0,0.564,0.874,1.0,,,0.012,"proprietary mark, anti-infective",brand,,brand,False,1.0,0.883
stritiu,False,grammar,1,55.99,70.7,high,-15.7,-0.7,stricta,0.6023,3,SIMILARITY_TOO_HIGH,,,stritiu,0.0,0.564,0.742,1.0,,,0.009,"proprietary mark, anti-infective",brand,,brand,False,1.0,0.842
tedachi,True,grammar,1,63.67,62.94,moderate,-7.94,7.06,debachere,0.6297,3,,SIMILARITY_MODERATE,,tedachi,0.0,0.771,1.0,1.0,,,0.0,"proprietary mark, anti-infective",brand,,brand,True,1.0,0.925
kogri,True,grammar,1,60.7,68.51,moderate,-13.51,1.49,koseri,0.619,2,,SIMILARITY_MODERATE,,kogri,0.0,1.0,0.849,1.0,,,0.0,"proprietary mark, anti-infective",brand,,brand,False,1.0,0.654
puiclai,True,grammar,1,58.56,61.39,moderate,-6.39,8.61,nicolai,0.6007,2,,SIMILARITY_MODERATE,,puiclai,0.0,0.771,0.849,1.0,,,0.0,"proprietary mark, anti-infective",brand,,brand,False,1.0,0.725
vakso,True,grammar,1,62.81,65.13,moderate,-10.13,4.87,vafseo,0.6001,2,,SIMILARITY_MODERATE,,vakso,0.0,1.0,1.0,1.0,,,0.0,"proprietary mark, anti-infective",brand,,brand,True,1.0,0.654
siollene,False,grammar,1,60.86,78.68,high,-23.68,-8.68,silene,0.8142,3,SIMILARITY_TOO_HIGH,,,siollene,0.0,0.6,1.0,1.0,,,0.004,"proprietary mark, anti-infective",brand,,brand,False,1.0,0.895
motapri,True,grammar,1,60.07,69.33,moderate,-14.33,0.67,mosapride,0.7247,3,,SIMILARITY_MODERATE,,motapri,0.0,0.564,0.899,1.0,,,0.089,"proprietary mark, anti-infective",brand,,brand,False,1.0,0.925
cimuti,False,grammar,1,62.77,73.67,high,-18.67,-3.67,gimoti,0.6195,3,SIMILARITY_TOO_HIGH|TRADEMARK_HIT,,,cimuti,0.0,0.733,1.0,1.0,,,0.0,"proprietary mark, anti-infective",brand,,brand,False,1.0,0.9
piirvata,True,grammar,1,61.91,68.4,moderate,-13.4,1.6,pinnata,0.6006,4,,SIMILARITY_MODERATE,,piirvata,0.0,0.8,1.0,1.0,,,0.004,"proprietary mark, anti-infective",brand,,brand,False,1.0,0.779
deratum,False,ngram_guided,1,69.09,81.8,high,-26.8,-11.8,odoratum,0.9898,3,SIMILARITY_TOO_HIGH|TRADEMARK_HIT,,,deratum,0.0,0.564,1.0,1.0,,,0.961,"proprietary mark, anti-infective",brand,,brand,False,1.0,0.967
valdolamica,True,ngram_guided,1,63.51,63.27,moderate,-8.27,6.73,magellanica,0.7872,5,,SIMILARITY_MODERATE,,valdolamica,0.0,0.668,1.0,1.0,,,0.942,"proprietary mark, anti-infective",brand,,brand,True,1.0,0.508
bontranz,True,ngram_guided,1,61.87,68.71,moderate,-13.71,1.29,tonsurans,0.7725,2,,SIMILARITY_MODERATE,,bontranz,0.0,0.6,0.737,1.0,,,0.875,"proprietary mark, anti-infective",brand,,brand,False,1.0,0.743
vancelest,True,ngram_guided,1,61.18,64.02,moderate,-9.02,5.98,vaxelis,0.9215,3,,SIMILARITY_MODERATE,,vancelest,0.0,0.433,0.874,1.0,,,0.663,"proprietary mark, anti-infective",brand,,brand,False,1.0,0.838
clarozole,False,ngram_guided,1,60.02,72.63,high,-17.63,-2.63,letrozole,0.8531,3,SIMILARITY_TOO_HIGH|TRADEMARK_HIT,,,clarozole,0.0,0.433,0.854,1.0,,,0.495,"proprietary mark, anti-infective",brand,,brand,False,1.0,0.869
circa,False,ngram_guided,1,61.05,74.52,high,-19.52,-4.52,circata,0.6444,2,SIMILARITY_TOO_HIGH|TRADEMARK_HIT,,,circa,0.0,0.45,1.0,1.0,,,0.742,"proprietary mark, anti-infective",brand,,brand,False,1.0,0.654
octozol,False,ngram_guided,1,62.87,74.34,high,-19.34,-4.34,proctosol,0.7879,3,SIMILARITY_TOO_HIGH|TRADEMARK_HIT,,,octozol,0.0,0.357,1.0,1.0,,,0.624,"proprietary mark, anti-infective",brand,,brand,False,1.0,0.925
khedecitisp,True,ngram_guided,1,53.89,62.76,moderate,-7.76,7.24,hepatitis,0.5661,4,,SIMILARITY_MODERATE|ILLEGAL_ONSET_CLUSTER,,khedecitisp,0.0,0.668,0.739,1.0,,,0.023,"proprietary mark, anti-infective",brand,,brand,False,1.0,0.6
lurogmtinac,True,ngram_guided,1,54.77,59.13,moderate,-4.13,10.87,bromfenac,0.605,4,,SIMILARITY_MODERATE,,lurogmtinac,0.0,0.668,0.813,1.0,,,0.004,"proprietary mark, anti-infective",brand,,brand,False,1.0,0.6
vidiaderm,False,ngram_guided,1,58.23,81.05,high,-26.05,-11.05,diaderm,0.8558,4,SIMILARITY_TOO_HIGH|TRADEMARK_HIT,,,vidiaderm,0.0,0.239,1.0,1.0,,,0.635,"proprietary mark, anti-infective",brand,,brand,False,1.0,0.721
vinestron,False,ngram_guided,1,52.2,74.28,high,-19.28,-4.28,dienestrol,0.9522,3,SIMILARITY_TOO_HIGH,,,vinestron,0.0,0.239,0.788,1.0,,,0.433,"proprietary mark, anti-infective",brand,,brand,False,0.8,0.838
atopiraprov,True,ngram_guided,1,54.47,62.9,moderate,-7.9,7.1,spirapril,0.6453,5,,SIMILARITY_MODERATE,,atopiraprov,0.0,0.482,0.94,1.0,,,0.244,"proprietary mark, anti-infective",brand,,brand,False,1.0,0.508
idate,False,ngram_guided,1,62.89,84.7,high,-29.7,-14.7,date,0.758,2,SIMILARITY_TOO_HIGH|TRADEMARK_HIT,,,idate,0.0,0.45,1.0,1.0,,,0.855,"proprietary mark, anti-infective",brand,,brand,False,1.0,0.717
alosetlidop,True,ngram_guided,1,59.0,65.48,moderate,-10.48,4.52,alosetron,0.6576,5,,SIMILARITY_MODERATE,,alosetlidop,0.0,0.482,1.0,1.0,,,0.703,"proprietary mark, anti-infective",brand,,brand,False,1.0,0.508
moneerydayv,True,ngram_guided,1,52.55,57.69,moderate,-2.69,12.31,moderiba,0.6263,4,,SIMILARITY_MODERATE,,moneerydayv,0.0,0.482,0.889,1.0,,,0.014,"proprietary mark, anti-infective",brand,,brand,False,1.0,0.55
cimec,False,ngram_guided,1,66.12,86.14,high,-31.14,-16.14,cimex,0.6428,2,SIMILARITY_TOO_HIGH,,,cimec,0.0,0.68,1.0,1.0,,,0.856,"proprietary mark, anti-infective",brand,,brand,False,1.0,0.717
hemocys,False,ngram_guided,1,63.45,78.33,high,-23.33,-8.33,hemocyte,0.719,3,SIMILARITY_TOO_HIGH|TRADEMARK_HIT,,,hemocys,0.0,0.357,0.889,1.0,,,0.97,"proprietary mark, anti-infective",brand,,brand,False,1.0,0.883
scarboplata,False,ngram_guided,1,51.59,81.24,high,-26.24,-11.24,carboplatin,0.8223,4,SIMILARITY_TOO_HIGH|TRADEMARK_HIT,,,scarboplata,0.0,0.073,0.709,1.0,,,0.879,"proprietary mark, anti-infective",brand,,brand,False,1.0,0.575
febrax,False,ngram_guided,1,62.8,76.54,high,-21.54,-6.54,debrox,0.7023,2,SIMILARITY_TOO_HIGH|TRADEMARK_HIT,,,febrax,0.0,0.733,0.849,1.0,,,0.581,"proprietary mark, anti-infective",brand,,brand,False,1.0,0.733
sular,False,ngram_guided,1,62.2,100.0,high,-45.0,-30.0,sular,0.9577,2,EXACT_NAME_COLLISION|TRADEMARK_HIT,,,sular,0.0,0.45,1.0,1.0,,,0.769,"proprietary mark, anti-infective",brand,,brand,False,1.0,0.717
mysolobe,False,ngram_guided,1,60.5,76.2,high,-21.2,-6.2,mysoline,0.6972,3,SIMILARITY_TOO_HIGH|TRADEMARK_HIT,,,mysolobe,0.0,0.6,0.889,1.0,,,0.154,"proprietary mark, anti-infective",brand,,brand,False,1.0,0.895
cetim,False,ngram_guided,1,63.87,73.76,high,-18.76,-3.76,stim,0.7833,2,SIMILARITY_TOO_HIGH|TRADEMARK_HIT,,,cetim,0.0,0.68,1.0,1.0,,,0.575,"proprietary mark, anti-infective",brand,,brand,False,1.0,0.717
caplustella,True,ngram_guided,1,56.06,69.45,moderate,-14.45,0.55,capsella,0.8526,4,,SIMILARITY_MODERATE,,caplustella,0.0,0.482,0.709,1.0,,,0.722,"proprietary mark, anti-infective",brand,,brand,False,1.0,0.575
gasynchiq,True,ngram_guided,1,60.9,60.38,moderate,-5.38,9.62,palynziq,0.6487,3,,SIMILARITY_MODERATE,,gasynchiq,0.0,0.628,0.889,1.0,,,0.38,"proprietary mark, anti-infective",brand,,brand,False,1.0,0.775
duratum,False,ngram_guided+refined,1,63.26,81.41,high,-26.41,-11.41,odoratum,0.9742,3,SIMILARITY_TOO_HIGH,,deratum,deratum -> duratum,0.0,0.357,1.0,1.0,,,0.595,"proprietary mark, anti-infective",brand,,brand,False,1.0,0.967
wuratum,False,ngram_guided+refined,1,58.5,73.09,high,-18.09,-3.09,atratum,0.6153,3,SIMILARITY_TOO_HIGH|TRADEMARK_HIT,,deratum,deratum -> duratum -> wuratum,0.0,0.357,1.0,1.0,,,0.0,"proprietary mark, anti-infective",brand,,brand,False,1.0,0.967
wusatum,True,ngram_guided+refined,1,61.4,67.48,moderate,-12.48,2.52,anisatum,0.603,3,,SIMILARITY_MODERATE,deratum,deratum -> duratum -> wuratum -> wusatum,0.0,0.564,1.0,1.0,,,0.0,"proprietary mark, anti-infective",brand,,brand,False,1.0,0.967
cimuc,False,ngram_guided+refined,1,59.27,74.07,high,-19.07,-4.07,cimex,0.6004,2,SIMILARITY_TOO_HIGH,,cimec,cimec -> cimuc,0.0,0.68,1.0,1.0,,,0.0,"proprietary mark, anti-infective",brand,,brand,False,1.0,0.717
cikuc,True,ngram_guided+refined,1,63.75,61.49,moderate,-6.49,8.51,cicuta,0.6,2,,SIMILARITY_MODERATE,cimec,cimec -> cimuc -> cikuc,0.0,1.0,1.0,1.0,,,0.0,"proprietary mark, anti-infective",brand,,brand,True,1.0,0.717
cotim,True,ngram_guided+refined,1,59.43,69.18,moderate,-14.18,0.82,cotinus,0.7991,2,,SIMILARITY_MODERATE,cetim,cetim -> cotim,0.0,0.68,1.0,1.0,,,0.02,"proprietary mark, anti-infective",brand,,brand,False,1.0,0.717
hemocyw,False,ngram_guided+refined,1,57.75,74.88,high,-19.88,-4.88,hemocyte,0.6007,3,SIMILARITY_TOO_HIGH|TRADEMARK_HIT,,hemocys,hemocys -> hemocyw,0.0,0.357,0.889,1.0,,,0.257,"proprietary mark, anti-infective",brand,,brand,False,1.0,0.883
hemocyl,False,ngram_guided+refined,1,59.53,83.44,high,-28.44,-13.44,hemofil,0.7361,3,SIMILARITY_TOO_HIGH|TRADEMARK_HIT,,hemocys,hemocys -> hemocyw -> hemocyl,0.0,0.357,0.889,1.0,,,0.48,"proprietary mark, anti-infective",brand,,brand,False,1.0,0.883
hemozyl,False,ngram_guided+refined,1,68.6,80.74,high,-25.74,-10.74,hemofil,0.8095,3,SIMILARITY_TOO_HIGH|TRADEMARK_HIT,,hemocys,hemocys -> hemocyw -> hemocyl -> hemozyl,0.0,0.771,0.889,1.0,,,0.889,"proprietary mark, anti-infective",brand,,brand,False,1.0,0.883
udate,False,ngram_guided+refined,1,59.51,84.7,high,-29.7,-14.7,date,0.7508,2,SIMILARITY_TOO_HIGH,,idate,idate -> udate,0.0,0.68,1.0,1.0,,,0.03,"proprietary mark, anti-infective",brand,,brand,False,1.0,0.717
odate,False,ngram_guided+refined,1,59.92,87.34,high,-32.34,-17.34,iodate,0.7724,2,SIMILARITY_TOO_HIGH|TRADEMARK_HIT,,idate,idate -> udate -> odate,0.0,0.45,1.0,1.0,,,0.484,"proprietary mark, anti-infective",brand,,brand,False,1.0,0.717
adate,False,ngram_guided+refined,1,59.9,84.7,high,-29.7,-14.7,date,0.9301,2,SIMILARITY_TOO_HIGH|TRADEMARK_HIT,,idate,idate -> udate -> odate -> adate,0.0,0.45,1.0,1.0,,,0.481,"proprietary mark, anti-infective",brand,,brand,False,1.0,0.717
octorol,False,ngram_guided+refined,1,64.03,80.37,high,-25.37,-10.37,hectorol,0.793,3,SIMILARITY_TOO_HIGH|TRADEMARK_HIT,,octozol,octozol -> octorol,0.0,0.357,1.0,1.0,,,0.769,"proprietary mark, anti-infective",brand,,brand,False,1.0,0.925
uctorol,False,ngram_guided+refined,1,57.9,83.45,high,-28.45,-13.45,hectorol,0.645,3,SIMILARITY_TOO_HIGH|TRADEMARK_HIT,,octozol,octozol -> octorol -> uctorol,0.0,0.357,1.0,1.0,,,0.004,"proprietary mark, anti-infective",brand,,brand,False,1.0,0.925
actorol,False,ngram_guided+refined,1,63.63,81.29,high,-26.29,-11.29,hectorol,0.9457,3,SIMILARITY_TOO_HIGH|TRADEMARK_HIT,,octozol,octozol -> octorol -> uctorol -> actorol,0.0,0.357,1.0,1.0,,,0.72,"proprietary mark, anti-infective",brand,,brand,False,1.0,0.925
felrax,False,ngram_guided+refined,1,59.94,76.22,high,-21.22,-6.22,selrx,0.6447,2,SIMILARITY_TOO_HIGH|TRADEMARK_HIT,,febrax,febrax -> felrax,0.0,0.733,0.849,1.0,,,0.224,"proprietary mark, anti-infective",brand,,brand,False,1.0,0.733
filrax,True,ngram_guided+refined,1,61.92,69.9,moderate,-14.9,0.1,firox,0.6578,2,,SIMILARITY_MODERATE,febrax,febrax -> felrax -> filrax,0.0,1.0,0.849,1.0,,,0.004,"proprietary mark, anti-infective",brand,,brand,False,1.0,0.733
comuti,True,grammar+refined,1,62.77,62.9,moderate,-7.9,7.1,cometriq,0.6648,3,,SIMILARITY_MODERATE,cimuti,cimuti -> comuti,0.0,0.733,1.0,1.0,,,0.0,"proprietary mark, anti-infective",brand,,brand,True,1.0,0.9
sulusto,True,grammar,1,62.37,66.03,moderate,-11.03,3.97,soluton,0.7818,3,,SIMILARITY_MODERATE,,sulusto,0.0,0.771,0.899,1.0,,,0.013,"proprietary mark, respiratory",brand,,brand,True,1.0,0.925
idiysa,True,grammar,1,64.0,66.51,moderate,-11.51,3.49,disal,0.6001,4,,SIMILARITY_MODERATE,,idiysa,0.0,1.0,1.0,1.0,,,0.0,"proprietary mark, respiratory",brand,,brand,True,1.0,0.733
hamarcy,True,grammar,1,61.49,64.14,moderate,-9.14,5.86,homarus,0.6345,3,,SIMILARITY_MODERATE,,hamarcy,0.0,0.771,0.889,1.0,,,0.0,"proprietary mark, respiratory",brand,,brand,False,1.0,0.883
clavorzo,False,grammar,1,58.63,73.72,high,-18.72,-3.72,flavors,0.7298,3,SIMILARITY_TOO_HIGH|TRADEMARK_HIT,,,clavorzo,0.0,0.6,0.829,1.0,,,0.025,"proprietary mark, respiratory",brand,,brand,False,1.0,0.895
syzeza,True,grammar,1,63.45,67.67,moderate,-12.67,2.33,synera,0.6006,3,,SIMILARITY_MODERATE,,syzeza,0.0,1.0,0.889,1.0,,,0.001,"proprietary mark, respiratory",brand,,brand,True,1.0,0.8
itevmo,False,grammar,1,58.99,78.03,high,-23.03,-8.03,retevmo,0.6006,3,SIMILARITY_TOO_HIGH|TRADEMARK_HIT,,,itevmo,0.0,0.517,1.0,1.0,,,0.001,"proprietary mark, respiratory",brand,,brand,False,1.0,0.85
xomosa,False,grammar,1,59.73,76.67,high,-21.67,-6.67,dumosa,0.6372,3,SIMILARITY_TOO_HIGH|TRADEMARK_HIT,,,xomosa,0.0,0.517,1.0,1.0,,,0.0,"proprietary mark, respiratory",brand,,brand,False,1.0,0.9
dondamiu,False,grammar,1,59.08,73.54,high,-18.54,-3.54,pongamia,0.609,4,SIMILARITY_TOO_HIGH,,,dondamiu,0.0,0.6,1.0,1.0,,,0.0,"proprietary mark, respiratory",brand,,brand,False,1.0,0.779
sisyzi,True,grammar,1,59.71,60.82,moderate,-5.82,9.18,silybin,0.6004,3,,SIMILARITY_MODERATE,,sisyzi,0.0,0.733,0.889,1.0,,,0.0,"proprietary mark, respiratory",brand,,brand,False,1.0,0.8
dirjare,True,grammar,1,65.13,60.65,moderate,-5.65,9.35,duocare,0.6003,2,,SIMILARITY_MODERATE,,dirjare,0.0,1.0,1.0,1.0,,,0.001,"proprietary mark, respiratory",brand,,brand,True,1.0,0.808
vupore,False,grammar,1,61.02,71.81,high,-16.81,-1.81,spore,0.6009,2,SIMILARITY_TOO_HIGH|TRADEMARK_HIT,,,vupore,0.0,0.733,1.0,1.0,,,0.0,"proprietary mark, respiratory",brand,,brand,False,1.0,0.783
lonumbo,True,grammar,1,60.81,68.73,moderate,-13.73,1.27,lidonumb,0.6574,3,,SIMILARITY_MODERATE,,lonumbo,0.0,0.564,1.0,1.0,,,0.004,"proprietary mark, respiratory",brand,,brand,False,1.0,0.925
elilmi,True,grammar,1,62.02,67.04,moderate,-12.04,2.96,elemi,0.6087,3,,SIMILARITY_MODERATE,,elilmi,0.0,0.733,1.0,1.0,,,0.001,"proprietary mark, respiratory",brand,,brand,False,1.0,0.85
zaroro,True,grammar,1,62.83,60.77,moderate,-5.77,9.23,aardora,0.6013,3,,SIMILARITY_MODERATE,,zaroro,0.0,0.733,1.0,1.0,,,0.008,"proprietary mark, respiratory",brand,,brand,True,1.0,0.9
eltista,False,grammar,1,58.48,71.54,high,-16.54,-1.54,ellipta,0.8462,3,SIMILARITY_TOO_HIGH|TRADEMARK_HIT,,,eltista,0.0,0.564,0.874,1.0,,,0.012,"proprietary mark, respiratory",brand,,brand,False,1.0,0.883
stritiu,False,grammar,1,55.99,70.7,high,-15.7,-0.7,stricta,0.6023,3,SIMILARITY_TOO_HIGH,,,stritiu,0.0,0.564,0.742,1.0,,,0.009,"proprietary mark, respiratory",brand,,brand,False,1.0,0.842
tedachi,True,grammar,1,63.67,62.94,moderate,-7.94,7.06,debachere,0.6297,3,,SIMILARITY_MODERATE,,tedachi,0.0,0.771,1.0,1.0,,,0.0,"proprietary mark, respiratory",brand,,brand,True,1.0,0.925
kogri,True,grammar,1,60.7,68.51,moderate,-13.51,1.49,koseri,0.619,2,,SIMILARITY_MODERATE,,kogri,0.0,1.0,0.849,1.0,,,0.0,"proprietary mark, respiratory",brand,,brand,False,1.0,0.654
puiclai,True,grammar,1,58.56,61.39,moderate,-6.39,8.61,nicolai,0.6007,2,,SIMILARITY_MODERATE,,puiclai,0.0,0.771,0.849,1.0,,,0.0,"proprietary mark, respiratory",brand,,brand,False,1.0,0.725
vakso,True,grammar,1,62.81,65.13,moderate,-10.13,4.87,vafseo,0.6001,2,,SIMILARITY_MODERATE,,vakso,0.0,1.0,1.0,1.0,,,0.0,"proprietary mark, respiratory",brand,,brand,True,1.0,0.654
siollene,False,grammar,1,60.86,78.68,high,-23.68,-8.68,silene,0.8142,3,SIMILARITY_TOO_HIGH,,,siollene,0.0,0.6,1.0,1.0,,,0.004,"proprietary mark, respiratory",brand,,brand,False,1.0,0.895
motapri,True,grammar,1,60.07,69.33,moderate,-14.33,0.67,mosapride,0.7247,3,,SIMILARITY_MODERATE,,motapri,0.0,0.564,0.899,1.0,,,0.089,"proprietary mark, respiratory",brand,,brand,False,1.0,0.925
cimuti,False,grammar,1,62.77,73.67,high,-18.67,-3.67,gimoti,0.6195,3,SIMILARITY_TOO_HIGH|TRADEMARK_HIT,,,cimuti,0.0,0.733,1.0,1.0,,,0.0,"proprietary mark, respiratory",brand,,brand,False,1.0,0.9
piirvata,True,grammar,1,61.91,68.4,moderate,-13.4,1.6,pinnata,0.6006,4,,SIMILARITY_MODERATE,,piirvata,0.0,0.8,1.0,1.0,,,0.004,"proprietary mark, respiratory",brand,,brand,False,1.0,0.779
deratum,False,ngram_guided,1,69.09,81.8,high,-26.8,-11.8,odoratum,0.9898,3,SIMILARITY_TOO_HIGH|TRADEMARK_HIT,,,deratum,0.0,0.564,1.0,1.0,,,0.961,"proprietary mark, respiratory",brand,,brand,False,1.0,0.967
valdolamica,True,ngram_guided,1,63.51,63.27,moderate,-8.27,6.73,magellanica,0.7872,5,,SIMILARITY_MODERATE,,valdolamica,0.0,0.668,1.0,1.0,,,0.942,"proprietary mark, respiratory",brand,,brand,True,1.0,0.508
bontranz,True,ngram_guided,1,61.87,68.71,moderate,-13.71,1.29,tonsurans,0.7725,2,,SIMILARITY_MODERATE,,bontranz,0.0,0.6,0.737,1.0,,,0.875,"proprietary mark, respiratory",brand,,brand,False,1.0,0.743
vancelest,True,ngram_guided,1,61.18,64.02,moderate,-9.02,5.98,vaxelis,0.9215,3,,SIMILARITY_MODERATE,,vancelest,0.0,0.433,0.874,1.0,,,0.663,"proprietary mark, respiratory",brand,,brand,False,1.0,0.838
clarozole,False,ngram_guided,1,60.02,72.63,high,-17.63,-2.63,letrozole,0.8531,3,SIMILARITY_TOO_HIGH|TRADEMARK_HIT,,,clarozole,0.0,0.433,0.854,1.0,,,0.495,"proprietary mark, respiratory",brand,,brand,False,1.0,0.869
circa,False,ngram_guided,1,61.05,74.52,high,-19.52,-4.52,circata,0.6444,2,SIMILARITY_TOO_HIGH|TRADEMARK_HIT,,,circa,0.0,0.45,1.0,1.0,,,0.742,"proprietary mark, respiratory",brand,,brand,False,1.0,0.654
octozol,False,ngram_guided,1,62.87,74.34,high,-19.34,-4.34,proctosol,0.7879,3,SIMILARITY_TOO_HIGH|TRADEMARK_HIT,,,octozol,0.0,0.357,1.0,1.0,,,0.624,"proprietary mark, respiratory",brand,,brand,False,1.0,0.925
khedecitisp,True,ngram_guided,1,53.89,62.76,moderate,-7.76,7.24,hepatitis,0.5661,4,,SIMILARITY_MODERATE|ILLEGAL_ONSET_CLUSTER,,khedecitisp,0.0,0.668,0.739,1.0,,,0.023,"proprietary mark, respiratory",brand,,brand,False,1.0,0.6
lurogmtinac,True,ngram_guided,1,54.77,59.13,moderate,-4.13,10.87,bromfenac,0.605,4,,SIMILARITY_MODERATE,,lurogmtinac,0.0,0.668,0.813,1.0,,,0.004,"proprietary mark, respiratory",brand,,brand,False,1.0,0.6
vidiaderm,False,ngram_guided,1,58.23,81.05,high,-26.05,-11.05,diaderm,0.8558,4,SIMILARITY_TOO_HIGH|TRADEMARK_HIT,,,vidiaderm,0.0,0.239,1.0,1.0,,,0.635,"proprietary mark, respiratory",brand,,brand,False,1.0,0.721
vinestron,False,ngram_guided,1,52.2,74.28,high,-19.28,-4.28,dienestrol,0.9522,3,SIMILARITY_TOO_HIGH,,,vinestron,0.0,0.239,0.788,1.0,,,0.433,"proprietary mark, respiratory",brand,,brand,False,0.8,0.838
atopiraprov,True,ngram_guided,1,54.47,62.9,moderate,-7.9,7.1,spirapril,0.6453,5,,SIMILARITY_MODERATE,,atopiraprov,0.0,0.482,0.94,1.0,,,0.244,"proprietary mark, respiratory",brand,,brand,False,1.0,0.508
idate,False,ngram_guided,1,62.89,84.7,high,-29.7,-14.7,date,0.758,2,SIMILARITY_TOO_HIGH|TRADEMARK_HIT,,,idate,0.0,0.45,1.0,1.0,,,0.855,"proprietary mark, respiratory",brand,,brand,False,1.0,0.717
alosetlidop,True,ngram_guided,1,59.0,65.48,moderate,-10.48,4.52,alosetron,0.6576,5,,SIMILARITY_MODERATE,,alosetlidop,0.0,0.482,1.0,1.0,,,0.703,"proprietary mark, respiratory",brand,,brand,False,1.0,0.508
moneerydayv,True,ngram_guided,1,52.55,57.69,moderate,-2.69,12.31,moderiba,0.6263,4,,SIMILARITY_MODERATE,,moneerydayv,0.0,0.482,0.889,1.0,,,0.014,"proprietary mark, respiratory",brand,,brand,False,1.0,0.55
cimec,False,ngram_guided,1,66.12,86.14,high,-31.14,-16.14,cimex,0.6428,2,SIMILARITY_TOO_HIGH,,,cimec,0.0,0.68,1.0,1.0,,,0.856,"proprietary mark, respiratory",brand,,brand,False,1.0,0.717
hemocys,False,ngram_guided,1,63.45,78.33,high,-23.33,-8.33,hemocyte,0.719,3,SIMILARITY_TOO_HIGH|TRADEMARK_HIT,,,hemocys,0.0,0.357,0.889,1.0,,,0.97,"proprietary mark, respiratory",brand,,brand,False,1.0,0.883
scarboplata,False,ngram_guided,1,51.59,81.24,high,-26.24,-11.24,carboplatin,0.8223,4,SIMILARITY_TOO_HIGH|TRADEMARK_HIT,,,scarboplata,0.0,0.073,0.709,1.0,,,0.879,"proprietary mark, respiratory",brand,,brand,False,1.0,0.575
febrax,False,ngram_guided,1,62.8,76.54,high,-21.54,-6.54,debrox,0.7023,2,SIMILARITY_TOO_HIGH|TRADEMARK_HIT,,,febrax,0.0,0.733,0.849,1.0,,,0.581,"proprietary mark, respiratory",brand,,brand,False,1.0,0.733
sular,False,ngram_guided,1,62.2,100.0,high,-45.0,-30.0,sular,0.9577,2,EXACT_NAME_COLLISION|TRADEMARK_HIT,,,sular,0.0,0.45,1.0,1.0,,,0.769,"proprietary mark, respiratory",brand,,brand,False,1.0,0.717
mysolobe,False,ngram_guided,1,60.5,76.2,high,-21.2,-6.2,mysoline,0.6972,3,SIMILARITY_TOO_HIGH|TRADEMARK_HIT,,,mysolobe,0.0,0.6,0.889,1.0,,,0.154,"proprietary mark, respiratory",brand,,brand,False,1.0,0.895
cetim,False,ngram_guided,1,63.87,73.76,high,-18.76,-3.76,stim,0.7833,2,SIMILARITY_TOO_HIGH|TRADEMARK_HIT,,,cetim,0.0,0.68,1.0,1.0,,,0.575,"proprietary mark, respiratory",brand,,brand,False,1.0,0.717
caplustella,True,ngram_guided,1,56.06,69.45,moderate,-14.45,0.55,capsella,0.8526,4,,SIMILARITY_MODERATE,,caplustella,0.0,0.482,0.709,1.0,,,0.722,"proprietary mark, respiratory",brand,,brand,False,1.0,0.575
gasynchiq,True,ngram_guided,1,60.9,60.38,moderate,-5.38,9.62,palynziq,0.6487,3,,SIMILARITY_MODERATE,,gasynchiq,0.0,0.628,0.889,1.0,,,0.38,"proprietary mark, respiratory",brand,,brand,False,1.0,0.775
duratum,False,ngram_guided+refined,1,63.26,81.41,high,-26.41,-11.41,odoratum,0.9742,3,SIMILARITY_TOO_HIGH,,deratum,deratum -> duratum,0.0,0.357,1.0,1.0,,,0.595,"proprietary mark, respiratory",brand,,brand,False,1.0,0.967
wuratum,False,ngram_guided+refined,1,58.5,73.09,high,-18.09,-3.09,atratum,0.6153,3,SIMILARITY_TOO_HIGH|TRADEMARK_HIT,,deratum,deratum -> duratum -> wuratum,0.0,0.357,1.0,1.0,,,0.0,"proprietary mark, respiratory",brand,,brand,False,1.0,0.967
wusatum,True,ngram_guided+refined,1,61.4,67.48,moderate,-12.48,2.52,anisatum,0.603,3,,SIMILARITY_MODERATE,deratum,deratum -> duratum -> wuratum -> wusatum,0.0,0.564,1.0,1.0,,,0.0,"proprietary mark, respiratory",brand,,brand,False,1.0,0.967
cimuc,False,ngram_guided+refined,1,59.27,74.07,high,-19.07,-4.07,cimex,0.6004,2,SIMILARITY_TOO_HIGH,,cimec,cimec -> cimuc,0.0,0.68,1.0,1.0,,,0.0,"proprietary mark, respiratory",brand,,brand,False,1.0,0.717
cikuc,True,ngram_guided+refined,1,63.75,61.49,moderate,-6.49,8.51,cicuta,0.6,2,,SIMILARITY_MODERATE,cimec,cimec -> cimuc -> cikuc,0.0,1.0,1.0,1.0,,,0.0,"proprietary mark, respiratory",brand,,brand,True,1.0,0.717
cotim,True,ngram_guided+refined,1,59.43,69.18,moderate,-14.18,0.82,cotinus,0.7991,2,,SIMILARITY_MODERATE,cetim,cetim -> cotim,0.0,0.68,1.0,1.0,,,0.02,"proprietary mark, respiratory",brand,,brand,False,1.0,0.717
hemocyw,False,ngram_guided+refined,1,57.75,74.88,high,-19.88,-4.88,hemocyte,0.6007,3,SIMILARITY_TOO_HIGH|TRADEMARK_HIT,,hemocys,hemocys -> hemocyw,0.0,0.357,0.889,1.0,,,0.257,"proprietary mark, respiratory",brand,,brand,False,1.0,0.883
hemocyl,False,ngram_guided+refined,1,59.53,83.44,high,-28.44,-13.44,hemofil,0.7361,3,SIMILARITY_TOO_HIGH|TRADEMARK_HIT,,hemocys,hemocys -> hemocyw -> hemocyl,0.0,0.357,0.889,1.0,,,0.48,"proprietary mark, respiratory",brand,,brand,False,1.0,0.883
hemozyl,False,ngram_guided+refined,1,68.6,80.74,high,-25.74,-10.74,hemofil,0.8095,3,SIMILARITY_TOO_HIGH|TRADEMARK_HIT,,hemocys,hemocys -> hemocyw -> hemocyl -> hemozyl,0.0,0.771,0.889,1.0,,,0.889,"proprietary mark, respiratory",brand,,brand,False,1.0,0.883
udate,False,ngram_guided+refined,1,59.51,84.7,high,-29.7,-14.7,date,0.7508,2,SIMILARITY_TOO_HIGH,,idate,idate -> udate,0.0,0.68,1.0,1.0,,,0.03,"proprietary mark, respiratory",brand,,brand,False,1.0,0.717
odate,False,ngram_guided+refined,1,59.92,87.34,high,-32.34,-17.34,iodate,0.7724,2,SIMILARITY_TOO_HIGH|TRADEMARK_HIT,,idate,idate -> udate -> odate,0.0,0.45,1.0,1.0,,,0.484,"proprietary mark, respiratory",brand,,brand,False,1.0,0.717
adate,False,ngram_guided+refined,1,59.9,84.7,high,-29.7,-14.7,date,0.9301,2,SIMILARITY_TOO_HIGH|TRADEMARK_HIT,,idate,idate -> udate -> odate -> adate,0.0,0.45,1.0,1.0,,,0.481,"proprietary mark, respiratory",brand,,brand,False,1.0,0.717
octorol,False,ngram_guided+refined,1,64.03,80.37,high,-25.37,-10.37,hectorol,0.793,3,SIMILARITY_TOO_HIGH|TRADEMARK_HIT,,octozol,octozol -> octorol,0.0,0.357,1.0,1.0,,,0.769,"proprietary mark, respiratory",brand,,brand,False,1.0,0.925
uctorol,False,ngram_guided+refined,1,57.9,83.45,high,-28.45,-13.45,hectorol,0.645,3,SIMILARITY_TOO_HIGH|TRADEMARK_HIT,,octozol,octozol -> octorol -> uctorol,0.0,0.357,1.0,1.0,,,0.004,"proprietary mark, respiratory",brand,,brand,False,1.0,0.925
actorol,False,ngram_guided+refined,1,63.63,81.29,high,-26.29,-11.29,hectorol,0.9457,3,SIMILARITY_TOO_HIGH|TRADEMARK_HIT,,octozol,octozol -> octorol -> uctorol -> actorol,0.0,0.357,1.0,1.0,,,0.72,"proprietary mark, respiratory",brand,,brand,False,1.0,0.925
felrax,False,ngram_guided+refined,1,59.94,76.22,high,-21.22,-6.22,selrx,0.6447,2,SIMILARITY_TOO_HIGH|TRADEMARK_HIT,,febrax,febrax -> felrax,0.0,0.733,0.849,1.0,,,0.224,"proprietary mark, respiratory",brand,,brand,False,1.0,0.733
filrax,True,ngram_guided+refined,1,61.92,69.9,moderate,-14.9,0.1,firox,0.6578,2,,SIMILARITY_MODERATE,febrax,febrax -> felrax -> filrax,0.0,1.0,0.849,1.0,,,0.004,"proprietary mark, respiratory",brand,,brand,False,1.0,0.733
comuti,True,grammar+refined,1,62.77,62.9,moderate,-7.9,7.1,cometriq,0.6648,3,,SIMILARITY_MODERATE,cimuti,cimuti -> comuti,0.0,0.733,1.0,1.0,,,0.0,"proprietary mark, respiratory",brand,,brand,True,1.0,0.9
sulusto,True,grammar,1,62.37,66.03,moderate,-11.03,3.97,soluton,0.7818,3,,SIMILARITY_MODERATE,,sulusto,0.0,0.771,0.899,1.0,,,0.013,"proprietary mark, dermatology",brand,,brand,True,1.0,0.925
idiysa,True,grammar,1,64.0,66.51,moderate,-11.51,3.49,disal,0.6001,4,,SIMILARITY_MODERATE,,idiysa,0.0,1.0,1.0,1.0,,,0.0,"proprietary mark, dermatology",brand,,brand,True,1.0,0.733
hamarcy,True,grammar,1,61.49,64.14,moderate,-9.14,5.86,homarus,0.6345,3,,SIMILARITY_MODERATE,,hamarcy,0.0,0.771,0.889,1.0,,,0.0,"proprietary mark, dermatology",brand,,brand,False,1.0,0.883
clavorzo,False,grammar,1,58.63,73.72,high,-18.72,-3.72,flavors,0.7298,3,SIMILARITY_TOO_HIGH|TRADEMARK_HIT,,,clavorzo,0.0,0.6,0.829,1.0,,,0.025,"proprietary mark, dermatology",brand,,brand,False,1.0,0.895
syzeza,True,grammar,1,63.45,67.67,moderate,-12.67,2.33,synera,0.6006,3,,SIMILARITY_MODERATE,,syzeza,0.0,1.0,0.889,1.0,,,0.001,"proprietary mark, dermatology",brand,,brand,True,1.0,0.8
itevmo,False,grammar,1,58.99,78.03,high,-23.03,-8.03,retevmo,0.6006,3,SIMILARITY_TOO_HIGH|TRADEMARK_HIT,,,itevmo,0.0,0.517,1.0,1.0,,,0.001,"proprietary mark, dermatology",brand,,brand,False,1.0,0.85
xomosa,False,grammar,1,59.73,76.67,high,-21.67,-6.67,dumosa,0.6372,3,SIMILARITY_TOO_HIGH|TRADEMARK_HIT,,,xomosa,0.0,0.517,1.0,1.0,,,0.0,"proprietary mark, dermatology",brand,,brand,False,1.0,0.9
dondamiu,False,grammar,1,59.08,73.54,high,-18.54,-3.54,pongamia,0.609,4,SIMILARITY_TOO_HIGH,,,dondamiu,0.0,0.6,1.0,1.0,,,0.0,"proprietary mark, dermatology",brand,,brand,False,1.0,0.779
sisyzi,True,grammar,1,59.71,60.82,moderate,-5.82,9.18,silybin,0.6004,3,,SIMILARITY_MODERATE,,sisyzi,0.0,0.733,0.889,1.0,,,0.0,"proprietary mark, dermatology",brand,,brand,False,1.0,0.8
dirjare,True,grammar,1,65.13,60.65,moderate,-5.65,9.35,duocare,0.6003,2,,SIMILARITY_MODERATE,,dirjare,0.0,1.0,1.0,1.0,,,0.001,"proprietary mark, dermatology",brand,,brand,True,1.0,0.808
vupore,False,grammar,1,61.02,71.81,high,-16.81,-1.81,spore,0.6009,2,SIMILARITY_TOO_HIGH|TRADEMARK_HIT,,,vupore,0.0,0.733,1.0,1.0,,,0.0,"proprietary mark, dermatology",brand,,brand,False,1.0,0.783
lonumbo,True,grammar,1,60.81,68.73,moderate,-13.73,1.27,lidonumb,0.6574,3,,SIMILARITY_MODERATE,,lonumbo,0.0,0.564,1.0,1.0,,,0.004,"proprietary mark, dermatology",brand,,brand,False,1.0,0.925
elilmi,True,grammar,1,62.02,67.04,moderate,-12.04,2.96,elemi,0.6087,3,,SIMILARITY_MODERATE,,elilmi,0.0,0.733,1.0,1.0,,,0.001,"proprietary mark, dermatology",brand,,brand,False,1.0,0.85
zaroro,True,grammar,1,62.83,60.77,moderate,-5.77,9.23,aardora,0.6013,3,,SIMILARITY_MODERATE,,zaroro,0.0,0.733,1.0,1.0,,,0.008,"proprietary mark, dermatology",brand,,brand,True,1.0,0.9
eltista,False,grammar,1,58.48,71.54,high,-16.54,-1.54,ellipta,0.8462,3,SIMILARITY_TOO_HIGH|TRADEMARK_HIT,,,eltista,0.0,0.564,0.874,1.0,,,0.012,"proprietary mark, dermatology",brand,,brand,False,1.0,0.883
stritiu,False,grammar,1,55.99,70.7,high,-15.7,-0.7,stricta,0.6023,3,SIMILARITY_TOO_HIGH,,,stritiu,0.0,0.564,0.742,1.0,,,0.009,"proprietary mark, dermatology",brand,,brand,False,1.0,0.842
tedachi,True,grammar,1,63.67,62.94,moderate,-7.94,7.06,debachere,0.6297,3,,SIMILARITY_MODERATE,,tedachi,0.0,0.771,1.0,1.0,,,0.0,"proprietary mark, dermatology",brand,,brand,True,1.0,0.925
kogri,True,grammar,1,60.7,68.51,moderate,-13.51,1.49,koseri,0.619,2,,SIMILARITY_MODERATE,,kogri,0.0,1.0,0.849,1.0,,,0.0,"proprietary mark, dermatology",brand,,brand,False,1.0,0.654
puiclai,True,grammar,1,58.56,61.39,moderate,-6.39,8.61,nicolai,0.6007,2,,SIMILARITY_MODERATE,,puiclai,0.0,0.771,0.849,1.0,,,0.0,"proprietary mark, dermatology",brand,,brand,False,1.0,0.725
vakso,True,grammar,1,62.81,65.13,moderate,-10.13,4.87,vafseo,0.6001,2,,SIMILARITY_MODERATE,,vakso,0.0,1.0,1.0,1.0,,,0.0,"proprietary mark, dermatology",brand,,brand,True,1.0,0.654
siollene,False,grammar,1,60.86,78.68,high,-23.68,-8.68,silene,0.8142,3,SIMILARITY_TOO_HIGH,,,siollene,0.0,0.6,1.0,1.0,,,0.004,"proprietary mark, dermatology",brand,,brand,False,1.0,0.895
motapri,True,grammar,1,60.07,69.33,moderate,-14.33,0.67,mosapride,0.7247,3,,SIMILARITY_MODERATE,,motapri,0.0,0.564,0.899,1.0,,,0.089,"proprietary mark, dermatology",brand,,brand,False,1.0,0.925
cimuti,False,grammar,1,62.77,73.67,high,-18.67,-3.67,gimoti,0.6195,3,SIMILARITY_TOO_HIGH|TRADEMARK_HIT,,,cimuti,0.0,0.733,1.0,1.0,,,0.0,"proprietary mark, dermatology",brand,,brand,False,1.0,0.9
piirvata,True,grammar,1,61.91,68.4,moderate,-13.4,1.6,pinnata,0.6006,4,,SIMILARITY_MODERATE,,piirvata,0.0,0.8,1.0,1.0,,,0.004,"proprietary mark, dermatology",brand,,brand,False,1.0,0.779
deratum,False,ngram_guided,1,69.09,81.8,high,-26.8,-11.8,odoratum,0.9898,3,SIMILARITY_TOO_HIGH|TRADEMARK_HIT,,,deratum,0.0,0.564,1.0,1.0,,,0.961,"proprietary mark, dermatology",brand,,brand,False,1.0,0.967
valdolamica,True,ngram_guided,1,63.51,63.27,moderate,-8.27,6.73,magellanica,0.7872,5,,SIMILARITY_MODERATE,,valdolamica,0.0,0.668,1.0,1.0,,,0.942,"proprietary mark, dermatology",brand,,brand,True,1.0,0.508
bontranz,True,ngram_guided,1,61.87,68.71,moderate,-13.71,1.29,tonsurans,0.7725,2,,SIMILARITY_MODERATE,,bontranz,0.0,0.6,0.737,1.0,,,0.875,"proprietary mark, dermatology",brand,,brand,False,1.0,0.743
vancelest,True,ngram_guided,1,61.18,64.02,moderate,-9.02,5.98,vaxelis,0.9215,3,,SIMILARITY_MODERATE,,vancelest,0.0,0.433,0.874,1.0,,,0.663,"proprietary mark, dermatology",brand,,brand,False,1.0,0.838
clarozole,False,ngram_guided,1,60.02,72.63,high,-17.63,-2.63,letrozole,0.8531,3,SIMILARITY_TOO_HIGH|TRADEMARK_HIT,,,clarozole,0.0,0.433,0.854,1.0,,,0.495,"proprietary mark, dermatology",brand,,brand,False,1.0,0.869
circa,False,ngram_guided,1,61.05,74.52,high,-19.52,-4.52,circata,0.6444,2,SIMILARITY_TOO_HIGH|TRADEMARK_HIT,,,circa,0.0,0.45,1.0,1.0,,,0.742,"proprietary mark, dermatology",brand,,brand,False,1.0,0.654
octozol,False,ngram_guided,1,62.87,74.34,high,-19.34,-4.34,proctosol,0.7879,3,SIMILARITY_TOO_HIGH|TRADEMARK_HIT,,,octozol,0.0,0.357,1.0,1.0,,,0.624,"proprietary mark, dermatology",brand,,brand,False,1.0,0.925
khedecitisp,True,ngram_guided,1,53.89,62.76,moderate,-7.76,7.24,hepatitis,0.5661,4,,SIMILARITY_MODERATE|ILLEGAL_ONSET_CLUSTER,,khedecitisp,0.0,0.668,0.739,1.0,,,0.023,"proprietary mark, dermatology",brand,,brand,False,1.0,0.6
lurogmtinac,True,ngram_guided,1,54.77,59.13,moderate,-4.13,10.87,bromfenac,0.605,4,,SIMILARITY_MODERATE,,lurogmtinac,0.0,0.668,0.813,1.0,,,0.004,"proprietary mark, dermatology",brand,,brand,False,1.0,0.6
vidiaderm,False,ngram_guided,1,58.23,81.05,high,-26.05,-11.05,diaderm,0.8558,4,SIMILARITY_TOO_HIGH|TRADEMARK_HIT,,,vidiaderm,0.0,0.239,1.0,1.0,,,0.635,"proprietary mark, dermatology",brand,,brand,False,1.0,0.721
vinestron,False,ngram_guided,1,52.2,74.28,high,-19.28,-4.28,dienestrol,0.9522,3,SIMILARITY_TOO_HIGH,,,vinestron,0.0,0.239,0.788,1.0,,,0.433,"proprietary mark, dermatology",brand,,brand,False,0.8,0.838
atopiraprov,True,ngram_guided,1,54.47,62.9,moderate,-7.9,7.1,spirapril,0.6453,5,,SIMILARITY_MODERATE,,atopiraprov,0.0,0.482,0.94,1.0,,,0.244,"proprietary mark, dermatology",brand,,brand,False,1.0,0.508
idate,False,ngram_guided,1,62.89,84.7,high,-29.7,-14.7,date,0.758,2,SIMILARITY_TOO_HIGH|TRADEMARK_HIT,,,idate,0.0,0.45,1.0,1.0,,,0.855,"proprietary mark, dermatology",brand,,brand,False,1.0,0.717
alosetlidop,True,ngram_guided,1,59.0,65.48,moderate,-10.48,4.52,alosetron,0.6576,5,,SIMILARITY_MODERATE,,alosetlidop,0.0,0.482,1.0,1.0,,,0.703,"proprietary mark, dermatology",brand,,brand,False,1.0,0.508
moneerydayv,True,ngram_guided,1,52.55,57.69,moderate,-2.69,12.31,moderiba,0.6263,4,,SIMILARITY_MODERATE,,moneerydayv,0.0,0.482,0.889,1.0,,,0.014,"proprietary mark, dermatology",brand,,brand,False,1.0,0.55
cimec,False,ngram_guided,1,66.12,86.14,high,-31.14,-16.14,cimex,0.6428,2,SIMILARITY_TOO_HIGH,,,cimec,0.0,0.68,1.0,1.0,,,0.856,"proprietary mark, dermatology",brand,,brand,False,1.0,0.717
hemocys,False,ngram_guided,1,63.45,78.33,high,-23.33,-8.33,hemocyte,0.719,3,SIMILARITY_TOO_HIGH|TRADEMARK_HIT,,,hemocys,0.0,0.357,0.889,1.0,,,0.97,"proprietary mark, dermatology",brand,,brand,False,1.0,0.883
scarboplata,False,ngram_guided,1,51.59,81.24,high,-26.24,-11.24,carboplatin,0.8223,4,SIMILARITY_TOO_HIGH|TRADEMARK_HIT,,,scarboplata,0.0,0.073,0.709,1.0,,,0.879,"proprietary mark, dermatology",brand,,brand,False,1.0,0.575
febrax,False,ngram_guided,1,62.8,76.54,high,-21.54,-6.54,debrox,0.7023,2,SIMILARITY_TOO_HIGH|TRADEMARK_HIT,,,febrax,0.0,0.733,0.849,1.0,,,0.581,"proprietary mark, dermatology",brand,,brand,False,1.0,0.733
sular,False,ngram_guided,1,62.2,100.0,high,-45.0,-30.0,sular,0.9577,2,EXACT_NAME_COLLISION|TRADEMARK_HIT,,,sular,0.0,0.45,1.0,1.0,,,0.769,"proprietary mark, dermatology",brand,,brand,False,1.0,0.717
mysolobe,False,ngram_guided,1,60.5,76.2,high,-21.2,-6.2,mysoline,0.6972,3,SIMILARITY_TOO_HIGH|TRADEMARK_HIT,,,mysolobe,0.0,0.6,0.889,1.0,,,0.154,"proprietary mark, dermatology",brand,,brand,False,1.0,0.895
cetim,False,ngram_guided,1,63.87,73.76,high,-18.76,-3.76,stim,0.7833,2,SIMILARITY_TOO_HIGH|TRADEMARK_HIT,,,cetim,0.0,0.68,1.0,1.0,,,0.575,"proprietary mark, dermatology",brand,,brand,False,1.0,0.717
caplustella,True,ngram_guided,1,56.06,69.45,moderate,-14.45,0.55,capsella,0.8526,4,,SIMILARITY_MODERATE,,caplustella,0.0,0.482,0.709,1.0,,,0.722,"proprietary mark, dermatology",brand,,brand,False,1.0,0.575
gasynchiq,True,ngram_guided,1,60.9,60.38,moderate,-5.38,9.62,palynziq,0.6487,3,,SIMILARITY_MODERATE,,gasynchiq,0.0,0.628,0.889,1.0,,,0.38,"proprietary mark, dermatology",brand,,brand,False,1.0,0.775
duratum,False,ngram_guided+refined,1,63.26,81.41,high,-26.41,-11.41,odoratum,0.9742,3,SIMILARITY_TOO_HIGH,,deratum,deratum -> duratum,0.0,0.357,1.0,1.0,,,0.595,"proprietary mark, dermatology",brand,,brand,False,1.0,0.967
wuratum,False,ngram_guided+refined,1,58.5,73.09,high,-18.09,-3.09,atratum,0.6153,3,SIMILARITY_TOO_HIGH|TRADEMARK_HIT,,deratum,deratum -> duratum -> wuratum,0.0,0.357,1.0,1.0,,,0.0,"proprietary mark, dermatology",brand,,brand,False,1.0,0.967
wusatum,True,ngram_guided+refined,1,61.4,67.48,moderate,-12.48,2.52,anisatum,0.603,3,,SIMILARITY_MODERATE,deratum,deratum -> duratum -> wuratum -> wusatum,0.0,0.564,1.0,1.0,,,0.0,"proprietary mark, dermatology",brand,,brand,False,1.0,0.967
cimuc,False,ngram_guided+refined,1,59.27,74.07,high,-19.07,-4.07,cimex,0.6004,2,SIMILARITY_TOO_HIGH,,cimec,cimec -> cimuc,0.0,0.68,1.0,1.0,,,0.0,"proprietary mark, dermatology",brand,,brand,False,1.0,0.717
cikuc,True,ngram_guided+refined,1,63.75,61.49,moderate,-6.49,8.51,cicuta,0.6,2,,SIMILARITY_MODERATE,cimec,cimec -> cimuc -> cikuc,0.0,1.0,1.0,1.0,,,0.0,"proprietary mark, dermatology",brand,,brand,True,1.0,0.717
cotim,True,ngram_guided+refined,1,59.43,69.18,moderate,-14.18,0.82,cotinus,0.7991,2,,SIMILARITY_MODERATE,cetim,cetim -> cotim,0.0,0.68,1.0,1.0,,,0.02,"proprietary mark, dermatology",brand,,brand,False,1.0,0.717
hemocyw,False,ngram_guided+refined,1,57.75,74.88,high,-19.88,-4.88,hemocyte,0.6007,3,SIMILARITY_TOO_HIGH|TRADEMARK_HIT,,hemocys,hemocys -> hemocyw,0.0,0.357,0.889,1.0,,,0.257,"proprietary mark, dermatology",brand,,brand,False,1.0,0.883
hemocyl,False,ngram_guided+refined,1,59.53,83.44,high,-28.44,-13.44,hemofil,0.7361,3,SIMILARITY_TOO_HIGH|TRADEMARK_HIT,,hemocys,hemocys -> hemocyw -> hemocyl,0.0,0.357,0.889,1.0,,,0.48,"proprietary mark, dermatology",brand,,brand,False,1.0,0.883
hemozyl,False,ngram_guided+refined,1,68.6,80.74,high,-25.74,-10.74,hemofil,0.8095,3,SIMILARITY_TOO_HIGH|TRADEMARK_HIT,,hemocys,hemocys -> hemocyw -> hemocyl -> hemozyl,0.0,0.771,0.889,1.0,,,0.889,"proprietary mark, dermatology",brand,,brand,False,1.0,0.883
udate,False,ngram_guided+refined,1,59.51,84.7,high,-29.7,-14.7,date,0.7508,2,SIMILARITY_TOO_HIGH,,idate,idate -> udate,0.0,0.68,1.0,1.0,,,0.03,"proprietary mark, dermatology",brand,,brand,False,1.0,0.717
odate,False,ngram_guided+refined,1,59.92,87.34,high,-32.34,-17.34,iodate,0.7724,2,SIMILARITY_TOO_HIGH|TRADEMARK_HIT,,idate,idate -> udate -> odate,0.0,0.45,1.0,1.0,,,0.484,"proprietary mark, dermatology",brand,,brand,False,1.0,0.717
adate,False,ngram_guided+refined,1,59.9,84.7,high,-29.7,-14.7,date,0.9301,2,SIMILARITY_TOO_HIGH|TRADEMARK_HIT,,idate,idate -> udate -> odate -> adate,0.0,0.45,1.0,1.0,,,0.481,"proprietary mark, dermatology",brand,,brand,False,1.0,0.717
octorol,False,ngram_guided+refined,1,64.03,80.37,high,-25.37,-10.37,hectorol,0.793,3,SIMILARITY_TOO_HIGH|TRADEMARK_HIT,,octozol,octozol -> octorol,0.0,0.357,1.0,1.0,,,0.769,"proprietary mark, dermatology",brand,,brand,False,1.0,0.925
uctorol,False,ngram_guided+refined,1,57.9,83.45,high,-28.45,-13.45,hectorol,0.645,3,SIMILARITY_TOO_HIGH|TRADEMARK_HIT,,octozol,octozol -> octorol -> uctorol,0.0,0.357,1.0,1.0,,,0.004,"proprietary mark, dermatology",brand,,brand,False,1.0,0.925
actorol,False,ngram_guided+refined,1,63.63,81.29,high,-26.29,-11.29,hectorol,0.9457,3,SIMILARITY_TOO_HIGH|TRADEMARK_HIT,,octozol,octozol -> octorol -> uctorol -> actorol,0.0,0.357,1.0,1.0,,,0.72,"proprietary mark, dermatology",brand,,brand,False,1.0,0.925
felrax,False,ngram_guided+refined,1,59.94,76.22,high,-21.22,-6.22,selrx,0.6447,2,SIMILARITY_TOO_HIGH|TRADEMARK_HIT,,febrax,febrax -> felrax,0.0,0.733,0.849,1.0,,,0.224,"proprietary mark, dermatology",brand,,brand,False,1.0,0.733
filrax,True,ngram_guided+refined,1,61.92,69.9,moderate,-14.9,0.1,firox,0.6578,2,,SIMILARITY_MODERATE,febrax,febrax -> felrax -> filrax,0.0,1.0,0.849,1.0,,,0.004,"proprietary mark, dermatology",brand,,brand,False,1.0,0.733
comuti,True,grammar+refined,1,62.77,62.9,moderate,-7.9,7.1,cometriq,0.6648,3,,SIMILARITY_MODERATE,cimuti,cimuti -> comuti,0.0,0.733,1.0,1.0,,,0.0,"proprietary mark, dermatology",brand,,brand,True,1.0,0.9
