candidate_name,accepted,proposer,round,quality_total,composite_risk_score,risk_band,margin_to_review,margin_to_reject,nearest_match,pronounceability,syllables,failure_codes,warning_codes,refined_from,lineage,q_distinctiveness,q_novelty,q_pronounceability,q_seam,q_morpheme_hygiene,q_shape,q_typicality,sweep_target,target_type,target_stem,difficulty,in_shortlist,q_stem_avoidance,q_memorability
nobidapril,False,grammar,1,62.59,64.59,moderate,-9.59,5.41,dicapryl,0.6664,4,INTRA_STEM_TOO_CLOSE,SIMILARITY_MODERATE,,nobidapril,0.0,0.733,0.924,1.0,1.0,0.998,0.001,ACE inhibitor,generic,-pril,roomy,False,,
ciszopril,False,grammar,1,65.84,63.04,moderate,-8.04,6.96,isuprel,0.6087,3,TRADEMARK_HIT,SIMILARITY_MODERATE,,ciszopril,0.0,1.0,0.874,1.0,1.0,0.858,0.003,ACE inhibitor,generic,-pril,roomy,False,,
ipidipril,False,grammar,1,56.78,65.41,moderate,-10.41,4.59,imidapril,0.6929,4,INTRA_STEM_TOO_CLOSE,SIMILARITY_MODERATE,,ipidipril,0.0,0.45,0.924,1.0,1.0,0.983,0.001,ACE inhibitor,generic,-pril,roomy,False,,
dopplopril,True,grammar,1,62.71,58.53,moderate,-3.53,11.47,dyclopro,0.6405,3,,SIMILARITY_MODERATE,,dopplopril,0.0,1.0,0.642,1.0,1.0,0.873,0.0,ACE inhibitor,generic,-pril,roomy,True,,
fapezepril,True,grammar,1,62.59,55.51,moderate,-0.51,14.49,sacubitril,0.6204,4,,SIMILARITY_MODERATE,,fapezepril,0.0,0.733,0.924,1.0,1.0,0.998,0.0,ACE inhibitor,generic,-pril,roomy,False,,
nelmavepril,False,grammar,1,62.73,58.38,moderate,-3.38,11.62,nyvepria,0.611,4,TRADEMARK_HIT,SIMILARITY_MODERATE,,nelmavepril,0.0,0.771,0.9,1.0,1.0,0.952,0.026,ACE inhibitor,generic,-pril,roomy,False,,
alaldapril,True,grammar,1,57.92,61.05,moderate,-6.05,8.95,addaprin,0.6247,4,,SIMILARITY_MODERATE,,alaldapril,0.0,0.517,0.9,1.0,1.0,0.998,0.001,ACE inhibitor,generic,-pril,roomy,False,,
irtargepril,True,grammar,1,58.06,59.89,moderate,-4.89,10.11,target,0.6323,4,,SIMILARITY_MODERATE,,irtargepril,0.0,0.564,0.875,1.0,1.0,0.952,0.0,ACE inhibitor,generic,-pril,roomy,False,,
sukopril,True,grammar,1,65.46,63.46,moderate,-8.46,6.54,xcopri,0.6042,3,,SIMILARITY_MODERATE,,sukopril,0.0,1.0,0.899,1.0,1.0,0.787,0.0,ACE inhibitor,generic,-pril,roomy,True,,
mofonupril,False,grammar,1,67.92,60.17,moderate,-5.17,9.83,zofenopril,0.6315,4,INTRA_STEM_TOO_CLOSE,SIMILARITY_MODERATE,,mofonupril,0.0,1.0,0.924,1.0,1.0,0.998,0.0,ACE inhibitor,generic,-pril,roomy,False,,
elbithepril,True,grammar,1,62.2,56.93,moderate,-1.93,13.07,diphtherial,0.6493,4,,SIMILARITY_MODERATE,,elbithepril,0.0,0.771,0.875,1.0,1.0,0.952,0.0,ACE inhibitor,generic,-pril,roomy,False,,
nedamaupril,True,grammar,1,62.89,57.56,moderate,-2.56,12.44,stamaril,0.6047,4,,SIMILARITY_MODERATE,,nedamaupril,0.0,0.771,0.924,1.0,1.0,0.952,0.0,ACE inhibitor,generic,-pril,roomy,True,,
icutepril,True,grammar,1,61.37,61.98,moderate,-6.98,8.02,sacubitril,0.6304,4,,SIMILARITY_MODERATE,,icutepril,0.0,0.68,0.924,1.0,1.0,0.983,0.0,ACE inhibitor,generic,-pril,roomy,False,,
olopril,False,grammar,1,64.45,75.18,high,-20.18,-5.18,aloprim,0.7042,3,SIMILARITY_TOO_HIGH|TRADEMARK_HIT,,,olopril,0.0,1.0,0.899,1.0,1.0,0.685,0.001,ACE inhibitor,generic,-pril,roomy,False,,
rimasapril,True,grammar,1,62.77,61.14,moderate,-6.14,8.86,anisacril,0.6621,4,,SIMILARITY_MODERATE,,rimasapril,0.0,0.733,0.924,1.0,1.0,0.998,0.026,ACE inhibitor,generic,-pril,roomy,True,,
iosapril,False,grammar,1,59.06,70.45,high,-15.45,-0.45,sabril,0.7156,4,SIMILARITY_TOO_HIGH|TRADEMARK_HIT,,,iosapril,0.0,0.6,0.924,1.0,1.0,0.912,0.0,ACE inhibitor,generic,-pril,roomy,False,,
cirmopril,True,grammar,1,65.84,58.88,moderate,-3.88,11.12,dimopair,0.6255,3,,SIMILARITY_MODERATE,,cirmopril,0.0,1.0,0.874,1.0,1.0,0.858,0.003,ACE inhibitor,generic,-pril,roomy,True,,
gevepril,False,grammar,1,65.46,70.33,high,-15.33,-0.33,nyvepria,0.6123,3,SIMILARITY_TOO_HIGH|TRADEMARK_HIT,,,gevepril,0.0,1.0,0.899,1.0,1.0,0.787,0.0,ACE inhibitor,generic,-pril,roomy,False,,
futlepril,True,grammar,1,59.43,58.19,moderate,-3.19,11.81,butlers,0.6052,3,,SIMILARITY_MODERATE,,futlepril,0.0,0.68,0.874,1.0,1.0,0.858,0.001,ACE inhibitor,generic,-pril,roomy,False,,
maxycabapril,True,grammar,1,59.9,59.0,moderate,-4.0,11.0,racecadotril,0.6135,5,,SIMILARITY_MODERATE,,maxycabapril,0.0,0.8,0.828,1.0,1.0,0.731,0.0,ACE inhibitor,generic,-pril,roomy,False,,
edonopril,True,grammar,1,61.38,67.17,moderate,-12.17,2.83,donepezil,0.6726,4,,SIMILARITY_MODERATE,,edonopril,0.0,0.68,0.924,1.0,1.0,0.983,0.001,ACE inhibitor,generic,-pril,roomy,False,,
dintnidapril,True,grammar,1,60.0,58.74,moderate,-3.74,11.26,anisacril,0.6122,4,,SIMILARITY_MODERATE,,dintnidapril,0.0,0.8,0.737,1.0,1.0,0.862,0.007,ACE inhibitor,generic,-pril,roomy,False,,
pantarepril,True,grammar,1,58.58,61.71,moderate,-6.71,8.29,pancreplus,0.7551,4,,SIMILARITY_MODERATE,,pantarepril,0.0,0.564,0.9,1.0,1.0,0.952,0.026,ACE inhibitor,generic,-pril,roomy,False,,
pelmapril,True,grammar,1,59.47,66.87,moderate,-11.87,3.13,temaril,0.6384,3,,SIMILARITY_MODERATE,,pelmapril,0.0,0.68,0.874,1.0,1.0,0.858,0.007,ACE inhibitor,generic,-pril,roomy,False,,
decanepril,False,ngram_guided,1,49.39,73.82,high,-18.82,-3.82,decanediol,0.7494,4,SIMILARITY_TOO_HIGH|INTRA_STEM_TOO_CLOSE|TRADEMARK_HIT,,,decanepril,0.0,0.3,0.924,1.0,0.53,0.998,0.427,ACE inhibitor,generic,-pril,roomy,False,,
pentopril,False,ngram_guided,1,48.87,66.03,moderate,-11.03,3.97,pantoprazole,0.8316,3,TRADEMARK_HIT,SIMILARITY_MODERATE,,pentopril,0.0,0.45,0.874,1.0,0.53,0.858,0.225,ACE inhibitor,generic,-pril,roomy,False,,
pemeclopril,True,ngram_guided,1,48.79,63.05,moderate,-8.05,6.95,imidacloprid,0.7247,4,,SIMILARITY_MODERATE,,pemeclopril,0.0,0.357,0.779,1.0,0.53,0.952,0.535,ACE inhibitor,generic,-pril,roomy,False,,
prastupril,True,ngram_guided,1,57.78,69.06,moderate,-14.06,0.94,prasugrel,0.6706,3,,SIMILARITY_MODERATE,,prastupril,0.0,0.517,0.648,1.0,1.0,0.873,0.663,ACE inhibitor,generic,-pril,roomy,False,,
decandopril,False,ngram_guided,1,49.74,69.53,moderate,-14.53,0.47,racecadotril,0.8428,4,TRADEMARK_HIT,SIMILARITY_MODERATE,,decandopril,0.0,0.357,0.9,1.0,0.53,0.952,0.429,ACE inhibitor,generic,-pril,roomy,False,,
nerpril,False,ngram_guided,1,61.89,66.62,moderate,-11.62,3.38,neryl,0.6166,2,TRADEMARK_HIT,SIMILARITY_MODERATE,,nerpril,0.0,1.0,0.737,1.0,1.0,0.466,0.273,ACE inhibitor,generic,-pril,roomy,False,,
thiazpril,True,ngram_guided,1,52.22,62.02,moderate,-7.02,7.98,thianil,0.6117,3,,SIMILARITY_MODERATE,,thiazpril,0.0,0.45,0.788,1.0,0.53,0.858,0.876,ACE inhibitor,generic,-pril,roomy,False,,
elepril,False,ngram_guided,1,68.18,70.32,high,-15.32,-0.32,elepsia,0.6598,3,SIMILARITY_TOO_HIGH|TRADEMARK_HIT,,,elepril,0.0,1.0,0.899,1.0,1.0,0.685,0.534,ACE inhibitor,generic,-pril,roomy,False,,
ubromopril,False,ngram_guided,1,52.87,77.38,high,-22.38,-7.38,bromopride,0.6806,4,SIMILARITY_TOO_HIGH,,,ubromopril,0.0,0.517,0.779,1.0,0.53,0.998,0.597,ACE inhibitor,generic,-pril,roomy,False,,
sumateripril,True,ngram_guided,1,63.94,66.82,moderate,-11.82,3.18,sumatriptan,0.8411,5,,SIMILARITY_MODERATE,,sumateripril,0.0,0.6,0.94,1.0,1.0,0.731,0.925,ACE inhibitor,generic,-pril,roomy,True,,
deworpril,True,ngram_guided,1,56.59,60.59,moderate,-5.59,9.41,dewormer,0.6499,3,,SIMILARITY_MODERATE,,deworpril,0.0,0.45,0.788,1.0,1.0,0.858,0.426,ACE inhibitor,generic,-pril,roomy,False,,
methiopril,False,ngram_guided,1,48.33,70.22,high,-15.22,-0.22,methyprylon,0.9361,4,SIMILARITY_TOO_HIGH,,,methiopril,0.0,0.3,0.9,1.0,0.53,0.998,0.325,ACE inhibitor,generic,-pril,roomy,False,,
abcipril,False,ngram_guided,1,58.31,70.11,high,-15.11,-0.11,gabitril,0.6313,3,SIMILARITY_TOO_HIGH|TRADEMARK_HIT,,,abcipril,0.0,0.6,0.874,1.0,1.0,0.787,0.171,ACE inhibitor,generic,-pril,roomy,False,,
thypril,True,ngram_guided,1,60.94,66.52,moderate,-11.52,3.48,baytril,0.7812,2,,SIMILARITY_MODERATE,,thypril,0.0,1.0,0.737,1.0,1.0,0.466,0.137,ACE inhibitor,generic,-pril,roomy,False,,
rampril,False,ngram_guided,1,61.41,81.36,high,-26.36,-11.36,ramipril,0.6783,2,SIMILARITY_TOO_HIGH|INTRA_STEM_TOO_CLOSE|TRADEMARK_HIT,,,rampril,0.0,1.0,0.737,1.0,1.0,0.466,0.204,ACE inhibitor,generic,-pril,roomy,False,,
albupril,False,ngram_guided,1,60.29,69.76,moderate,-14.76,0.24,albuterol,0.7537,3,TRADEMARK_HIT,SIMILARITY_MODERATE,,albupril,0.0,0.6,0.874,1.0,1.0,0.787,0.454,ACE inhibitor,generic,-pril,roomy,False,,
abirapril,False,ngram_guided,1,62.75,66.62,moderate,-11.62,3.38,spirapril,0.6798,4,INTRA_STEM_TOO_CLOSE,SIMILARITY_MODERATE,,abirapril,0.0,0.45,0.924,1.0,1.0,0.983,0.855,ACE inhibitor,generic,-pril,roomy,False,,
chirpril,True,ngram_guided,1,54.29,63.68,moderate,-8.68,6.32,chervil,0.6081,2,,SIMILARITY_MODERATE,,chirpril,0.0,0.6,0.737,1.0,1.0,0.568,0.184,ACE inhibitor,generic,-pril,roomy,False,,
omerpril,False,ngram_guided,1,56.23,70.14,high,-15.14,-0.14,iomeprol,0.6311,3,SIMILARITY_TOO_HIGH,,,omerpril,0.0,0.6,0.788,1.0,1.0,0.787,0.046,ACE inhibitor,generic,-pril,roomy,False,,
dipeginipril,True,ngram_guided,1,60.05,58.83,moderate,-3.83,11.17,perindoprilat,0.7681,5,,SIMILARITY_MODERATE,,dipeginipril,0.0,0.6,0.94,1.0,1.0,0.731,0.369,ACE inhibitor,generic,-pril,roomy,False,,
mirtolpril,True,ngram_guided,1,64.62,56.62,moderate,-1.62,13.38,myrtol,0.632,3,,SIMILARITY_MODERATE,,mirtolpril,0.0,0.733,0.788,1.0,1.0,0.873,0.742,ACE inhibitor,generic,-pril,roomy,True,,
prazpril,False,ngram_guided,1,49.85,65.33,moderate,-10.33,4.67,prasugrel,0.6068,2,TRADEMARK_HIT,SIMILARITY_MODERATE,,prazpril,0.0,0.6,0.586,1.0,0.59,0.568,0.789,ACE inhibitor,generic,-pril,roomy,False,,
suavipril,True,ngram_guided,1,59.88,64.72,moderate,-9.72,5.28,anipryl,0.6576,4,,SIMILARITY_MODERATE,,suavipril,0.0,0.45,0.924,1.0,1.0,0.983,0.444,ACE inhibitor,generic,-pril,roomy,False,,
behenoxapril,True,ngram_guided,1,51.64,65.65,moderate,-10.65,4.35,enoxaparin,0.7917,5,,SIMILARITY_MODERATE,,behenoxapril,0.0,0.4,0.94,1.0,0.53,0.731,0.814,ACE inhibitor,generic,-pril,roomy,False,,
elipril,True,ngram_guided+refined,1,71.27,65.36,moderate,-10.36,4.64,anipryl,0.708,3,,SIMILARITY_MODERATE,elepril,elepril -> elipril,0.0,1.0,0.899,1.0,1.0,0.685,0.975,ACE inhibitor,generic,-pril,roomy,True,,
mofinupril,False,grammar+refined,1,62.59,65.2,moderate,-10.2,4.8,fosinoprilat,0.6554,4,INTRA_STEM_TOO_CLOSE|TRADEMARK_HIT,SIMILARITY_MODERATE,mofonupril,mofonupril -> mofinupril,0.0,0.733,0.924,1.0,1.0,0.998,0.001,ACE inhibitor,generic,-pril,roomy,False,,
mofunupril,True,grammar+refined,1,62.59,58.77,moderate,-3.77,11.23,fosinoprilat,0.6302,4,,SIMILARITY_MODERATE,mofonupril,mofonupril -> mofinupril -> mofunupril,0.0,0.733,0.924,1.0,1.0,0.998,0.0,ACE inhibitor,generic,-pril,roomy,False,,
cuszopril,False,grammar+refined,1,65.82,58.49,moderate,-3.49,11.51,restoril,0.6176,3,TRADEMARK_HIT,SIMILARITY_MODERATE,ciszopril,ciszopril -> cuszopril,0.0,1.0,0.874,1.0,1.0,0.858,0.0,ACE inhibitor,generic,-pril,roomy,False,,
caszopril,False,grammar+refined,1,65.84,70.73,high,-15.73,-0.73,castoryl,0.6232,3,SIMILARITY_TOO_HIGH|INTRA_STEM_TOO_CLOSE|TRADEMARK_HIT,,ciszopril,ciszopril -> cuszopril -> caszopril,0.0,1.0,0.874,1.0,1.0,0.858,0.003,ACE inhibitor,generic,-pril,roomy,False,,
capzopril,False,grammar+refined,1,59.5,81.34,high,-26.34,-11.34,captopril,0.616,3,SIMILARITY_TOO_HIGH|INTRA_STEM_TOO_CLOSE|TRADEMARK_HIT,,ciszopril,ciszopril -> cuszopril -> caszopril -> capzopril,0.0,0.68,0.874,1.0,1.0,0.858,0.012,ACE inhibitor,generic,-pril,roomy,False,,
gegepril,False,grammar+refined,1,65.46,65.28,moderate,-10.28,4.72,zegerid,0.6064,3,TRADEMARK_HIT,SIMILARITY_MODERATE,gevepril,gevepril -> gegepril,0.0,1.0,0.899,1.0,1.0,0.787,0.0,ACE inhibitor,generic,-pril,roomy,False,,
gedepril,False,grammar+refined,1,65.46,64.78,moderate,-9.78,5.22,edecrin,0.6097,3,TRADEMARK_HIT,SIMILARITY_MODERATE,gevepril,gevepril -> gegepril -> gedepril,0.0,1.0,0.899,1.0,1.0,0.787,0.0,ACE inhibitor,generic,-pril,roomy,False,,
godepril,True,grammar+refined,1,65.46,64.87,moderate,-9.87,5.13,donepezil,0.622,3,,SIMILARITY_MODERATE,gevepril,gevepril -> gegepril -> gedepril -> godepril,0.0,1.0,0.899,1.0,1.0,0.787,0.0,ACE inhibitor,generic,-pril,roomy,True,,
alopril,False,grammar+refined,1,71.16,84.89,high,-29.89,-14.89,aloprim,0.7572,3,SIMILARITY_TOO_HIGH|TRADEMARK_HIT,,olopril,olopril -> alopril,0.0,1.0,0.899,1.0,1.0,0.685,0.959,ACE inhibitor,generic,-pril,roomy,False,,
alepril,False,grammar+refined,1,69.19,76.88,high,-21.88,-6.88,aletris,0.7018,3,SIMILARITY_TOO_HIGH|TRADEMARK_HIT,,olopril,olopril -> alopril -> alepril,0.0,1.0,0.899,1.0,1.0,0.685,0.678,ACE inhibitor,generic,-pril,roomy,False,,
abicapril,False,ngram_guided+refined,1,57.01,80.89,high,-25.89,-10.89,dicapryl,0.7718,4,SIMILARITY_TOO_HIGH,,abirapril,abirapril -> abicapril,0.0,0.45,0.924,1.0,1.0,0.983,0.034,ACE inhibitor,generic,-pril,roomy,False,,
abicopril,False,ngram_guided+refined,1,61.39,70.09,high,-15.09,-0.09,dicapryl,0.7163,4,SIMILARITY_TOO_HIGH,,abirapril,abirapril -> abicapril -> abicopril,0.0,0.68,0.924,1.0,1.0,0.983,0.003,ACE inhibitor,generic,-pril,roomy,False,,
ebicopril,False,ngram_guided+refined,1,61.37,70.09,high,-15.09,-0.09,dicapryl,0.6584,4,SIMILARITY_TOO_HIGH,,abirapril,abirapril -> abicapril -> abicopril -> ebicopril,0.0,0.68,0.924,1.0,1.0,0.983,0.0,ACE inhibitor,generic,-pril,roomy,False,,
nelmovepril,True,grammar+refined,1,62.55,58.43,moderate,-3.43,11.57,nyvepria,0.6122,4,,SIMILARITY_MODERATE,nelmavepril,nelmavepril -> nelmovepril,0.0,0.771,0.9,1.0,1.0,0.952,0.001,ACE inhibitor,generic,-pril,roomy,False,,
nojidapril,True,grammar+refined,1,67.92,63.98,moderate,-8.98,6.02,dicapryl,0.6068,4,,SIMILARITY_MODERATE,nobidapril,nobidapril -> nojidapril,0.0,1.0,0.924,1.0,1.0,0.998,0.0,ACE inhibitor,generic,-pril,roomy,True,,
loresartan,False,grammar,1,61.0,70.56,high,-15.56,-0.56,prexxartan,0.7231,4,SIMILARITY_TOO_HIGH|INTRA_STEM_TOO_CLOSE|TRADEMARK_HIT,,,loresartan,0.0,0.6,1.0,1.0,1.0,0.998,0.003,angiotensin II receptor antagonist,generic,-sartan,roomy,False,,
ciszosartan,False,grammar,1,68.2,62.39,moderate,-7.39,7.61,losortan,0.6149,4,TRADEMARK_HIT,SIMILARITY_MODERATE,,ciszosartan,0.0,1.0,0.975,1.0,1.0,0.952,0.003,angiotensin II receptor antagonist,generic,-sartan,roomy,False,,
derfesartan,False,grammar,1,57.2,63.31,moderate,-8.31,6.69,difetarsone,0.6615,4,INTRA_STEM_TOO_CLOSE|TRADEMARK_HIT,SIMILARITY_MODERATE,,derfesartan,0.0,0.45,0.975,1.0,1.0,0.952,0.003,angiotensin II receptor antagonist,generic,-sartan,roomy,False,,
dopplosartan,False,grammar,1,64.37,67.03,moderate,-12.03,2.97,losortan,0.6559,4,TRADEMARK_HIT,SIMILARITY_MODERATE,,dopplosartan,0.0,1.0,0.768,1.0,1.0,0.862,0.0,angiotensin II receptor antagonist,generic,-sartan,roomy,False,,
fapezesartan,False,grammar,1,60.98,61.05,moderate,-6.05,8.95,prexxartan,0.6033,5,TRADEMARK_HIT,SIMILARITY_MODERATE,,fapezesartan,0.0,0.733,1.0,1.0,1.0,0.731,0.0,angiotensin II receptor antagonist,generic,-sartan,roomy,False,,
ylisartan,False,grammar,1,64.45,70.5,high,-15.5,-0.5,losortan,0.5772,3,SIMILARITY_TOO_HIGH|INTRA_STEM_TOO_CLOSE|TRADEMARK_HIT,ILLEGAL_ONSET_CLUSTER,,ylisartan,0.0,1.0,0.776,1.0,1.0,0.858,0.0,angiotensin II receptor antagonist,generic,-sartan,roomy,False,,
dinasartan,True,grammar,1,62.79,59.9,moderate,-4.9,10.1,dermasarra,0.7584,4,,SIMILARITY_MODERATE,,dinasartan,0.0,0.6,1.0,1.0,1.0,0.998,0.259,angiotensin II receptor antagonist,generic,-sartan,roomy,True,,
denisartan,False,grammar,1,67.24,63.75,moderate,-8.75,6.25,dentastat,0.717,4,INTRA_STEM_TOO_CLOSE|TRADEMARK_HIT,SIMILARITY_MODERATE,,denisartan,0.0,0.6,1.0,1.0,1.0,0.998,0.894,angiotensin II receptor antagonist,generic,-sartan,roomy,False,,
sukosartan,False,grammar,1,68.98,64.72,moderate,-9.72,5.28,losortan,0.6253,4,TRADEMARK_HIT,SIMILARITY_MODERATE,,sukosartan,0.0,1.0,1.0,1.0,1.0,0.998,0.0,angiotensin II receptor antagonist,generic,-sartan,roomy,False,,
mofonusartan,True,grammar,1,67.2,54.07,low,0.93,15.93,conivaptan,0.6447,5,,,,mofonusartan,0.037,1.0,1.0,1.0,1.0,0.731,0.0,angiotensin II receptor antagonist,generic,-sartan,roomy,True,,
donsesartan,False,grammar,1,61.8,63.14,moderate,-8.14,6.86,olmesartran,0.6638,4,INTRA_STEM_TOO_CLOSE|TRADEMARK_HIT,SIMILARITY_MODERATE,,donsesartan,0.0,0.68,0.975,1.0,1.0,0.952,0.003,angiotensin II receptor antagonist,generic,-sartan,roomy,False,,
feungasartan,True,grammar,1,61.94,55.74,moderate,-0.74,14.26,fungistat,0.61,4,,SIMILARITY_MODERATE,,feungasartan,0.0,0.733,0.975,1.0,1.0,0.862,0.0,angiotensin II receptor antagonist,generic,-sartan,roomy,False,,
icutesartan,False,grammar,1,60.81,58.85,moderate,-3.85,11.15,prexxartan,0.6421,5,TRADEMARK_HIT,SIMILARITY_MODERATE,,icutesartan,0.0,0.68,1.0,1.0,1.0,0.821,0.0,angiotensin II receptor antagonist,generic,-sartan,roomy,False,,
olosartan,False,grammar,1,68.83,82.97,high,-27.97,-12.97,losortan,0.7257,4,SIMILARITY_TOO_HIGH|INTRA_STEM_TOO_CLOSE|TRADEMARK_HIT,,,olosartan,0.0,1.0,1.0,1.0,1.0,0.983,0.001,angiotensin II receptor antagonist,generic,-sartan,roomy,False,,
rimasasartan,True,grammar,1,59.35,59.18,moderate,-4.18,10.82,reassortant,0.6262,5,,SIMILARITY_MODERATE,,rimasasartan,0.0,0.733,1.0,0.8,1.0,0.731,0.026,angiotensin II receptor antagonist,generic,-sartan,roomy,False,,
balosartan,False,grammar,1,65.44,75.75,high,-20.75,-5.75,losortan,0.7479,4,SIMILARITY_TOO_HIGH|INTRA_STEM_TOO_CLOSE|TRADEMARK_HIT,,,balosartan,0.0,0.6,1.0,1.0,1.0,0.998,0.637,angiotensin II receptor antagonist,generic,-sartan,roomy,False,,
cirmosartan,False,grammar,1,68.2,61.83,moderate,-6.83,8.17,losortan,0.6472,4,INTRA_STEM_TOO_CLOSE|TRADEMARK_HIT,SIMILARITY_MODERATE,,cirmosartan,0.0,1.0,0.975,1.0,1.0,0.952,0.003,angiotensin II receptor antagonist,generic,-sartan,roomy,False,,
gevesartan,False,grammar,1,68.98,61.87,moderate,-6.87,8.13,olmesartran,0.6357,4,INTRA_STEM_TOO_CLOSE|TRADEMARK_HIT,SIMILARITY_MODERATE,,gevesartan,0.0,1.0,1.0,1.0,1.0,0.998,0.0,angiotensin II receptor antagonist,generic,-sartan,roomy,False,,
futlesartan,False,grammar,1,61.79,62.85,moderate,-7.85,7.15,losortan,0.6087,4,TRADEMARK_HIT,SIMILARITY_MODERATE,,futlesartan,0.0,0.68,0.975,1.0,1.0,0.952,0.001,angiotensin II receptor antagonist,generic,-sartan,roomy,False,,
maxycabasartan,True,grammar,1,56.53,55.22,moderate,-0.22,14.78,axicabtagene,0.6229,6,,SIMILARITY_MODERATE,,maxycabasartan,0.0,0.8,0.889,1.0,1.0,0.309,0.0,angiotensin II receptor antagonist,generic,-sartan,roomy,False,,
edonosartan,True,grammar,1,60.82,60.8,moderate,-5.8,9.2,losortan,0.6954,5,,SIMILARITY_MODERATE,,edonosartan,0.0,0.68,1.0,1.0,1.0,0.821,0.001,angiotensin II receptor antagonist,generic,-sartan,roomy,False,,
clalisartan,False,grammar,1,60.8,64.24,moderate,-9.24,5.76,callicarpa,0.6824,4,INTRA_STEM_TOO_CLOSE|TRADEMARK_HIT,SIMILARITY_MODERATE,,clalisartan,0.0,0.68,0.854,1.0,1.0,0.952,0.103,angiotensin II receptor antagonist,generic,-sartan,roomy,False,,
gonosartan,False,grammar,1,61.16,64.72,moderate,-9.72,5.28,losortan,0.7275,4,TRADEMARK_HIT,SIMILARITY_MODERATE,,gonosartan,0.0,0.6,1.0,1.0,1.0,0.998,0.026,angiotensin II receptor antagonist,generic,-sartan,roomy,False,,
pelmasartan,False,grammar,1,61.83,75.97,high,-20.97,-5.97,telmisartan,0.6427,4,SIMILARITY_TOO_HIGH|INTRA_STEM_TOO_CLOSE|TRADEMARK_HIT,,,pelmasartan,0.0,0.68,0.975,1.0,1.0,0.952,0.007,angiotensin II receptor antagonist,generic,-sartan,roomy,False,,
decanesartan,False,ngram_guided,1,47.78,65.91,moderate,-10.91,4.09,decongestant,0.766,5,INTRA_STEM_TOO_CLOSE|TRADEMARK_HIT,SIMILARITY_MODERATE,,decanesartan,0.0,0.3,1.0,1.0,0.53,0.731,0.427,angiotensin II receptor antagonist,generic,-sartan,roomy,False,,
pentosartan,False,ngram_guided,1,51.23,73.43,high,-18.43,-3.43,pentostatin,0.8378,4,SIMILARITY_TOO_HIGH|TRADEMARK_HIT,,,pentosartan,0.0,0.45,0.975,1.0,0.53,0.952,0.225,angiotensin II receptor antagonist,generic,-sartan,roomy,False,,
pemeclosartan,True,ngram_guided,1,46.78,61.4,moderate,-6.4,8.6,losortan,0.7388,5,,SIMILARITY_MODERATE,,pemeclosartan,0.0,0.357,0.869,1.0,0.53,0.624,0.535,angiotensin II receptor antagonist,generic,-sartan,roomy,False,,
prastusartan,True,ngram_guided,1,58.52,67.7,moderate,-12.7,2.3,prexxartan,0.7324,4,,SIMILARITY_MODERATE,,prastusartan,0.0,0.517,0.709,1.0,1.0,0.862,0.663,angiotensin II receptor antagonist,generic,-sartan,roomy,False,,
decandosartan,False,ngram_guided,1,47.52,68.21,moderate,-13.21,1.79,candesartan,0.8089,5,INTRA_STEM_TOO_CLOSE|TRADEMARK_HIT,SIMILARITY_MODERATE,,decandosartan,0.0,0.357,0.975,1.0,0.53,0.624,0.429,angiotensin II receptor antagonist,generic,-sartan,roomy,False,,
nersartan,False,ngram_guided,1,69.14,64.6,moderate,-9.6,5.4,losortan,0.6494,3,INTRA_STEM_TOO_CLOSE|TRADEMARK_HIT,SIMILARITY_MODERATE,,nersartan,0.0,1.0,0.975,1.0,1.0,0.858,0.273,angiotensin II receptor antagonist,generic,-sartan,roomy,False,,
thiazsartan,False,ngram_guided,1,55.44,57.02,moderate,-2.02,12.98,reassortant,0.6253,4,TRADEMARK_HIT,SIMILARITY_MODERATE,,thiazsartan,0.0,0.45,0.951,1.0,0.53,0.952,0.876,angiotensin II receptor antagonist,generic,-sartan,roomy,False,,
elesartan,False,ngram_guided,1,72.56,74.65,high,-19.65,-4.65,losortan,0.6621,4,SIMILARITY_TOO_HIGH|INTRA_STEM_TOO_CLOSE|TRADEMARK_HIT,,,elesartan,0.0,1.0,1.0,1.0,1.0,0.983,0.534,angiotensin II receptor antagonist,generic,-sartan,roomy,False,,
ubromosartan,True,ngram_guided,1,51.47,62.95,moderate,-7.95,7.05,bromobutane,0.7107,5,,SIMILARITY_MODERATE,,ubromosartan,0.0,0.517,0.869,1.0,0.53,0.731,0.597,angiotensin II receptor antagonist,generic,-sartan,roomy,False,,
sumaterisartan,False,ngram_guided,1,60.57,72.57,high,-17.57,-2.57,sumatriptan,0.8293,6,SIMILARITY_TOO_HIGH|TRADEMARK_HIT,,,sumaterisartan,0.0,0.6,1.0,1.0,1.0,0.309,0.925,angiotensin II receptor antagonist,generic,-sartan,roomy,False,,
deworsartan,True,ngram_guided,1,60.16,61.07,moderate,-6.07,8.93,reassortant,0.6548,4,,SIMILARITY_MODERATE,,deworsartan,0.0,0.45,0.975,1.0,1.0,0.952,0.426,angiotensin II receptor antagonist,generic,-sartan,roomy,False,,
methiosartan,True,ngram_guided,1,46.72,64.08,moderate,-9.08,5.92,methocarbamol,0.9273,5,,SIMILARITY_MODERATE,,methiosartan,0.0,0.3,0.975,1.0,0.53,0.731,0.325,angiotensin II receptor antagonist,generic,-sartan,roomy,False,,
abcisartan,False,ngram_guided,1,61.83,59.44,moderate,-4.44,10.56,bistorta,0.6371,4,TRADEMARK_HIT,SIMILARITY_MODERATE,,abcisartan,0.0,0.6,0.975,1.0,1.0,0.998,0.171,angiotensin II receptor antagonist,generic,-sartan,roomy,False,,
thysartan,False,ngram_guided,1,66.98,65.62,moderate,-10.62,4.38,cystaran,0.7712,3,TRADEMARK_HIT,SIMILARITY_MODERATE,,thysartan,0.0,1.0,0.889,1.0,1.0,0.858,0.137,angiotensin II receptor antagonist,generic,-sartan,roomy,False,,
ramsartan,False,ngram_guided,1,68.66,67.01,moderate,-12.01,2.99,prexxartan,0.6711,3,INTRA_STEM_TOO_CLOSE|TRADEMARK_HIT,SIMILARITY_MODERATE,,ramsartan,0.0,1.0,0.975,1.0,1.0,0.858,0.204,angiotensin II receptor antagonist,generic,-sartan,roomy,False,,
albusartan,False,ngram_guided,1,63.81,67.3,moderate,-12.3,2.7,olmesartran,0.6972,4,INTRA_STEM_TOO_CLOSE|TRADEMARK_HIT,SIMILARITY_MODERATE,,albusartan,0.0,0.6,0.975,1.0,1.0,0.998,0.454,angiotensin II receptor antagonist,generic,-sartan,roomy,False,,
abirasartan,False,ngram_guided,1,62.19,64.68,moderate,-9.68,5.32,aniracetam,0.6696,5,INTRA_STEM_TOO_CLOSE,SIMILARITY_MODERATE,,abirasartan,0.0,0.45,1.0,1.0,1.0,0.821,0.855,angiotensin II receptor antagonist,generic,-sartan,roomy,False,,
chirsartan,False,ngram_guided,1,60.33,63.86,moderate,-8.86,6.14,prexxartan,0.6911,3,INTRA_STEM_TOO_CLOSE|TRADEMARK_HIT,SIMILARITY_MODERATE,,chirsartan,0.0,0.6,0.951,1.0,1.0,0.873,0.184,angiotensin II receptor antagonist,generic,-sartan,roomy,False,,
omersartan,False,ngram_guided,1,60.96,70.82,high,-15.82,-0.82,olmesartran,0.6706,4,SIMILARITY_TOO_HIGH|INTRA_STEM_TOO_CLOSE|TRADEMARK_HIT,,,omersartan,0.0,0.6,0.975,1.0,1.0,0.998,0.046,angiotensin II receptor antagonist,generic,-sartan,roomy,False,,
dipeginisartan,True,ngram_guided,1,56.67,61.34,moderate,-6.34,8.66,peginesatide,0.7789,6,,SIMILARITY_MODERATE,,dipeginisartan,0.0,0.6,1.0,1.0,1.0,0.309,0.369,angiotensin II receptor antagonist,generic,-sartan,roomy,False,,
mirtolsartan,True,ngram_guided,1,66.79,62.64,moderate,-7.64,7.36,tolvaptan,0.649,4,,SIMILARITY_MODERATE,,mirtolsartan,0.0,0.733,0.951,1.0,1.0,0.862,0.742,angiotensin II receptor antagonist,generic,-sartan,roomy,True,,
prazsartan,False,ngram_guided,1,55.96,77.05,high,-22.05,-7.05,prexxartan,0.6187,3,SIMILARITY_TOO_HIGH|INTRA_STEM_TOO_CLOSE|TRADEMARK_HIT,,,prazsartan,0.0,0.6,0.804,1.0,0.59,0.873,0.789,angiotensin II receptor antagonist,generic,-sartan,roomy,False,,
suavisartan,True,ngram_guided,1,59.32,59.47,moderate,-4.47,10.53,reassortant,0.6749,5,,SIMILARITY_MODERATE,,suavisartan,0.0,0.45,1.0,1.0,1.0,0.821,0.444,angiotensin II receptor antagonist,generic,-sartan,roomy,False,,
behenoxasartan,True,ngram_guided,1,48.27,59.7,moderate,-4.7,10.3,enoxaparin,0.7035,6,,SIMILARITY_MODERATE,,behenoxasartan,0.0,0.4,1.0,1.0,0.53,0.309,0.814,angiotensin II receptor antagonist,generic,-sartan,roomy,False,,
esesartan,False,ngram_guided+refined,1,68.83,66.09,moderate,-11.09,3.91,prexxartan,0.6485,4,INTRA_STEM_TOO_CLOSE|TRADEMARK_HIT,SIMILARITY_MODERATE,elesartan,elesartan -> esesartan,0.0,1.0,1.0,1.0,1.0,0.983,0.001,angiotensin II receptor antagonist,generic,-sartan,roomy,False,,
etesartan,False,ngram_guided+refined,1,71.34,68.37,moderate,-13.37,1.63,prexxartan,0.6474,4,INTRA_STEM_TOO_CLOSE|TRADEMARK_HIT,SIMILARITY_MODERATE,elesartan,elesartan -> esesartan -> etesartan,0.0,1.0,1.0,1.0,1.0,0.983,0.359,angiotensin II receptor antagonist,generic,-sartan,roomy,False,,
efesartan,False,ngram_guided+refined,1,68.83,66.09,moderate,-11.09,3.91,prexxartan,0.6334,4,INTRA_STEM_TOO_CLOSE|TRADEMARK_HIT,SIMILARITY_MODERATE,elesartan,elesartan -> esesartan -> etesartan -> efesartan,0.0,1.0,1.0,1.0,1.0,0.983,0.0,angiotensin II receptor antagonist,generic,-sartan,roomy,False,,
norsartan,False,ngram_guided+refined,1,71.52,65.29,moderate,-10.29,4.71,losortan,0.6441,3,TRADEMARK_HIT,SIMILARITY_MODERATE,nersartan,nersartan -> norsartan,0.0,1.0,0.975,1.0,1.0,0.858,0.613,angiotensin II receptor antagonist,generic,-sartan,roomy,False,,
narsartan,False,ngram_guided+refined,1,67.41,64.79,moderate,-9.79,5.21,naratriptan,0.6681,3,INTRA_STEM_TOO_CLOSE|TRADEMARK_HIT,SIMILARITY_MODERATE,nersartan,nersartan -> norsartan -> narsartan,0.0,1.0,0.975,1.0,1.0,0.858,0.026,angiotensin II receptor antagonist,generic,-sartan,roomy,False,,
nursartan,False,ngram_guided+refined,1,67.23,64.6,moderate,-9.6,5.4,losortan,0.6338,3,INTRA_STEM_TOO_CLOSE|TRADEMARK_HIT,SIMILARITY_MODERATE,nersartan,nersartan -> norsartan -> narsartan -> nursartan,0.0,1.0,0.975,1.0,1.0,0.858,0.0,angiotensin II receptor antagonist,generic,-sartan,roomy,False,,
sugosartan,False,grammar+refined,1,68.98,66.5,moderate,-11.5,3.5,sugarcane,0.7144,4,TRADEMARK_HIT,SIMILARITY_MODERATE,sukosartan,sukosartan -> sugosartan,0.0,1.0,1.0,1.0,1.0,0.998,0.0,angiotensin II receptor antagonist,generic,-sartan,roomy,False,,
sudosartan,False,grammar+refined,1,60.98,65.74,moderate,-10.74,4.26,losortan,0.7215,4,TRADEMARK_HIT,SIMILARITY_MODERATE,sukosartan,sukosartan -> sugosartan -> sudosartan,0.0,0.6,1.0,1.0,1.0,0.998,0.0,angiotensin II receptor antagonist,generic,-sartan,roomy,False,,
sodosartan,False,grammar+refined,1,60.98,65.74,moderate,-10.74,4.26,losortan,0.7405,4,TRADEMARK_HIT,SIMILARITY_MODERATE,sukosartan,sukosartan -> sugosartan -> sudosartan -> sodosartan,0.0,0.6,1.0,1.0,1.0,0.998,0.0,angiotensin II receptor antagonist,generic,-sartan,roomy,False,,
gavesartan,False,grammar+refined,1,60.98,62.92,moderate,-7.92,7.08,gamastan,0.6558,4,INTRA_STEM_TOO_CLOSE|TRADEMARK_HIT,SIMILARITY_MODERATE,gevesartan,gevesartan -> gavesartan,0.0,0.6,1.0,1.0,1.0,0.998,0.0,angiotensin II receptor antagonist,generic,-sartan,roomy,False,,
ofosartan,False,grammar+refined,1,68.83,71.16,high,-16.16,-1.16,losortan,0.7114,4,SIMILARITY_TOO_HIGH|INTRA_STEM_TOO_CLOSE|TRADEMARK_HIT,,olosartan,olosartan -> ofosartan,0.0,1.0,1.0,1.0,1.0,0.983,0.001,angiotensin II receptor antagonist,generic,-sartan,roomy,False,,
ofasartan,False,grammar+refined,1,68.87,62.01,moderate,-7.01,7.99,aspartame,0.6372,4,INTRA_STEM_TOO_CLOSE|TRADEMARK_HIT,SIMILARITY_MODERATE,olosartan,olosartan -> ofosartan -> ofasartan,0.0,1.0,1.0,1.0,1.0,0.983,0.006,angiotensin II receptor antagonist,generic,-sartan,roomy,False,,
otasartan,False,grammar+refined,1,68.83,62.01,moderate,-7.01,7.99,aspartame,0.6284,4,TRADEMARK_HIT,SIMILARITY_MODERATE,olosartan,olosartan -> ofosartan -> ofasartan -> otasartan,0.0,1.0,1.0,1.0,1.0,0.983,0.0,angiotensin II receptor antagonist,generic,-sartan,roomy,False,,
romsartan,False,ngram_guided+refined,1,70.65,65.68,moderate,-10.68,4.32,prexxartan,0.6506,3,TRADEMARK_HIT,SIMILARITY_MODERATE,ramsartan,ramsartan -> romsartan,0.0,1.0,0.975,1.0,1.0,0.858,0.489,angiotensin II receptor antagonist,generic,-sartan,roomy,False,,
rumsartan,False,ngram_guided+refined,1,67.23,68.61,moderate,-13.61,1.39,prexxartan,0.6142,3,TRADEMARK_HIT,SIMILARITY_MODERATE,ramsartan,ramsartan -> romsartan -> rumsartan,0.0,1.0,0.975,1.0,1.0,0.858,0.0,angiotensin II receptor antagonist,generic,-sartan,roomy,False,,
remsartan,False,ngram_guided+refined,1,71.9,74.35,high,-19.35,-4.35,prexxartan,0.6886,3,SIMILARITY_TOO_HIGH|TRADEMARK_HIT,,ramsartan,ramsartan -> romsartan -> rumsartan -> remsartan,0.0,1.0,0.975,1.0,1.0,0.858,0.666,angiotensin II receptor antagonist,generic,-sartan,roomy,False,,
cidzosartan,False,grammar+refined,1,68.19,62.39,moderate,-7.39,7.61,losortan,0.6177,4,TRADEMARK_HIT,SIMILARITY_MODERATE,ciszosartan,ciszosartan -> cidzosartan,0.0,1.0,0.975,1.0,1.0,0.952,0.001,angiotensin II receptor antagonist,generic,-sartan,roomy,False,,
cidjosartan,False,grammar+refined,1,68.19,60.67,moderate,-5.67,9.33,losortan,0.6102,4,TRADEMARK_HIT,SIMILARITY_MODERATE,ciszosartan,ciszosartan -> cidzosartan -> cidjosartan,0.0,1.0,0.975,1.0,1.0,0.952,0.001,angiotensin II receptor antagonist,generic,-sartan,roomy,False,,
cadjosartan,False,grammar+refined,1,68.19,62.11,moderate,-7.11,7.89,candesartan,0.641,4,INTRA_STEM_TOO_CLOSE|TRADEMARK_HIT,SIMILARITY_MODERATE,ciszosartan,ciszosartan -> cidzosartan -> cidjosartan -> cadjosartan,0.0,1.0,0.975,1.0,1.0,0.952,0.001,angiotensin II receptor antagonist,generic,-sartan,roomy,False,,
cigmosartan,True,grammar+refined,1,68.18,61.85,moderate,-6.85,8.15,lignospan,0.625,4,,SIMILARITY_MODERATE,cirmosartan,cirmosartan -> cigmosartan,0.0,1.0,0.975,1.0,1.0,0.952,0.0,angiotensin II receptor antagonist,generic,-sartan,roomy,True,,
omisartan,False,grammar,2,69.87,68.14,moderate,-13.14,1.86,olmesartran,0.6513,4,INTRA_STEM_TOO_CLOSE|TRADEMARK_HIT,SIMILARITY_MODERATE,,omisartan,0.0,1.0,1.0,1.0,1.0,0.983,0.15,angiotensin II receptor antagonist,generic,-sartan,roomy,False,,
pogosartan,False,grammar,2,60.98,67.1,moderate,-12.1,2.9,prexxartan,0.7259,4,INTRA_STEM_TOO_CLOSE|TRADEMARK_HIT,SIMILARITY_MODERATE,,pogosartan,0.0,0.6,1.0,1.0,1.0,0.998,0.0,angiotensin II receptor antagonist,generic,-sartan,roomy,False,,
heisartan,False,grammar,2,67.58,67.89,moderate,-12.89,2.11,heparan,0.6543,3,TRADEMARK_HIT,SIMILARITY_MODERATE,,heisartan,0.0,1.0,1.0,1.0,1.0,0.858,0.0,angiotensin II receptor antagonist,generic,-sartan,roomy,False,,
ikasartan,False,grammar,2,68.83,62.86,moderate,-7.86,7.14,prexxartan,0.6052,4,TRADEMARK_HIT,SIMILARITY_MODERATE,,ikasartan,0.0,1.0,1.0,1.0,1.0,0.983,0.0,angiotensin II receptor antagonist,generic,-sartan,roomy,False,,
opocasartan,True,grammar,2,60.82,65.09,moderate,-10.09,4.91,prexxartan,0.6358,5,,SIMILARITY_MODERATE,,opocasartan,0.0,0.68,1.0,1.0,1.0,0.821,0.001,angiotensin II receptor antagonist,generic,-sartan,roomy,False,,
turmisartan,False,grammar,2,61.78,64.31,moderate,-9.31,5.69,telmisartan,0.6427,4,INTRA_STEM_TOO_CLOSE|TRADEMARK_HIT,SIMILARITY_MODERATE,,turmisartan,0.0,0.68,0.975,1.0,1.0,0.952,0.0,angiotensin II receptor antagonist,generic,-sartan,roomy,False,,
rezusartan,False,grammar,2,60.99,70.06,high,-15.06,-0.06,prexxartan,0.6195,4,SIMILARITY_TOO_HIGH|TRADEMARK_HIT,,,rezusartan,0.0,0.6,1.0,1.0,1.0,0.998,0.001,angiotensin II receptor antagonist,generic,-sartan,roomy,False,,
dutisartan,True,grammar,2,68.98,61.99,moderate,-6.99,8.01,ruticarpum,0.6388,4,,SIMILARITY_MODERATE,,dutisartan,0.0,1.0,1.0,1.0,1.0,0.998,0.0,angiotensin II receptor antagonist,generic,-sartan,roomy,True,,
rivosartan,False,grammar,2,69.28,66.96,moderate,-11.96,3.04,losortan,0.6554,4,INTRA_STEM_TOO_CLOSE|TRADEMARK_HIT,SIMILARITY_MODERATE,,rivosartan,0.0,1.0,1.0,1.0,1.0,0.998,0.043,angiotensin II receptor antagonist,generic,-sartan,roomy,False,,
noxeresartan,True,grammar,2,60.98,61.23,moderate,-6.23,8.77,prexxartan,0.6491,5,,SIMILARITY_MODERATE,,noxeresartan,0.0,0.733,1.0,1.0,1.0,0.731,0.0,angiotensin II receptor antagonist,generic,-sartan,roomy,False,,
olcecasartan,False,grammar,2,60.64,63.62,moderate,-8.62,6.38,olmesartran,0.6235,5,TRADEMARK_HIT,SIMILARITY_MODERATE,,olcecasartan,0.0,0.733,0.975,1.0,1.0,0.731,0.001,angiotensin II receptor antagonist,generic,-sartan,roomy,False,,
akisartan,False,grammar,2,68.83,62.86,moderate,-7.86,7.14,prexxartan,0.6461,4,INTRA_STEM_TOO_CLOSE|TRADEMARK_HIT,SIMILARITY_MODERATE,,akisartan,0.0,1.0,1.0,1.0,1.0,0.983,0.0,angiotensin II receptor antagonist,generic,-sartan,roomy,False,,
unrasartan,False,grammar,2,68.63,64.88,moderate,-9.88,5.12,prexxartan,0.6122,4,INTRA_STEM_TOO_CLOSE|TRADEMARK_HIT,SIMILARITY_MODERATE,,unrasartan,0.0,1.0,0.975,1.0,1.0,0.998,0.0,angiotensin II receptor antagonist,generic,-sartan,roomy,False,,
ditevesartan,False,grammar,2,61.06,58.28,moderate,-3.28,11.72,prexxartan,0.6553,5,TRADEMARK_HIT,SIMILARITY_MODERATE,,ditevesartan,0.0,0.733,1.0,1.0,1.0,0.731,0.012,angiotensin II receptor antagonist,generic,-sartan,roomy,False,,
gontisartan,False,grammar,2,61.81,60.58,moderate,-5.58,9.42,antisedan,0.6697,4,INTRA_STEM_TOO_CLOSE|TRADEMARK_HIT,SIMILARITY_MODERATE,,gontisartan,0.0,0.68,0.975,1.0,1.0,0.952,0.004,angiotensin II receptor antagonist,generic,-sartan,roomy,False,,
ciepasartan,False,grammar,2,68.55,63.64,moderate,-8.64,6.36,cepastat,0.6202,4,TRADEMARK_HIT,SIMILARITY_MODERATE,,ciepasartan,0.0,1.0,1.0,1.0,1.0,0.952,0.003,angiotensin II receptor antagonist,generic,-sartan,roomy,False,,
tesrosartan,False,grammar,2,61.93,63.24,moderate,-8.24,6.76,eprosartan,0.6527,4,INTRA_STEM_TOO_CLOSE,SIMILARITY_MODERATE,,tesrosartan,0.0,0.68,0.975,1.0,1.0,0.952,0.021,angiotensin II receptor antagonist,generic,-sartan,roomy,False,,
medisartan,False,grammar,2,61.0,64.99,moderate,-9.99,5.01,medication,0.7497,4,TRADEMARK_HIT,SIMILARITY_MODERATE,,medisartan,0.0,0.6,1.0,1.0,1.0,0.998,0.003,angiotensin II receptor antagonist,generic,-sartan,roomy,False,,
gebonusartan,True,grammar,2,62.19,53.73,low,1.27,16.27,conivaptan,0.6247,5,,,,gebonusartan,0.051,0.733,1.0,1.0,1.0,0.731,0.0,angiotensin II receptor antagonist,generic,-sartan,roomy,False,,
ilesartan,False,grammar,2,68.83,74.65,high,-19.65,-4.65,losortan,0.6292,4,SIMILARITY_TOO_HIGH|INTRA_STEM_TOO_CLOSE|TRADEMARK_HIT,,,ilesartan,0.0,1.0,1.0,1.0,1.0,0.983,0.0,angiotensin II receptor antagonist,generic,-sartan,roomy,False,,
pisisartan,False,grammar,2,68.98,64.92,moderate,-9.92,5.08,prexxartan,0.6841,4,TRADEMARK_HIT,SIMILARITY_MODERATE,,pisisartan,0.0,1.0,1.0,1.0,1.0,0.998,0.0,angiotensin II receptor antagonist,generic,-sartan,roomy,False,,
zosisartan,False,grammar,2,60.98,65.74,moderate,-10.74,4.26,losortan,0.6638,4,TRADEMARK_HIT,SIMILARITY_MODERATE,,zosisartan,0.0,0.6,1.0,1.0,1.0,0.998,0.0,angiotensin II receptor antagonist,generic,-sartan,roomy,False,,
ebosartan,False,grammar,2,68.83,70.94,high,-15.94,-0.94,losortan,0.6617,4,SIMILARITY_TOO_HIGH|INTRA_STEM_TOO_CLOSE|TRADEMARK_HIT,,,ebosartan,0.0,1.0,1.0,1.0,1.0,0.983,0.0,angiotensin II receptor antagonist,generic,-sartan,roomy,False,,
totosartan,False,grammar,2,68.99,66.03,moderate,-11.03,3.97,toposar,0.7002,4,TRADEMARK_HIT,SIMILARITY_MODERATE,,totosartan,0.0,1.0,1.0,1.0,1.0,0.998,0.001,angiotensin II receptor antagonist,generic,-sartan,roomy,False,,
peglofitsartan,True,ngram_guided,2,56.93,59.68,moderate,-4.68,10.32,glofitamab,0.6192,5,,SIMILARITY_MODERATE,,peglofitsartan,0.0,0.4,0.845,1.0,1.0,0.527,0.977,angiotensin II receptor antagonist,generic,-sartan,roomy,False,,
bromosartan,False,ngram_guided,2,49.49,66.71,moderate,-11.71,3.29,bromobutane,0.8112,4,TRADEMARK_HIT,SIMILARITY_MODERATE,,bromosartan,0.0,0.45,0.854,1.0,0.53,0.952,0.218,angiotensin II receptor antagonist,generic,-sartan,roomy,False,,
cucursartan,True,ngram_guided,2,58.81,60.02,moderate,-5.02,9.98,prexxartan,0.6535,4,,SIMILARITY_MODERATE,,cucursartan,0.0,0.45,0.975,1.0,1.0,0.952,0.233,angiotensin II receptor antagonist,generic,-sartan,roomy,False,,
abatasartan,True,ngram_guided,2,62.64,59.89,moderate,-4.89,10.11,abatacept,0.666,5,,SIMILARITY_MODERATE,,abatasartan,0.0,0.45,1.0,1.0,1.0,0.821,0.918,angiotensin II receptor antagonist,generic,-sartan,roomy,False,,
dabsartan,False,ngram_guided,2,70.06,60.58,moderate,-5.58,9.42,gamastan,0.622,3,INTRA_STEM_TOO_CLOSE|TRADEMARK_HIT,SIMILARITY_MODERATE,,dabsartan,0.0,1.0,0.975,1.0,1.0,0.858,0.403,angiotensin II receptor antagonist,generic,-sartan,roomy,False,,
loxsartan,False,ngram_guided,2,72.02,71.19,high,-16.19,-1.19,losortan,0.7057,3,SIMILARITY_TOO_HIGH|INTRA_STEM_TOO_CLOSE|TRADEMARK_HIT,,,loxsartan,0.0,1.0,0.874,1.0,1.0,0.858,0.886,angiotensin II receptor antagonist,generic,-sartan,roomy,False,,
glusartan,False,ngram_guided,2,71.94,72.55,high,-17.55,-2.55,losortan,0.7646,3,SIMILARITY_TOO_HIGH|INTRA_STEM_TOO_CLOSE|TRADEMARK_HIT,,,glusartan,0.0,1.0,0.829,1.0,1.0,0.858,0.965,angiotensin II receptor antagonist,generic,-sartan,roomy,False,,
mobocerusartan,True,ngram_guided,2,50.25,52.16,low,2.84,17.84,mobocertinib,0.6409,6,,,,mobocerusartan,0.114,0.2,1.0,1.0,1.0,0.309,0.204,angiotensin II receptor antagonist,generic,-sartan,roomy,False,,
autosartan,False,ngram_guided,2,65.06,67.37,moderate,-12.37,2.63,losortan,0.6773,4,INTRA_STEM_TOO_CLOSE|TRADEMARK_HIT,SIMILARITY_MODERATE,,autosartan,0.0,0.6,1.0,1.0,1.0,0.998,0.583,angiotensin II receptor antagonist,generic,-sartan,roomy,False,,
nafsartan,False,ngram_guided,2,69.31,66.15,moderate,-11.15,3.85,bafiertam,0.6452,3,INTRA_STEM_TOO_CLOSE|TRADEMARK_HIT,SIMILARITY_MODERATE,,nafsartan,0.0,1.0,0.975,1.0,1.0,0.858,0.296,angiotensin II receptor antagonist,generic,-sartan,roomy,False,,
donidaxosartan,True,ngram_guided,2,56.48,62.56,moderate,-7.56,7.44,donidalorsen,0.6875,6,,SIMILARITY_MODERATE,,donidaxosartan,0.0,0.4,1.0,1.0,1.0,0.309,0.912,angiotensin II receptor antagonist,generic,-sartan,roomy,False,,
chosartan,False,ngram_guided,2,67.69,72.21,high,-17.21,-2.21,losortan,0.8497,3,SIMILARITY_TOO_HIGH|INTRA_STEM_TOO_CLOSE|TRADEMARK_HIT,,,chosartan,0.0,1.0,0.975,1.0,1.0,0.858,0.065,angiotensin II receptor antagonist,generic,-sartan,roomy,False,,
naveperisartan,True,ngram_guided,2,56.37,62.07,moderate,-7.07,7.93,navepegritide,0.6757,6,,SIMILARITY_MODERATE,,naveperisartan,0.0,0.4,1.0,1.0,1.0,0.309,0.897,angiotensin II receptor antagonist,generic,-sartan,roomy,False,,
grasartan,False,ngram_guided,2,65.38,68.4,moderate,-13.4,1.6,prexxartan,0.7462,3,TRADEMARK_HIT,SIMILARITY_MODERATE,,grasartan,0.0,1.0,0.829,1.0,1.0,0.858,0.028,angiotensin II receptor antagonist,generic,-sartan,roomy,False,,
tucasartan,True,ngram_guided,2,61.87,61.7,moderate,-6.7,8.3,prexxartan,0.6374,4,,SIMILARITY_MODERATE,,tucasartan,0.0,0.6,1.0,1.0,1.0,0.998,0.127,angiotensin II receptor antagonist,generic,-sartan,roomy,False,,
clembromsartan,True,ngram_guided,2,58.85,53.51,low,1.49,16.49,prexxartan,0.6784,4,,,,clembromsartan,0.06,0.6,0.597,1.0,1.0,0.659,0.782,angiotensin II receptor antagonist,generic,-sartan,roomy,False,,
rochlosartan,False,ngram_guided,2,54.37,67.03,moderate,-12.03,2.97,losortan,0.8314,4,TRADEMARK_HIT,SIMILARITY_MODERATE,,rochlosartan,0.0,0.3,0.768,1.0,1.0,0.862,0.571,angiotensin II receptor antagonist,generic,-sartan,roomy,False,,
paclsartan,False,ngram_guided,2,59.08,67.47,moderate,-12.47,2.53,prexxartan,0.6122,3,INTRA_STEM_TOO_CLOSE|TRADEMARK_HIT,SIMILARITY_MODERATE,,paclsartan,0.0,0.6,0.788,1.0,1.0,0.873,0.332,angiotensin II receptor antagonist,generic,-sartan,roomy,False,,
semulisartan,False,ngram_guided,2,62.19,65.34,moderate,-10.34,4.66,semuloparin,0.7022,5,TRADEMARK_HIT,SIMILARITY_MODERATE,,semulisartan,0.0,0.517,1.0,1.0,1.0,0.731,0.792,angiotensin II receptor antagonist,generic,-sartan,roomy,False,,
clenvasartan,False,ngram_guided,2,60.58,57.65,moderate,-2.65,12.35,clemastine,0.655,4,TRADEMARK_HIT,SIMILARITY_MODERATE,,clenvasartan,0.0,0.517,0.83,1.0,1.0,0.862,0.716,angiotensin II receptor antagonist,generic,-sartan,roomy,False,,
sibusartan,False,ngram_guided,2,64.8,61.61,moderate,-6.61,8.39,fitusiran,0.6511,4,TRADEMARK_HIT,SIMILARITY_MODERATE,,sibusartan,0.0,0.6,1.0,1.0,1.0,0.998,0.545,angiotensin II receptor antagonist,generic,-sartan,roomy,False,,
nadrosartan,False,ngram_guided,2,62.48,71.42,high,-16.42,-1.42,nadroparin,0.7547,4,SIMILARITY_TOO_HIGH|INTRA_STEM_TOO_CLOSE|TRADEMARK_HIT,,,nadrosartan,0.0,0.45,0.854,1.0,1.0,0.952,0.999,angiotensin II receptor antagonist,generic,-sartan,roomy,False,,
moexibasartan,True,ngram_guided,2,60.43,56.51,moderate,-1.51,13.49,prexxartan,0.653,6,,SIMILARITY_MODERATE,,moexibasartan,0.0,0.564,1.0,1.0,1.0,0.406,0.87,angiotensin II receptor antagonist,generic,-sartan,roomy,False,,
vorinosartan,False,ngram_guided,2,55.3,75.91,high,-20.91,-5.91,vorinostat,0.7573,5,SIMILARITY_TOO_HIGH,,,vorinosartan,0.0,0.3,1.0,1.0,1.0,0.731,0.427,angiotensin II receptor antagonist,generic,-sartan,roomy,False,,
locsartan,False,ngram_guided+refined,2,67.26,73.74,high,-18.74,-3.74,losortan,0.6039,3,SIMILARITY_TOO_HIGH|INTRA_STEM_TOO_CLOSE|TRADEMARK_HIT,,loxsartan,loxsartan -> locsartan,0.0,1.0,0.975,1.0,1.0,0.858,0.003,angiotensin II receptor antagonist,generic,-sartan,roomy,False,,
licsartan,False,ngram_guided+refined,2,67.26,68.4,moderate,-13.4,1.6,losortan,0.6211,3,INTRA_STEM_TOO_CLOSE|TRADEMARK_HIT,SIMILARITY_MODERATE,loxsartan,loxsartan -> locsartan -> licsartan,0.0,1.0,0.975,1.0,1.0,0.858,0.003,angiotensin II receptor antagonist,generic,-sartan,roomy,False,,
lacsartan,False,ngram_guided+refined,2,71.79,68.4,moderate,-13.4,1.6,losortan,0.6062,3,INTRA_STEM_TOO_CLOSE|TRADEMARK_HIT,SIMILARITY_MODERATE,loxsartan,loxsartan -> locsartan -> licsartan -> lacsartan,0.0,1.0,0.975,1.0,1.0,0.858,0.651,angiotensin II receptor antagonist,generic,-sartan,roomy,False,,
glesartan,False,ngram_guided+refined,2,65.21,72.87,high,-17.87,-2.87,losortan,0.6632,3,SIMILARITY_TOO_HIGH|INTRA_STEM_TOO_CLOSE|TRADEMARK_HIT,,glusartan,glusartan -> glesartan,0.0,1.0,0.829,1.0,1.0,0.858,0.003,angiotensin II receptor antagonist,generic,-sartan,roomy,False,,
glisartan,False,ngram_guided+refined,2,65.19,70.5,high,-15.5,-0.5,losortan,0.7356,3,SIMILARITY_TOO_HIGH|INTRA_STEM_TOO_CLOSE|TRADEMARK_HIT,,glusartan,glusartan -> glesartan -> glisartan,0.0,1.0,0.829,1.0,1.0,0.858,0.0,angiotensin II receptor antagonist,generic,-sartan,roomy,False,,
glasartan,False,ngram_guided+refined,2,65.26,70.5,high,-15.5,-0.5,losortan,0.6996,3,SIMILARITY_TOO_HIGH|INTRA_STEM_TOO_CLOSE|TRADEMARK_HIT,,glusartan,glusartan -> glesartan -> glisartan -> glasartan,0.0,1.0,0.829,1.0,1.0,0.858,0.011,angiotensin II receptor antagonist,generic,-sartan,roomy,False,,
debsartan,False,ngram_guided+refined,2,67.23,67.53,moderate,-12.53,2.47,prexxartan,0.6273,3,INTRA_STEM_TOO_CLOSE|TRADEMARK_HIT,SIMILARITY_MODERATE,dabsartan,dabsartan -> debsartan,0.0,1.0,0.975,1.0,1.0,0.858,0.0,angiotensin II receptor antagonist,generic,-sartan,roomy,False,,
dibsartan,False,ngram_guided+refined,2,67.37,60.32,moderate,-5.32,9.68,losortan,0.6212,3,INTRA_STEM_TOO_CLOSE|TRADEMARK_HIT,SIMILARITY_MODERATE,dabsartan,dabsartan -> debsartan -> dibsartan,0.0,1.0,0.975,1.0,1.0,0.858,0.019,angiotensin II receptor antagonist,generic,-sartan,roomy,False,,
dobsartan,False,ngram_guided+refined,2,67.23,64.66,moderate,-9.66,5.34,losortan,0.6283,3,TRADEMARK_HIT,SIMILARITY_MODERATE,dabsartan,dabsartan -> debsartan -> dibsartan -> dobsartan,0.0,1.0,0.975,1.0,1.0,0.858,0.0,angiotensin II receptor antagonist,generic,-sartan,roomy,False,,
okisartan,False,grammar+refined,2,68.83,62.9,moderate,-7.9,7.1,prexxartan,0.6591,4,TRADEMARK_HIT,SIMILARITY_MODERATE,omisartan,omisartan -> okisartan,0.0,1.0,1.0,1.0,1.0,0.983,0.0,angiotensin II receptor antagonist,generic,-sartan,roomy,False,,
oxisartan,True,grammar+refined,2,70.62,69.03,moderate,-14.03,0.97,oxistat,0.6956,4,,SIMILARITY_MODERATE,omisartan,omisartan -> okisartan -> oxisartan,0.0,1.0,1.0,1.0,1.0,0.983,0.256,angiotensin II receptor antagonist,generic,-sartan,roomy,True,,
nofsartan,False,ngram_guided+refined,2,67.23,64.66,moderate,-9.66,5.34,losortan,0.611,3,INTRA_STEM_TOO_CLOSE|TRADEMARK_HIT,SIMILARITY_MODERATE,nafsartan,nafsartan -> nofsartan,0.0,1.0,0.975,1.0,1.0,0.858,0.0,angiotensin II receptor antagonist,generic,-sartan,roomy,False,,
nufsartan,False,ngram_guided+refined,2,67.23,60.85,moderate,-5.85,9.15,losortan,0.603,3,TRADEMARK_HIT,SIMILARITY_MODERATE,nafsartan,nafsartan -> nofsartan -> nufsartan,0.0,1.0,0.975,1.0,1.0,0.858,0.0,angiotensin II receptor antagonist,generic,-sartan,roomy,False,,
nifsartan,False,ngram_guided+refined,2,67.26,62.3,moderate,-7.3,7.7,bistorta,0.6156,3,TRADEMARK_HIT,SIMILARITY_MODERATE,nafsartan,nafsartan -> nofsartan -> nufsartan -> nifsartan,0.0,1.0,0.975,1.0,1.0,0.858,0.004,angiotensin II receptor antagonist,generic,-sartan,roomy,False,,
ravosartan,False,grammar+refined,2,61.05,66.96,moderate,-11.96,3.04,losortan,0.688,4,INTRA_STEM_TOO_CLOSE|TRADEMARK_HIT,SIMILARITY_MODERATE,rivosartan,rivosartan -> ravosartan,0.0,0.6,1.0,1.0,1.0,0.998,0.01,angiotensin II receptor antagonist,generic,-sartan,roomy,False,,
revosartan,False,grammar+refined,2,62.63,69.35,moderate,-14.35,0.65,prexxartan,0.7557,4,INTRA_STEM_TOO_CLOSE|TRADEMARK_HIT,SIMILARITY_MODERATE,rivosartan,rivosartan -> ravosartan -> revosartan,0.0,0.6,1.0,1.0,1.0,0.998,0.235,angiotensin II receptor antagonist,generic,-sartan,roomy,False,,
rehosartan,False,grammar+refined,2,60.98,70.06,high,-15.06,-0.06,prexxartan,0.6762,4,SIMILARITY_TOO_HIGH|TRADEMARK_HIT,,rivosartan,rivosartan -> ravosartan -> revosartan -> rehosartan,0.0,0.6,1.0,1.0,1.0,0.998,0.0,angiotensin II receptor antagonist,generic,-sartan,roomy,False,,
titosartan,False,grammar+refined,2,61.03,64.72,moderate,-9.72,5.28,losortan,0.719,4,TRADEMARK_HIT,SIMILARITY_MODERATE,totosartan,totosartan -> titosartan,0.0,0.6,1.0,1.0,1.0,0.998,0.007,angiotensin II receptor antagonist,generic,-sartan,roomy,False,,
posisartan,False,grammar+refined,2,61.02,64.92,moderate,-9.92,5.08,prexxartan,0.74,4,TRADEMARK_HIT,SIMILARITY_MODERATE,pisisartan,pisisartan -> posisartan,0.0,0.6,1.0,1.0,1.0,0.998,0.006,angiotensin II receptor antagonist,generic,-sartan,roomy,False,,
pesisartan,False,grammar+refined,2,61.0,66.88,moderate,-11.88,3.12,prexxartan,0.7204,4,INTRA_STEM_TOO_CLOSE|TRADEMARK_HIT,SIMILARITY_MODERATE,pisisartan,pisisartan -> posisartan -> pesisartan,0.0,0.6,1.0,1.0,1.0,0.998,0.003,angiotensin II receptor antagonist,generic,-sartan,roomy,False,,
pejisartan,False,grammar+refined,2,68.98,68.49,moderate,-13.49,1.51,prexxartan,0.604,4,INTRA_STEM_TOO_CLOSE|TRADEMARK_HIT,SIMILARITY_MODERATE,pisisartan,pisisartan -> posisartan -> pesisartan -> pejisartan,0.0,1.0,1.0,1.0,1.0,0.998,0.0,angiotensin II receptor antagonist,generic,-sartan,roomy,False,,
genasartan,False,grammar,3,61.11,62.55,moderate,-7.55,7.45,gamastan,0.7119,4,TRADEMARK_HIT,SIMILARITY_MODERATE,,genasartan,0.0,0.6,1.0,1.0,1.0,0.998,0.018,angiotensin II receptor antagonist,generic,-sartan,roomy,False,,
moxemesartan,False,grammar,3,61.23,66.73,moderate,-11.73,3.27,exemestane,0.6466,5,TRADEMARK_HIT,SIMILARITY_MODERATE,,moxemesartan,0.0,0.733,1.0,1.0,1.0,0.731,0.036,angiotensin II receptor antagonist,generic,-sartan,roomy,False,,
belvivisartan,False,grammar,3,60.97,59.32,moderate,-4.32,10.68,pemivibart,0.6661,5,TRADEMARK_HIT,SIMILARITY_MODERATE,,belvivisartan,0.0,0.771,0.975,1.0,1.0,0.624,0.092,angiotensin II receptor antagonist,generic,-sartan,roomy,False,,
divagosartan,True,grammar,3,60.98,56.25,moderate,-1.25,13.75,losortan,0.7308,5,,SIMILARITY_MODERATE,,divagosartan,0.0,0.733,1.0,1.0,1.0,0.731,0.0,angiotensin II receptor antagonist,generic,-sartan,roomy,False,,
matasartan,False,grammar,3,61.0,59.6,moderate,-4.6,10.4,prexxartan,0.7187,4,TRADEMARK_HIT,SIMILARITY_MODERATE,,matasartan,0.0,0.6,1.0,1.0,1.0,0.998,0.003,angiotensin II receptor antagonist,generic,-sartan,roomy,False,,
idasartan,False,grammar,3,70.19,62.01,moderate,-7.01,7.99,aspartame,0.6525,4,INTRA_STEM_TOO_CLOSE|TRADEMARK_HIT,SIMILARITY_MODERATE,,idasartan,0.0,1.0,1.0,1.0,1.0,0.983,0.195,angiotensin II receptor antagonist,generic,-sartan,roomy,False,,
osisartan,False,grammar,3,68.96,65.01,moderate,-10.01,4.99,losortan,0.6928,4,INTRA_STEM_TOO_CLOSE|TRADEMARK_HIT,SIMILARITY_MODERATE,,osisartan,0.0,1.0,1.0,1.0,1.0,0.983,0.019,angiotensin II receptor antagonist,generic,-sartan,roomy,False,,
efisartan,False,grammar,3,68.97,62.16,moderate,-7.16,7.84,reassortant,0.6617,4,TRADEMARK_HIT,SIMILARITY_MODERATE,,efisartan,0.0,1.0,1.0,1.0,1.0,0.983,0.02,angiotensin II receptor antagonist,generic,-sartan,roomy,False,,
darpesartan,False,grammar,3,61.82,64.43,moderate,-9.43,5.57,prexxartan,0.653,4,INTRA_STEM_TOO_CLOSE|TRADEMARK_HIT,SIMILARITY_MODERATE,,darpesartan,0.0,0.68,0.975,1.0,1.0,0.952,0.005,angiotensin II receptor antagonist,generic,-sartan,roomy,False,,
bomisartan,False,grammar,3,68.99,63.74,moderate,-8.74,6.26,olmesartran,0.6452,4,INTRA_STEM_TOO_CLOSE|TRADEMARK_HIT,SIMILARITY_MODERATE,,bomisartan,0.0,1.0,1.0,1.0,1.0,0.998,0.001,angiotensin II receptor antagonist,generic,-sartan,roomy,False,,
atosartan,False,grammar,3,74.36,70.94,high,-15.94,-0.94,losortan,0.6984,4,SIMILARITY_TOO_HIGH|INTRA_STEM_TOO_CLOSE|TRADEMARK_HIT,,,atosartan,0.0,1.0,1.0,1.0,1.0,0.983,0.79,angiotensin II receptor antagonist,generic,-sartan,roomy,False,,
nogisartan,False,grammar,3,68.99,60.27,moderate,-5.27,9.73,losortan,0.6211,4,TRADEMARK_HIT,SIMILARITY_MODERATE,,nogisartan,0.0,1.0,1.0,1.0,1.0,0.998,0.001,angiotensin II receptor antagonist,generic,-sartan,roomy,False,,
trirasartan,True,grammar,3,69.2,63.48,moderate,-8.48,6.52,prexxartan,0.6298,4,,SIMILARITY_MODERATE,,trirasartan,0.0,1.0,0.854,1.0,1.0,0.952,0.388,angiotensin II receptor antagonist,generic,-sartan,roomy,True,,
ratrasartan,False,grammar,3,60.55,70.38,high,-15.38,-0.38,atrasentan,0.7048,4,SIMILARITY_TOO_HIGH,,,ratrasartan,0.0,0.68,0.854,1.0,1.0,0.952,0.066,angiotensin II receptor antagonist,generic,-sartan,roomy,False,,
tixelosartan,False,grammar,3,61.0,63.74,moderate,-8.74,6.26,triclocarban,0.6589,5,TRADEMARK_HIT,SIMILARITY_MODERATE,,tixelosartan,0.0,0.733,1.0,1.0,1.0,0.731,0.003,angiotensin II receptor antagonist,generic,-sartan,roomy,False,,
cilusartan,False,grammar,3,70.75,67.92,moderate,-12.92,2.08,losortan,0.6758,4,INTRA_STEM_TOO_CLOSE|TRADEMARK_HIT,SIMILARITY_MODERATE,,cilusartan,0.0,1.0,1.0,1.0,1.0,0.998,0.254,angiotensin II receptor antagonist,generic,-sartan,roomy,False,,
lixecosartan,True,grammar,3,61.06,60.97,moderate,-5.97,9.03,prexxartan,0.6703,5,,SIMILARITY_MODERATE,,lixecosartan,0.0,0.733,1.0,1.0,1.0,0.731,0.012,angiotensin II receptor antagonist,generic,-sartan,roomy,False,,
zoeteosartan,True,grammar,3,64.13,59.24,moderate,-4.24,10.76,prexxartan,0.6197,6,,SIMILARITY_MODERATE,,zoeteosartan,0.0,1.0,1.0,1.0,1.0,0.513,0.0,angiotensin II receptor antagonist,generic,-sartan,roomy,True,,
esepisartan,False,grammar,3,60.81,63.39,moderate,-8.39,6.61,prexxartan,0.6395,5,TRADEMARK_HIT,SIMILARITY_MODERATE,,esepisartan,0.0,0.68,1.0,1.0,1.0,0.821,0.0,angiotensin II receptor antagonist,generic,-sartan,roomy,False,,
ovisartan,False,grammar,3,68.83,68.29,moderate,-13.29,1.71,vitaran,0.6775,4,TRADEMARK_HIT,SIMILARITY_MODERATE,,ovisartan,0.0,1.0,1.0,1.0,1.0,0.983,0.001,angiotensin II receptor antagonist,generic,-sartan,roomy,False,,
raxesartan,False,grammar,3,60.99,69.27,moderate,-14.27,0.73,prexxartan,0.6092,4,TRADEMARK_HIT,SIMILARITY_MODERATE,,raxesartan,0.0,0.6,1.0,1.0,1.0,0.998,0.001,angiotensin II receptor antagonist,generic,-sartan,roomy,False,,
olesartan,False,grammar,3,72.65,75.64,high,-20.64,-5.64,olezarsen,0.6744,4,SIMILARITY_TOO_HIGH|INTRA_STEM_TOO_CLOSE|TRADEMARK_HIT,,,olesartan,0.0,1.0,1.0,1.0,1.0,0.983,0.546,angiotensin II receptor antagonist,generic,-sartan,roomy,False,,
lozfisartan,True,grammar,3,68.18,62.47,moderate,-7.47,7.53,losortan,0.625,4,,SIMILARITY_MODERATE,,lozfisartan,0.0,1.0,0.975,1.0,1.0,0.952,0.0,angiotensin II receptor antagonist,generic,-sartan,roomy,True,,
cuvosartan,False,grammar,3,68.98,66.96,moderate,-11.96,3.04,losortan,0.6162,4,INTRA_STEM_TOO_CLOSE|TRADEMARK_HIT,SIMILARITY_MODERATE,,cuvosartan,0.0,1.0,1.0,1.0,1.0,0.998,0.0,angiotensin II receptor antagonist,generic,-sartan,roomy,False,,
drosartan,False,ngram_guided,3,72.15,72.12,high,-17.12,-2.12,losortan,0.7834,3,SIMILARITY_TOO_HIGH|INTRA_STEM_TOO_CLOSE|TRADEMARK_HIT,,,drosartan,0.0,1.0,0.829,1.0,1.0,0.858,0.995,angiotensin II receptor antagonist,generic,-sartan,roomy,False,,
bacsartan,False,ngram_guided,3,68.27,67.55,moderate,-12.55,2.45,bactroban,0.6062,3,INTRA_STEM_TOO_CLOSE|TRADEMARK_HIT,SIMILARITY_MODERATE,,bacsartan,0.0,1.0,0.975,1.0,1.0,0.858,0.148,angiotensin II receptor antagonist,generic,-sartan,roomy,False,,
butsartan,False,ngram_guided,3,71.53,65.83,moderate,-10.83,4.17,prexxartan,0.6086,3,INTRA_STEM_TOO_CLOSE|TRADEMARK_HIT,SIMILARITY_MODERATE,,butsartan,0.0,1.0,0.975,1.0,1.0,0.858,0.614,angiotensin II receptor antagonist,generic,-sartan,roomy,False,,
cimosartan,False,ngram_guided,3,64.74,64.72,moderate,-9.72,5.28,losortan,0.7121,4,TRADEMARK_HIT,SIMILARITY_MODERATE,,cimosartan,0.0,0.6,1.0,1.0,1.0,0.998,0.537,angiotensin II receptor antagonist,generic,-sartan,roomy,False,,
therpolysartan,True,ngram_guided,3,54.55,61.7,moderate,-6.7,8.3,polycarpa,0.7212,5,,SIMILARITY_MODERATE,,therpolysartan,0.0,0.4,0.839,1.0,1.0,0.527,0.647,angiotensin II receptor antagonist,generic,-sartan,roomy,False,,
hyoscsartan,True,ngram_guided,3,55.36,60.14,moderate,-5.14,9.86,yescarta,0.6115,4,,SIMILARITY_MODERATE,,hyoscsartan,0.0,0.45,0.788,1.0,1.0,0.952,0.114,angiotensin II receptor antagonist,generic,-sartan,roomy,False,,
febsartan,False,ngram_guided,3,70.27,68.26,moderate,-13.26,1.74,prexxartan,0.6402,3,INTRA_STEM_TOO_CLOSE|TRADEMARK_HIT,SIMILARITY_MODERATE,,febsartan,0.0,1.0,0.975,1.0,1.0,0.858,0.434,angiotensin II receptor antagonist,generic,-sartan,roomy,False,,
apasartan,False,ngram_guided,3,73.36,62.34,moderate,-7.34,7.66,prexxartan,0.6623,4,TRADEMARK_HIT,SIMILARITY_MODERATE,,apasartan,0.0,1.0,1.0,1.0,1.0,0.983,0.648,angiotensin II receptor antagonist,generic,-sartan,roomy,False,,
cocosartan,False,ngram_guided,3,64.42,64.72,moderate,-9.72,5.28,losortan,0.8299,4,TRADEMARK_HIT,SIMILARITY_MODERATE,,cocosartan,0.0,0.6,1.0,1.0,1.0,0.998,0.491,angiotensin II receptor antagonist,generic,-sartan,roomy,False,,
ketsartan,False,ngram_guided,3,67.67,70.46,high,-15.46,-0.46,prexxartan,0.6085,3,SIMILARITY_TOO_HIGH|TRADEMARK_HIT,,,ketsartan,0.0,1.0,0.975,1.0,1.0,0.858,0.063,angiotensin II receptor antagonist,generic,-sartan,roomy,False,,
plutsartan,False,ngram_guided,3,58.05,72.94,high,-17.94,-2.94,prexxartan,0.6042,3,SIMILARITY_TOO_HIGH|INTRA_STEM_TOO_CLOSE|TRADEMARK_HIT,,,plutsartan,0.0,0.6,0.804,1.0,1.0,0.873,0.151,angiotensin II receptor antagonist,generic,-sartan,roomy,False,,
conosartan,False,ngram_guided,3,66.42,68.52,moderate,-13.52,1.48,conivaptan,0.8085,4,INTRA_STEM_TOO_CLOSE|TRADEMARK_HIT,SIMILARITY_MODERATE,,conosartan,0.0,0.6,1.0,1.0,1.0,0.998,0.777,angiotensin II receptor antagonist,generic,-sartan,roomy,False,,
enzsartan,False,ngram_guided,3,66.04,67.9,moderate,-12.9,2.1,ensartinib,0.6128,3,TRADEMARK_HIT,SIMILARITY_MODERATE,,enzsartan,0.0,1.0,0.788,1.0,1.0,0.858,0.204,angiotensin II receptor antagonist,generic,-sartan,roomy,False,,
thiosartan,False,ngram_guided,3,66.73,67.87,moderate,-12.87,2.13,thiostrepton,0.8042,4,INTRA_STEM_TOO_CLOSE|TRADEMARK_HIT,SIMILARITY_MODERATE,,thiosartan,0.0,0.6,0.975,1.0,1.0,0.998,0.871,angiotensin II receptor antagonist,generic,-sartan,roomy,False,,
acesartan,False,ngram_guided,3,71.61,65.33,moderate,-10.33,4.67,prexxartan,0.7122,4,INTRA_STEM_TOO_CLOSE|TRADEMARK_HIT,SIMILARITY_MODERATE,,acesartan,0.0,1.0,1.0,1.0,1.0,0.983,0.398,angiotensin II receptor antagonist,generic,-sartan,roomy,False,,
ribasartan,False,ngram_guided,3,66.23,65.11,moderate,-10.11,4.89,reassortant,0.656,4,INTRA_STEM_TOO_CLOSE|TRADEMARK_HIT,SIMILARITY_MODERATE,,ribasartan,0.0,0.6,1.0,1.0,1.0,0.998,0.751,angiotensin II receptor antagonist,generic,-sartan,roomy,False,,
agatisartan,True,ngram_guided,3,61.66,61.53,moderate,-6.53,8.47,patisiran,0.6855,5,,SIMILARITY_MODERATE,,agatisartan,0.0,0.68,1.0,1.0,1.0,0.821,0.121,angiotensin II receptor antagonist,generic,-sartan,roomy,False,,
fluocilasartan,True,ngram_guided,3,42.75,56.76,moderate,-1.76,13.24,piflufolastat,0.7484,6,,SIMILARITY_MODERATE,,fluocilasartan,0.0,0.4,0.879,1.0,0.53,0.309,0.266,angiotensin II receptor antagonist,generic,-sartan,roomy,False,,
fomisartan,False,ngram_guided,3,63.74,63.74,moderate,-8.74,6.26,olmesartran,0.6642,4,INTRA_STEM_TOO_CLOSE|TRADEMARK_HIT,SIMILARITY_MODERATE,,fomisartan,0.0,0.6,1.0,1.0,1.0,0.998,0.395,angiotensin II receptor antagonist,generic,-sartan,roomy,False,,
avusartan,False,ngram_guided,3,69.43,64.71,moderate,-9.71,5.29,losortan,0.6503,4,INTRA_STEM_TOO_CLOSE|TRADEMARK_HIT,SIMILARITY_MODERATE,,avusartan,0.0,1.0,1.0,1.0,1.0,0.983,0.086,angiotensin II receptor antagonist,generic,-sartan,roomy,False,,
moexisartan,True,ngram_guided,3,60.58,65.6,moderate,-10.6,4.4,prexxartan,0.6343,5,,SIMILARITY_MODERATE,,moexisartan,0.0,0.45,1.0,1.0,1.0,0.821,0.625,angiotensin II receptor antagonist,generic,-sartan,roomy,False,,
moxisartan,True,ngram_guided,3,63.02,63.17,moderate,-8.17,6.83,oxistat,0.6933,4,,SIMILARITY_MODERATE,,moxisartan,0.0,0.6,1.0,1.0,1.0,0.998,0.291,angiotensin II receptor antagonist,generic,-sartan,roomy,True,,
efasartan,False,ngram_guided,3,68.97,62.01,moderate,-7.01,7.99,aspartame,0.6504,4,INTRA_STEM_TOO_CLOSE|TRADEMARK_HIT,SIMILARITY_MODERATE,,efasartan,0.0,1.0,1.0,1.0,1.0,0.983,0.02,angiotensin II receptor antagonist,generic,-sartan,roomy,False,,
atusartan,False,grammar+refined,3,68.88,62.29,moderate,-7.29,7.71,losortan,0.6806,4,TRADEMARK_HIT,SIMILARITY_MODERATE,atosartan,atosartan -> atusartan,0.0,1.0,1.0,1.0,1.0,0.983,0.007,angiotensin II receptor antagonist,generic,-sartan,roomy,False,,
agusartan,False,grammar+refined,3,68.83,62.29,moderate,-7.29,7.71,losortan,0.6667,4,TRADEMARK_HIT,SIMILARITY_MODERATE,atosartan,atosartan -> atusartan -> agusartan,0.0,1.0,1.0,1.0,1.0,0.983,0.0,angiotensin II receptor antagonist,generic,-sartan,roomy,False,,
atasartan,False,ngram_guided+refined,3,73.38,63.37,moderate,-8.37,6.63,atrasentan,0.6598,4,TRADEMARK_HIT,SIMILARITY_MODERATE,apasartan,apasartan -> atasartan,0.0,1.0,1.0,1.0,1.0,0.983,0.65,angiotensin II receptor antagonist,generic,-sartan,roomy,False,,
asasartan,False,ngram_guided+refined,3,67.06,67.45,moderate,-12.45,2.55,aspartame,0.6263,4,INTRA_STEM_TOO_CLOSE|TRADEMARK_HIT,SIMILARITY_MODERATE,apasartan,apasartan -> atasartan -> asasartan,0.0,1.0,1.0,0.8,1.0,0.983,0.004,angiotensin II receptor antagonist,generic,-sartan,roomy,False,,
abasartan,False,ngram_guided+refined,3,71.89,64.73,moderate,-9.73,5.27,bafiertam,0.6706,4,INTRA_STEM_TOO_CLOSE|TRADEMARK_HIT,SIMILARITY_MODERATE,apasartan,apasartan -> atasartan -> asasartan -> abasartan,0.0,1.0,1.0,1.0,1.0,0.983,0.437,angiotensin II receptor antagonist,generic,-sartan,roomy,False,,
dvosartan,False,ngram_guided+refined,3,64.45,71.7,high,-16.7,-1.7,losortan,0.5352,3,SIMILARITY_TOO_HIGH|INTRA_STEM_TOO_CLOSE|TRADEMARK_HIT,ILLEGAL_ONSET_CLUSTER,drosartan,drosartan -> dvosartan,0.0,1.0,0.776,1.0,1.0,0.858,0.0,angiotensin II receptor antagonist,generic,-sartan,roomy,False,,
zvosartan,False,ngram_guided+refined,3,64.45,71.7,high,-16.7,-1.7,losortan,0.5368,3,SIMILARITY_TOO_HIGH|INTRA_STEM_TOO_CLOSE|TRADEMARK_HIT,ILLEGAL_ONSET_CLUSTER,drosartan,drosartan -> dvosartan -> zvosartan,0.0,1.0,0.776,1.0,1.0,0.858,0.0,angiotensin II receptor antagonist,generic,-sartan,roomy,False,,
zhosartan,False,ngram_guided+refined,3,64.45,70.43,high,-15.43,-0.43,losortan,0.5408,3,SIMILARITY_TOO_HIGH|INTRA_STEM_TOO_CLOSE|TRADEMARK_HIT,ILLEGAL_ONSET_CLUSTER,drosartan,drosartan -> dvosartan -> zvosartan -> zhosartan,0.0,1.0,0.776,1.0,1.0,0.858,0.0,angiotensin II receptor antagonist,generic,-sartan,roomy,False,,
adesartan,False,ngram_guided+refined,3,68.89,65.33,moderate,-10.33,4.67,prexxartan,0.7145,4,INTRA_STEM_TOO_CLOSE|TRADEMARK_HIT,SIMILARITY_MODERATE,acesartan,acesartan -> adesartan,0.0,1.0,1.0,1.0,1.0,0.983,0.009,angiotensin II receptor antagonist,generic,-sartan,roomy,False,,
avesartan,False,ngram_guided+refined,3,69.01,65.33,moderate,-10.33,4.67,prexxartan,0.6824,4,INTRA_STEM_TOO_CLOSE|TRADEMARK_HIT,SIMILARITY_MODERATE,acesartan,acesartan -> adesartan -> avesartan,0.0,1.0,1.0,1.0,1.0,0.983,0.026,angiotensin II receptor antagonist,generic,-sartan,roomy,False,,
abesartan,False,ngram_guided+refined,3,70.37,72.25,high,-17.25,-2.25,irbesartan,0.6493,4,SIMILARITY_TOO_HIGH|INTRA_STEM_TOO_CLOSE|TRADEMARK_HIT,,acesartan,acesartan -> adesartan -> avesartan -> abesartan,0.0,1.0,1.0,1.0,1.0,0.983,0.22,angiotensin II receptor antagonist,generic,-sartan,roomy,False,,
batsartan,False,ngram_guided+refined,3,67.23,65.0,moderate,-10.0,5.0,bafiertam,0.6092,3,INTRA_STEM_TOO_CLOSE|TRADEMARK_HIT,SIMILARITY_MODERATE,butsartan,butsartan -> batsartan,0.0,1.0,0.975,1.0,1.0,0.858,0.0,angiotensin II receptor antagonist,generic,-sartan,roomy,False,,
cinusartan,False,grammar+refined,3,61.0,60.41,moderate,-5.41,9.59,sinufrin,0.7347,4,TRADEMARK_HIT,SIMILARITY_MODERATE,cilusartan,cilusartan -> cinusartan,0.0,0.6,1.0,1.0,1.0,0.998,0.003,angiotensin II receptor antagonist,generic,-sartan,roomy,False,,
cirusartan,False,grammar+refined,3,60.98,62.69,moderate,-7.69,7.31,prexxartan,0.6565,4,INTRA_STEM_TOO_CLOSE|TRADEMARK_HIT,SIMILARITY_MODERATE,cilusartan,cilusartan -> cinusartan -> cirusartan,0.0,0.6,1.0,1.0,1.0,0.998,0.0,angiotensin II receptor antagonist,generic,-sartan,roomy,False,,
curusartan,False,grammar+refined,3,68.98,62.69,moderate,-7.69,7.31,prexxartan,0.681,4,INTRA_STEM_TOO_CLOSE,SIMILARITY_MODERATE,cilusartan,cilusartan -> cinusartan -> cirusartan -> curusartan,0.0,1.0,1.0,1.0,1.0,0.998,0.0,angiotensin II receptor antagonist,generic,-sartan,roomy,False,,
fabsartan,False,ngram_guided+refined,3,67.23,66.13,moderate,-11.13,3.87,fabhalta,0.6255,3,INTRA_STEM_TOO_CLOSE|TRADEMARK_HIT,SIMILARITY_MODERATE,febsartan,febsartan -> fabsartan,0.0,1.0,0.975,1.0,1.0,0.858,0.0,angiotensin II receptor antagonist,generic,-sartan,roomy,False,,
fubsartan,False,ngram_guided+refined,3,67.23,63.3,moderate,-8.3,6.7,substance,0.6231,3,INTRA_STEM_TOO_CLOSE|TRADEMARK_HIT,SIMILARITY_MODERATE,febsartan,febsartan -> fabsartan -> fubsartan,0.0,1.0,0.975,1.0,1.0,0.858,0.0,angiotensin II receptor antagonist,generic,-sartan,roomy,False,,
fobsartan,False,ngram_guided+refined,3,67.23,64.66,moderate,-9.66,5.34,losortan,0.6247,3,TRADEMARK_HIT,SIMILARITY_MODERATE,febsartan,febsartan -> fabsartan -> fubsartan -> fobsartan,0.0,1.0,0.975,1.0,1.0,0.858,0.0,angiotensin II receptor antagonist,generic,-sartan,roomy,False,,
lorevaptan,True,grammar,1,61.0,65.16,moderate,-10.16,4.84,travatan,0.7015,4,,SIMILARITY_MODERATE,,lorevaptan,0.0,0.6,1.0,1.0,1.0,0.998,0.003,vasopressin receptor antagonist,generic,-vaptan,roomy,False,,
ciszovaptan,True,grammar,1,68.2,59.25,moderate,-4.25,10.75,tazobactam,0.6043,4,,SIMILARITY_MODERATE,,ciszovaptan,0.0,1.0,0.975,1.0,1.0,0.952,0.003,vasopressin receptor antagonist,generic,-vaptan,roomy,True,,
derfevaptan,True,grammar,1,57.2,59.39,moderate,-4.39,10.61,surfactant,0.64,4,,SIMILARITY_MODERATE,,derfevaptan,0.0,0.45,0.975,1.0,1.0,0.952,0.003,vasopressin receptor antagonist,generic,-vaptan,roomy,False,,
dopplovaptan,False,grammar,1,64.44,54.92,low,0.08,15.08,lovastatin,0.626,4,TRADEMARK_HIT,,,dopplovaptan,0.003,1.0,0.768,1.0,1.0,0.862,0.0,vasopressin receptor antagonist,generic,-vaptan,roomy,False,,
fapezevaptan,True,grammar,1,61.4,54.56,low,0.44,15.44,pegaptanib,0.6038,5,,,,fapezevaptan,0.018,0.733,1.0,1.0,1.0,0.731,0.0,vasopressin receptor antagonist,generic,-vaptan,roomy,False,,
ylivaptan,False,grammar,1,64.45,61.76,moderate,-6.76,8.24,zioptan,0.5566,3,TRADEMARK_HIT,SIMILARITY_MODERATE|ILLEGAL_ONSET_CLUSTER,,ylivaptan,0.0,1.0,0.776,1.0,1.0,0.858,0.0,vasopressin receptor antagonist,generic,-vaptan,roomy,False,,
dinavaptan,True,grammar,1,62.79,61.95,moderate,-6.95,8.05,travatan,0.7512,4,,SIMILARITY_MODERATE,,dinavaptan,0.0,0.6,1.0,1.0,1.0,0.998,0.259,vasopressin receptor antagonist,generic,-vaptan,roomy,True,,
denivaptan,False,grammar,1,67.24,65.52,moderate,-10.52,4.48,dentastat,0.6874,4,INTRA_STEM_TOO_CLOSE,SIMILARITY_MODERATE,,denivaptan,0.0,0.6,1.0,1.0,1.0,0.998,0.894,vasopressin receptor antagonist,generic,-vaptan,roomy,False,,
sukovaptan,True,grammar,1,68.98,59.09,moderate,-4.09,10.91,captan,0.6263,4,,SIMILARITY_MODERATE,,sukovaptan,0.0,1.0,1.0,1.0,1.0,0.998,0.0,vasopressin receptor antagonist,generic,-vaptan,roomy,True,,
mofonuvaptan,True,grammar,1,69.17,52.02,low,2.98,17.98,rosuvastatin,0.6086,5,,,,mofonuvaptan,0.119,1.0,1.0,1.0,1.0,0.731,0.0,vasopressin receptor antagonist,generic,-vaptan,roomy,True,,
donsevaptan,True,grammar,1,62.6,54.17,low,0.83,15.83,concepts,0.649,4,,,,donsevaptan,0.033,0.68,0.975,1.0,1.0,0.952,0.003,vasopressin receptor antagonist,generic,-vaptan,roomy,False,,
feungavaptan,True,grammar,1,61.94,58.53,moderate,-3.53,11.47,gamastan,0.6062,4,,SIMILARITY_MODERATE,,feungavaptan,0.0,0.733,0.975,1.0,1.0,0.862,0.0,vasopressin receptor antagonist,generic,-vaptan,roomy,False,,
icutevaptan,True,grammar,1,60.81,61.3,moderate,-6.3,8.7,cutivate,0.6228,5,,SIMILARITY_MODERATE,,icutevaptan,0.0,0.68,1.0,1.0,1.0,0.821,0.0,vasopressin receptor antagonist,generic,-vaptan,roomy,False,,
olovaptan,False,grammar,1,68.83,66.96,moderate,-11.96,3.04,losartan,0.653,4,INTRA_STEM_TOO_CLOSE|TRADEMARK_HIT,SIMILARITY_MODERATE,,olovaptan,0.0,1.0,1.0,1.0,1.0,0.983,0.001,vasopressin receptor antagonist,generic,-vaptan,roomy,False,,
rimasavaptan,True,grammar,1,61.15,60.3,moderate,-5.3,9.7,rizatriptan,0.6424,5,,SIMILARITY_MODERATE,,rimasavaptan,0.0,0.733,1.0,1.0,1.0,0.731,0.026,vasopressin receptor antagonist,generic,-vaptan,roomy,False,,
balovaptan,False,grammar,1,65.44,63.72,moderate,-8.72,6.28,durlobactam,0.6705,4,INTRA_STEM_TOO_CLOSE|TRADEMARK_HIT,SIMILARITY_MODERATE,,balovaptan,0.0,0.6,1.0,1.0,1.0,0.998,0.637,vasopressin receptor antagonist,generic,-vaptan,roomy,False,,
cirmovaptan,True,grammar,1,68.2,58.44,moderate,-3.44,11.56,temovate,0.616,4,,SIMILARITY_MODERATE,,cirmovaptan,0.0,1.0,0.975,1.0,1.0,0.952,0.003,vasopressin receptor antagonist,generic,-vaptan,roomy,True,,
gevevaptan,True,grammar,1,68.98,57.5,moderate,-2.5,12.5,pegaptanib,0.605,4,,SIMILARITY_MODERATE,,gevevaptan,0.0,1.0,1.0,1.0,1.0,0.998,0.0,vasopressin receptor antagonist,generic,-vaptan,roomy,True,,
futlevaptan,False,grammar,1,61.79,61.22,moderate,-6.22,8.78,travatan,0.6106,4,TRADEMARK_HIT,SIMILARITY_MODERATE,,futlevaptan,0.0,0.68,0.975,1.0,1.0,0.952,0.001,vasopressin receptor antagonist,generic,-vaptan,roomy,False,,
maxycabavaptan,True,grammar,1,57.21,54.29,low,0.71,15.71,axicabtagene,0.616,6,,,,maxycabavaptan,0.028,0.8,0.889,1.0,1.0,0.309,0.0,vasopressin receptor antagonist,generic,-vaptan,roomy,False,,
edonovaptan,False,grammar,1,60.82,59.96,moderate,-4.96,10.04,adynovate,0.6389,5,INTRA_STEM_TOO_CLOSE,SIMILARITY_MODERATE,,edonovaptan,0.0,0.68,1.0,1.0,1.0,0.821,0.001,vasopressin receptor antagonist,generic,-vaptan,roomy,False,,
clalivaptan,True,grammar,1,60.8,62.51,moderate,-7.51,7.49,calfactant,0.654,4,,SIMILARITY_MODERATE,,clalivaptan,0.0,0.68,0.854,1.0,1.0,0.952,0.103,vasopressin receptor antagonist,generic,-vaptan,roomy,False,,
gonovaptan,False,grammar,1,61.16,66.67,moderate,-11.67,3.33,conivaptan,0.6505,4,INTRA_STEM_TOO_CLOSE,SIMILARITY_MODERATE,,gonovaptan,0.0,0.6,1.0,1.0,1.0,0.998,0.026,vasopressin receptor antagonist,generic,-vaptan,roomy,False,,
pelmavaptan,True,grammar,1,61.83,67.28,moderate,-12.28,2.72,telmisartan,0.6405,4,,SIMILARITY_MODERATE,,pelmavaptan,0.0,0.68,0.975,1.0,1.0,0.952,0.007,vasopressin receptor antagonist,generic,-vaptan,roomy,False,,
decanevaptan,True,ngram_guided,1,47.78,64.77,moderate,-9.77,5.23,decongestant,0.6912,5,,SIMILARITY_MODERATE,,decanevaptan,0.0,0.3,1.0,1.0,0.53,0.731,0.427,vasopressin receptor antagonist,generic,-vaptan,roomy,False,,
pentovaptan,True,ngram_guided,1,51.23,69.45,moderate,-14.45,0.55,pentostatin,0.7005,4,,SIMILARITY_MODERATE,,pentovaptan,0.0,0.45,0.975,1.0,0.53,0.952,0.225,vasopressin receptor antagonist,generic,-vaptan,roomy,False,,
pemeclovaptan,True,ngram_guided,1,46.78,58.73,moderate,-3.73,11.27,demeclocycline,0.6777,5,,SIMILARITY_MODERATE,,pemeclovaptan,0.0,0.357,0.869,1.0,0.53,0.624,0.535,vasopressin receptor antagonist,generic,-vaptan,roomy,False,,
prastuvaptan,True,ngram_guided,1,58.52,60.82,moderate,-5.82,9.18,prostrata,0.6607,4,,SIMILARITY_MODERATE,,prastuvaptan,0.0,0.517,0.709,1.0,1.0,0.862,0.663,vasopressin receptor antagonist,generic,-vaptan,roomy,False,,
decandovaptan,True,ngram_guided,1,47.52,65.08,moderate,-10.08,4.92,candesartan,0.7259,5,,SIMILARITY_MODERATE,,decandovaptan,0.0,0.357,0.975,1.0,0.53,0.624,0.429,vasopressin receptor antagonist,generic,-vaptan,roomy,False,,
nervaptan,False,ngram_guided,1,69.14,62.88,moderate,-7.88,7.12,beractant,0.627,3,TRADEMARK_HIT,SIMILARITY_MODERATE,,nervaptan,0.0,1.0,0.975,1.0,1.0,0.858,0.273,vasopressin receptor antagonist,generic,-vaptan,roomy,False,,
thiazvaptan,False,ngram_guided,1,55.44,62.34,moderate,-7.34,7.66,travatan,0.617,4,TRADEMARK_HIT,SIMILARITY_MODERATE,,thiazvaptan,0.0,0.45,0.951,1.0,0.53,0.952,0.876,vasopressin receptor antagonist,generic,-vaptan,roomy,False,,
elevaptan,False,ngram_guided,1,72.56,74.3,high,-19.3,-4.3,elevated,0.6734,4,SIMILARITY_TOO_HIGH|INTRA_STEM_TOO_CLOSE|TRADEMARK_HIT,,,elevaptan,0.0,1.0,1.0,1.0,1.0,0.983,0.534,vasopressin receptor antagonist,generic,-vaptan,roomy,False,,
ubromovaptan,True,ngram_guided,1,51.47,66.89,moderate,-11.89,3.11,bromobutane,0.6474,5,,SIMILARITY_MODERATE,,ubromovaptan,0.0,0.517,0.869,1.0,0.53,0.731,0.597,vasopressin receptor antagonist,generic,-vaptan,roomy,False,,
sumaterivaptan,False,ngram_guided,1,60.57,77.69,high,-22.69,-7.69,sumatriptan,0.7878,6,SIMILARITY_TOO_HIGH|TRADEMARK_HIT,,,sumaterivaptan,0.0,0.6,1.0,1.0,1.0,0.309,0.925,vasopressin receptor antagonist,generic,-vaptan,roomy,False,,
deworvaptan,False,ngram_guided,1,60.16,59.87,moderate,-4.87,10.13,atorvastatin,0.6319,4,TRADEMARK_HIT,SIMILARITY_MODERATE,,deworvaptan,0.0,0.45,0.975,1.0,1.0,0.952,0.426,vasopressin receptor antagonist,generic,-vaptan,roomy,False,,
methiovaptan,True,ngram_guided,1,46.72,61.29,moderate,-6.29,8.71,dimethyloctan,0.8269,5,,SIMILARITY_MODERATE,,methiovaptan,0.0,0.3,0.975,1.0,0.53,0.731,0.325,vasopressin receptor antagonist,generic,-vaptan,roomy,False,,
abcivaptan,True,ngram_guided,1,61.83,63.93,moderate,-8.93,6.07,avacincaptad,0.6227,4,,SIMILARITY_MODERATE,,abcivaptan,0.0,0.6,0.975,1.0,1.0,0.998,0.171,vasopressin receptor antagonist,generic,-vaptan,roomy,False,,
thyvaptan,False,ngram_guided,1,66.98,63.57,moderate,-8.57,6.43,travatan,0.6145,3,TRADEMARK_HIT,SIMILARITY_MODERATE,,thyvaptan,0.0,1.0,0.889,1.0,1.0,0.858,0.137,vasopressin receptor antagonist,generic,-vaptan,roomy,False,,
ramvaptan,True,ngram_guided,1,68.66,69.98,moderate,-14.98,0.02,travatan,0.609,3,,SIMILARITY_MODERATE,,ramvaptan,0.0,1.0,0.975,1.0,1.0,0.858,0.204,vasopressin receptor antagonist,generic,-vaptan,roomy,True,,
albuvaptan,True,ngram_guided,1,63.81,59.4,moderate,-4.4,10.6,albutein,0.6709,4,,SIMILARITY_MODERATE,,albuvaptan,0.0,0.6,0.975,1.0,1.0,0.998,0.454,vasopressin receptor antagonist,generic,-vaptan,roomy,True,,
abiravaptan,False,ngram_guided,1,62.19,70.12,high,-15.12,-0.12,travatan,0.6614,5,SIMILARITY_TOO_HIGH|TRADEMARK_HIT,,,abiravaptan,0.0,0.45,1.0,1.0,1.0,0.821,0.855,vasopressin receptor antagonist,generic,-vaptan,roomy,False,,
chirvaptan,True,ngram_guided,1,60.33,63.14,moderate,-8.14,6.86,captan,0.6643,3,,SIMILARITY_MODERATE,,chirvaptan,0.0,0.6,0.951,1.0,1.0,0.873,0.184,vasopressin receptor antagonist,generic,-vaptan,roomy,False,,
omervaptan,True,ngram_guided,1,60.96,62.13,moderate,-7.13,7.87,mevastatin,0.6426,4,,SIMILARITY_MODERATE,,omervaptan,0.0,0.6,0.975,1.0,1.0,0.998,0.046,vasopressin receptor antagonist,generic,-vaptan,roomy,False,,
dipeginivaptan,True,ngram_guided,1,56.67,61.79,moderate,-6.79,8.21,peginesatide,0.7502,6,,SIMILARITY_MODERATE,,dipeginivaptan,0.0,0.6,1.0,1.0,1.0,0.309,0.369,vasopressin receptor antagonist,generic,-vaptan,roomy,False,,
mirtolvaptan,False,ngram_guided,1,66.79,61.88,moderate,-6.88,8.12,mirtazapine,0.6323,4,INTRA_STEM_TOO_CLOSE|TRADEMARK_HIT,SIMILARITY_MODERATE,,mirtolvaptan,0.0,0.733,0.951,1.0,1.0,0.862,0.742,vasopressin receptor antagonist,generic,-vaptan,roomy,False,,
prazvaptan,False,ngram_guided,1,55.96,76.7,high,-21.7,-6.7,travatan,0.6118,3,SIMILARITY_TOO_HIGH|TRADEMARK_HIT,,,prazvaptan,0.0,0.6,0.804,1.0,0.59,0.873,0.789,vasopressin receptor antagonist,generic,-vaptan,roomy,False,,
suavivaptan,True,ngram_guided,1,59.32,66.04,moderate,-11.04,3.96,avibactam,0.6571,5,,SIMILARITY_MODERATE,,suavivaptan,0.0,0.45,1.0,1.0,1.0,0.821,0.444,vasopressin receptor antagonist,generic,-vaptan,roomy,False,,
behenoxavaptan,True,ngram_guided,1,48.27,57.89,moderate,-2.89,12.11,moxalactam,0.7194,6,,SIMILARITY_MODERATE,,behenoxavaptan,0.0,0.4,1.0,1.0,0.53,0.309,0.814,vasopressin receptor antagonist,generic,-vaptan,roomy,False,,
elivaptan,False,ngram_guided+refined,1,75.65,65.81,moderate,-10.81,4.19,elevated,0.6712,4,INTRA_STEM_TOO_CLOSE|TRADEMARK_HIT,SIMILARITY_MODERATE,elevaptan,elevaptan -> elivaptan,0.0,1.0,1.0,1.0,1.0,0.983,0.975,vasopressin receptor antagonist,generic,-vaptan,roomy,False,,
eyivaptan,False,ngram_guided+refined,1,68.83,66.59,moderate,-11.59,3.41,zioptan,0.6043,4,TRADEMARK_HIT,SIMILARITY_MODERATE,elevaptan,elevaptan -> elivaptan -> eyivaptan,0.0,1.0,1.0,1.0,1.0,0.983,0.0,vasopressin receptor antagonist,generic,-vaptan,roomy,False,,
efivaptan,True,ngram_guided+refined,1,68.97,64.56,moderate,-9.56,5.44,zioptan,0.6331,4,,SIMILARITY_MODERATE,elevaptan,elevaptan -> elivaptan -> eyivaptan -> efivaptan,0.0,1.0,1.0,1.0,1.0,0.983,0.02,vasopressin receptor antagonist,generic,-vaptan,roomy,True,,
norvaptan,False,ngram_guided+refined,1,71.52,66.86,moderate,-11.86,3.14,norvasc,0.6218,3,INTRA_STEM_TOO_CLOSE|TRADEMARK_HIT,SIMILARITY_MODERATE,nervaptan,nervaptan -> norvaptan,0.0,1.0,0.975,1.0,1.0,0.858,0.613,vasopressin receptor antagonist,generic,-vaptan,roomy,False,,
narvaptan,False,ngram_guided+refined,1,67.41,63.53,moderate,-8.53,6.47,travatan,0.6494,3,INTRA_STEM_TOO_CLOSE|TRADEMARK_HIT,SIMILARITY_MODERATE,nervaptan,nervaptan -> norvaptan -> narvaptan,0.0,1.0,0.975,1.0,1.0,0.858,0.026,vasopressin receptor antagonist,generic,-vaptan,roomy,False,,
nurvaptan,False,ngram_guided+refined,1,67.23,65.71,moderate,-10.71,4.29,survanta,0.6123,3,TRADEMARK_HIT,SIMILARITY_MODERATE,nervaptan,nervaptan -> norvaptan -> narvaptan -> nurvaptan,0.0,1.0,0.975,1.0,1.0,0.858,0.0,vasopressin receptor antagonist,generic,-vaptan,roomy,False,,
ogovaptan,False,grammar+refined,1,68.83,68.98,moderate,-13.98,1.02,obovata,0.6026,4,TRADEMARK_HIT,SIMILARITY_MODERATE,olovaptan,olovaptan -> ogovaptan,0.0,1.0,1.0,1.0,1.0,0.983,0.0,vasopressin receptor antagonist,generic,-vaptan,roomy,False,,
odovaptan,False,grammar+refined,1,68.83,71.48,high,-16.48,-1.48,obovata,0.6282,4,SIMILARITY_TOO_HIGH|TRADEMARK_HIT,,olovaptan,olovaptan -> ogovaptan -> odovaptan,0.0,1.0,1.0,1.0,1.0,0.983,0.0,vasopressin receptor antagonist,generic,-vaptan,roomy,False,,
udovaptan,False,grammar+refined,1,68.83,64.51,moderate,-9.51,5.49,dovato,0.6043,4,TRADEMARK_HIT,SIMILARITY_MODERATE,olovaptan,olovaptan -> ogovaptan -> odovaptan -> udovaptan,0.0,1.0,1.0,1.0,1.0,0.983,0.0,vasopressin receptor antagonist,generic,-vaptan,roomy,False,,
danivaptan,False,grammar+refined,1,61.82,68.97,moderate,-13.97,1.03,danicopan,0.6746,4,INTRA_STEM_TOO_CLOSE,SIMILARITY_MODERATE,denivaptan,denivaptan -> danivaptan,0.0,0.6,1.0,1.0,1.0,0.998,0.12,vasopressin receptor antagonist,generic,-vaptan,roomy,False,,
tjyvaptan,False,ngram_guided+refined,1,63.24,67.47,moderate,-12.47,2.53,travatan,0.5332,3,INTRA_STEM_TOO_CLOSE|TRADEMARK_HIT,SIMILARITY_MODERATE|ILLEGAL_ONSET_CLUSTER,thyvaptan,thyvaptan -> tjyvaptan,0.0,1.0,0.69,1.0,1.0,0.858,0.0,vasopressin receptor antagonist,generic,-vaptan,roomy,False,,
tzyvaptan,False,ngram_guided+refined,1,63.24,68.52,moderate,-13.52,1.48,travatan,0.5307,3,INTRA_STEM_TOO_CLOSE|TRADEMARK_HIT,SIMILARITY_MODERATE|ILLEGAL_ONSET_CLUSTER,thyvaptan,thyvaptan -> tjyvaptan -> tzyvaptan,0.0,1.0,0.69,1.0,1.0,0.858,0.0,vasopressin receptor antagonist,generic,-vaptan,roomy,False,,
ttyvaptan,False,ngram_guided+refined,1,66.02,66.3,moderate,-11.3,3.7,travatan,0.6011,3,INTRA_STEM_TOO_CLOSE|TRADEMARK_HIT,SIMILARITY_MODERATE,thyvaptan,thyvaptan -> tjyvaptan -> tzyvaptan -> ttyvaptan,0.0,1.0,0.889,1.0,1.0,0.858,0.0,vasopressin receptor antagonist,generic,-vaptan,roomy,False,,
mimtolvaptan,False,ngram_guided+refined,1,66.95,56.07,moderate,-1.07,13.93,nolvasan,0.6109,4,INTRA_STEM_TOO_CLOSE|TRADEMARK_HIT,SIMILARITY_MODERATE,mirtolvaptan,mirtolvaptan -> mimtolvaptan,0.0,1.0,0.951,1.0,1.0,0.862,0.003,vasopressin receptor antagonist,generic,-vaptan,roomy,False,,
miptolvaptan,False,ngram_guided+refined,1,61.83,55.36,moderate,-0.36,14.64,nolvasan,0.6628,4,INTRA_STEM_TOO_CLOSE|TRADEMARK_HIT,SIMILARITY_MODERATE,mirtolvaptan,mirtolvaptan -> mimtolvaptan -> miptolvaptan,0.0,0.733,0.951,1.0,1.0,0.862,0.033,vasopressin receptor antagonist,generic,-vaptan,roomy,False,,
miltolvaptan,False,ngram_guided+refined,1,61.1,55.97,moderate,-0.97,14.03,viltolarsen,0.6416,4,INTRA_STEM_TOO_CLOSE|TRADEMARK_HIT,SIMILARITY_MODERATE,mirtolvaptan,mirtolvaptan -> mimtolvaptan -> miptolvaptan -> miltolvaptan,0.0,0.517,0.951,1.0,1.0,0.862,0.548,vasopressin receptor antagonist,generic,-vaptan,roomy,False,,
badovaptan,True,grammar+refined,1,60.99,65.28,moderate,-10.28,4.72,tazobactam,0.6433,4,,SIMILARITY_MODERATE,balovaptan,balovaptan -> badovaptan,0.0,0.6,1.0,1.0,1.0,0.998,0.001,vasopressin receptor antagonist,generic,-vaptan,roomy,False,,
ytivaptan,False,grammar+refined,1,64.45,61.76,moderate,-6.76,8.24,zioptan,0.5615,3,TRADEMARK_HIT,SIMILARITY_MODERATE|ILLEGAL_ONSET_CLUSTER,ylivaptan,ylivaptan -> ytivaptan,0.0,1.0,0.776,1.0,1.0,0.858,0.0,vasopressin receptor antagonist,generic,-vaptan,roomy,False,,
ycivaptan,True,grammar+refined,1,64.45,63.8,moderate,-8.8,6.2,zioptan,0.534,3,,SIMILARITY_MODERATE|ILLEGAL_ONSET_CLUSTER,ylivaptan,ylivaptan -> ytivaptan -> ycivaptan,0.0,1.0,0.776,1.0,1.0,0.858,0.0,vasopressin receptor antagonist,generic,-vaptan,roomy,True,,
loredipine,False,grammar,1,61.0,76.24,high,-21.24,-6.24,loratidine,0.9099,4,SIMILARITY_TOO_HIGH,,,loredipine,0.0,0.6,1.0,1.0,1.0,0.998,0.003,dihydropyridine calcium channel blocker,generic,-dipine,roomy,False,,
ciszodipine,True,grammar,1,68.55,65.89,moderate,-10.89,4.11,sisomicin,0.6536,4,,SIMILARITY_MODERATE,,ciszodipine,0.0,1.0,1.0,1.0,1.0,0.952,0.003,dihydropyridine calcium channel blocker,generic,-dipine,roomy,True,,
derfedipine,False,grammar,1,57.55,70.96,high,-15.96,-0.96,terfenadine,0.8373,4,SIMILARITY_TOO_HIGH|INTRA_STEM_TOO_CLOSE|TRADEMARK_HIT,,,derfedipine,0.0,0.45,1.0,1.0,1.0,0.952,0.003,dihydropyridine calcium channel blocker,generic,-dipine,roomy,False,,
dopplodipine,False,grammar,1,64.37,61.33,moderate,-6.33,8.67,clonidine,0.7353,4,TRADEMARK_HIT,SIMILARITY_MODERATE,,dopplodipine,0.0,1.0,0.768,1.0,1.0,0.862,0.0,dihydropyridine calcium channel blocker,generic,-dipine,roomy,False,,
fapezedipine,True,grammar,1,60.98,61.88,moderate,-6.88,8.12,capecitabine,0.7034,5,,SIMILARITY_MODERATE,,fapezedipine,0.0,0.733,1.0,1.0,1.0,0.731,0.0,dihydropyridine calcium channel blocker,generic,-dipine,roomy,False,,
ylidipine,False,grammar,1,64.8,70.75,high,-15.75,-0.75,ylidene,0.7447,3,SIMILARITY_TOO_HIGH|TRADEMARK_HIT,ILLEGAL_ONSET_CLUSTER,,ylidipine,0.0,1.0,0.801,1.0,1.0,0.858,0.0,dihydropyridine calcium channel blocker,generic,-dipine,roomy,False,,
dinadipine,False,grammar,1,62.79,68.36,moderate,-13.36,1.64,tizanidine,0.9482,4,INTRA_STEM_TOO_CLOSE|TRADEMARK_HIT,SIMILARITY_MODERATE,,dinadipine,0.0,0.6,1.0,1.0,1.0,0.998,0.259,dihydropyridine calcium channel blocker,generic,-dipine,roomy,False,,
denidipine,False,grammar,1,67.24,65.87,moderate,-10.87,4.13,detomidine,0.9174,4,INTRA_STEM_TOO_CLOSE,SIMILARITY_MODERATE,,denidipine,0.0,0.6,1.0,1.0,1.0,0.998,0.894,dihydropyridine calcium channel blocker,generic,-dipine,roomy,False,,
sukodipine,True,grammar,1,68.98,62.07,moderate,-7.07,7.93,scopine,0.654,4,,SIMILARITY_MODERATE,,sukodipine,0.0,1.0,1.0,1.0,1.0,0.998,0.0,dihydropyridine calcium channel blocker,generic,-dipine,roomy,True,,
mofonudipine,True,grammar,1,66.31,66.58,moderate,-11.58,3.42,moxonidine,0.7233,5,,SIMILARITY_MODERATE,,mofonudipine,0.0,1.0,1.0,1.0,1.0,0.731,0.0,dihydropyridine calcium channel blocker,generic,-dipine,roomy,True,,
donsedipine,False,grammar,1,62.15,67.3,moderate,-12.3,2.7,doxecitine,0.7941,4,TRADEMARK_HIT,SIMILARITY_MODERATE,,donsedipine,0.0,0.68,1.0,1.0,1.0,0.952,0.003,dihydropyridine calcium channel blocker,generic,-dipine,roomy,False,,
feungadipine,True,grammar,1,62.29,62.02,moderate,-7.02,7.98,pentamidine,0.6641,4,,SIMILARITY_MODERATE,,feungadipine,0.0,0.733,1.0,1.0,1.0,0.862,0.0,dihydropyridine calcium channel blocker,generic,-dipine,roomy,True,,
icutedipine,False,grammar,1,60.81,68.85,moderate,-13.85,1.15,octenidine,0.8,5,TRADEMARK_HIT,SIMILARITY_MODERATE,,icutedipine,0.0,0.68,1.0,1.0,1.0,0.821,0.0,dihydropyridine calcium channel blocker,generic,-dipine,roomy,False,,
olodipine,False,grammar,1,68.83,71.71,high,-16.71,-1.71,clonidine,0.8706,4,SIMILARITY_TOO_HIGH|INTRA_STEM_TOO_CLOSE|TRADEMARK_HIT,,,olodipine,0.0,1.0,1.0,1.0,1.0,0.983,0.001,dihydropyridine calcium channel blocker,generic,-dipine,roomy,False,,
rimasadipine,True,grammar,1,61.15,69.35,moderate,-14.35,0.65,rimantadine,0.7355,5,,SIMILARITY_MODERATE,,rimasadipine,0.0,0.733,1.0,1.0,1.0,0.731,0.026,dihydropyridine calcium channel blocker,generic,-dipine,roomy,False,,
balodipine,False,grammar,1,65.44,69.64,moderate,-14.64,0.36,bamipine,0.8805,4,INTRA_STEM_TOO_CLOSE|TRADEMARK_HIT,SIMILARITY_MODERATE,,balodipine,0.0,0.6,1.0,1.0,1.0,0.998,0.637,dihydropyridine calcium channel blocker,generic,-dipine,roomy,False,,
cirmodipine,False,grammar,1,68.55,68.65,moderate,-13.65,1.35,cimetidine,0.7472,4,INTRA_STEM_TOO_CLOSE|TRADEMARK_HIT,SIMILARITY_MODERATE,,cirmodipine,0.0,1.0,1.0,1.0,1.0,0.952,0.003,dihydropyridine calcium channel blocker,generic,-dipine,roomy,False,,
gevedipine,False,grammar,1,68.98,70.14,high,-15.14,-0.14,revertidine,0.7568,4,SIMILARITY_TOO_HIGH|INTRA_STEM_TOO_CLOSE|TRADEMARK_HIT,,,gevedipine,0.0,1.0,1.0,1.0,1.0,0.998,0.0,dihydropyridine calcium channel blocker,generic,-dipine,roomy,False,,
futledipine,False,grammar,1,62.13,61.64,moderate,-6.64,8.36,clevipidine,0.6418,4,INTRA_STEM_TOO_CLOSE|TRADEMARK_HIT,SIMILARITY_MODERATE,,futledipine,0.0,0.68,1.0,1.0,1.0,0.952,0.001,dihydropyridine calcium channel blocker,generic,-dipine,roomy,False,,
maxycabadipine,True,grammar,1,56.53,65.16,moderate,-10.16,4.84,oxcarbazepine,0.6763,6,,SIMILARITY_MODERATE,,maxycabadipine,0.0,0.8,0.889,1.0,1.0,0.309,0.0,dihydropyridine calcium channel blocker,generic,-dipine,roomy,False,,
othedipine,False,grammar,1,60.98,65.45,moderate,-10.45,4.55,zotepine,0.7749,4,INTRA_STEM_TOO_CLOSE|TRADEMARK_HIT,SIMILARITY_MODERATE,,othedipine,0.0,0.6,1.0,1.0,1.0,0.998,0.0,dihydropyridine calcium channel blocker,generic,-dipine,roomy,False,,
clalidipine,False,grammar,1,61.15,68.46,moderate,-13.46,1.54,clevipidine,0.8449,4,INTRA_STEM_TOO_CLOSE,SIMILARITY_MODERATE,,clalidipine,0.0,0.68,0.879,1.0,1.0,0.952,0.103,dihydropyridine calcium channel blocker,generic,-dipine,roomy,False,,
gonodipine,False,grammar,1,61.16,63.88,moderate,-8.88,6.12,ergonovine,0.8504,4,INTRA_STEM_TOO_CLOSE|TRADEMARK_HIT,SIMILARITY_MODERATE,,gonodipine,0.0,0.6,1.0,1.0,1.0,0.998,0.026,dihydropyridine calcium channel blocker,generic,-dipine,roomy,False,,
pelmadipine,False,grammar,1,62.18,68.21,moderate,-13.21,1.79,palmatine,0.7902,4,INTRA_STEM_TOO_CLOSE|TRADEMARK_HIT,SIMILARITY_MODERATE,,pelmadipine,0.0,0.68,1.0,1.0,1.0,0.952,0.007,dihydropyridine calcium channel blocker,generic,-dipine,roomy,False,,
decanedipine,False,ngram_guided,1,47.78,71.1,high,-16.1,-1.1,decanediol,0.9246,5,SIMILARITY_TOO_HIGH|INTRA_STEM_TOO_CLOSE,,,decanedipine,0.0,0.3,1.0,1.0,0.53,0.731,0.427,dihydropyridine calcium channel blocker,generic,-dipine,roomy,False,,
pentodipine,False,ngram_guided,1,51.58,75.64,high,-20.64,-5.64,pentamidine,0.9178,4,SIMILARITY_TOO_HIGH|TRADEMARK_HIT,,,pentodipine,0.0,0.45,1.0,1.0,0.53,0.952,0.225,dihydropyridine calcium channel blocker,generic,-dipine,roomy,False,,
pemeclodipine,False,ngram_guided,1,47.12,66.6,moderate,-11.6,3.4,demeclocycline,0.8429,5,TRADEMARK_HIT,SIMILARITY_MODERATE,,pemeclodipine,0.0,0.357,0.894,1.0,0.53,0.624,0.535,dihydropyridine calcium channel blocker,generic,-dipine,roomy,False,,
prastudipine,True,ngram_guided,1,58.86,60.43,moderate,-5.43,9.57,paltusotine,0.7308,4,,SIMILARITY_MODERATE,,prastudipine,0.0,0.517,0.733,1.0,1.0,0.862,0.663,dihydropyridine calcium channel blocker,generic,-dipine,roomy,False,,
decandodipine,True,ngram_guided,1,47.87,61.76,moderate,-6.76,8.24,captodiamine,0.942,5,,SIMILARITY_MODERATE,,decandodipine,0.0,0.357,1.0,1.0,0.53,0.624,0.429,dihydropyridine calcium channel blocker,generic,-dipine,roomy,False,,
nerdipine,False,ngram_guided,1,69.49,75.4,high,-20.4,-5.4,medicine,0.7818,3,SIMILARITY_TOO_HIGH|INTRA_STEM_TOO_CLOSE|TRADEMARK_HIT,,,nerdipine,0.0,1.0,1.0,1.0,1.0,0.858,0.273,dihydropyridine calcium channel blocker,generic,-dipine,roomy,False,,
thiazdipine,False,ngram_guided,1,55.79,73.84,high,-18.84,-3.84,thiazolidine,0.6829,4,SIMILARITY_TOO_HIGH,,,thiazdipine,0.0,0.45,0.975,1.0,0.53,0.952,0.876,dihydropyridine calcium channel blocker,generic,-dipine,roomy,False,,
eledipine,False,ngram_guided,1,72.56,68.66,moderate,-13.66,1.34,medicine,0.8213,4,INTRA_STEM_TOO_CLOSE|TRADEMARK_HIT,SIMILARITY_MODERATE,,eledipine,0.0,1.0,1.0,1.0,1.0,0.983,0.534,dihydropyridine calcium channel blocker,generic,-dipine,roomy,False,,
ubromodipine,False,ngram_guided,1,51.82,72.53,high,-17.53,-2.53,brimonidine,0.8408,5,SIMILARITY_TOO_HIGH|TRADEMARK_HIT,,,ubromodipine,0.0,0.517,0.894,1.0,0.53,0.731,0.597,dihydropyridine calcium channel blocker,generic,-dipine,roomy,False,,
sumateridipine,True,ngram_guided,1,60.57,65.94,moderate,-10.94,4.06,sumatriptan,0.9498,6,,SIMILARITY_MODERATE,,sumateridipine,0.0,0.6,1.0,1.0,1.0,0.309,0.925,dihydropyridine calcium channel blocker,generic,-dipine,roomy,False,,
dewordipine,False,ngram_guided,1,60.5,62.2,moderate,-7.2,7.8,ornithine,0.8355,4,TRADEMARK_HIT,SIMILARITY_MODERATE,,dewordipine,0.0,0.45,1.0,1.0,1.0,0.952,0.426,dihydropyridine calcium channel blocker,generic,-dipine,roomy,False,,
methiodipine,False,ngram_guided,1,47.06,74.71,high,-19.71,-4.71,methionine,0.9937,5,SIMILARITY_TOO_HIGH|INTRA_STEM_TOO_CLOSE|TRADEMARK_HIT,,,methiodipine,0.0,0.3,1.0,1.0,0.53,0.731,0.325,dihydropyridine calcium channel blocker,generic,-dipine,roomy,False,,
abcidipine,False,ngram_guided,1,62.18,68.64,moderate,-13.64,1.36,azacitidine,0.8028,4,INTRA_STEM_TOO_CLOSE|TRADEMARK_HIT,SIMILARITY_MODERATE,,abcidipine,0.0,0.6,1.0,1.0,1.0,0.998,0.171,dihydropyridine calcium channel blocker,generic,-dipine,roomy,False,,
thydipine,False,ngram_guided,1,66.98,63.23,moderate,-8.23,6.77,thymine,0.9577,3,TRADEMARK_HIT,SIMILARITY_MODERATE,,thydipine,0.0,1.0,0.889,1.0,1.0,0.858,0.137,dihydropyridine calcium channel blocker,generic,-dipine,roomy,False,,
ramdipine,False,ngram_guided,1,69.01,73.75,high,-18.75,-3.75,bamipine,0.6998,3,SIMILARITY_TOO_HIGH|TRADEMARK_HIT,,,ramdipine,0.0,1.0,1.0,1.0,1.0,0.858,0.204,dihydropyridine calcium channel blocker,generic,-dipine,roomy,False,,
albudipine,False,ngram_guided,1,64.15,64.37,moderate,-9.37,5.63,albumin,0.8728,4,INTRA_STEM_TOO_CLOSE|TRADEMARK_HIT,SIMILARITY_MODERATE,,albudipine,0.0,0.6,1.0,1.0,1.0,0.998,0.454,dihydropyridine calcium channel blocker,generic,-dipine,roomy,False,,
abiradipine,False,ngram_guided,1,62.19,63.91,moderate,-8.91,6.09,bamipine,0.8364,5,INTRA_STEM_TOO_CLOSE,SIMILARITY_MODERATE,,abiradipine,0.0,0.45,1.0,1.0,1.0,0.821,0.855,dihydropyridine calcium channel blocker,generic,-dipine,roomy,False,,
chirdipine,False,ngram_guided,1,60.67,60.27,moderate,-5.27,9.73,medicine,0.8638,3,TRADEMARK_HIT,SIMILARITY_MODERATE,,chirdipine,0.0,0.6,0.975,1.0,1.0,0.873,0.184,dihydropyridine calcium channel blocker,generic,-dipine,roomy,False,,
omerdipine,False,ngram_guided,1,61.3,75.76,high,-20.76,-5.76,medicine,0.808,4,SIMILARITY_TOO_HIGH|TRADEMARK_HIT,,,omerdipine,0.0,0.6,1.0,1.0,1.0,0.998,0.046,dihydropyridine calcium channel blocker,generic,-dipine,roomy,False,,
dipeginidipine,True,ngram_guided,1,56.67,59.35,moderate,-4.35,10.65,piperazinedione,0.9229,6,,SIMILARITY_MODERATE,,dipeginidipine,0.0,0.6,1.0,1.0,1.0,0.309,0.369,dihydropyridine calcium channel blocker,generic,-dipine,roomy,False,,
mirtoldipine,False,ngram_guided,1,67.14,69.26,moderate,-14.26,0.74,mirtazapine,0.7637,4,INTRA_STEM_TOO_CLOSE,SIMILARITY_MODERATE,,mirtoldipine,0.0,0.733,0.975,1.0,1.0,0.862,0.742,dihydropyridine calcium channel blocker,generic,-dipine,roomy,False,,
prazdipine,False,ngram_guided,1,56.3,65.28,moderate,-10.28,4.72,eprazinone,0.6712,3,INTRA_STEM_TOO_CLOSE,SIMILARITY_MODERATE,,prazdipine,0.0,0.6,0.829,1.0,0.59,0.873,0.789,dihydropyridine calcium channel blocker,generic,-dipine,roomy,False,,
suavidipine,False,ngram_guided,1,59.32,62.39,moderate,-7.39,7.61,azacitidine,0.8247,5,INTRA_STEM_TOO_CLOSE,SIMILARITY_MODERATE,,suavidipine,0.0,0.45,1.0,1.0,1.0,0.821,0.444,dihydropyridine calcium channel blocker,generic,-dipine,roomy,False,,
behenoxadipine,True,ngram_guided,1,48.27,60.85,moderate,-5.85,9.15,hexamidine,0.9056,6,,SIMILARITY_MODERATE,,behenoxadipine,0.0,0.4,1.0,1.0,0.53,0.309,0.814,dihydropyridine calcium channel blocker,generic,-dipine,roomy,False,,
esedipine,False,ngram_guided+refined,1,68.83,72.92,high,-17.92,-2.92,asenapine,0.7934,4,SIMILARITY_TOO_HIGH|INTRA_STEM_TOO_CLOSE|TRADEMARK_HIT,,eledipine,eledipine -> esedipine,0.0,1.0,1.0,1.0,1.0,0.983,0.001,dihydropyridine calcium channel blocker,generic,-dipine,roomy,False,,
esodipine,False,ngram_guided+refined,1,69.75,74.17,high,-19.17,-4.17,evodiamine,0.885,4,SIMILARITY_TOO_HIGH|INTRA_STEM_TOO_CLOSE|TRADEMARK_HIT,,eledipine,eledipine -> esedipine -> esodipine,0.0,1.0,1.0,1.0,1.0,0.983,0.132,dihydropyridine calcium channel blocker,generic,-dipine,roomy,False,,
osodipine,False,ngram_guided+refined,1,68.83,70.48,high,-15.48,-0.48,zotepine,0.8164,4,SIMILARITY_TOO_HIGH|TRADEMARK_HIT,,eledipine,eledipine -> esedipine -> esodipine -> osodipine,0.0,1.0,1.0,1.0,1.0,0.983,0.0,dihydropyridine calcium channel blocker,generic,-dipine,roomy,False,,
nirdipine,False,ngram_guided+refined,1,67.86,71.06,high,-16.06,-1.06,medicine,0.7933,3,SIMILARITY_TOO_HIGH|INTRA_STEM_TOO_CLOSE|TRADEMARK_HIT,,nerdipine,nerdipine -> nirdipine,0.0,1.0,1.0,1.0,1.0,0.858,0.041,dihydropyridine calcium channel blocker,generic,-dipine,roomy,False,,
nordipine,False,ngram_guided+refined,1,71.87,69.27,moderate,-14.27,0.73,ornithine,0.8529,3,INTRA_STEM_TOO_CLOSE|TRADEMARK_HIT,SIMILARITY_MODERATE,nerdipine,nerdipine -> nirdipine -> nordipine,0.0,1.0,1.0,1.0,1.0,0.858,0.613,dihydropyridine calcium channel blocker,generic,-dipine,roomy,False,,
rabdipine,False,ngram_guided+refined,1,67.6,69.41,moderate,-14.41,0.59,bamipine,0.6592,3,INTRA_STEM_TOO_CLOSE,SIMILARITY_MODERATE,ramdipine,ramdipine -> rabdipine,0.0,1.0,1.0,1.0,1.0,0.858,0.003,dihydropyridine calcium channel blocker,generic,-dipine,roomy,False,,
rebdipine,False,ngram_guided+refined,1,68.51,70.38,high,-15.38,-0.38,reserpine,0.6304,3,SIMILARITY_TOO_HIGH,,ramdipine,ramdipine -> rabdipine -> rebdipine,0.0,1.0,1.0,1.0,1.0,0.858,0.133,dihydropyridine calcium channel blocker,generic,-dipine,roomy,False,,
reddipine,False,ngram_guided+refined,1,65.33,75.6,high,-20.6,-5.6,reserpine,0.7357,3,SIMILARITY_TOO_HIGH|TRADEMARK_HIT,,ramdipine,ramdipine -> rabdipine -> rebdipine -> reddipine,0.0,1.0,1.0,0.75,1.0,0.858,0.0,dihydropyridine calcium channel blocker,generic,-dipine,roomy,False,,
jevedipine,False,grammar+refined,1,68.98,70.14,high,-15.14,-0.14,revertidine,0.7133,4,SIMILARITY_TOO_HIGH|INTRA_STEM_TOO_CLOSE|TRADEMARK_HIT,,gevedipine,gevedipine -> jevedipine,0.0,1.0,1.0,1.0,1.0,0.998,0.0,dihydropyridine calcium channel blocker,generic,-dipine,roomy,False,,
mevedipine,False,grammar+refined,1,69.22,69.64,moderate,-14.64,0.36,medicine,0.8088,4,INTRA_STEM_TOO_CLOSE|TRADEMARK_HIT,SIMILARITY_MODERATE,gevedipine,gevedipine -> jevedipine -> mevedipine,0.0,1.0,1.0,1.0,1.0,0.998,0.034,dihydropyridine calcium channel blocker,generic,-dipine,roomy,False,,
muvedipine,False,grammar+refined,1,68.98,68.25,moderate,-13.25,1.75,medicine,0.6995,4,INTRA_STEM_TOO_CLOSE|TRADEMARK_HIT,SIMILARITY_MODERATE,gevedipine,gevedipine -> jevedipine -> mevedipine -> muvedipine,0.0,1.0,1.0,1.0,1.0,0.998,0.0,dihydropyridine calcium channel blocker,generic,-dipine,roomy,False,,
ofodipine,False,grammar+refined,1,68.83,67.85,moderate,-12.85,2.15,efodine,0.7953,4,INTRA_STEM_TOO_CLOSE|TRADEMARK_HIT,SIMILARITY_MODERATE,olodipine,olodipine -> ofodipine,0.0,1.0,1.0,1.0,1.0,0.983,0.001,dihydropyridine calcium channel blocker,generic,-dipine,roomy,False,,
ozodipine,False,grammar+refined,1,69.07,74.82,high,-19.82,-4.82,zotepine,0.8129,4,SIMILARITY_TOO_HIGH|TRADEMARK_HIT,,olodipine,olodipine -> ofodipine -> ozodipine,0.0,1.0,1.0,1.0,1.0,0.983,0.034,dihydropyridine calcium channel blocker,generic,-dipine,roomy,False,,
otodipine,False,grammar+refined,1,68.83,75.34,high,-20.34,-5.34,otodine,0.732,4,SIMILARITY_TOO_HIGH|TRADEMARK_HIT,,olodipine,olodipine -> ofodipine -> ozodipine -> otodipine,0.0,1.0,1.0,1.0,1.0,0.983,0.0,dihydropyridine calcium channel blocker,generic,-dipine,roomy,False,,
carmodipine,False,grammar+refined,1,59.82,75.68,high,-20.68,-5.68,carmoisine,0.9166,4,SIMILARITY_TOO_HIGH|TRADEMARK_HIT,,cirmodipine,cirmodipine -> carmodipine,0.0,0.45,1.0,1.0,1.0,0.952,0.327,dihydropyridine calcium channel blocker,generic,-dipine,roomy,False,,
carmudipine,False,grammar+refined,1,57.62,77.4,high,-22.4,-7.4,carmustine,0.8411,4,SIMILARITY_TOO_HIGH|TRADEMARK_HIT,,cirmodipine,cirmodipine -> carmodipine -> carmudipine,0.0,0.45,1.0,1.0,1.0,0.952,0.014,dihydropyridine calcium channel blocker,generic,-dipine,roomy,False,,
carmedipine,False,grammar+refined,1,57.61,69.92,moderate,-14.92,0.08,carmoisine,0.9112,4,TRADEMARK_HIT,SIMILARITY_MODERATE,cirmodipine,cirmodipine -> carmodipine -> carmudipine -> carmedipine,0.0,0.45,1.0,1.0,1.0,0.952,0.012,dihydropyridine calcium channel blocker,generic,-dipine,roomy,False,,
decidipine,False,grammar+refined,1,64.45,75.12,high,-20.12,-5.12,decitabine,0.9199,4,SIMILARITY_TOO_HIGH|INTRA_STEM_TOO_CLOSE|TRADEMARK_HIT,,denidipine,denidipine -> decidipine,0.0,0.6,1.0,1.0,1.0,0.998,0.496,dihydropyridine calcium channel blocker,generic,-dipine,roomy,False,,
decodipine,False,grammar+refined,1,61.3,75.23,high,-20.23,-5.23,detomidine,0.915,4,SIMILARITY_TOO_HIGH|INTRA_STEM_TOO_CLOSE|TRADEMARK_HIT,,denidipine,denidipine -> decidipine -> decodipine,0.0,0.6,1.0,1.0,1.0,0.998,0.046,dihydropyridine calcium channel blocker,generic,-dipine,roomy,False,,
defodipine,False,grammar+refined,1,65.14,74.38,high,-19.38,-4.38,detomidine,0.8313,4,SIMILARITY_TOO_HIGH|INTRA_STEM_TOO_CLOSE|TRADEMARK_HIT,,denidipine,denidipine -> decidipine -> decodipine -> defodipine,0.0,0.6,1.0,1.0,1.0,0.998,0.595,dihydropyridine calcium channel blocker,generic,-dipine,roomy,False,,
miztoldipine,False,ngram_guided+refined,1,67.4,64.02,moderate,-9.02,5.98,nisoldipine,0.6266,4,INTRA_STEM_TOO_CLOSE,SIMILARITY_MODERATE,mirtoldipine,mirtoldipine -> miztoldipine,0.0,1.0,0.975,1.0,1.0,0.862,0.018,dihydropyridine calcium channel blocker,generic,-dipine,roomy,False,,
mixtoldipine,False,ngram_guided+refined,1,60.27,58.93,moderate,-3.93,11.07,moxonidine,0.6405,4,INTRA_STEM_TOO_CLOSE,SIMILARITY_MODERATE,mirtoldipine,mirtoldipine -> miztoldipine -> mixtoldipine,0.0,0.733,0.854,1.0,1.0,0.862,0.003,dihydropyridine calcium channel blocker,generic,-dipine,roomy,False,,
mixroldipine,False,ngram_guided+refined,1,66.22,57.29,moderate,-2.29,12.71,moxonidine,0.6293,4,INTRA_STEM_TOO_CLOSE,SIMILARITY_MODERATE,mirtoldipine,mirtoldipine -> miztoldipine -> mixtoldipine -> mixroldipine,0.0,1.0,0.9,1.0,1.0,0.862,0.001,dihydropyridine calcium channel blocker,generic,-dipine,roomy,False,,
desebidipine,False,grammar,2,60.98,73.6,high,-18.6,-3.6,deserpidine,0.8168,5,SIMILARITY_TOO_HIGH,,,desebidipine,0.0,0.733,1.0,1.0,1.0,0.731,0.001,dihydropyridine calcium channel blocker,generic,-dipine,roomy,False,,
rieltadipine,False,grammar,2,62.31,64.95,moderate,-9.95,5.05,rilmenidine,0.7675,4,INTRA_STEM_TOO_CLOSE,SIMILARITY_MODERATE,,rieltadipine,0.0,0.733,1.0,1.0,1.0,0.862,0.003,dihydropyridine calcium channel blocker,generic,-dipine,roomy,False,,
heidipine,True,grammar,2,67.58,68.17,moderate,-13.17,1.83,medicine,0.6617,3,,SIMILARITY_MODERATE,,heidipine,0.0,1.0,1.0,1.0,1.0,0.858,0.0,dihydropyridine calcium channel blocker,generic,-dipine,roomy,True,,
ikadipine,False,grammar,2,68.83,71.0,high,-16.0,-1.0,bamipine,0.6618,4,SIMILARITY_TOO_HIGH|INTRA_STEM_TOO_CLOSE|TRADEMARK_HIT,,,ikadipine,0.0,1.0,1.0,1.0,1.0,0.983,0.0,dihydropyridine calcium channel blocker,generic,-dipine,roomy,False,,
miloziadipine,False,grammar,2,58.49,59.21,moderate,-4.21,10.79,pilocarpine,0.7677,6,INTRA_STEM_TOO_CLOSE,SIMILARITY_MODERATE,,miloziadipine,0.0,0.771,1.0,1.0,1.0,0.406,0.001,dihydropyridine calcium channel blocker,generic,-dipine,roomy,False,,
turmidipine,True,grammar,2,62.12,64.83,moderate,-9.83,5.17,spermidine,0.8429,4,,SIMILARITY_MODERATE,,turmidipine,0.0,0.68,1.0,1.0,1.0,0.952,0.0,dihydropyridine calcium channel blocker,generic,-dipine,roomy,True,,
frudedipine,True,grammar,2,60.43,63.86,moderate,-8.86,6.14,robenidine,0.7818,4,,SIMILARITY_MODERATE,,frudedipine,0.0,0.68,0.879,1.0,1.0,0.952,0.0,dihydropyridine calcium channel blocker,generic,-dipine,roomy,False,,
dutidipine,False,grammar,2,68.98,69.84,moderate,-14.84,0.16,butidrine,0.7934,4,TRADEMARK_HIT,SIMILARITY_MODERATE,,dutidipine,0.0,1.0,1.0,1.0,1.0,0.998,0.0,dihydropyridine calcium channel blocker,generic,-dipine,roomy,False,,
noxeredipine,True,grammar,2,60.98,65.63,moderate,-10.63,4.37,doxecitine,0.7712,5,,SIMILARITY_MODERATE,,noxeredipine,0.0,0.733,1.0,1.0,1.0,0.731,0.0,dihydropyridine calcium channel blocker,generic,-dipine,roomy,False,,
bacoadipine,True,grammar,2,60.81,69.58,moderate,-14.58,0.42,aconitine,0.8169,5,,SIMILARITY_MODERATE,,bacoadipine,0.0,0.68,1.0,1.0,1.0,0.821,0.0,dihydropyridine calcium channel blocker,generic,-dipine,roomy,False,,
akidipine,False,grammar,2,68.83,63.43,moderate,-8.43,6.57,quinidine,0.7427,4,INTRA_STEM_TOO_CLOSE,SIMILARITY_MODERATE,,akidipine,0.0,1.0,1.0,1.0,1.0,0.983,0.0,dihydropyridine calcium channel blocker,generic,-dipine,roomy,False,,
rorbedipine,False,grammar,2,62.13,71.61,high,-16.61,-1.61,robenidine,0.6871,4,SIMILARITY_TOO_HIGH,,,rorbedipine,0.0,0.68,1.0,1.0,1.0,0.952,0.001,dihydropyridine calcium channel blocker,generic,-dipine,roomy,False,,
unradipine,False,grammar,2,68.98,64.33,moderate,-9.33,5.67,bamipine,0.6828,4,INTRA_STEM_TOO_CLOSE,SIMILARITY_MODERATE,,unradipine,0.0,1.0,1.0,1.0,1.0,0.998,0.0,dihydropyridine calcium channel blocker,generic,-dipine,roomy,False,,
merodipine,False,grammar,2,64.63,75.51,high,-20.51,-5.51,terodiline,0.921,4,SIMILARITY_TOO_HIGH|INTRA_STEM_TOO_CLOSE|TRADEMARK_HIT,,,merodipine,0.0,0.6,1.0,1.0,1.0,0.998,0.522,dihydropyridine calcium channel blocker,generic,-dipine,roomy,False,,
ciepadipine,False,grammar,2,68.55,65.24,moderate,-10.24,4.76,bamipine,0.6815,4,TRADEMARK_HIT,SIMILARITY_MODERATE,,ciepadipine,0.0,1.0,1.0,1.0,1.0,0.952,0.003,dihydropyridine calcium channel blocker,generic,-dipine,roomy,False,,
foludipine,False,grammar,2,60.98,68.35,moderate,-13.35,1.65,flupirtine,0.8476,4,INTRA_STEM_TOO_CLOSE|TRADEMARK_HIT,SIMILARITY_MODERATE,,foludipine,0.0,0.6,1.0,1.0,1.0,0.998,0.0,dihydropyridine calcium channel blocker,generic,-dipine,roomy,False,,
tesrodipine,False,grammar,2,62.27,74.65,high,-19.65,-4.65,terodiline,0.7303,4,SIMILARITY_TOO_HIGH|INTRA_STEM_TOO_CLOSE|TRADEMARK_HIT,,,tesrodipine,0.0,0.68,1.0,1.0,1.0,0.952,0.021,dihydropyridine calcium channel blocker,generic,-dipine,roomy,False,,
nenedipine,False,grammar,2,60.99,69.09,moderate,-14.09,0.91,medicine,0.8031,4,INTRA_STEM_TOO_CLOSE|TRADEMARK_HIT,SIMILARITY_MODERATE,,nenedipine,0.0,0.6,1.0,1.0,1.0,0.998,0.001,dihydropyridine calcium channel blocker,generic,-dipine,roomy,False,,
etledipine,False,grammar,2,60.99,66.27,moderate,-11.27,3.73,clevipidine,0.7838,4,INTRA_STEM_TOO_CLOSE|TRADEMARK_HIT,SIMILARITY_MODERATE,,etledipine,0.0,0.6,1.0,1.0,1.0,0.998,0.001,dihydropyridine calcium channel blocker,generic,-dipine,roomy,False,,
pisidipine,False,grammar,2,68.98,66.18,moderate,-11.18,3.82,tizanidine,0.8556,4,TRADEMARK_HIT,SIMILARITY_MODERATE,,pisidipine,0.0,1.0,1.0,1.0,1.0,0.998,0.0,dihydropyridine calcium channel blocker,generic,-dipine,roomy,False,,
odadipine,False,grammar,2,68.83,76.19,high,-21.19,-6.19,bamipine,0.7586,4,SIMILARITY_TOO_HIGH,,,odadipine,0.0,1.0,1.0,1.0,1.0,0.983,0.001,dihydropyridine calcium channel blocker,generic,-dipine,roomy,False,,
liltegidipine,True,grammar,2,60.67,62.03,moderate,-7.03,7.97,rilmenidine,0.6628,5,,SIMILARITY_MODERATE,,liltegidipine,0.0,0.771,1.0,1.0,1.0,0.624,0.0,dihydropyridine calcium channel blocker,generic,-dipine,roomy,False,,
totodipine,False,grammar,2,68.99,69.0,moderate,-14.0,1.0,detomidine,0.7911,4,TRADEMARK_HIT,SIMILARITY_MODERATE,,totodipine,0.0,1.0,1.0,1.0,1.0,0.998,0.001,dihydropyridine calcium channel blocker,generic,-dipine,roomy,False,,
preroqodipine,True,grammar,2,59.19,66.2,moderate,-11.2,3.8,terodiline,0.6617,5,,SIMILARITY_MODERATE,,preroqodipine,0.0,0.771,0.894,1.0,1.0,0.624,0.0,dihydropyridine calcium channel blocker,generic,-dipine,roomy,False,,
betradipine,False,ngram_guided,2,57.98,74.15,high,-19.15,-4.15,tetradecene,0.928,4,SIMILARITY_TOO_HIGH|INTRA_STEM_TOO_CLOSE,,,betradipine,0.0,0.45,0.879,1.0,1.0,0.952,0.307,dihydropyridine calcium channel blocker,generic,-dipine,roomy,False,,
cypropepdipine,False,ngram_guided,2,46.37,72.82,high,-17.82,-2.82,cyproheptadine,0.749,5,SIMILARITY_TOO_HIGH|TRADEMARK_HIT,,,cypropepdipine,0.0,0.6,0.783,1.0,0.18,0.527,0.894,dihydropyridine calcium channel blocker,generic,-dipine,roomy,False,,
cocodipine,True,ngram_guided,2,64.42,69.13,moderate,-14.13,0.87,aconitine,0.9344,4,,SIMILARITY_MODERATE,,cocodipine,0.0,0.6,1.0,1.0,1.0,0.998,0.491,dihydropyridine calcium channel blocker,generic,-dipine,roomy,True,,
afadipine,False,ngram_guided,2,70.99,72.04,high,-17.04,-2.04,bamipine,0.8031,4,SIMILARITY_TOO_HIGH|INTRA_STEM_TOO_CLOSE|TRADEMARK_HIT,,,afadipine,0.0,1.0,1.0,1.0,1.0,0.983,0.309,dihydropyridine calcium channel blocker,generic,-dipine,roomy,False,,
sunvosodipine,True,ngram_guided,2,59.76,65.43,moderate,-10.43,4.57,sunvozertinib,0.7486,5,,SIMILARITY_MODERATE,,sunvosodipine,0.0,0.564,1.0,1.0,1.0,0.624,0.462,dihydropyridine calcium channel blocker,generic,-dipine,roomy,False,,
avidipine,False,ngram_guided,2,70.84,64.45,moderate,-9.45,5.55,bamipine,0.9056,4,INTRA_STEM_TOO_CLOSE,SIMILARITY_MODERATE,,avidipine,0.0,1.0,1.0,1.0,1.0,0.983,0.288,dihydropyridine calcium channel blocker,generic,-dipine,roomy,False,,
myrtedipine,False,ngram_guided,2,56.65,71.6,high,-16.6,-1.6,mirtazapine,0.8626,4,SIMILARITY_TOO_HIGH|TRADEMARK_HIT,,,myrtedipine,0.0,0.45,0.889,1.0,1.0,0.952,0.097,dihydropyridine calcium channel blocker,generic,-dipine,roomy,False,,
salidipine,False,ngram_guided,2,64.06,68.04,moderate,-13.04,1.96,salinocaine,0.9467,4,INTRA_STEM_TOO_CLOSE|TRADEMARK_HIT,SIMILARITY_MODERATE,,salidipine,0.0,0.6,1.0,1.0,1.0,0.998,0.44,dihydropyridine calcium channel blocker,generic,-dipine,roomy,False,,
lanreodipine,False,ngram_guided,2,57.96,67.53,moderate,-12.53,2.47,lanreotide,0.8225,5,TRADEMARK_HIT,SIMILARITY_MODERATE,,lanreodipine,0.0,0.3,1.0,1.0,1.0,0.731,0.807,dihydropyridine calcium channel blocker,generic,-dipine,roomy,False,,
ivekidipine,True,ngram_guided,2,57.21,63.87,moderate,-8.87,6.13,etuvetidigene,0.7324,5,,SIMILARITY_MODERATE,,ivekidipine,0.0,0.45,1.0,1.0,1.0,0.821,0.142,dihydropyridine calcium channel blocker,generic,-dipine,roomy,False,,
naxdipine,False,ngram_guided,2,67.92,71.03,high,-16.03,-1.03,naftifine,0.7005,3,SIMILARITY_TOO_HIGH|TRADEMARK_HIT,,,naxdipine,0.0,1.0,0.899,1.0,1.0,0.858,0.25,dihydropyridine calcium channel blocker,generic,-dipine,roomy,False,,
zopadipine,False,ngram_guided,2,62.73,70.13,high,-15.13,-0.13,tropatepine,0.7607,4,SIMILARITY_TOO_HIGH,,,zopadipine,0.0,0.6,1.0,1.0,1.0,0.998,0.25,dihydropyridine calcium channel blocker,generic,-dipine,roomy,False,,
ixagatodipine,True,ngram_guided,2,55.35,61.18,moderate,-6.18,8.82,captodiamine,0.692,6,,SIMILARITY_MODERATE,,ixagatodipine,0.0,0.564,1.0,1.0,1.0,0.406,0.143,dihydropyridine calcium channel blocker,generic,-dipine,roomy,False,,
novodipine,False,ngram_guided,2,61.88,73.06,high,-18.06,-3.06,novobiocin,0.7879,4,SIMILARITY_TOO_HIGH|INTRA_STEM_TOO_CLOSE|TRADEMARK_HIT,,,novodipine,0.0,0.6,1.0,1.0,1.0,0.998,0.129,dihydropyridine calcium channel blocker,generic,-dipine,roomy,False,,
rizodipine,False,ngram_guided,2,62.06,67.88,moderate,-12.88,2.12,zotepine,0.815,4,INTRA_STEM_TOO_CLOSE|TRADEMARK_HIT,SIMILARITY_MODERATE,,rizodipine,0.0,0.6,1.0,1.0,1.0,0.998,0.155,dihydropyridine calcium channel blocker,generic,-dipine,roomy,False,,
apadipine,False,ngram_guided,2,73.36,75.15,high,-20.15,-5.15,bamipine,0.8205,4,SIMILARITY_TOO_HIGH,,,apadipine,0.0,1.0,1.0,1.0,1.0,0.983,0.648,dihydropyridine calcium channel blocker,generic,-dipine,roomy,False,,
pandipine,False,ngram_guided,2,72.65,74.1,high,-19.1,-4.1,bamipine,0.9514,3,SIMILARITY_TOO_HIGH|INTRA_STEM_TOO_CLOSE,,,pandipine,0.0,1.0,1.0,1.0,1.0,0.858,0.725,dihydropyridine calcium channel blocker,generic,-dipine,roomy,False,,
apalbodipine,False,ngram_guided,2,57.44,64.57,moderate,-9.57,5.43,calmoseptine,0.7509,5,TRADEMARK_HIT,SIMILARITY_MODERATE,,apalbodipine,0.0,0.517,1.0,1.0,1.0,0.731,0.113,dihydropyridine calcium channel blocker,generic,-dipine,roomy,False,,
crivdipine,True,ngram_guided,2,58.06,67.86,moderate,-12.86,2.14,acrivastine,0.6428,3,,SIMILARITY_MODERATE,,crivdipine,0.0,0.6,0.829,1.0,1.0,0.873,0.104,dihydropyridine calcium channel blocker,generic,-dipine,roomy,False,,
gemdipine,False,ngram_guided,2,73.31,70.01,high,-15.01,-0.01,bamipine,0.7326,3,SIMILARITY_TOO_HIGH,,,gemdipine,0.0,1.0,1.0,1.0,1.0,0.858,0.818,dihydropyridine calcium channel blocker,generic,-dipine,roomy,False,,
abedipine,False,ngram_guided,2,70.37,75.15,high,-20.15,-5.15,medicine,0.8033,4,SIMILARITY_TOO_HIGH|INTRA_STEM_TOO_CLOSE|TRADEMARK_HIT,,,abedipine,0.0,1.0,1.0,1.0,1.0,0.983,0.22,dihydropyridine calcium channel blocker,generic,-dipine,roomy,False,,
phendipine,False,ngram_guided,2,61.24,75.1,high,-20.1,-5.1,fendiline,0.9645,3,SIMILARITY_TOO_HIGH|TRADEMARK_HIT,,,phendipine,0.0,0.6,0.975,1.0,1.0,0.873,0.265,dihydropyridine calcium channel blocker,generic,-dipine,roomy,False,,
cycldipine,False,ngram_guided,2,61.16,76.79,high,-21.79,-6.79,cyclizine,0.9079,3,SIMILARITY_TOO_HIGH,,,cycldipine,0.0,0.6,0.788,1.0,1.0,0.873,0.629,dihydropyridine calcium channel blocker,generic,-dipine,roomy,False,,
ofadipine,False,ngram_guided,2,68.87,72.04,high,-17.04,-2.04,bamipine,0.7972,4,SIMILARITY_TOO_HIGH|INTRA_STEM_TOO_CLOSE|TRADEMARK_HIT,,,ofadipine,0.0,1.0,1.0,1.0,1.0,0.983,0.006,dihydropyridine calcium channel blocker,generic,-dipine,roomy,False,,
upadipine,False,ngram_guided+refined,2,68.83,75.15,high,-20.15,-5.15,bamipine,0.7025,4,SIMILARITY_TOO_HIGH,,apadipine,apadipine -> upadipine,0.0,1.0,1.0,1.0,1.0,0.983,0.0,dihydropyridine calcium channel blocker,generic,-dipine,roomy,False,,
ipadipine,False,ngram_guided+refined,2,68.83,75.15,high,-20.15,-5.15,bamipine,0.7707,4,SIMILARITY_TOO_HIGH|INTRA_STEM_TOO_CLOSE|TRADEMARK_HIT,,apadipine,apadipine -> upadipine -> ipadipine,0.0,1.0,1.0,1.0,1.0,0.983,0.0,dihydropyridine calcium channel blocker,generic,-dipine,roomy,False,,
ipudipine,False,ngram_guided+refined,2,68.83,63.4,moderate,-8.4,6.6,povidine,0.7346,4,INTRA_STEM_TOO_CLOSE|TRADEMARK_HIT,SIMILARITY_MODERATE,apadipine,apadipine -> upadipine -> ipadipine -> ipudipine,0.0,1.0,1.0,1.0,1.0,0.983,0.0,dihydropyridine calcium channel blocker,generic,-dipine,roomy,False,,
gomdipine,False,ngram_guided+refined,2,67.58,70.75,high,-15.75,-0.75,bamipine,0.6565,3,SIMILARITY_TOO_HIGH,,gemdipine,gemdipine -> gomdipine,0.0,1.0,1.0,1.0,1.0,0.858,0.0,dihydropyridine calcium channel blocker,generic,-dipine,roomy,False,,
gogdipine,True,ngram_guided+refined,2,67.58,64.23,moderate,-9.23,5.77,ergocriptine,0.6115,3,,SIMILARITY_MODERATE,gemdipine,gemdipine -> gomdipine -> gogdipine,0.0,1.0,1.0,1.0,1.0,0.858,0.0,dihydropyridine calcium channel blocker,generic,-dipine,roomy,True,,
kandipine,False,ngram_guided+refined,2,67.58,70.15,high,-15.15,-0.15,bamipine,0.8789,3,SIMILARITY_TOO_HIGH|INTRA_STEM_TOO_CLOSE,,pandipine,pandipine -> kandipine,0.0,1.0,1.0,1.0,1.0,0.858,0.0,dihydropyridine calcium channel blocker,generic,-dipine,roomy,False,,
kindipine,True,ngram_guided+refined,2,67.62,67.66,moderate,-12.66,2.34,vindesine,0.8415,3,,SIMILARITY_MODERATE,pandipine,pandipine -> kandipine -> kindipine,0.0,1.0,1.0,1.0,1.0,0.858,0.006,dihydropyridine calcium channel blocker,generic,-dipine,roomy,True,,
ufadipine,False,ngram_guided+refined,2,68.83,72.04,high,-17.04,-2.04,bamipine,0.645,4,SIMILARITY_TOO_HIGH|INTRA_STEM_TOO_CLOSE|TRADEMARK_HIT,,afadipine,afadipine -> ufadipine,0.0,1.0,1.0,1.0,1.0,0.983,0.0,dihydropyridine calcium channel blocker,generic,-dipine,roomy,False,,
uqadipine,False,ngram_guided+refined,2,68.83,72.14,high,-17.14,-2.14,bamipine,0.6308,4,SIMILARITY_TOO_HIGH,,afadipine,afadipine -> ufadipine -> uqadipine,0.0,1.0,1.0,1.0,1.0,0.983,0.0,dihydropyridine calcium channel blocker,generic,-dipine,roomy,False,,
uqidipine,False,ngram_guided+refined,2,68.83,63.96,moderate,-8.96,6.04,uridine,0.6253,4,INTRA_STEM_TOO_CLOSE,SIMILARITY_MODERATE,afadipine,afadipine -> ufadipine -> uqadipine -> uqidipine,0.0,1.0,1.0,1.0,1.0,0.983,0.0,dihydropyridine calcium channel blocker,generic,-dipine,roomy,False,,
aqidipine,False,ngram_guided+refined,2,68.83,64.94,moderate,-9.94,5.06,bamipine,0.6853,4,INTRA_STEM_TOO_CLOSE,SIMILARITY_MODERATE,avidipine,avidipine -> aqidipine,0.0,1.0,1.0,1.0,1.0,0.983,0.0,dihydropyridine calcium channel blocker,generic,-dipine,roomy,False,,
abidipine,False,ngram_guided+refined,2,69.21,70.34,high,-15.34,-0.34,bamipine,0.8708,4,SIMILARITY_TOO_HIGH|INTRA_STEM_TOO_CLOSE|TRADEMARK_HIT,,avidipine,avidipine -> aqidipine -> abidipine,0.0,1.0,1.0,1.0,1.0,0.983,0.054,dihydropyridine calcium channel blocker,generic,-dipine,roomy,False,,
ebidipine,False,ngram_guided+refined,2,68.83,70.34,high,-15.34,-0.34,bamipine,0.7845,4,SIMILARITY_TOO_HIGH|INTRA_STEM_TOO_CLOSE,,avidipine,avidipine -> aqidipine -> abidipine -> ebidipine,0.0,1.0,1.0,1.0,1.0,0.983,0.0,dihydropyridine calcium channel blocker,generic,-dipine,roomy,False,,
tokodipine,True,grammar+refined,2,68.98,64.54,moderate,-9.54,5.46,moxonidine,0.6945,4,,SIMILARITY_MODERATE,totodipine,totodipine -> tokodipine,0.0,1.0,1.0,1.0,1.0,0.998,0.0,dihydropyridine calcium channel blocker,generic,-dipine,roomy,True,,
ditidipine,False,grammar+refined,2,61.16,67.01,moderate,-12.01,2.99,distigmine,0.9257,4,INTRA_STEM_TOO_CLOSE|TRADEMARK_HIT,SIMILARITY_MODERATE,dutidipine,dutidipine -> ditidipine,0.0,0.6,1.0,1.0,1.0,0.998,0.026,dihydropyridine calcium channel blocker,generic,-dipine,roomy,False,,
dikidipine,False,grammar+refined,2,61.32,60.99,moderate,-5.99,9.01,tilidine,0.7721,4,INTRA_STEM_TOO_CLOSE|TRADEMARK_HIT,SIMILARITY_MODERATE,dutidipine,dutidipine -> ditidipine -> dikidipine,0.0,0.6,1.0,1.0,1.0,0.998,0.048,dihydropyridine calcium channel blocker,generic,-dipine,roomy,False,,
dividipine,False,grammar+refined,2,61.16,64.48,moderate,-9.48,5.52,tizanidine,0.8629,4,INTRA_STEM_TOO_CLOSE|TRADEMARK_HIT,SIMILARITY_MODERATE,dutidipine,dutidipine -> ditidipine -> dikidipine -> dividipine,0.0,0.6,1.0,1.0,1.0,0.998,0.026,dihydropyridine calcium channel blocker,generic,-dipine,roomy,False,,
lorerolol,True,grammar,1,62.43,58.91,moderate,-3.91,11.09,sobrerol,0.6665,4,,SIMILARITY_MODERATE,,lorerolol,0.0,0.68,1.0,1.0,1.0,0.983,0.001,beta-blocker,generic,-olol,crowded,False,,
voprasolol,False,grammar,1,61.97,62.36,moderate,-7.36,7.64,vaprisol,0.6565,4,INTRA_STEM_TOO_CLOSE|TRADEMARK_HIT,SIMILARITY_MODERATE,,voprasolol,0.0,0.733,0.879,1.0,1.0,0.998,0.003,beta-blocker,generic,-olol,crowded,False,,
fehapelolol,True,grammar,1,68.04,49.37,low,5.63,20.63,trehalulose,0.6036,5,,,,fehapelolol,0.225,0.771,1.0,1.0,1.0,0.821,0.0,beta-blocker,generic,-olol,crowded,True,,
fapezepolol,True,grammar,1,64.71,52.84,low,2.16,17.16,tapentadol,0.636,5,,,,fapezepolol,0.086,0.771,1.0,1.0,1.0,0.821,0.0,beta-blocker,generic,-olol,crowded,True,,
velytitolol,True,grammar,1,61.08,59.98,moderate,-4.98,10.02,versicolor,0.6309,5,,SIMILARITY_MODERATE,,velytitolol,0.0,0.771,0.889,1.0,1.0,0.821,0.0,beta-blocker,generic,-olol,crowded,False,,
cogerolol,True,grammar,1,62.43,62.37,moderate,-7.37,7.63,sclerosol,0.7808,4,,SIMILARITY_MODERATE,,cogerolol,0.0,0.68,1.0,1.0,1.0,0.983,0.0,beta-blocker,generic,-olol,crowded,False,,
ceviticlolol,True,grammar,1,60.83,59.38,moderate,-4.38,10.62,viridiflorol,0.689,5,,SIMILARITY_MODERATE,,ceviticlolol,0.0,0.8,0.894,1.0,1.0,0.731,0.0,beta-blocker,generic,-olol,crowded,False,,
mosatolol,True,grammar,1,62.45,62.89,moderate,-7.89,7.11,batilol,0.7369,4,,SIMILARITY_MODERATE,,mosatolol,0.0,0.68,1.0,1.0,1.0,0.983,0.003,beta-blocker,generic,-olol,crowded,False,,
elbithesolol,True,grammar,1,63.49,53.41,low,1.59,16.59,bisphenol,0.6488,5,,,,elbithesolol,0.064,0.8,0.975,1.0,1.0,0.731,0.0,beta-blocker,generic,-olol,crowded,False,,
lopozulolol,True,grammar,1,62.64,63.41,moderate,-8.41,6.59,amosulalol,0.6111,5,,SIMILARITY_MODERATE,,lopozulolol,0.0,0.771,1.0,1.0,1.0,0.821,0.0,beta-blocker,generic,-olol,crowded,False,,
barotolol,True,grammar,1,62.43,66.82,moderate,-11.82,3.18,protocol,0.7194,4,,SIMILARITY_MODERATE,,barotolol,0.0,0.68,1.0,1.0,1.0,0.983,0.001,beta-blocker,generic,-olol,crowded,False,,
secluxolol,True,grammar,1,61.96,55.98,moderate,-0.98,14.02,sclerosol,0.6192,4,,SIMILARITY_MODERATE,,secluxolol,0.0,0.733,0.879,1.0,1.0,0.998,0.001,beta-blocker,generic,-olol,crowded,False,,
petisolol,False,grammar,1,62.43,63.37,moderate,-8.37,6.63,optisol,0.7679,4,TRADEMARK_HIT,SIMILARITY_MODERATE,,petisolol,0.0,0.68,1.0,1.0,1.0,0.983,0.0,beta-blocker,generic,-olol,crowded,False,,
ebipolol,False,grammar,1,68.12,69.88,moderate,-14.88,0.12,bicolor,0.6449,4,INTRA_STEM_TOO_CLOSE|TRADEMARK_HIT,SIMILARITY_MODERATE,,ebipolol,0.0,1.0,1.0,1.0,1.0,0.912,0.0,beta-blocker,generic,-olol,crowded,False,,
dobretalolol,True,grammar,1,60.83,57.72,moderate,-2.72,12.28,labetalol,0.6637,5,,SIMILARITY_MODERATE,,dobretalolol,0.0,0.8,0.894,1.0,1.0,0.731,0.0,beta-blocker,generic,-olol,crowded,False,,
sarniilolol,True,grammar,1,62.64,59.5,moderate,-4.5,10.5,arniflora,0.6166,5,,SIMILARITY_MODERATE,,sarniilolol,0.0,0.771,1.0,1.0,1.0,0.821,0.0,beta-blocker,generic,-olol,crowded,False,,
kithixolol,True,grammar,1,64.27,54.35,low,0.65,15.65,dimethiconol,0.6322,4,,,,kithixolol,0.026,0.733,1.0,1.0,1.0,0.998,0.0,beta-blocker,generic,-olol,crowded,True,,
gilisolol,False,grammar,1,62.43,70.07,high,-15.07,-0.07,dilinoleoyl,0.7445,4,SIMILARITY_TOO_HIGH,,,gilisolol,0.0,0.68,1.0,1.0,1.0,0.983,0.0,beta-blocker,generic,-olol,crowded,False,,
utudelolol,True,grammar,1,62.84,54.47,low,0.53,15.53,tubersol,0.6021,5,,,,utudelolol,0.021,0.733,1.0,1.0,1.0,0.867,0.0,beta-blocker,generic,-olol,crowded,False,,
nunlepolol,True,grammar,1,64.48,54.13,low,0.87,15.87,nexletol,0.6051,4,,,,nunlepolol,0.035,0.733,1.0,1.0,1.0,0.998,0.0,beta-blocker,generic,-olol,crowded,True,,
getrivotolol,True,grammar,1,60.83,60.5,moderate,-5.5,9.5,trimethylol,0.6522,5,,SIMILARITY_MODERATE,,getrivotolol,0.0,0.8,0.894,1.0,1.0,0.731,0.0,beta-blocker,generic,-olol,crowded,False,,
saxirolol,True,grammar,1,62.43,61.74,moderate,-6.74,8.26,taxifolin,0.6359,4,,SIMILARITY_MODERATE,,saxirolol,0.0,0.68,1.0,1.0,1.0,0.983,0.0,beta-blocker,generic,-olol,crowded,False,,
odovolol,True,grammar,1,68.12,68.22,moderate,-13.22,1.78,novolog,0.6183,4,,SIMILARITY_MODERATE,,odovolol,0.0,1.0,1.0,1.0,1.0,0.912,0.0,beta-blocker,generic,-olol,crowded,True,,
bevixolol,False,grammar,1,62.43,63.82,moderate,-8.82,6.18,betaxolol,0.6379,4,INTRA_STEM_TOO_CLOSE|TRADEMARK_HIT,SIMILARITY_MODERATE,,bevixolol,0.0,0.68,1.0,1.0,1.0,0.983,0.0,beta-blocker,generic,-olol,crowded,False,,
trimademolol,True,ngram_guided,1,61.83,64.54,moderate,-9.54,5.46,trimazole,0.7463,5,,SIMILARITY_MODERATE,,trimademolol,0.0,0.6,0.894,1.0,1.0,0.731,0.716,beta-blocker,generic,-olol,crowded,False,,
omerolol,True,ngram_guided,1,60.44,66.07,moderate,-11.07,3.93,nerolidol,0.6991,4,,SIMILARITY_MODERATE,,omerolol,0.0,0.6,1.0,1.0,1.0,0.912,0.046,beta-blocker,generic,-olol,crowded,False,,
mirtololol,False,ngram_guided,1,67.04,60.6,moderate,-5.6,9.4,mitosol,0.6472,4,TRADEMARK_HIT,SIMILARITY_MODERATE,,mirtololol,0.0,0.733,1.0,0.8,1.0,0.998,0.742,beta-blocker,generic,-olol,crowded,False,,
prazolol,False,ngram_guided,1,55.79,67.49,moderate,-12.49,2.51,carazolol,0.908,3,INTRA_STEM_TOO_CLOSE,SIMILARITY_MODERATE,,prazolol,0.0,0.6,0.854,1.0,0.59,0.787,0.789,beta-blocker,generic,-olol,crowded,False,,
dienoxolol,True,ngram_guided,1,66.1,67.76,moderate,-12.76,2.24,enoxolone,0.8159,4,,SIMILARITY_MODERATE,,dienoxolol,0.0,0.517,1.0,1.0,1.0,0.998,0.969,beta-blocker,generic,-olol,crowded,True,,
laurdimolol,True,ngram_guided,1,54.48,67.05,moderate,-12.05,2.95,laurdimonium,0.7683,4,,SIMILARITY_MODERATE,,laurdimolol,0.0,0.15,1.0,1.0,1.0,0.952,0.422,beta-blocker,generic,-olol,crowded,False,,
ixetolol,True,ngram_guided,1,60.25,63.9,moderate,-8.9,6.1,istalol,0.6647,4,,SIMILARITY_MODERATE,,ixetolol,0.0,0.6,1.0,1.0,1.0,0.912,0.018,beta-blocker,generic,-olol,crowded,False,,
flibolol,True,ngram_guided,1,59.37,64.25,moderate,-9.25,5.75,linoleoyl,0.627,3,,SIMILARITY_MODERATE,,flibolol,0.0,0.6,0.854,1.0,1.0,0.787,0.363,beta-blocker,generic,-olol,crowded,False,,
ensitrolol,True,ngram_guided,1,56.66,68.68,moderate,-13.68,1.32,ensitrelvir,0.7823,4,,SIMILARITY_MODERATE,,ensitrolol,0.0,0.3,0.854,1.0,1.0,0.998,0.532,beta-blocker,generic,-olol,crowded,False,,
ripasolol,True,ngram_guided,1,64.37,61.44,moderate,-6.44,8.56,trimazole,0.6569,4,,SIMILARITY_MODERATE,,ripasolol,0.0,0.68,1.0,1.0,1.0,0.983,0.278,beta-blocker,generic,-olol,crowded,True,,
voxidolol,True,ngram_guided,1,65.26,65.45,moderate,-10.45,4.55,doxidyl,0.7103,4,,SIMILARITY_MODERATE,,voxidolol,0.0,0.68,1.0,1.0,1.0,0.983,0.405,beta-blocker,generic,-olol,crowded,True,,
lontegapolol,True,ngram_guided,1,59.06,57.92,moderate,-2.92,12.08,lodgepole,0.6456,5,,SIMILARITY_MODERATE,,lontegapolol,0.0,0.6,1.0,1.0,1.0,0.731,0.108,beta-blocker,generic,-olol,crowded,False,,
daclorpholol,True,ngram_guided,1,57.03,60.22,moderate,-5.22,9.78,clorsulon,0.8009,4,,SIMILARITY_MODERATE,,daclorpholol,0.0,0.6,0.768,1.0,1.0,0.862,0.095,beta-blocker,generic,-olol,crowded,False,,
polyolol,True,ngram_guided,1,61.47,65.69,moderate,-10.69,4.31,polyoxyl,0.6845,4,,SIMILARITY_MODERATE,,polyolol,0.0,0.6,1.0,1.0,1.0,0.912,0.193,beta-blocker,generic,-olol,crowded,False,,
acrisolol,True,ngram_guided,1,60.84,64.24,moderate,-9.24,5.76,tricolor,0.8232,4,,SIMILARITY_MODERATE,,acrisolol,0.0,0.45,0.879,1.0,1.0,0.983,0.673,beta-blocker,generic,-olol,crowded,False,,
nordolol,False,ngram_guided,1,63.35,78.43,high,-23.43,-8.43,normosol,0.6558,3,SIMILARITY_TOO_HIGH|INTRA_STEM_TOO_CLOSE|TRADEMARK_HIT,,,nordolol,0.0,0.6,1.0,1.0,1.0,0.787,0.64,beta-blocker,generic,-olol,crowded,False,,
nosolol,False,ngram_guided,1,66.98,74.38,high,-19.38,-4.38,novolog,0.6771,3,SIMILARITY_TOO_HIGH|INTRA_STEM_TOO_CLOSE|TRADEMARK_HIT,,,nosolol,0.0,1.0,1.0,1.0,1.0,0.685,0.162,beta-blocker,generic,-olol,crowded,False,,
fraginitolol,True,ngram_guided,1,57.07,58.55,moderate,-3.55,11.45,progenitor,0.7531,5,,SIMILARITY_MODERATE,,fraginitolol,0.0,0.6,0.894,1.0,1.0,0.731,0.034,beta-blocker,generic,-olol,crowded,False,,
grepromolol,False,ngram_guided,1,56.59,67.6,moderate,-12.6,2.4,reproterol,0.7766,4,TRADEMARK_HIT,SIMILARITY_MODERATE,,grepromolol,0.0,0.564,0.733,1.0,1.0,0.952,0.073,beta-blocker,generic,-olol,crowded,False,,
demolol,False,ngram_guided,1,66.73,75.6,high,-20.6,-5.6,demerol,0.6887,3,SIMILARITY_TOO_HIGH|INTRA_STEM_TOO_CLOSE|TRADEMARK_HIT,,,demolol,0.0,1.0,1.0,1.0,1.0,0.685,0.125,beta-blocker,generic,-olol,crowded,False,,
cosidolol,True,ngram_guided,1,64.05,59.98,moderate,-4.98,10.02,caldolor,0.825,4,,SIMILARITY_MODERATE,,cosidolol,0.0,0.45,1.0,1.0,1.0,0.983,0.889,beta-blocker,generic,-olol,crowded,False,,
capadamtolol,True,ngram_guided,1,56.53,66.25,moderate,-11.25,3.75,apadamtase,0.6734,5,,SIMILARITY_MODERATE,,capadamtolol,0.0,0.2,1.0,1.0,1.0,0.731,0.889,beta-blocker,generic,-olol,crowded,False,,
valolol,False,ngram_guided,1,70.88,64.52,moderate,-9.52,5.48,valchlor,0.7083,3,TRADEMARK_HIT,SIMILARITY_MODERATE,,valolol,0.0,1.0,1.0,1.0,1.0,0.685,0.718,beta-blocker,generic,-olol,crowded,False,,
pyrrolol,False,ngram_guided,1,57.67,80.58,high,-25.58,-10.58,pyrrole,0.8329,3,SIMILARITY_TOO_HIGH,,,pyrrolol,0.0,0.6,0.889,1.0,1.0,0.787,0.05,beta-blocker,generic,-olol,crowded,False,,
velolol,True,ngram_guided+refined,1,68.0,61.04,moderate,-6.04,8.96,azeloyl,0.6762,3,,SIMILARITY_MODERATE,valolol,valolol -> velolol,0.0,1.0,1.0,1.0,1.0,0.685,0.307,beta-blocker,generic,-olol,crowded,True,,
edipolol,False,grammar+refined,1,60.12,63.41,moderate,-8.41,6.59,bicolor,0.7308,4,TRADEMARK_HIT,SIMILARITY_MODERATE,ebipolol,ebipolol -> edipolol,0.0,0.6,1.0,1.0,1.0,0.912,0.0,beta-blocker,generic,-olol,crowded,False,,
ekipolol,False,grammar+refined,1,68.12,58.21,moderate,-3.21,11.79,bicolor,0.6029,4,TRADEMARK_HIT,SIMILARITY_MODERATE,ebipolol,ebipolol -> edipolol -> ekipolol,0.0,1.0,1.0,1.0,1.0,0.912,0.0,beta-blocker,generic,-olol,crowded,False,,
ekapolol,True,grammar+refined,1,68.12,61.65,moderate,-6.65,8.35,skatole,0.6076,4,,SIMILARITY_MODERATE,ebipolol,ebipolol -> edipolol -> ekipolol -> ekapolol,0.0,1.0,1.0,1.0,1.0,0.912,0.0,beta-blocker,generic,-olol,crowded,True,,
mirgololol,True,ngram_guided+refined,1,61.92,56.73,moderate,-1.73,13.27,amosulalol,0.6661,4,,SIMILARITY_MODERATE,mirtololol,mirtololol -> mirgololol,0.0,0.733,1.0,0.8,1.0,0.998,0.011,beta-blocker,generic,-olol,crowded,False,,
nogolol,False,ngram_guided+refined,1,65.86,68.97,moderate,-13.97,1.03,novolog,0.669,3,INTRA_STEM_TOO_CLOSE|TRADEMARK_HIT,SIMILARITY_MODERATE,nosolol,nosolol -> nogolol,0.0,1.0,1.0,1.0,1.0,0.685,0.001,beta-blocker,generic,-olol,crowded,False,,
nagolol,False,ngram_guided+refined,1,65.85,79.53,high,-24.53,-9.53,nadolol,0.6857,3,SIMILARITY_TOO_HIGH|INTRA_STEM_TOO_CLOSE|TRADEMARK_HIT,,nosolol,nosolol -> nogolol -> nagolol,0.0,1.0,1.0,1.0,1.0,0.685,0.0,beta-blocker,generic,-olol,crowded,False,,
negolol,False,ngram_guided+refined,1,65.85,66.34,moderate,-11.34,3.66,regonol,0.6388,3,INTRA_STEM_TOO_CLOSE|TRADEMARK_HIT,SIMILARITY_MODERATE,nosolol,nosolol -> nogolol -> nagolol -> negolol,0.0,1.0,1.0,1.0,1.0,0.685,0.0,beta-blocker,generic,-olol,crowded,False,,
dedolol,False,ngram_guided+refined,1,65.85,63.54,moderate,-8.54,6.46,demerol,0.6359,3,INTRA_STEM_TOO_CLOSE|TRADEMARK_HIT,SIMILARITY_MODERATE,demolol,demolol -> dedolol,0.0,1.0,1.0,1.0,1.0,0.685,0.0,beta-blocker,generic,-olol,crowded,False,,
dadolol,False,ngram_guided+refined,1,65.85,79.53,high,-24.53,-9.53,nadolol,0.6764,3,SIMILARITY_TOO_HIGH|INTRA_STEM_TOO_CLOSE|TRADEMARK_HIT,,demolol,demolol -> dedolol -> dadolol,0.0,1.0,1.0,1.0,1.0,0.685,0.0,beta-blocker,generic,-olol,crowded,False,,
vadolol,False,ngram_guided+refined,1,65.88,71.3,high,-16.3,-1.3,nadolol,0.6771,3,SIMILARITY_TOO_HIGH|INTRA_STEM_TOO_CLOSE|TRADEMARK_HIT,,demolol,demolol -> dedolol -> dadolol -> vadolol,0.0,1.0,1.0,1.0,1.0,0.685,0.003,beta-blocker,generic,-olol,crowded,False,,
nornolol,False,ngram_guided+refined,1,67.21,80.7,high,-25.7,-10.7,normosol,0.6821,3,SIMILARITY_TOO_HIGH|TRADEMARK_HIT,,nordolol,nordolol -> nornolol,0.0,1.0,1.0,1.0,1.0,0.787,0.048,beta-blocker,generic,-olol,crowded,False,,
nosnolol,False,ngram_guided+refined,1,64.83,64.17,moderate,-9.17,5.83,normosol,0.6109,3,TRADEMARK_HIT,SIMILARITY_MODERATE,nordolol,nordolol -> nornolol -> nosnolol,0.0,1.0,0.854,1.0,1.0,0.787,0.001,beta-blocker,generic,-olol,crowded,False,,
nopnolol,False,ngram_guided+refined,1,66.87,61.67,moderate,-6.67,8.33,normosol,0.6129,3,TRADEMARK_HIT,SIMILARITY_MODERATE,nordolol,nordolol -> nornolol -> nosnolol -> nopnolol,0.0,1.0,1.0,1.0,1.0,0.787,0.0,beta-blocker,generic,-olol,crowded,False,,
patisolol,False,grammar+refined,1,57.92,69.2,moderate,-14.2,0.8,batilol,0.7903,4,TRADEMARK_HIT,SIMILARITY_MODERATE,petisolol,petisolol -> patisolol,0.0,0.45,1.0,1.0,1.0,0.983,0.014,beta-blocker,generic,-olol,crowded,False,,
pagisolol,True,grammar+refined,1,62.43,61.98,moderate,-6.98,8.02,anisole,0.6638,4,,SIMILARITY_MODERATE,petisolol,petisolol -> patisolol -> pagisolol,0.0,0.68,1.0,1.0,1.0,0.983,0.0,beta-blocker,generic,-olol,crowded,False,,
gulisolol,True,grammar+refined,1,62.43,60.16,moderate,-5.16,9.84,isosol,0.7742,4,,SIMILARITY_MODERATE,gilisolol,gilisolol -> gulisolol,0.0,0.68,1.0,1.0,1.0,0.983,0.0,beta-blocker,generic,-olol,crowded,False,,
loreprazole,False,grammar,1,58.85,67.16,moderate,-12.16,2.84,letrozole,0.8711,4,INTRA_STEM_TOO_CLOSE|TRADEMARK_HIT,SIMILARITY_MODERATE,,loreprazole,0.0,0.6,0.879,1.0,1.0,0.952,0.003,proton pump inhibitor,generic,-prazole,crowded,False,,
ciszoprazole,False,grammar,1,65.6,64.73,moderate,-9.73,5.27,benzotriazole,0.6648,4,TRADEMARK_HIT,SIMILARITY_MODERATE,,ciszoprazole,0.0,1.0,0.854,1.0,1.0,0.862,0.003,proton pump inhibitor,generic,-prazole,crowded,False,,
derfeprazole,False,grammar,1,54.6,72.09,high,-17.09,-2.09,defendazole,0.7931,4,SIMILARITY_TOO_HIGH|TRADEMARK_HIT,,,derfeprazole,0.0,0.45,0.854,1.0,1.0,0.862,0.003,proton pump inhibitor,generic,-prazole,crowded,False,,
dopploprazole,True,grammar,1,61.61,59.13,moderate,-4.13,10.87,omperazole,0.7438,4,,SIMILARITY_MODERATE,,dopploprazole,0.0,1.0,0.647,1.0,1.0,0.755,0.0,proton pump inhibitor,generic,-prazole,crowded,True,,
uvomiprazole,False,grammar,1,58.43,66.23,moderate,-11.23,3.77,fomepizole,0.6568,5,INTRA_STEM_TOO_CLOSE|TRADEMARK_HIT,SIMILARITY_MODERATE,,uvomiprazole,0.0,0.68,0.894,1.0,1.0,0.731,0.0,proton pump inhibitor,generic,-prazole,crowded,False,,
yliprazole,False,grammar,1,62.56,69.42,moderate,-14.42,0.58,letrozole,0.7034,3,TRADEMARK_HIT,SIMILARITY_MODERATE|ILLEGAL_ONSET_CLUSTER,,yliprazole,0.0,1.0,0.63,1.0,1.0,0.873,0.0,proton pump inhibitor,generic,-prazole,crowded,False,,
dinaprazole,False,grammar,1,60.64,66.66,moderate,-11.66,3.34,nimorazole,0.9419,4,TRADEMARK_HIT,SIMILARITY_MODERATE,,dinaprazole,0.0,0.6,0.879,1.0,1.0,0.952,0.259,proton pump inhibitor,generic,-prazole,crowded,False,,
deniprazole,False,grammar,1,65.09,70.46,high,-15.46,-0.46,tenonitrozole,0.8454,4,SIMILARITY_TOO_HIGH|TRADEMARK_HIT,,,deniprazole,0.0,0.6,0.879,1.0,1.0,0.952,0.894,proton pump inhibitor,generic,-prazole,crowded,False,,
sukoprazole,False,grammar,1,66.83,62.21,moderate,-7.21,7.79,sulconazole,0.6476,4,TRADEMARK_HIT,SIMILARITY_MODERATE,,sukoprazole,0.0,1.0,0.879,1.0,1.0,0.952,0.0,proton pump inhibitor,generic,-prazole,crowded,False,,
mofonuprazole,True,grammar,1,63.76,62.12,moderate,-7.12,7.88,mofebutazone,0.7241,5,,SIMILARITY_MODERATE,,mofonuprazole,0.0,1.0,0.894,1.0,1.0,0.624,0.0,proton pump inhibitor,generic,-prazole,crowded,True,,
donseprazole,False,grammar,1,59.2,66.72,moderate,-11.72,3.28,omperazole,0.7694,4,INTRA_STEM_TOO_CLOSE|TRADEMARK_HIT,SIMILARITY_MODERATE,,donseprazole,0.0,0.68,0.854,1.0,1.0,0.862,0.003,proton pump inhibitor,generic,-prazole,crowded,False,,
feungaprazole,True,grammar,1,59.18,60.09,moderate,-5.09,9.91,fenbendazole,0.6425,4,,SIMILARITY_MODERATE,,feungaprazole,0.0,0.733,0.854,1.0,1.0,0.755,0.0,proton pump inhibitor,generic,-prazole,crowded,False,,
icuteprazole,False,grammar,1,58.43,60.74,moderate,-5.74,9.26,feprazone,0.7331,5,TRADEMARK_HIT,SIMILARITY_MODERATE,,icuteprazole,0.0,0.68,0.894,1.0,1.0,0.731,0.0,proton pump inhibitor,generic,-prazole,crowded,False,,
oloprazole,False,grammar,1,67.29,71.25,high,-16.25,-1.25,letrozole,0.8691,4,SIMILARITY_TOO_HIGH|INTRA_STEM_TOO_CLOSE|TRADEMARK_HIT,,,oloprazole,0.0,1.0,0.879,1.0,1.0,0.998,0.001,proton pump inhibitor,generic,-prazole,crowded,False,,
rimasaprazole,False,grammar,1,58.6,63.06,moderate,-8.06,6.94,anastrozole,0.7827,5,TRADEMARK_HIT,SIMILARITY_MODERATE,,rimasaprazole,0.0,0.733,0.894,1.0,1.0,0.624,0.026,proton pump inhibitor,generic,-prazole,crowded,False,,
baloprazole,False,grammar,1,63.29,69.98,moderate,-14.98,0.02,alprazolam,0.8779,4,TRADEMARK_HIT,SIMILARITY_MODERATE,,baloprazole,0.0,0.6,0.879,1.0,1.0,0.952,0.637,proton pump inhibitor,generic,-prazole,crowded,False,,
cirmoprazole,False,grammar,1,65.6,69.01,moderate,-14.01,0.99,nimorazole,0.7202,4,INTRA_STEM_TOO_CLOSE|TRADEMARK_HIT,SIMILARITY_MODERATE,,cirmoprazole,0.0,1.0,0.854,1.0,1.0,0.862,0.003,proton pump inhibitor,generic,-prazole,crowded,False,,
geveprazole,False,grammar,1,66.83,65.59,moderate,-10.59,4.41,defendazole,0.691,4,INTRA_STEM_TOO_CLOSE|TRADEMARK_HIT,SIMILARITY_MODERATE,,geveprazole,0.0,1.0,0.879,1.0,1.0,0.952,0.0,proton pump inhibitor,generic,-prazole,crowded,False,,
futleprazole,True,grammar,1,59.19,67.03,moderate,-12.03,2.97,letrozole,0.6486,4,,SIMILARITY_MODERATE,,futleprazole,0.0,0.68,0.854,1.0,1.0,0.862,0.001,proton pump inhibitor,generic,-prazole,crowded,False,,
maxycabaprazole,True,grammar,1,56.33,53.07,low,1.93,16.93,axicabtagene,0.6622,6,,,,maxycabaprazole,0.077,0.8,0.793,1.0,1.0,0.237,0.0,proton pump inhibitor,generic,-prazole,crowded,False,,
otheprazole,False,grammar,1,58.48,69.63,moderate,-14.63,0.37,feprazone,0.7635,4,INTRA_STEM_TOO_CLOSE|TRADEMARK_HIT,SIMILARITY_MODERATE,,otheprazole,0.0,0.6,0.854,1.0,1.0,0.952,0.0,proton pump inhibitor,generic,-prazole,crowded,False,,
claliprazole,True,grammar,1,58.21,64.84,moderate,-9.84,5.16,alprazolam,0.8092,4,,SIMILARITY_MODERATE,,claliprazole,0.0,0.68,0.733,1.0,1.0,0.862,0.103,proton pump inhibitor,generic,-prazole,crowded,False,,
gonoprazole,False,grammar,1,59.01,67.39,moderate,-12.39,2.61,vonoprazan,0.8549,4,INTRA_STEM_TOO_CLOSE|TRADEMARK_HIT,SIMILARITY_MODERATE,,gonoprazole,0.0,0.6,0.879,1.0,1.0,0.952,0.026,proton pump inhibitor,generic,-prazole,crowded,False,,
pelmaprazole,False,grammar,1,59.23,62.8,moderate,-7.8,7.2,elaprase,0.7507,4,TRADEMARK_HIT,SIMILARITY_MODERATE,,pelmaprazole,0.0,0.68,0.854,1.0,1.0,0.862,0.007,proton pump inhibitor,generic,-prazole,crowded,False,,
decaneprazole,False,ngram_guided,1,45.23,63.43,moderate,-8.43,6.57,decanediol,0.872,5,TRADEMARK_HIT,SIMILARITY_MODERATE,,decaneprazole,0.0,0.3,0.894,1.0,0.53,0.624,0.427,proton pump inhibitor,generic,-prazole,crowded,False,,
pentoprazole,False,ngram_guided,1,48.63,84.58,high,-29.58,-14.58,pantoprazole,0.9295,4,SIMILARITY_TOO_HIGH|INTRA_STEM_TOO_CLOSE|TRADEMARK_HIT,,,pentoprazole,0.0,0.45,0.854,1.0,0.53,0.862,0.225,proton pump inhibitor,generic,-prazole,crowded,False,,
pemecloprazole,False,ngram_guided,1,44.33,61.77,moderate,-6.77,8.23,penconazole,0.8434,5,TRADEMARK_HIT,SIMILARITY_MODERATE,,pemecloprazole,0.0,0.357,0.763,1.0,0.53,0.527,0.535,proton pump inhibitor,generic,-prazole,crowded,False,,
prastuprazole,False,ngram_guided,1,56.6,61.73,moderate,-6.73,8.27,anastrozole,0.7936,4,INTRA_STEM_TOO_CLOSE|TRADEMARK_HIT,SIMILARITY_MODERATE,,prastuprazole,0.0,0.517,0.648,1.0,1.0,0.755,0.663,proton pump inhibitor,generic,-prazole,crowded,False,,
decandoprazole,False,ngram_guided,1,45.07,65.52,moderate,-10.52,4.48,benzotriazole,0.9263,5,INTRA_STEM_TOO_CLOSE|TRADEMARK_HIT,SIMILARITY_MODERATE,,decandoprazole,0.0,0.357,0.869,1.0,0.53,0.527,0.429,proton pump inhibitor,generic,-prazole,crowded,False,,
nerprazole,False,ngram_guided,1,66.03,69.94,moderate,-14.94,0.06,nimorazole,0.7215,3,INTRA_STEM_TOO_CLOSE|TRADEMARK_HIT,SIMILARITY_MODERATE,,nerprazole,0.0,1.0,0.742,1.0,1.0,0.873,0.273,proton pump inhibitor,generic,-prazole,crowded,False,,
thiazprazole,True,ngram_guided,1,51.98,65.24,moderate,-10.24,4.76,thiabendazole,0.6771,4,,SIMILARITY_MODERATE,,thiazprazole,0.0,0.45,0.768,1.0,0.53,0.862,0.876,proton pump inhibitor,generic,-prazole,crowded,False,,
eleprazole,False,ngram_guided,1,71.02,78.95,high,-23.95,-8.95,letrozole,0.8206,4,SIMILARITY_TOO_HIGH|INTRA_STEM_TOO_CLOSE|TRADEMARK_HIT,,,eleprazole,0.0,1.0,0.879,1.0,1.0,0.998,0.534,proton pump inhibitor,generic,-prazole,crowded,False,,
ubromoprazole,False,ngram_guided,1,48.92,74.21,high,-19.21,-4.21,drometrizole,0.8077,5,SIMILARITY_TOO_HIGH|TRADEMARK_HIT,,,ubromoprazole,0.0,0.517,0.763,1.0,0.53,0.624,0.597,proton pump inhibitor,generic,-prazole,crowded,False,,
sumateriprazole,True,ngram_guided,1,58.51,62.33,moderate,-7.33,7.67,dimetridazole,0.9203,6,,SIMILARITY_MODERATE,,sumateriprazole,0.0,0.6,0.904,1.0,1.0,0.237,0.925,proton pump inhibitor,generic,-prazole,crowded,False,,
deworprazole,True,ngram_guided,1,56.35,58.56,moderate,-3.56,11.44,omperazole,0.7745,4,,SIMILARITY_MODERATE,,deworprazole,0.0,0.45,0.768,1.0,1.0,0.862,0.426,proton pump inhibitor,generic,-prazole,crowded,False,,
methioprazole,False,ngram_guided,1,44.17,73.08,high,-18.08,-3.08,methimazole,0.9765,5,SIMILARITY_TOO_HIGH|TRADEMARK_HIT,,,methioprazole,0.0,0.3,0.869,1.0,0.53,0.624,0.325,proton pump inhibitor,generic,-prazole,crowded,False,,
abciprazole,False,ngram_guided,1,59.68,63.68,moderate,-8.68,6.32,anastrozole,0.7495,4,INTRA_STEM_TOO_CLOSE|TRADEMARK_HIT,SIMILARITY_MODERATE,,abciprazole,0.0,0.6,0.854,1.0,1.0,0.952,0.171,proton pump inhibitor,generic,-prazole,crowded,False,,
thyprazole,False,ngram_guided,1,65.08,67.44,moderate,-12.44,2.56,virazole,0.919,3,TRADEMARK_HIT,SIMILARITY_MODERATE,,thyprazole,0.0,1.0,0.742,1.0,1.0,0.873,0.137,proton pump inhibitor,generic,-prazole,crowded,False,,
ramprazole,False,ngram_guided,1,65.55,75.77,high,-20.77,-5.77,omperazole,0.8425,3,SIMILARITY_TOO_HIGH|INTRA_STEM_TOO_CLOSE|TRADEMARK_HIT,,,ramprazole,0.0,1.0,0.742,1.0,1.0,0.873,0.204,proton pump inhibitor,generic,-prazole,crowded,False,,
albuprazole,False,ngram_guided,1,61.66,68.27,moderate,-13.27,1.73,albendazole,0.8943,4,TRADEMARK_HIT,SIMILARITY_MODERATE,,albuprazole,0.0,0.6,0.854,1.0,1.0,0.952,0.454,proton pump inhibitor,generic,-prazole,crowded,False,,
abiraprazole,False,ngram_guided,1,59.81,64.64,moderate,-9.64,5.36,abiraterone,0.8173,5,TRADEMARK_HIT,SIMILARITY_MODERATE,,abiraprazole,0.0,0.45,0.894,1.0,1.0,0.731,0.855,proton pump inhibitor,generic,-prazole,crowded,False,,
chirprazole,False,ngram_guided,1,56.96,63.15,moderate,-8.15,6.85,virazole,0.6719,3,TRADEMARK_HIT,SIMILARITY_MODERATE,,chirprazole,0.0,0.6,0.742,1.0,1.0,0.828,0.184,proton pump inhibitor,generic,-prazole,crowded,False,,
omerprazole,False,ngram_guided,1,57.59,78.89,high,-23.89,-8.89,omeprazole,0.7488,4,SIMILARITY_TOO_HIGH|INTRA_STEM_TOO_CLOSE|TRADEMARK_HIT,,,omerprazole,0.0,0.6,0.768,1.0,1.0,0.952,0.046,proton pump inhibitor,generic,-prazole,crowded,False,,
dipeginiprazole,True,ngram_guided,1,54.61,63.9,moderate,-8.9,6.1,tenonitrozole,0.8721,6,,SIMILARITY_MODERATE,,dipeginiprazole,0.0,0.6,0.904,1.0,1.0,0.237,0.369,proton pump inhibitor,generic,-prazole,crowded,False,,
mirtolprazole,True,ngram_guided,1,63.16,60.95,moderate,-5.95,9.05,alprazolam,0.725,4,,SIMILARITY_MODERATE,,mirtolprazole,0.0,0.733,0.768,1.0,1.0,0.755,0.742,proton pump inhibitor,generic,-prazole,crowded,True,,
prazprazole,False,ngram_guided,1,52.59,63.37,moderate,-8.37,6.63,alprazolam,0.6661,3,INTRA_STEM_TOO_CLOSE|TRADEMARK_HIT,SIMILARITY_MODERATE,,prazprazole,0.0,0.6,0.596,1.0,0.59,0.828,0.789,proton pump inhibitor,generic,-prazole,crowded,False,,
suaviprazole,False,ngram_guided,1,56.93,66.01,moderate,-11.01,3.99,virazole,0.7869,5,TRADEMARK_HIT,SIMILARITY_MODERATE,,suaviprazole,0.0,0.45,0.894,1.0,1.0,0.731,0.444,proton pump inhibitor,generic,-prazole,crowded,False,,
behenoxaprazole,True,ngram_guided,1,46.21,57.29,moderate,-2.29,12.71,behenoylstearate,0.8904,6,,SIMILARITY_MODERATE,,behenoxaprazole,0.0,0.4,0.904,1.0,0.53,0.237,0.814,proton pump inhibitor,generic,-prazole,crowded,False,,
eseprazole,False,ngram_guided+refined,1,67.29,70.66,high,-15.66,-0.66,letrozole,0.7644,4,SIMILARITY_TOO_HIGH|INTRA_STEM_TOO_CLOSE|TRADEMARK_HIT,,eleprazole,eleprazole -> eseprazole,0.0,1.0,0.879,1.0,1.0,0.998,0.001,proton pump inhibitor,generic,-prazole,crowded,False,,
esoprazole,False,ngram_guided+refined,1,68.21,65.77,moderate,-10.77,4.23,benzotriazole,0.879,4,INTRA_STEM_TOO_CLOSE|TRADEMARK_HIT,SIMILARITY_MODERATE,eleprazole,eleprazole -> eseprazole -> esoprazole,0.0,1.0,0.879,1.0,1.0,0.998,0.132,proton pump inhibitor,generic,-prazole,crowded,False,,
epoprazole,False,ngram_guided+refined,1,67.52,65.5,moderate,-10.5,4.5,omperazole,0.8221,4,INTRA_STEM_TOO_CLOSE|TRADEMARK_HIT,SIMILARITY_MODERATE,eleprazole,eleprazole -> eseprazole -> esoprazole -> epoprazole,0.0,1.0,0.879,1.0,1.0,0.998,0.033,proton pump inhibitor,generic,-prazole,crowded,False,,
oyoprazole,False,grammar+refined,1,67.29,69.46,moderate,-14.46,0.54,omperazole,0.6909,4,INTRA_STEM_TOO_CLOSE|TRADEMARK_HIT,SIMILARITY_MODERATE,oloprazole,oloprazole -> oyoprazole,0.0,1.0,0.879,1.0,1.0,0.998,0.0,proton pump inhibitor,generic,-prazole,crowded,False,,
oxoprazole,False,grammar+refined,1,67.41,64.76,moderate,-9.76,5.24,omperazole,0.881,4,TRADEMARK_HIT,SIMILARITY_MODERATE,oloprazole,oloprazole -> oyoprazole -> oxoprazole,0.0,1.0,0.879,1.0,1.0,0.998,0.018,proton pump inhibitor,generic,-prazole,crowded,False,,
sujoprazole,False,grammar+refined,1,66.83,59.67,moderate,-4.67,10.33,nimorazole,0.6973,4,TRADEMARK_HIT,SIMILARITY_MODERATE,sukoprazole,sukoprazole -> sujoprazole,0.0,1.0,0.879,1.0,1.0,0.952,0.0,proton pump inhibitor,generic,-prazole,crowded,False,,
sojoprazole,False,grammar+refined,1,58.83,63.31,moderate,-8.31,6.69,isoconazole,0.7002,4,INTRA_STEM_TOO_CLOSE|TRADEMARK_HIT,SIMILARITY_MODERATE,sukoprazole,sukoprazole -> sujoprazole -> sojoprazole,0.0,0.6,0.879,1.0,1.0,0.952,0.0,proton pump inhibitor,generic,-prazole,crowded,False,,
sotoprazole,False,grammar+refined,1,61.76,65.43,moderate,-10.43,4.57,isoconazole,0.8561,4,INTRA_STEM_TOO_CLOSE|TRADEMARK_HIT,SIMILARITY_MODERATE,sukoprazole,sukoprazole -> sujoprazole -> sojoprazole -> sotoprazole,0.0,0.6,0.879,1.0,1.0,0.952,0.418,proton pump inhibitor,generic,-prazole,crowded,False,,
geteprazole,False,grammar+refined,1,58.83,65.35,moderate,-10.35,4.65,letrozole,0.6942,4,INTRA_STEM_TOO_CLOSE|TRADEMARK_HIT,SIMILARITY_MODERATE,geveprazole,geveprazole -> geteprazole,0.0,0.6,0.879,1.0,1.0,0.952,0.0,proton pump inhibitor,generic,-prazole,crowded,False,,
gebeprazole,False,grammar+refined,1,66.84,69.25,moderate,-14.25,0.75,mebendazole,0.7075,4,INTRA_STEM_TOO_CLOSE|TRADEMARK_HIT,SIMILARITY_MODERATE,geveprazole,geveprazole -> geteprazole -> gebeprazole,0.0,1.0,0.879,1.0,1.0,0.952,0.001,proton pump inhibitor,generic,-prazole,crowded,False,,
gobeprazole,False,grammar+refined,1,66.83,67.96,moderate,-12.96,2.04,drometrizole,0.6582,4,INTRA_STEM_TOO_CLOSE|TRADEMARK_HIT,SIMILARITY_MODERATE,geveprazole,geveprazole -> geteprazole -> gebeprazole -> gobeprazole,0.0,1.0,0.879,1.0,1.0,0.952,0.0,proton pump inhibitor,generic,-prazole,crowded,False,,
narprazole,False,ngram_guided+refined,1,64.3,68.91,moderate,-13.91,1.09,anastrozole,0.7819,3,TRADEMARK_HIT,SIMILARITY_MODERATE,nerprazole,nerprazole -> narprazole,0.0,1.0,0.742,1.0,1.0,0.873,0.026,proton pump inhibitor,generic,-prazole,crowded,False,,
nirprazole,False,ngram_guided+refined,1,64.41,75.21,high,-20.21,-5.21,nimorazole,0.6351,3,SIMILARITY_TOO_HIGH|INTRA_STEM_TOO_CLOSE|TRADEMARK_HIT,,nerprazole,nerprazole -> narprazole -> nirprazole,0.0,1.0,0.742,1.0,1.0,0.873,0.041,proton pump inhibitor,generic,-prazole,crowded,False,,
cishoprazole,False,grammar+refined,1,59.2,64.18,moderate,-9.18,5.82,cefoperazone,0.7816,4,TRADEMARK_HIT,SIMILARITY_MODERATE,ciszoprazole,ciszoprazole -> cishoprazole,0.0,0.68,0.854,1.0,1.0,0.862,0.003,proton pump inhibitor,generic,-prazole,crowded,False,,
cirhoprazole,True,grammar+refined,1,59.18,60.89,moderate,-5.89,9.11,cefoperazone,0.7053,4,,SIMILARITY_MODERATE,cirmoprazole,cirmoprazole -> cirhoprazole,0.0,0.68,0.854,1.0,1.0,0.862,0.0,proton pump inhibitor,generic,-prazole,crowded,False,,
rasprazole,False,ngram_guided+refined,1,65.12,70.97,high,-15.97,-0.97,anastrozole,0.7909,3,SIMILARITY_TOO_HIGH|INTRA_STEM_TOO_CLOSE|TRADEMARK_HIT,,ramprazole,ramprazole -> rasprazole,0.0,1.0,0.742,1.0,1.0,0.873,0.142,proton pump inhibitor,generic,-prazole,crowded,False,,
resprazole,False,ngram_guided+refined,1,66.22,68.54,moderate,-13.54,1.46,letrozole,0.787,3,INTRA_STEM_TOO_CLOSE|TRADEMARK_HIT,SIMILARITY_MODERATE,ramprazole,ramprazole -> rasprazole -> resprazole,0.0,1.0,0.742,1.0,1.0,0.873,0.299,proton pump inhibitor,generic,-prazole,crowded,False,,
rosprazole,False,ngram_guided+refined,1,70.94,65.66,moderate,-10.66,4.34,omperazole,0.8395,3,TRADEMARK_HIT,SIMILARITY_MODERATE,ramprazole,ramprazole -> rasprazole -> resprazole -> rosprazole,0.0,1.0,0.742,1.0,1.0,0.873,0.974,proton pump inhibitor,generic,-prazole,crowded,False,,
cemmtamoprazole,True,grammar,2,56.52,59.4,moderate,-4.4,10.6,sertaconazole,0.6702,5,,SIMILARITY_MODERATE,,cemmtamoprazole,0.0,0.8,0.783,1.0,1.0,0.456,0.001,proton pump inhibitor,generic,-prazole,crowded,False,,
rimluliprazole,True,grammar,2,58.05,59.28,moderate,-4.28,10.72,luliconazole,0.7007,5,,SIMILARITY_MODERATE,,rimluliprazole,0.0,0.771,0.869,1.0,1.0,0.527,0.026,proton pump inhibitor,generic,-prazole,crowded,False,,
heiprazole,False,grammar,2,65.68,68.35,moderate,-13.35,1.65,letrozole,0.6656,3,INTRA_STEM_TOO_CLOSE|TRADEMARK_HIT,SIMILARITY_MODERATE,,heiprazole,0.0,1.0,0.854,1.0,1.0,0.873,0.0,proton pump inhibitor,generic,-prazole,crowded,False,,
ikaprazole,False,grammar,2,67.29,63.05,moderate,-8.05,6.95,omperazole,0.6643,4,TRADEMARK_HIT,SIMILARITY_MODERATE,,ikaprazole,0.0,1.0,0.879,1.0,1.0,0.998,0.0,proton pump inhibitor,generic,-prazole,crowded,False,,
opocaprazole,True,grammar,2,58.43,64.55,moderate,-9.55,5.45,monocaprate,0.7985,5,,SIMILARITY_MODERATE,,opocaprazole,0.0,0.68,0.894,1.0,1.0,0.731,0.001,proton pump inhibitor,generic,-prazole,crowded,False,,
turmiprazole,False,grammar,2,59.18,63.97,moderate,-8.97,6.03,tenonitrozole,0.7519,4,INTRA_STEM_TOO_CLOSE|TRADEMARK_HIT,SIMILARITY_MODERATE,,turmiprazole,0.0,0.68,0.854,1.0,1.0,0.862,0.0,proton pump inhibitor,generic,-prazole,crowded,False,,
rezuprazole,False,grammar,2,58.84,62.72,moderate,-7.72,7.28,rezipres,0.6838,4,INTRA_STEM_TOO_CLOSE|TRADEMARK_HIT,SIMILARITY_MODERATE,,rezuprazole,0.0,0.6,0.879,1.0,1.0,0.952,0.001,proton pump inhibitor,generic,-prazole,crowded,False,,
dutiprazole,False,grammar,2,66.83,64.1,moderate,-9.1,5.9,piprozoline,0.7106,4,TRADEMARK_HIT,SIMILARITY_MODERATE,,dutiprazole,0.0,1.0,0.879,1.0,1.0,0.952,0.0,proton pump inhibitor,generic,-prazole,crowded,False,,
rivoprazole,False,grammar,2,67.13,66.47,moderate,-11.47,3.53,nimorazole,0.7298,4,INTRA_STEM_TOO_CLOSE|TRADEMARK_HIT,SIMILARITY_MODERATE,,rivoprazole,0.0,1.0,0.879,1.0,1.0,0.952,0.043,proton pump inhibitor,generic,-prazole,crowded,False,,
bacoaprazole,False,grammar,2,58.43,61.06,moderate,-6.06,8.94,bisoctrizole,0.7012,5,TRADEMARK_HIT,SIMILARITY_MODERATE,,bacoaprazole,0.0,0.68,0.894,1.0,1.0,0.731,0.0,proton pump inhibitor,generic,-prazole,crowded,False,,
olcecaprazole,True,grammar,2,58.09,57.1,moderate,-2.1,12.9,letrozole,0.7432,5,,SIMILARITY_MODERATE,,olcecaprazole,0.0,0.733,0.869,1.0,1.0,0.624,0.001,proton pump inhibitor,generic,-prazole,crowded,False,,
akiprazole,False,grammar,2,67.29,67.0,moderate,-12.0,3.0,piprozoline,0.6692,4,TRADEMARK_HIT,SIMILARITY_MODERATE,,akiprazole,0.0,1.0,0.879,1.0,1.0,0.998,0.0,proton pump inhibitor,generic,-prazole,crowded,False,,
unraprazole,False,grammar,2,66.48,63.64,moderate,-8.64,6.36,anastrozole,0.6786,4,TRADEMARK_HIT,SIMILARITY_MODERATE,,unraprazole,0.0,1.0,0.854,1.0,1.0,0.952,0.0,proton pump inhibitor,generic,-prazole,crowded,False,,
diteveprazole,True,grammar,2,58.51,60.7,moderate,-5.7,9.3,dimetridazole,0.7144,5,,SIMILARITY_MODERATE,,diteveprazole,0.0,0.733,0.894,1.0,1.0,0.624,0.012,proton pump inhibitor,generic,-prazole,crowded,False,,
gontiprazole,False,grammar,2,59.21,64.4,moderate,-9.4,5.6,omperazole,0.7589,4,INTRA_STEM_TOO_CLOSE|TRADEMARK_HIT,SIMILARITY_MODERATE,,gontiprazole,0.0,0.68,0.854,1.0,1.0,0.862,0.004,proton pump inhibitor,generic,-prazole,crowded,False,,
ciepaprazole,False,grammar,2,65.95,62.96,moderate,-7.96,7.04,atipamezole,0.7103,4,TRADEMARK_HIT,SIMILARITY_MODERATE,,ciepaprazole,0.0,1.0,0.879,1.0,1.0,0.862,0.003,proton pump inhibitor,generic,-prazole,crowded,False,,
tesroprazole,False,grammar,2,59.33,64.61,moderate,-9.61,5.39,benzotriazole,0.782,4,TRADEMARK_HIT,SIMILARITY_MODERATE,,tesroprazole,0.0,0.68,0.854,1.0,1.0,0.862,0.021,proton pump inhibitor,generic,-prazole,crowded,False,,
mediprazole,False,grammar,2,58.85,72.27,high,-17.27,-2.27,metipranolol,0.9207,4,SIMILARITY_TOO_HIGH|INTRA_STEM_TOO_CLOSE|TRADEMARK_HIT,,,mediprazole,0.0,0.6,0.879,1.0,1.0,0.952,0.003,proton pump inhibitor,generic,-prazole,crowded,False,,
etleprazole,False,grammar,2,58.49,72.49,high,-17.49,-2.49,letrozole,0.786,4,SIMILARITY_TOO_HIGH|TRADEMARK_HIT,,,etleprazole,0.0,0.6,0.854,1.0,1.0,0.952,0.001,proton pump inhibitor,generic,-prazole,crowded,False,,
ileprazole,False,grammar,2,67.29,78.95,high,-23.95,-8.95,letrozole,0.7441,4,SIMILARITY_TOO_HIGH|INTRA_STEM_TOO_CLOSE|TRADEMARK_HIT,,,ileprazole,0.0,1.0,0.879,1.0,1.0,0.998,0.0,proton pump inhibitor,generic,-prazole,crowded,False,,
odaprazole,False,grammar,2,67.29,68.85,moderate,-13.85,1.15,omperazole,0.7856,4,INTRA_STEM_TOO_CLOSE|TRADEMARK_HIT,SIMILARITY_MODERATE,,odaprazole,0.0,1.0,0.879,1.0,1.0,0.998,0.001,proton pump inhibitor,generic,-prazole,crowded,False,,
zosiprazole,False,grammar,2,58.83,65.74,moderate,-10.74,4.26,virazole,0.7489,4,INTRA_STEM_TOO_CLOSE|TRADEMARK_HIT,SIMILARITY_MODERATE,,zosiprazole,0.0,0.6,0.879,1.0,1.0,0.952,0.0,proton pump inhibitor,generic,-prazole,crowded,False,,
eboprazole,False,grammar,2,67.29,66.24,moderate,-11.24,3.76,omperazole,0.7878,4,INTRA_STEM_TOO_CLOSE|TRADEMARK_HIT,SIMILARITY_MODERATE,,eboprazole,0.0,1.0,0.879,1.0,1.0,0.998,0.0,proton pump inhibitor,generic,-prazole,crowded,False,,
totoprazole,False,grammar,2,66.84,64.18,moderate,-9.18,5.82,tioconazole,0.8224,4,INTRA_STEM_TOO_CLOSE|TRADEMARK_HIT,SIMILARITY_MODERATE,,totoprazole,0.0,1.0,0.879,1.0,1.0,0.952,0.001,proton pump inhibitor,generic,-prazole,crowded,False,,
phenprazole,False,ngram_guided,2,57.53,65.12,moderate,-10.12,4.88,feprazone,0.9049,3,INTRA_STEM_TOO_CLOSE|TRADEMARK_HIT,SIMILARITY_MODERATE,,phenprazole,0.0,0.6,0.742,1.0,1.0,0.828,0.265,proton pump inhibitor,generic,-prazole,crowded,False,,
butprazole,False,ngram_guided,2,68.42,65.99,moderate,-10.99,4.01,letrozole,0.6995,3,INTRA_STEM_TOO_CLOSE|TRADEMARK_HIT,SIMILARITY_MODERATE,,butprazole,0.0,1.0,0.742,1.0,1.0,0.873,0.614,proton pump inhibitor,generic,-prazole,crowded,False,,
ofaprazole,False,ngram_guided,2,67.33,69.61,moderate,-14.61,0.39,feprazone,0.768,4,INTRA_STEM_TOO_CLOSE|TRADEMARK_HIT,SIMILARITY_MODERATE,,ofaprazole,0.0,1.0,0.879,1.0,1.0,0.998,0.006,proton pump inhibitor,generic,-prazole,crowded,False,,
typheprazole,False,ngram_guided,2,59.02,64.56,moderate,-9.56,5.44,feprazone,0.8326,4,TRADEMARK_HIT,SIMILARITY_MODERATE,,typheprazole,0.0,0.68,0.768,1.0,1.0,0.862,0.15,proton pump inhibitor,generic,-prazole,crowded,False,,
pheprazole,False,ngram_guided,2,72.28,74.76,high,-19.76,-4.76,feprazone,0.922,3,SIMILARITY_TOO_HIGH|INTRA_STEM_TOO_CLOSE|TRADEMARK_HIT,,,pheprazole,0.0,1.0,0.829,1.0,1.0,0.873,0.991,proton pump inhibitor,generic,-prazole,crowded,False,,
ziftomprazole,True,ngram_guided,2,50.61,65.36,moderate,-10.36,4.64,omperazole,0.6512,4,,SIMILARITY_MODERATE,,ziftomprazole,0.0,0.3,0.768,1.0,1.0,0.755,0.187,proton pump inhibitor,generic,-prazole,crowded,False,,
capmaprazole,False,ngram_guided,2,60.68,61.3,moderate,-6.3,8.7,omperazole,0.7728,4,TRADEMARK_HIT,SIMILARITY_MODERATE,,capmaprazole,0.0,0.45,0.854,1.0,1.0,0.862,0.872,proton pump inhibitor,generic,-prazole,crowded,False,,
treoprazole,False,ngram_guided,2,59.9,67.36,moderate,-12.36,2.64,propranolol,0.8843,4,TRADEMARK_HIT,SIMILARITY_MODERATE,,treoprazole,0.0,0.6,0.733,1.0,1.0,0.952,0.445,proton pump inhibitor,generic,-prazole,crowded,False,,
sacrivaprazole,False,ngram_guided,2,52.72,59.2,moderate,-4.2,10.8,crisaborole,0.8254,5,TRADEMARK_HIT,SIMILARITY_MODERATE,,sacrivaprazole,0.0,0.357,0.763,1.0,1.0,0.527,0.659,proton pump inhibitor,generic,-prazole,crowded,False,,
tyrotateprazole,True,ngram_guided,2,47.15,61.94,moderate,-6.94,8.06,pentylenetetrazole,0.8252,6,,SIMILARITY_MODERATE,,tyrotateprazole,0.0,0.4,0.793,1.0,1.0,0.237,0.097,proton pump inhibitor,generic,-prazole,crowded,False,,
sumprazole,False,ngram_guided,2,66.1,74.19,high,-19.19,-4.19,omperazole,0.7593,3,SIMILARITY_TOO_HIGH|INTRA_STEM_TOO_CLOSE|TRADEMARK_HIT,,,sumprazole,0.0,1.0,0.742,1.0,1.0,0.873,0.282,proton pump inhibitor,generic,-prazole,crowded,False,,
zideprazole,False,ngram_guided,2,62.97,64.93,moderate,-9.93,5.07,nimorazole,0.8057,4,INTRA_STEM_TOO_CLOSE|TRADEMARK_HIT,SIMILARITY_MODERATE,,zideprazole,0.0,0.6,0.879,1.0,1.0,0.952,0.591,proton pump inhibitor,generic,-prazole,crowded,False,,
osideprazole,False,ngram_guided,2,59.15,63.73,moderate,-8.73,6.27,oxibendazole,0.7989,5,INTRA_STEM_TOO_CLOSE|TRADEMARK_HIT,SIMILARITY_MODERATE,,osideprazole,0.0,0.45,0.894,1.0,1.0,0.731,0.76,proton pump inhibitor,generic,-prazole,crowded,False,,
aduprazole,False,ngram_guided,2,67.42,66.61,moderate,-11.61,3.39,omperazole,0.7631,4,INTRA_STEM_TOO_CLOSE|TRADEMARK_HIT,SIMILARITY_MODERATE,,aduprazole,0.0,1.0,0.879,1.0,1.0,0.998,0.019,proton pump inhibitor,generic,-prazole,crowded,False,,
nuclotilprazole,True,ngram_guided,2,52.7,61.24,moderate,-6.24,8.76,nucleotidase,0.7137,5,,SIMILARITY_MODERATE,,nuclotilprazole,0.0,0.6,0.677,1.0,1.0,0.456,0.238,proton pump inhibitor,generic,-prazole,crowded,False,,
ambenprazole,False,ngram_guided,2,56.35,77.16,high,-22.16,-7.16,cambendazole,0.8598,4,SIMILARITY_TOO_HIGH|INTRA_STEM_TOO_CLOSE|TRADEMARK_HIT,,,ambenprazole,0.0,0.45,0.768,1.0,1.0,0.862,0.427,proton pump inhibitor,generic,-prazole,crowded,False,,
pegfliprazole,True,ngram_guided,2,52.34,61.54,moderate,-6.54,8.46,penfluridol,0.7631,4,,SIMILARITY_MODERATE,,pegfliprazole,0.0,0.3,0.647,1.0,1.0,0.755,0.676,proton pump inhibitor,generic,-prazole,crowded,False,,
lulprazole,False,ngram_guided,2,64.38,71.35,high,-16.35,-1.35,alprazolam,0.8228,3,SIMILARITY_TOO_HIGH|TRADEMARK_HIT,,,lulprazole,0.0,1.0,0.742,1.0,1.0,0.873,0.036,proton pump inhibitor,generic,-prazole,crowded,False,,
fingoliprazole,True,ngram_guided,2,51.08,62.67,moderate,-7.67,7.33,fingolimod,0.8431,5,,SIMILARITY_MODERATE,,fingoliprazole,0.0,0.15,0.869,1.0,1.0,0.527,0.805,proton pump inhibitor,generic,-prazole,crowded,False,,
sibuprazole,False,ngram_guided,2,62.65,64.61,moderate,-9.61,5.39,bupranolol,0.8273,4,TRADEMARK_HIT,SIMILARITY_MODERATE,,sibuprazole,0.0,0.6,0.879,1.0,1.0,0.952,0.545,proton pump inhibitor,generic,-prazole,crowded,False,,
remaprazole,False,ngram_guided,2,62.0,68.18,moderate,-13.18,1.82,drometrizole,0.8257,4,INTRA_STEM_TOO_CLOSE|TRADEMARK_HIT,SIMILARITY_MODERATE,,remaprazole,0.0,0.6,0.879,1.0,1.0,0.952,0.452,proton pump inhibitor,generic,-prazole,crowded,False,,
acyclofprazole,True,ngram_guided,2,43.91,60.52,moderate,-5.52,9.48,cycloastragenol,0.8322,5,,SIMILARITY_MODERATE,,acyclofprazole,0.0,0.357,0.566,1.0,0.53,0.527,0.871,proton pump inhibitor,generic,-prazole,crowded,False,,
budesiprazole,True,ngram_guided,2,57.51,60.73,moderate,-5.73,9.27,desipramine,0.7766,5,,SIMILARITY_MODERATE,,budesiprazole,0.0,0.517,0.894,1.0,1.0,0.624,0.488,proton pump inhibitor,generic,-prazole,crowded,False,,
autoxyprazole,True,ngram_guided,2,55.0,60.57,moderate,-5.57,9.43,epoxypropyl,0.8454,5,,SIMILARITY_MODERATE,,autoxyprazole,0.0,0.517,0.783,1.0,1.0,0.624,0.353,proton pump inhibitor,generic,-prazole,crowded,False,,
phiprazole,False,ngram_guided+refined,2,65.34,71.82,high,-16.82,-1.82,virazole,0.888,3,SIMILARITY_TOO_HIGH|TRADEMARK_HIT,,pheprazole,pheprazole -> phiprazole,0.0,1.0,0.829,1.0,1.0,0.873,0.0,proton pump inhibitor,generic,-prazole,crowded,False,,
phaprazole,False,ngram_guided+refined,2,65.34,67.44,moderate,-12.44,2.56,vaprisol,0.8985,3,TRADEMARK_HIT,SIMILARITY_MODERATE,pheprazole,pheprazole -> phiprazole -> phaprazole,0.0,1.0,0.829,1.0,1.0,0.873,0.0,proton pump inhibitor,generic,-prazole,crowded,False,,
plaprazole,False,ngram_guided+refined,2,63.3,69.42,moderate,-14.42,0.58,letrozole,0.9069,3,TRADEMARK_HIT,SIMILARITY_MODERATE,pheprazole,pheprazole -> phiprazole -> phaprazole -> plaprazole,0.0,1.0,0.683,1.0,1.0,0.873,0.001,proton pump inhibitor,generic,-prazole,crowded,False,,
bitprazole,False,ngram_guided+refined,2,64.15,66.47,moderate,-11.47,3.53,nimorazole,0.6463,3,INTRA_STEM_TOO_CLOSE|TRADEMARK_HIT,SIMILARITY_MODERATE,butprazole,butprazole -> bitprazole,0.0,1.0,0.742,1.0,1.0,0.873,0.003,proton pump inhibitor,generic,-prazole,crowded,False,,
botprazole,False,ngram_guided+refined,2,64.12,70.56,high,-15.56,-0.56,omperazole,0.6405,3,SIMILARITY_TOO_HIGH|INTRA_STEM_TOO_CLOSE|TRADEMARK_HIT,,butprazole,butprazole -> bitprazole -> botprazole,0.0,1.0,0.742,1.0,1.0,0.873,0.0,proton pump inhibitor,generic,-prazole,crowded,False,,
bopprazole,False,ngram_guided+refined,2,61.88,71.27,high,-16.27,-1.27,omperazole,0.646,3,SIMILARITY_TOO_HIGH|INTRA_STEM_TOO_CLOSE|TRADEMARK_HIT,,butprazole,butprazole -> bitprazole -> botprazole -> bopprazole,0.0,1.0,0.742,0.75,1.0,0.873,0.001,proton pump inhibitor,generic,-prazole,crowded,False,,
aluprazole,False,ngram_guided+refined,2,67.29,76.05,high,-21.05,-6.05,alprazolam,0.8771,4,SIMILARITY_TOO_HIGH|TRADEMARK_HIT,,aduprazole,aduprazole -> aluprazole,0.0,1.0,0.879,1.0,1.0,0.998,0.0,proton pump inhibitor,generic,-prazole,crowded,False,,
acuprazole,False,ngram_guided+refined,2,67.29,64.24,moderate,-9.24,5.76,alprazolam,0.8582,4,TRADEMARK_HIT,SIMILARITY_MODERATE,aduprazole,aduprazole -> aluprazole -> acuprazole,0.0,1.0,0.879,1.0,1.0,0.998,0.0,proton pump inhibitor,generic,-prazole,crowded,False,,
ajuprazole,False,ngram_guided+refined,2,67.29,66.42,moderate,-11.42,3.58,alprazolam,0.845,4,TRADEMARK_HIT,SIMILARITY_MODERATE,aduprazole,aduprazole -> aluprazole -> acuprazole -> ajuprazole,0.0,1.0,0.879,1.0,1.0,0.998,0.0,proton pump inhibitor,generic,-prazole,crowded,False,,
owaprazole,False,ngram_guided+refined,2,67.29,69.52,moderate,-14.52,0.48,omperazole,0.6202,4,INTRA_STEM_TOO_CLOSE|TRADEMARK_HIT,SIMILARITY_MODERATE,ofaprazole,ofaprazole -> owaprazole,0.0,1.0,0.879,1.0,1.0,0.998,0.0,proton pump inhibitor,generic,-prazole,crowded,False,,
osaprazole,False,ngram_guided+refined,2,67.31,67.36,moderate,-12.36,2.64,vaprisol,0.8568,4,INTRA_STEM_TOO_CLOSE|TRADEMARK_HIT,SIMILARITY_MODERATE,ofaprazole,ofaprazole -> owaprazole -> osaprazole,0.0,1.0,0.879,1.0,1.0,0.998,0.003,proton pump inhibitor,generic,-prazole,crowded,False,,
oyaprazole,False,ngram_guided+refined,2,67.29,69.81,moderate,-14.81,0.19,omperazole,0.6903,4,INTRA_STEM_TOO_CLOSE|TRADEMARK_HIT,SIMILARITY_MODERATE,ofaprazole,ofaprazole -> owaprazole -> osaprazole -> oyaprazole,0.0,1.0,0.879,1.0,1.0,0.998,0.0,proton pump inhibitor,generic,-prazole,crowded,False,,
ibaprazole,False,grammar+refined,2,69.88,66.24,moderate,-11.24,3.76,omperazole,0.7597,4,INTRA_STEM_TOO_CLOSE|TRADEMARK_HIT,SIMILARITY_MODERATE,ikaprazole,ikaprazole -> ibaprazole,0.0,1.0,0.879,1.0,1.0,0.998,0.37,proton pump inhibitor,generic,-prazole,crowded,False,,
isaprazole,False,grammar+refined,2,67.96,67.36,moderate,-12.36,2.64,vaprisol,0.8815,4,TRADEMARK_HIT,SIMILARITY_MODERATE,ikaprazole,ikaprazole -> ibaprazole -> isaprazole,0.0,1.0,0.879,1.0,1.0,0.998,0.096,proton pump inhibitor,generic,-prazole,crowded,False,,
itaprazole,False,grammar+refined,2,67.29,63.05,moderate,-8.05,6.95,omperazole,0.789,4,TRADEMARK_HIT,SIMILARITY_MODERATE,ikaprazole,ikaprazole -> ibaprazole -> isaprazole -> itaprazole,0.0,1.0,0.879,1.0,1.0,0.998,0.0,proton pump inhibitor,generic,-prazole,crowded,False,,
axiprazole,False,grammar+refined,2,68.09,66.8,moderate,-11.8,3.2,virazole,0.7838,4,TRADEMARK_HIT,SIMILARITY_MODERATE,akiprazole,akiprazole -> axiprazole,0.0,1.0,0.879,1.0,1.0,0.998,0.114,proton pump inhibitor,generic,-prazole,crowded,False,,
awiprazole,False,grammar+refined,2,67.29,67.28,moderate,-12.28,2.72,virazole,0.6064,4,INTRA_STEM_TOO_CLOSE|TRADEMARK_HIT,SIMILARITY_MODERATE,akiprazole,akiprazole -> axiprazole -> awiprazole,0.0,1.0,0.879,1.0,1.0,0.998,0.0,proton pump inhibitor,generic,-prazole,crowded,False,,
ajiprazole,False,grammar+refined,2,67.29,69.76,moderate,-14.76,0.24,virazole,0.6532,4,INTRA_STEM_TOO_CLOSE|TRADEMARK_HIT,SIMILARITY_MODERATE,akiprazole,akiprazole -> axiprazole -> awiprazole -> ajiprazole,0.0,1.0,0.879,1.0,1.0,0.998,0.0,proton pump inhibitor,generic,-prazole,crowded,False,,
aleprazole,False,grammar+refined,2,72.03,78.95,high,-23.95,-8.95,letrozole,0.867,4,SIMILARITY_TOO_HIGH|INTRA_STEM_TOO_CLOSE|TRADEMARK_HIT,,ileprazole,ileprazole -> aleprazole,0.0,1.0,0.879,1.0,1.0,0.998,0.678,proton pump inhibitor,generic,-prazole,crowded,False,,
aloprazole,False,grammar+refined,2,74.0,76.05,high,-21.05,-6.05,alprazolam,0.9066,4,SIMILARITY_TOO_HIGH|TRADEMARK_HIT,,ileprazole,ileprazole -> aleprazole -> aloprazole,0.0,1.0,0.879,1.0,1.0,0.998,0.959,proton pump inhibitor,generic,-prazole,crowded,False,,
alaprazole,False,grammar+refined,2,71.39,76.05,high,-21.05,-6.05,alprazolam,0.8918,4,SIMILARITY_TOO_HIGH|TRADEMARK_HIT,,ileprazole,ileprazole -> aleprazole -> aloprazole -> alaprazole,0.0,1.0,0.879,1.0,1.0,0.998,0.586,proton pump inhibitor,generic,-prazole,crowded,False,,
olaprazole,False,grammar+refined,2,71.25,71.71,high,-16.71,-1.71,elaprase,0.8466,4,SIMILARITY_TOO_HIGH|INTRA_STEM_TOO_CLOSE|TRADEMARK_HIT,,odaprazole,odaprazole -> olaprazole,0.0,1.0,0.879,1.0,1.0,0.998,0.566,proton pump inhibitor,generic,-prazole,crowded,False,,
oleprazole,False,grammar+refined,2,71.11,78.95,high,-23.95,-8.95,letrozole,0.8389,4,SIMILARITY_TOO_HIGH|INTRA_STEM_TOO_CLOSE|TRADEMARK_HIT,,odaprazole,odaprazole -> olaprazole -> oleprazole,0.0,1.0,0.879,1.0,1.0,0.998,0.546,proton pump inhibitor,generic,-prazole,crowded,False,,
uleprazole,False,grammar+refined,2,67.29,78.95,high,-23.95,-8.95,letrozole,0.7605,4,SIMILARITY_TOO_HIGH|INTRA_STEM_TOO_CLOSE|TRADEMARK_HIT,,odaprazole,odaprazole -> olaprazole -> oleprazole -> uleprazole,0.0,1.0,0.879,1.0,1.0,0.998,0.0,proton pump inhibitor,generic,-prazole,crowded,False,,
meeneprazole,False,grammar,3,59.53,65.19,moderate,-10.19,4.81,mebendazole,0.6659,4,INTRA_STEM_TOO_CLOSE|TRADEMARK_HIT,SIMILARITY_MODERATE,,meeneprazole,0.0,0.68,0.879,1.0,1.0,0.862,0.001,proton pump inhibitor,generic,-prazole,crowded,False,,
belviviprazole,True,grammar,3,58.52,63.38,moderate,-8.38,6.62,benzimidazole,0.755,5,,SIMILARITY_MODERATE,,belviviprazole,0.0,0.771,0.869,1.0,1.0,0.527,0.092,proton pump inhibitor,generic,-prazole,crowded,False,,
iftaprazole,True,grammar,3,58.48,63.0,moderate,-8.0,7.0,feprazone,0.6815,4,,SIMILARITY_MODERATE,,iftaprazole,0.0,0.6,0.854,1.0,1.0,0.952,0.0,proton pump inhibitor,generic,-prazole,crowded,False,,
mataprazole,False,grammar,3,58.85,68.03,moderate,-13.03,1.97,anastrozole,0.8968,4,INTRA_STEM_TOO_CLOSE|TRADEMARK_HIT,SIMILARITY_MODERATE,,mataprazole,0.0,0.6,0.879,1.0,1.0,0.952,0.003,proton pump inhibitor,generic,-prazole,crowded,False,,
idaprazole,False,grammar,3,68.65,65.16,moderate,-10.16,4.84,vaprisol,0.8089,4,INTRA_STEM_TOO_CLOSE|TRADEMARK_HIT,SIMILARITY_MODERATE,,idaprazole,0.0,1.0,0.879,1.0,1.0,0.998,0.195,proton pump inhibitor,generic,-prazole,crowded,False,,
icaprazole,False,grammar,3,67.29,67.93,moderate,-12.93,2.07,dicaprate,0.8802,4,TRADEMARK_HIT,SIMILARITY_MODERATE,,icaprazole,0.0,1.0,0.879,1.0,1.0,0.998,0.0,proton pump inhibitor,generic,-prazole,crowded,False,,
efiprazole,False,grammar,3,67.43,70.48,high,-15.48,-0.48,virazole,0.7593,4,SIMILARITY_TOO_HIGH|TRADEMARK_HIT,,,efiprazole,0.0,1.0,0.879,1.0,1.0,0.998,0.02,proton pump inhibitor,generic,-prazole,crowded,False,,
nadaprazole,False,grammar,3,59.49,67.29,moderate,-12.29,2.71,anastrozole,0.8363,4,INTRA_STEM_TOO_CLOSE|TRADEMARK_HIT,SIMILARITY_MODERATE,,nadaprazole,0.0,0.6,0.879,1.0,1.0,0.952,0.094,proton pump inhibitor,generic,-prazole,crowded,False,,
bomiprazole,False,grammar,3,66.84,69.84,moderate,-14.84,0.16,omperazole,0.7715,4,INTRA_STEM_TOO_CLOSE|TRADEMARK_HIT,SIMILARITY_MODERATE,,bomiprazole,0.0,1.0,0.879,1.0,1.0,0.952,0.001,proton pump inhibitor,generic,-prazole,crowded,False,,
atoprazole,False,grammar,3,72.82,64.49,moderate,-9.49,5.51,omperazole,0.8315,4,INTRA_STEM_TOO_CLOSE|TRADEMARK_HIT,SIMILARITY_MODERATE,,atoprazole,0.0,1.0,0.879,1.0,1.0,0.998,0.79,proton pump inhibitor,generic,-prazole,crowded,False,,
nogiprazole,False,grammar,3,66.84,69.76,moderate,-14.76,0.24,tenonitrozole,0.7151,4,INTRA_STEM_TOO_CLOSE|TRADEMARK_HIT,SIMILARITY_MODERATE,,nogiprazole,0.0,1.0,0.879,1.0,1.0,0.952,0.001,proton pump inhibitor,generic,-prazole,crowded,False,,
triraprazole,False,grammar,3,66.6,65.97,moderate,-10.97,4.03,tricaprate,0.7303,4,TRADEMARK_HIT,SIMILARITY_MODERATE,,triraprazole,0.0,1.0,0.733,1.0,1.0,0.862,0.388,proton pump inhibitor,generic,-prazole,crowded,False,,
ratraprazole,False,grammar,3,57.95,61.21,moderate,-6.21,8.79,itraconazole,0.8646,4,INTRA_STEM_TOO_CLOSE|TRADEMARK_HIT,SIMILARITY_MODERATE,,ratraprazole,0.0,0.68,0.733,1.0,1.0,0.862,0.066,proton pump inhibitor,generic,-prazole,crowded,False,,
tixeloprazole,True,grammar,3,58.45,56.52,moderate,-1.52,13.48,letrozole,0.749,5,,SIMILARITY_MODERATE,,tixeloprazole,0.0,0.733,0.894,1.0,1.0,0.624,0.003,proton pump inhibitor,generic,-prazole,crowded,False,,
ciluprazole,True,grammar,3,68.6,65.8,moderate,-10.8,4.2,flutrimazole,0.838,4,,SIMILARITY_MODERATE,,ciluprazole,0.0,1.0,0.879,1.0,1.0,0.952,0.254,proton pump inhibitor,generic,-prazole,crowded,True,,
pemekiprazole,False,grammar,3,61.16,66.18,moderate,-11.18,3.82,tenonitrozole,0.6686,5,TRADEMARK_HIT,SIMILARITY_MODERATE,,pemekiprazole,0.0,0.733,0.894,1.0,1.0,0.624,0.391,proton pump inhibitor,generic,-prazole,crowded,False,,
isitroprazole,True,grammar,3,56.6,66.76,moderate,-11.76,3.24,nitrofurazone,0.9001,5,,SIMILARITY_MODERATE,,isitroprazole,0.0,0.733,0.763,1.0,1.0,0.624,0.001,proton pump inhibitor,generic,-prazole,crowded,False,,
zoeteoprazole,False,grammar,3,61.72,61.14,moderate,-6.14,8.86,metoprolol,0.66,6,TRADEMARK_HIT,SIMILARITY_MODERATE,,zoeteoprazole,0.0,1.0,0.904,1.0,1.0,0.406,0.0,proton pump inhibitor,generic,-prazole,crowded,False,,
oviprazole,False,grammar,3,67.29,76.75,high,-21.75,-6.75,virazole,0.8151,4,SIMILARITY_TOO_HIGH|INTRA_STEM_TOO_CLOSE|TRADEMARK_HIT,,,oviprazole,0.0,1.0,0.879,1.0,1.0,0.998,0.001,proton pump inhibitor,generic,-prazole,crowded,False,,
raxeprazole,False,grammar,3,58.84,64.25,moderate,-9.25,5.75,feprazone,0.7577,4,INTRA_STEM_TOO_CLOSE|TRADEMARK_HIT,SIMILARITY_MODERATE,,raxeprazole,0.0,0.6,0.879,1.0,1.0,0.952,0.001,proton pump inhibitor,generic,-prazole,crowded,False,,
lexobuprazole,False,grammar,3,58.42,61.96,moderate,-6.96,8.04,elixircurozole,0.8003,5,TRADEMARK_HIT,SIMILARITY_MODERATE,,lexobuprazole,0.0,0.733,0.894,1.0,1.0,0.624,0.0,proton pump inhibitor,generic,-prazole,crowded,False,,
pegosaprazole,False,grammar,3,58.68,63.76,moderate,-8.76,6.24,tenonitrozole,0.8875,5,TRADEMARK_HIT,SIMILARITY_MODERATE,,pegosaprazole,0.0,0.733,0.894,1.0,1.0,0.624,0.036,proton pump inhibitor,generic,-prazole,crowded,False,,
cuvoprazole,True,grammar,3,66.83,61.73,moderate,-6.73,8.27,virazole,0.6498,4,,SIMILARITY_MODERATE,,cuvoprazole,0.0,1.0,0.879,1.0,1.0,0.952,0.0,proton pump inhibitor,generic,-prazole,crowded,True,,
dufteprazole,False,grammar,3,65.58,65.0,moderate,-10.0,5.0,defendazole,0.6264,4,TRADEMARK_HIT,SIMILARITY_MODERATE,,dufteprazole,0.0,1.0,0.854,1.0,1.0,0.862,0.0,proton pump inhibitor,generic,-prazole,crowded,False,,
ruciprazole,False,ngram_guided,3,59.06,63.55,moderate,-8.55,6.45,virazole,0.8104,4,TRADEMARK_HIT,SIMILARITY_MODERATE,,ruciprazole,0.0,0.6,0.879,1.0,1.0,0.952,0.033,proton pump inhibitor,generic,-prazole,crowded,False,,
milsaprazole,False,ngram_guided,3,58.56,71.01,high,-16.01,-1.01,milsaperidone,0.7949,4,SIMILARITY_TOO_HIGH,,,milsaprazole,0.0,0.45,0.854,1.0,1.0,0.862,0.569,proton pump inhibitor,generic,-prazole,crowded,False,,
cituprazole,False,ngram_guided,3,64.46,60.92,moderate,-5.92,9.08,nimorazole,0.7686,4,TRADEMARK_HIT,SIMILARITY_MODERATE,,cituprazole,0.0,0.6,0.879,1.0,1.0,0.952,0.804,proton pump inhibitor,generic,-prazole,crowded,False,,
bacprazole,False,ngram_guided,3,65.16,66.39,moderate,-11.39,3.61,bisoctrizole,0.6408,3,INTRA_STEM_TOO_CLOSE|TRADEMARK_HIT,SIMILARITY_MODERATE,,bacprazole,0.0,1.0,0.742,1.0,1.0,0.873,0.148,proton pump inhibitor,generic,-prazole,crowded,False,,
ponprazole,False,ngram_guided,3,69.9,74.64,high,-19.64,-4.64,omperazole,0.7822,3,SIMILARITY_TOO_HIGH|INTRA_STEM_TOO_CLOSE|TRADEMARK_HIT,,,ponprazole,0.0,1.0,0.742,1.0,1.0,0.873,0.826,proton pump inhibitor,generic,-prazole,crowded,False,,
dofatumprazole,True,ngram_guided,3,54.37,58.68,moderate,-3.68,11.32,omperazole,0.7153,5,,SIMILARITY_MODERATE,,dofatumprazole,0.0,0.357,0.783,1.0,1.0,0.527,0.857,proton pump inhibitor,generic,-prazole,crowded,False,,
cyclofprazole,True,ngram_guided,3,43.15,62.89,moderate,-7.89,7.11,cycloastragenol,0.874,4,,SIMILARITY_MODERATE,,cyclofprazole,0.0,0.3,0.535,1.0,0.53,0.755,0.661,proton pump inhibitor,generic,-prazole,crowded,False,,
brikiprazole,False,ngram_guided,3,59.12,64.22,moderate,-9.22,5.78,aripiprazole,0.6704,4,TRADEMARK_HIT,SIMILARITY_MODERATE,,brikiprazole,0.0,0.45,0.733,1.0,1.0,0.862,0.891,proton pump inhibitor,generic,-prazole,crowded,False,,
luniprazole,False,ngram_guided,3,59.29,68.56,moderate,-13.56,1.44,nimorazole,0.7749,4,TRADEMARK_HIT,SIMILARITY_MODERATE,,luniprazole,0.0,0.6,0.879,1.0,1.0,0.952,0.066,proton pump inhibitor,generic,-prazole,crowded,False,,
tadaducaprazole,True,ngram_guided,3,56.25,55.12,moderate,-0.12,14.88,isavuconazole,0.7513,6,,SIMILARITY_MODERATE,,tadaducaprazole,0.0,0.6,0.904,1.0,1.0,0.237,0.602,proton pump inhibitor,generic,-prazole,crowded,False,,
osidprazole,False,ngram_guided,3,60.74,65.13,moderate,-10.13,4.87,omperazole,0.7048,4,TRADEMARK_HIT,SIMILARITY_MODERATE,,osidprazole,0.0,0.6,0.768,1.0,1.0,0.952,0.496,proton pump inhibitor,generic,-prazole,crowded,False,,
spirtaprazole,False,ngram_guided,3,62.02,63.15,moderate,-8.15,6.85,sertaconazole,0.8456,4,TRADEMARK_HIT,SIMILARITY_MODERATE,,spirtaprazole,0.0,0.733,0.709,1.0,1.0,0.755,0.697,proton pump inhibitor,generic,-prazole,crowded,False,,
bupivoprazole,True,ngram_guided,3,61.05,61.53,moderate,-6.53,8.47,benzotriazole,0.7764,5,,SIMILARITY_MODERATE,,bupivoprazole,0.0,0.517,0.894,1.0,1.0,0.624,0.994,proton pump inhibitor,generic,-prazole,crowded,True,,
idaxoprazole,False,ngram_guided,3,54.74,61.47,moderate,-6.47,8.53,benzotriazole,0.7065,5,INTRA_STEM_TOO_CLOSE|TRADEMARK_HIT,SIMILARITY_MODERATE,,idaxoprazole,0.0,0.45,0.894,1.0,1.0,0.731,0.131,proton pump inhibitor,generic,-prazole,crowded,False,,
lutprazole,False,ngram_guided,3,64.79,77.25,high,-22.25,-7.25,letrozole,0.6447,3,SIMILARITY_TOO_HIGH|TRADEMARK_HIT,,,lutprazole,0.0,1.0,0.742,1.0,1.0,0.873,0.095,proton pump inhibitor,generic,-prazole,crowded,False,,
inblprazole,True,ngram_guided,3,50.42,65.51,moderate,-10.51,4.49,alprazolam,0.4859,3,,SIMILARITY_MODERATE,,inblprazole,0.0,0.6,0.507,0.65,1.0,0.828,0.171,proton pump inhibitor,generic,-prazole,crowded,False,,
osiprazole,False,ngram_guided,3,67.42,71.9,high,-16.9,-1.9,virazole,0.7999,4,SIMILARITY_TOO_HIGH|INTRA_STEM_TOO_CLOSE|TRADEMARK_HIT,,,osiprazole,0.0,1.0,0.879,1.0,1.0,0.998,0.019,proton pump inhibitor,generic,-prazole,crowded,False,,
fruneveprazole,True,ngram_guided,3,46.07,62.42,moderate,-7.42,7.58,frunevetmab,0.6786,5,,SIMILARITY_MODERATE,,fruneveprazole,0.0,0.15,0.763,1.0,1.0,0.527,0.3,proton pump inhibitor,generic,-prazole,crowded,False,,
bulevobuprazole,True,ngram_guided,3,42.9,58.41,moderate,-3.41,11.59,levobunolol,0.8547,6,,SIMILARITY_MODERATE,,bulevobuprazole,0.0,0.4,0.904,1.0,0.53,0.237,0.341,proton pump inhibitor,generic,-prazole,crowded,False,,
ligaprazole,False,ngram_guided,3,61.36,61.34,moderate,-6.34,8.66,letrozole,0.8025,4,TRADEMARK_HIT,SIMILARITY_MODERATE,,ligaprazole,0.0,0.6,0.879,1.0,1.0,0.952,0.361,proton pump inhibitor,generic,-prazole,crowded,False,,
neuruxprazole,True,ngram_guided,3,60.52,54.13,low,0.87,15.87,neurospora,0.565,4,,,,neuruxprazole,0.035,0.517,0.7,1.0,1.0,0.755,0.999,proton pump inhibitor,generic,-prazole,crowded,True,,
ibruprazole,True,ngram_guided,3,57.89,61.51,moderate,-6.51,8.49,bupranolol,0.7535,4,,SIMILARITY_MODERATE,,ibruprazole,0.0,0.6,0.733,1.0,1.0,0.952,0.157,proton pump inhibitor,generic,-prazole,crowded,False,,
neoprazole,False,ngram_guided,3,72.44,68.8,moderate,-13.8,1.2,nimorazole,0.8005,4,INTRA_STEM_TOO_CLOSE|TRADEMARK_HIT,SIMILARITY_MODERATE,,neoprazole,0.0,1.0,0.879,1.0,1.0,0.998,0.736,proton pump inhibitor,generic,-prazole,crowded,False,,
vismutprazole,False,ngram_guided,3,54.99,65.47,moderate,-10.47,4.53,bisoctrizole,0.6232,4,TRADEMARK_HIT,SIMILARITY_MODERATE,,vismutprazole,0.0,0.517,0.647,1.0,1.0,0.755,0.436,proton pump inhibitor,generic,-prazole,crowded,False,,
ayoprazole,False,grammar+refined,3,67.29,66.57,moderate,-11.57,3.43,alprazolam,0.6256,4,INTRA_STEM_TOO_CLOSE|TRADEMARK_HIT,SIMILARITY_MODERATE,atoprazole,atoprazole -> ayoprazole,0.0,1.0,0.879,1.0,1.0,0.998,0.0,proton pump inhibitor,generic,-prazole,crowded,False,,
anoprazole,False,grammar+refined,3,67.46,68.74,moderate,-13.74,1.26,omperazole,0.9221,4,INTRA_STEM_TOO_CLOSE|TRADEMARK_HIT,SIMILARITY_MODERATE,atoprazole,atoprazole -> ayoprazole -> anoprazole,0.0,1.0,0.879,1.0,1.0,0.998,0.026,proton pump inhibitor,generic,-prazole,crowded,False,,
afoprazole,False,grammar+refined,3,67.29,69.66,moderate,-14.66,0.34,feprazone,0.7732,4,INTRA_STEM_TOO_CLOSE|TRADEMARK_HIT,SIMILARITY_MODERATE,atoprazole,atoprazole -> ayoprazole -> anoprazole -> afoprazole,0.0,1.0,0.879,1.0,1.0,0.998,0.0,proton pump inhibitor,generic,-prazole,crowded,False,,
nooprazole,False,ngram_guided+refined,3,65.68,72.15,high,-17.15,-2.15,omperazole,0.7103,3,SIMILARITY_TOO_HIGH|INTRA_STEM_TOO_CLOSE|TRADEMARK_HIT,,neoprazole,neoprazole -> nooprazole,0.0,1.0,0.854,1.0,1.0,0.873,0.0,proton pump inhibitor,generic,-prazole,crowded,False,,
nouprazole,False,ngram_guided+refined,3,65.68,72.15,high,-17.15,-2.15,omperazole,0.7846,3,SIMILARITY_TOO_HIGH|INTRA_STEM_TOO_CLOSE|TRADEMARK_HIT,,neoprazole,neoprazole -> nooprazole -> nouprazole,0.0,1.0,0.854,1.0,1.0,0.873,0.0,proton pump inhibitor,generic,-prazole,crowded,False,,
touprazole,False,ngram_guided+refined,3,65.68,67.97,moderate,-12.97,2.03,omperazole,0.7878,3,TRADEMARK_HIT,SIMILARITY_MODERATE,neoprazole,neoprazole -> nooprazole -> nouprazole -> touprazole,0.0,1.0,0.854,1.0,1.0,0.873,0.0,proton pump inhibitor,generic,-prazole,crowded,False,,
pogprazole,False,ngram_guided+refined,3,64.12,70.56,high,-15.56,-0.56,omperazole,0.6407,3,SIMILARITY_TOO_HIGH|TRADEMARK_HIT,,ponprazole,ponprazole -> pogprazole,0.0,1.0,0.742,1.0,1.0,0.873,0.0,proton pump inhibitor,generic,-prazole,crowded,False,,
pigprazole,False,ngram_guided+refined,3,65.29,68.96,moderate,-13.96,1.04,piprozoline,0.6337,3,TRADEMARK_HIT,SIMILARITY_MODERATE,ponprazole,ponprazole -> pogprazole -> pigprazole,0.0,1.0,0.742,1.0,1.0,0.873,0.167,proton pump inhibitor,generic,-prazole,crowded,False,,
pagprazole,False,ngram_guided+refined,3,64.12,65.19,moderate,-10.19,4.81,omperazole,0.6397,3,INTRA_STEM_TOO_CLOSE|TRADEMARK_HIT,SIMILARITY_MODERATE,ponprazole,ponprazole -> pogprazole -> pigprazole -> pagprazole,0.0,1.0,0.742,1.0,1.0,0.873,0.0,proton pump inhibitor,generic,-prazole,crowded,False,,
iraprazole,False,grammar+refined,3,67.33,63.05,moderate,-8.05,6.95,omperazole,0.8273,4,INTRA_STEM_TOO_CLOSE|TRADEMARK_HIT,SIMILARITY_MODERATE,idaprazole,idaprazole -> iraprazole,0.0,1.0,0.879,1.0,1.0,0.998,0.006,proton pump inhibitor,generic,-prazole,crowded,False,,
igaprazole,False,grammar+refined,3,67.29,63.51,moderate,-8.51,6.49,garasol,0.7195,4,TRADEMARK_HIT,SIMILARITY_MODERATE,idaprazole,idaprazole -> iraprazole -> igaprazole,0.0,1.0,0.879,1.0,1.0,0.998,0.0,proton pump inhibitor,generic,-prazole,crowded,False,,
ofiprazole,False,grammar+refined,3,67.29,71.03,high,-16.03,-1.03,opipramol,0.7631,4,SIMILARITY_TOO_HIGH|INTRA_STEM_TOO_CLOSE|TRADEMARK_HIT,,efiprazole,efiprazole -> ofiprazole,0.0,1.0,0.879,1.0,1.0,0.998,0.0,proton pump inhibitor,generic,-prazole,crowded,False,,
ofoprazole,False,grammar+refined,3,67.29,69.66,moderate,-14.66,0.34,feprazone,0.7902,4,INTRA_STEM_TOO_CLOSE|TRADEMARK_HIT,SIMILARITY_MODERATE,efiprazole,efiprazole -> ofiprazole -> ofoprazole,0.0,1.0,0.879,1.0,1.0,0.998,0.001,proton pump inhibitor,generic,-prazole,crowded,False,,
opoprazole,False,grammar+refined,3,67.29,68.85,moderate,-13.85,1.15,opipramol,0.7777,4,INTRA_STEM_TOO_CLOSE|TRADEMARK_HIT,SIMILARITY_MODERATE,efiprazole,efiprazole -> ofiprazole -> ofoprazole -> opoprazole,0.0,1.0,0.879,1.0,1.0,0.998,0.0,proton pump inhibitor,generic,-prazole,crowded,False,,
usiprazole,False,ngram_guided+refined,3,67.29,71.9,high,-16.9,-1.9,virazole,0.7005,4,SIMILARITY_TOO_HIGH|TRADEMARK_HIT,,osiprazole,osiprazole -> usiprazole,0.0,1.0,0.879,1.0,1.0,0.998,0.0,proton pump inhibitor,generic,-prazole,crowded,False,,
usoprazole,False,ngram_guided+refined,3,67.29,63.67,moderate,-8.67,6.33,bisoprolol,0.7128,4,INTRA_STEM_TOO_CLOSE|TRADEMARK_HIT,SIMILARITY_MODERATE,osiprazole,osiprazole -> usiprazole -> usoprazole,0.0,1.0,0.879,1.0,1.0,0.998,0.0,proton pump inhibitor,generic,-prazole,crowded,False,,
ugoprazole,False,ngram_guided+refined,3,67.29,63.05,moderate,-8.05,6.95,omperazole,0.6493,4,INTRA_STEM_TOO_CLOSE|TRADEMARK_HIT,SIMILARITY_MODERATE,osiprazole,osiprazole -> usiprazole -> usoprazole -> ugoprazole,0.0,1.0,0.879,1.0,1.0,0.998,0.0,proton pump inhibitor,generic,-prazole,crowded,False,,
ijaprazole,False,grammar+refined,3,67.29,65.38,moderate,-10.38,4.62,vaprisol,0.7149,4,TRADEMARK_HIT,SIMILARITY_MODERATE,icaprazole,icaprazole -> ijaprazole,0.0,1.0,0.879,1.0,1.0,0.998,0.0,proton pump inhibitor,generic,-prazole,crowded,False,,
iyaprazole,False,grammar+refined,3,64.92,65.0,moderate,-10.0,5.0,niaprazine,0.5276,5,TRADEMARK_HIT,SIMILARITY_MODERATE,icaprazole,icaprazole -> ijaprazole -> iyaprazole,0.0,1.0,0.804,1.0,1.0,0.867,0.0,proton pump inhibitor,generic,-prazole,crowded,False,,
ihaprazole,False,grammar+refined,3,67.29,63.05,moderate,-8.05,6.95,omperazole,0.6095,4,TRADEMARK_HIT,SIMILARITY_MODERATE,icaprazole,icaprazole -> ijaprazole -> iyaprazole -> ihaprazole,0.0,1.0,0.879,1.0,1.0,0.998,0.0,proton pump inhibitor,generic,-prazole,crowded,False,,
oriprazole,False,grammar+refined,3,68.5,66.94,moderate,-11.94,3.06,omperazole,0.8623,4,INTRA_STEM_TOO_CLOSE|TRADEMARK_HIT,SIMILARITY_MODERATE,oviprazole,oviprazole -> oriprazole,0.0,1.0,0.879,1.0,1.0,0.998,0.173,proton pump inhibitor,generic,-prazole,crowded,False,,
oliprazole,False,grammar+refined,3,70.83,71.2,high,-16.2,-1.2,letrozole,0.873,4,SIMILARITY_TOO_HIGH|INTRA_STEM_TOO_CLOSE|TRADEMARK_HIT,,oviprazole,oviprazole -> oriprazole -> oliprazole,0.0,1.0,0.879,1.0,1.0,0.998,0.507,proton pump inhibitor,generic,-prazole,crowded,False,,
iliprazole,False,grammar+refined,3,67.34,71.2,high,-16.2,-1.2,letrozole,0.8079,4,SIMILARITY_TOO_HIGH|TRADEMARK_HIT,,oviprazole,oviprazole -> oriprazole -> oliprazole -> iliprazole,0.0,1.0,0.879,1.0,1.0,0.998,0.007,proton pump inhibitor,generic,-prazole,crowded,False,,
iakipaprazole,False,grammar,4,61.72,67.92,moderate,-12.92,2.08,atipamezole,0.6039,6,TRADEMARK_HIT,SIMILARITY_MODERATE,,iakipaprazole,0.0,1.0,0.904,1.0,1.0,0.406,0.0,proton pump inhibitor,generic,-prazole,crowded,False,,
prapiprazole,False,grammar,4,58.02,68.44,moderate,-13.44,1.56,pramipexole,0.8904,4,INTRA_STEM_TOO_CLOSE|TRADEMARK_HIT,SIMILARITY_MODERATE,,prapiprazole,0.0,0.68,0.733,1.0,1.0,0.862,0.076,proton pump inhibitor,generic,-prazole,crowded,False,,
riceprazole,False,grammar,4,58.83,66.55,moderate,-11.55,3.45,feprazone,0.8186,4,INTRA_STEM_TOO_CLOSE|TRADEMARK_HIT,SIMILARITY_MODERATE,,riceprazole,0.0,0.6,0.879,1.0,1.0,0.952,0.0,proton pump inhibitor,generic,-prazole,crowded,False,,
qenteprazole,False,grammar,4,59.18,67.0,moderate,-12.0,3.0,benzotriazole,0.6336,4,INTRA_STEM_TOO_CLOSE|TRADEMARK_HIT,SIMILARITY_MODERATE,,qenteprazole,0.0,0.68,0.854,1.0,1.0,0.862,0.0,proton pump inhibitor,generic,-prazole,crowded,False,,
heniprazole,False,grammar,4,58.84,68.56,moderate,-13.56,1.44,nimorazole,0.8859,4,TRADEMARK_HIT,SIMILARITY_MODERATE,,heniprazole,0.0,0.6,0.879,1.0,1.0,0.952,0.001,proton pump inhibitor,generic,-prazole,crowded,False,,
siriprazole,False,grammar,4,60.98,64.34,moderate,-9.34,5.66,cariprazine,0.8387,4,TRADEMARK_HIT,SIMILARITY_MODERATE,,siriprazole,0.0,0.6,0.879,1.0,1.0,0.952,0.307,proton pump inhibitor,generic,-prazole,crowded,False,,
epuprazole,False,grammar,4,67.29,66.5,moderate,-11.5,3.5,piprozoline,0.6159,4,INTRA_STEM_TOO_CLOSE|TRADEMARK_HIT,SIMILARITY_MODERATE,,epuprazole,0.0,1.0,0.879,1.0,1.0,0.998,0.0,proton pump inhibitor,generic,-prazole,crowded,False,,
penoprazole,False,grammar,4,65.61,71.83,high,-16.83,-1.83,benzotriazole,0.94,4,SIMILARITY_TOO_HIGH|INTRA_STEM_TOO_CLOSE|TRADEMARK_HIT,,,penoprazole,0.0,0.6,0.879,1.0,1.0,0.952,0.969,proton pump inhibitor,generic,-prazole,crowded,False,,
axoprazole,False,grammar,4,67.29,62.42,moderate,-7.42,7.58,feprazone,0.7879,4,INTRA_STEM_TOO_CLOSE|TRADEMARK_HIT,SIMILARITY_MODERATE,,axoprazole,0.0,1.0,0.879,1.0,1.0,0.998,0.0,proton pump inhibitor,generic,-prazole,crowded,False,,
asroprazole,False,grammar,4,66.48,67.05,moderate,-12.05,2.95,propranolol,0.7107,4,TRADEMARK_HIT,SIMILARITY_MODERATE,,asroprazole,0.0,1.0,0.854,1.0,1.0,0.952,0.0,proton pump inhibitor,generic,-prazole,crowded,False,,
rasoprazole,False,grammar,4,58.9,66.14,moderate,-11.14,3.86,masoprocol,0.8556,4,INTRA_STEM_TOO_CLOSE|TRADEMARK_HIT,SIMILARITY_MODERATE,,rasoprazole,0.0,0.6,0.879,1.0,1.0,0.952,0.01,proton pump inhibitor,generic,-prazole,crowded,False,,
emoprazole,False,grammar,4,67.37,72.32,high,-17.32,-2.32,nimorazole,0.8505,4,SIMILARITY_TOO_HIGH|INTRA_STEM_TOO_CLOSE|TRADEMARK_HIT,,,emoprazole,0.0,1.0,0.879,1.0,1.0,0.998,0.012,proton pump inhibitor,generic,-prazole,crowded,False,,
doaveprazole,False,grammar,4,64.83,64.95,moderate,-9.95,5.05,drometrizole,0.6323,5,INTRA_STEM_TOO_CLOSE|TRADEMARK_HIT,SIMILARITY_MODERATE,,doaveprazole,0.0,1.0,0.894,1.0,1.0,0.731,0.0,proton pump inhibitor,generic,-prazole,crowded,False,,
fexiprazole,False,grammar,4,62.42,72.85,high,-17.85,-2.85,fexinidazole,0.7734,4,SIMILARITY_TOO_HIGH,,,fexiprazole,0.0,0.6,0.879,1.0,1.0,0.952,0.512,proton pump inhibitor,generic,-prazole,crowded,False,,
lubasoprazole,False,grammar,4,58.42,62.34,moderate,-7.34,7.66,masoprocol,0.7845,5,INTRA_STEM_TOO_CLOSE|TRADEMARK_HIT,SIMILARITY_MODERATE,,lubasoprazole,0.0,0.733,0.894,1.0,1.0,0.624,0.0,proton pump inhibitor,generic,-prazole,crowded,False,,
diavaprazole,False,grammar,4,64.83,62.82,moderate,-7.82,7.18,vaprisol,0.7144,5,TRADEMARK_HIT,SIMILARITY_MODERATE,,diavaprazole,0.0,1.0,0.894,1.0,1.0,0.731,0.001,proton pump inhibitor,generic,-prazole,crowded,False,,
figiaprazole,True,grammar,4,58.43,62.89,moderate,-7.89,7.11,giapreza,0.7222,5,,SIMILARITY_MODERATE,,figiaprazole,0.0,0.68,0.894,1.0,1.0,0.731,0.0,proton pump inhibitor,generic,-prazole,crowded,False,,
eraprazole,False,grammar,4,69.85,67.7,moderate,-12.7,2.3,elaprase,0.8742,4,INTRA_STEM_TOO_CLOSE|TRADEMARK_HIT,SIMILARITY_MODERATE,,eraprazole,0.0,1.0,0.879,1.0,1.0,0.998,0.367,proton pump inhibitor,generic,-prazole,crowded,False,,
loviprazole,False,grammar,4,63.61,70.15,high,-15.15,-0.15,virazole,0.825,4,SIMILARITY_TOO_HIGH|INTRA_STEM_TOO_CLOSE|TRADEMARK_HIT,,,loviprazole,0.0,0.6,0.879,1.0,1.0,0.952,0.683,proton pump inhibitor,generic,-prazole,crowded,False,,
lelfoprazole,False,grammar,4,59.18,63.03,moderate,-8.03,6.97,letrozole,0.6519,4,INTRA_STEM_TOO_CLOSE|TRADEMARK_HIT,SIMILARITY_MODERATE,,lelfoprazole,0.0,0.68,0.854,1.0,1.0,0.862,0.0,proton pump inhibitor,generic,-prazole,crowded,False,,
doxazuprazole,False,grammar,4,54.11,58.17,moderate,-3.17,11.83,doxapram,0.717,5,TRADEMARK_HIT,SIMILARITY_MODERATE,,doxazuprazole,0.0,0.517,0.894,1.0,1.0,0.624,0.003,proton pump inhibitor,generic,-prazole,crowded,False,,
lollaboprazole,False,grammar,4,57.88,55.68,moderate,-0.68,14.32,omperazole,0.7202,5,TRADEMARK_HIT,SIMILARITY_MODERATE,,lollaboprazole,0.0,0.771,0.869,1.0,1.0,0.527,0.001,proton pump inhibitor,generic,-prazole,crowded,False,,
lixodroprazole,True,grammar,4,56.54,64.12,moderate,-9.12,5.88,elixircurozole,0.8086,5,,SIMILARITY_MODERATE,,lixodroprazole,0.0,0.771,0.763,1.0,1.0,0.527,0.021,proton pump inhibitor,generic,-prazole,crowded,False,,
voxiprazole,True,grammar,4,63.86,65.53,moderate,-10.53,4.47,oxiconazole,0.7984,4,,SIMILARITY_MODERATE,,voxiprazole,0.0,0.6,0.879,1.0,1.0,0.952,0.719,proton pump inhibitor,generic,-prazole,crowded,True,,
ivekiprazole,False,ngram_guided,4,54.82,62.38,moderate,-7.38,7.62,metipranolol,0.6719,5,TRADEMARK_HIT,SIMILARITY_MODERATE,,ivekiprazole,0.0,0.45,0.894,1.0,1.0,0.731,0.142,proton pump inhibitor,generic,-prazole,crowded,False,,
maftivoprazole,False,ngram_guided,4,52.96,56.65,moderate,-1.65,13.35,nimorazole,0.74,5,TRADEMARK_HIT,SIMILARITY_MODERATE,,maftivoprazole,0.0,0.357,0.869,1.0,1.0,0.527,0.482,proton pump inhibitor,generic,-prazole,crowded,False,,
nuclotixprazole,True,ngram_guided,4,50.41,58.13,moderate,-3.13,11.87,nucleotidase,0.5576,5,,SIMILARITY_MODERATE,,nuclotixprazole,0.0,0.6,0.609,1.0,1.0,0.456,0.046,proton pump inhibitor,generic,-prazole,crowded,False,,
sumaprazole,False,ngram_guided,4,63.5,66.32,moderate,-11.32,3.68,omperazole,0.848,4,INTRA_STEM_TOO_CLOSE|TRADEMARK_HIT,SIMILARITY_MODERATE,,sumaprazole,0.0,0.6,0.879,1.0,1.0,0.952,0.667,proton pump inhibitor,generic,-prazole,crowded,False,,
tucaprazole,True,ngram_guided,4,59.72,63.66,moderate,-8.66,6.34,dicaprate,0.823,4,,SIMILARITY_MODERATE,,tucaprazole,0.0,0.6,0.879,1.0,1.0,0.952,0.127,proton pump inhibitor,generic,-prazole,crowded,False,,
tyrogloprazole,True,ngram_guided,4,52.16,63.52,moderate,-8.52,6.48,troglitazone,0.8255,5,,SIMILARITY_MODERATE,,tyrogloprazole,0.0,0.357,0.652,1.0,1.0,0.527,0.802,proton pump inhibitor,generic,-prazole,crowded,False,,
bremiprazole,False,ngram_guided,4,62.85,71.77,high,-16.77,-1.77,drometrizole,0.8431,4,SIMILARITY_TOO_HIGH|TRADEMARK_HIT,,,bremiprazole,0.0,0.68,0.733,1.0,1.0,0.862,0.766,proton pump inhibitor,generic,-prazole,crowded,False,,
scoprazole,False,ngram_guided,4,63.3,65.56,moderate,-10.56,4.44,econazole,0.9088,3,TRADEMARK_HIT,SIMILARITY_MODERATE,,scoprazole,0.0,1.0,0.683,1.0,1.0,0.873,0.002,proton pump inhibitor,generic,-prazole,crowded,False,,
cyclprazole,True,ngram_guided,4,54.57,65.51,moderate,-10.51,4.49,alprazolam,0.705,3,,SIMILARITY_MODERATE,,cyclprazole,0.0,0.6,0.574,0.65,1.0,0.828,0.629,proton pump inhibitor,generic,-prazole,crowded,False,,
plutprazole,False,ngram_guided,4,54.68,71.08,high,-16.08,-1.08,letrozole,0.6491,3,SIMILARITY_TOO_HIGH|TRADEMARK_HIT,,,plutprazole,0.0,0.6,0.596,1.0,1.0,0.828,0.151,proton pump inhibitor,generic,-prazole,crowded,False,,
idubiprazole,False,ngram_guided,4,54.52,60.24,moderate,-5.24,9.76,virazole,0.7357,5,TRADEMARK_HIT,SIMILARITY_MODERATE,,idubiprazole,0.0,0.45,0.894,1.0,1.0,0.731,0.098,proton pump inhibitor,generic,-prazole,crowded,False,,
siltuprazole,True,ngram_guided,4,56.51,60.44,moderate,-5.44,9.56,sulconazole,0.7269,4,,SIMILARITY_MODERATE,,siltuprazole,0.0,0.45,0.854,1.0,1.0,0.862,0.275,proton pump inhibitor,generic,-prazole,crowded,False,,
hemiprazole,False,ngram_guided,4,62.97,66.32,moderate,-11.32,3.68,omperazole,0.8675,4,INTRA_STEM_TOO_CLOSE|TRADEMARK_HIT,SIMILARITY_MODERATE,,hemiprazole,0.0,0.6,0.879,1.0,1.0,0.952,0.591,proton pump inhibitor,generic,-prazole,crowded,False,,
halotprazole,False,ngram_guided,4,53.9,65.54,moderate,-10.54,4.46,alprazolam,0.6405,4,TRADEMARK_HIT,SIMILARITY_MODERATE,,halotprazole,0.0,0.45,0.768,1.0,1.0,0.862,0.076,proton pump inhibitor,generic,-prazole,crowded,False,,
cilgaviprazole,True,ngram_guided,4,52.33,62.55,moderate,-7.55,7.45,cilgavimab,0.7199,5,,SIMILARITY_MODERATE,,cilgaviprazole,0.0,0.15,0.869,1.0,1.0,0.527,0.984,proton pump inhibitor,generic,-prazole,crowded,False,,
tiaprazole,False,ngram_guided,4,73.03,69.86,moderate,-14.86,0.14,niaprazine,0.8145,4,TRADEMARK_HIT,SIMILARITY_MODERATE,,tiaprazole,0.0,1.0,0.879,1.0,1.0,0.998,0.82,proton pump inhibitor,generic,-prazole,crowded,False,,
chloprazole,False,ngram_guided,4,56.77,71.33,high,-16.33,-1.33,clotrimazole,0.9757,3,SIMILARITY_TOO_HIGH|TRADEMARK_HIT,,,chloprazole,0.0,0.6,0.596,1.0,1.0,0.828,0.449,proton pump inhibitor,generic,-prazole,crowded,False,,
pivaprazole,True,ngram_guided,4,61.63,66.29,moderate,-11.29,3.71,vaprisol,0.8814,4,,SIMILARITY_MODERATE,,pivaprazole,0.0,0.6,0.879,1.0,1.0,0.952,0.4,proton pump inhibitor,generic,-prazole,crowded,True,,
emtuprazole,False,ngram_guided,4,61.26,65.43,moderate,-10.43,4.57,omperazole,0.6955,4,INTRA_STEM_TOO_CLOSE|TRADEMARK_HIT,SIMILARITY_MODERATE,,emtuprazole,0.0,0.6,0.854,1.0,1.0,0.952,0.397,proton pump inhibitor,generic,-prazole,crowded,False,,
diflutaprazole,True,ngram_guided,4,46.32,62.21,moderate,-7.21,7.79,flutrimazole,0.9332,5,,SIMILARITY_MODERATE,,diflutaprazole,0.0,0.357,0.763,1.0,0.53,0.527,0.819,proton pump inhibitor,generic,-prazole,crowded,False,,
javaprazole,False,ngram_guided,4,58.84,66.29,moderate,-11.29,3.71,vaprisol,0.8522,4,INTRA_STEM_TOO_CLOSE|TRADEMARK_HIT,SIMILARITY_MODERATE,,javaprazole,0.0,0.6,0.879,1.0,1.0,0.952,0.001,proton pump inhibitor,generic,-prazole,crowded,False,,
cloprazole,False,ngram_guided,4,64.74,74.55,high,-19.55,-4.55,clotrimazole,0.9454,3,SIMILARITY_TOO_HIGH|TRADEMARK_HIT,,,cloprazole,0.0,1.0,0.683,1.0,1.0,0.873,0.207,proton pump inhibitor,generic,-prazole,crowded,False,,
hemiduprazole,True,ngram_guided,4,54.81,60.44,moderate,-5.44,9.56,hemifumarate,0.8328,5,,SIMILARITY_MODERATE,,hemiduprazole,0.0,0.517,0.894,1.0,1.0,0.624,0.103,proton pump inhibitor,generic,-prazole,crowded,False,,
taaprazole,False,ngram_guided+refined,4,67.29,67.21,moderate,-12.21,2.79,alprazolam,0.6833,4,TRADEMARK_HIT,SIMILARITY_MODERATE,tiaprazole,tiaprazole -> taaprazole,0.0,1.0,0.879,1.0,1.0,0.998,0.0,proton pump inhibitor,generic,-prazole,crowded,False,,
toaprazole,False,ngram_guided+refined,4,67.29,66.94,moderate,-11.94,3.06,omperazole,0.648,4,INTRA_STEM_TOO_CLOSE|TRADEMARK_HIT,SIMILARITY_MODERATE,tiaprazole,tiaprazole -> taaprazole -> toaprazole,0.0,1.0,0.879,1.0,1.0,0.998,0.0,proton pump inhibitor,generic,-prazole,crowded,False,,
epaprazole,False,grammar+refined,4,67.37,65.5,moderate,-10.5,4.5,omperazole,0.86,4,INTRA_STEM_TOO_CLOSE|TRADEMARK_HIT,SIMILARITY_MODERATE,eraprazole,eraprazole -> epaprazole,0.0,1.0,0.879,1.0,1.0,0.998,0.013,proton pump inhibitor,generic,-prazole,crowded,False,,
ejaprazole,False,grammar+refined,4,67.29,66.03,moderate,-11.03,3.97,elaprase,0.7926,4,INTRA_STEM_TOO_CLOSE|TRADEMARK_HIT,SIMILARITY_MODERATE,eraprazole,eraprazole -> epaprazole -> ejaprazole,0.0,1.0,0.879,1.0,1.0,0.998,0.0,proton pump inhibitor,generic,-prazole,crowded,False,,
egaprazole,False,grammar+refined,4,67.29,63.51,moderate,-8.51,6.49,garasol,0.7453,4,INTRA_STEM_TOO_CLOSE|TRADEMARK_HIT,SIMILARITY_MODERATE,eraprazole,eraprazole -> epaprazole -> ejaprazole -> egaprazole,0.0,1.0,0.879,1.0,1.0,0.998,0.0,proton pump inhibitor,generic,-prazole,crowded,False,,
ehoprazole,False,grammar+refined,4,67.29,63.05,moderate,-8.05,6.95,omperazole,0.7076,4,TRADEMARK_HIT,SIMILARITY_MODERATE,emoprazole,emoprazole -> ehoprazole,0.0,1.0,0.879,1.0,1.0,0.998,0.0,proton pump inhibitor,generic,-prazole,crowded,False,,
ekoprazole,False,grammar+refined,4,67.29,68.99,moderate,-13.99,1.01,econazole,0.616,4,TRADEMARK_HIT,SIMILARITY_MODERATE,emoprazole,emoprazole -> ehoprazole -> ekoprazole,0.0,1.0,0.879,1.0,1.0,0.998,0.0,proton pump inhibitor,generic,-prazole,crowded,False,,
edoprazole,False,grammar+refined,4,67.73,65.77,moderate,-10.77,4.23,benzotriazole,0.8354,4,INTRA_STEM_TOO_CLOSE|TRADEMARK_HIT,SIMILARITY_MODERATE,emoprazole,emoprazole -> ehoprazole -> ekoprazole -> edoprazole,0.0,1.0,0.879,1.0,1.0,0.998,0.064,proton pump inhibitor,generic,-prazole,crowded,False,,
ehuprazole,False,grammar+refined,4,67.29,63.05,moderate,-8.05,6.95,omperazole,0.6434,4,TRADEMARK_HIT,SIMILARITY_MODERATE,epuprazole,epuprazole -> ehuprazole,0.0,1.0,0.879,1.0,1.0,0.998,0.0,proton pump inhibitor,generic,-prazole,crowded,False,,
eluprazole,False,grammar+refined,4,67.31,69.94,moderate,-14.94,0.06,alprazolam,0.8111,4,TRADEMARK_HIT,SIMILARITY_MODERATE,epuprazole,epuprazole -> ehuprazole -> eluprazole,0.0,1.0,0.879,1.0,1.0,0.998,0.003,proton pump inhibitor,generic,-prazole,crowded,False,,
exuprazole,True,grammar+refined,4,67.37,62.47,moderate,-7.47,7.53,exuparvovec,0.819,4,,SIMILARITY_MODERATE,epuprazole,epuprazole -> ehuprazole -> eluprazole -> exuprazole,0.0,1.0,0.879,1.0,1.0,0.998,0.013,proton pump inhibitor,generic,-prazole,crowded,True,,
ahoprazole,False,grammar+refined,4,67.29,64.24,moderate,-9.24,5.76,alprazolam,0.7048,4,TRADEMARK_HIT,SIMILARITY_MODERATE,axoprazole,axoprazole -> ahoprazole,0.0,1.0,0.879,1.0,1.0,0.998,0.0,proton pump inhibitor,generic,-prazole,crowded,False,,
akoprazole,False,grammar+refined,4,67.29,64.24,moderate,-9.24,5.76,alprazolam,0.617,4,INTRA_STEM_TOO_CLOSE|TRADEMARK_HIT,SIMILARITY_MODERATE,axoprazole,axoprazole -> ahoprazole -> akoprazole,0.0,1.0,0.879,1.0,1.0,0.998,0.0,proton pump inhibitor,generic,-prazole,crowded,False,,
aboprazole,False,grammar+refined,4,67.31,67.89,moderate,-12.89,2.11,omperazole,0.8229,4,INTRA_STEM_TOO_CLOSE|TRADEMARK_HIT,SIMILARITY_MODERATE,axoprazole,axoprazole -> ahoprazole -> akoprazole -> aboprazole,0.0,1.0,0.879,1.0,1.0,0.998,0.003,proton pump inhibitor,generic,-prazole,crowded,False,,
ajroprazole,False,grammar+refined,4,66.48,65.48,moderate,-10.48,4.52,propranolol,0.688,4,INTRA_STEM_TOO_CLOSE|TRADEMARK_HIT,SIMILARITY_MODERATE,asroprazole,asroprazole -> ajroprazole,0.0,1.0,0.854,1.0,1.0,0.952,0.0,proton pump inhibitor,generic,-prazole,crowded,False,,
ajjoprazole,False,grammar+refined,4,66.48,63.25,moderate,-8.25,6.75,alprazolam,0.6568,4,INTRA_STEM_TOO_CLOSE|TRADEMARK_HIT,SIMILARITY_MODERATE,asroprazole,asroprazole -> ajroprazole -> ajjoprazole,0.0,1.0,0.854,1.0,1.0,0.952,0.0,proton pump inhibitor,generic,-prazole,crowded,False,,
abjoprazole,False,grammar+refined,4,66.48,63.15,moderate,-8.15,6.85,benzotriazole,0.642,4,INTRA_STEM_TOO_CLOSE|TRADEMARK_HIT,SIMILARITY_MODERATE,asroprazole,asroprazole -> ajroprazole -> ajjoprazole -> abjoprazole,0.0,1.0,0.854,1.0,1.0,0.952,0.0,proton pump inhibitor,generic,-prazole,crowded,False,,
penaprazole,False,grammar+refined,4,63.55,67.2,moderate,-12.2,2.8,anastrozole,0.9361,4,INTRA_STEM_TOO_CLOSE|TRADEMARK_HIT,SIMILARITY_MODERATE,penoprazole,penoprazole -> penaprazole,0.0,0.6,0.879,1.0,1.0,0.952,0.675,proton pump inhibitor,generic,-prazole,crowded,False,,
peqaprazole,False,grammar+refined,4,66.83,65.91,moderate,-10.91,4.09,feprazone,0.637,4,INTRA_STEM_TOO_CLOSE|TRADEMARK_HIT,SIMILARITY_MODERATE,penoprazole,penoprazole -> penaprazole -> peqaprazole,0.0,1.0,0.879,1.0,1.0,0.952,0.0,proton pump inhibitor,generic,-prazole,crowded,False,,
pexaprazole,False,grammar+refined,4,59.17,60.86,moderate,-5.86,9.14,feprazone,0.8558,4,TRADEMARK_HIT,SIMILARITY_MODERATE,penoprazole,penoprazole -> penaprazole -> peqaprazole -> pexaprazole,0.0,0.6,0.879,1.0,1.0,0.952,0.049,proton pump inhibitor,generic,-prazole,crowded,False,,
deaveprazole,False,grammar+refined,4,59.53,65.17,moderate,-10.17,4.83,defendazole,0.6852,4,INTRA_STEM_TOO_CLOSE|TRADEMARK_HIT,SIMILARITY_MODERATE,doaveprazole,doaveprazole -> deaveprazole,0.0,0.68,0.879,1.0,1.0,0.862,0.001,proton pump inhibitor,generic,-prazole,crowded,False,,
deiveprazole,False,grammar+refined,4,65.93,67.44,moderate,-12.44,2.56,defendazole,0.6383,4,INTRA_STEM_TOO_CLOSE|TRADEMARK_HIT,SIMILARITY_MODERATE,doaveprazole,doaveprazole -> deaveprazole -> deiveprazole,0.0,1.0,0.879,1.0,1.0,0.862,0.0,proton pump inhibitor,generic,-prazole,crowded,False,,
deipeprazole,False,grammar+refined,4,65.93,67.07,moderate,-12.07,2.93,defendazole,0.6556,4,INTRA_STEM_TOO_CLOSE|TRADEMARK_HIT,SIMILARITY_MODERATE,doaveprazole,doaveprazole -> deaveprazole -> deiveprazole -> deipeprazole,0.0,1.0,0.879,1.0,1.0,0.862,0.0,proton pump inhibitor,generic,-prazole,crowded,False,,
nobidacaine,False,grammar,1,63.2,60.26,moderate,-5.26,9.74,dobutamine,0.7691,4,TRADEMARK_HIT,SIMILARITY_MODERATE,,nobidacaine,0.0,0.733,1.0,1.0,1.0,0.952,0.001,local anaesthetic,generic,-caine,crowded,False,,
ciszocaine,False,grammar,1,67.75,58.93,moderate,-3.93,11.07,cystine,0.6423,3,TRADEMARK_HIT,SIMILARITY_MODERATE,,ciszocaine,0.0,1.0,1.0,1.0,1.0,0.873,0.003,local anaesthetic,generic,-caine,crowded,False,,
ipidicaine,False,grammar,1,57.99,66.45,moderate,-11.45,3.55,tridecane,0.8421,4,INTRA_STEM_TOO_CLOSE|TRADEMARK_HIT,SIMILARITY_MODERATE,,ipidicaine,0.0,0.45,1.0,1.0,1.0,0.998,0.001,local anaesthetic,generic,-caine,crowded,False,,
dopplocaine,False,grammar,1,63.67,62.62,moderate,-7.62,7.38,alocane,0.7217,3,TRADEMARK_HIT,SIMILARITY_MODERATE,,dopplocaine,0.0,1.0,0.742,1.0,1.0,0.828,0.0,local anaesthetic,generic,-caine,crowded,False,,
fapezecaine,True,grammar,1,63.19,59.58,moderate,-4.58,10.42,rifapentine,0.6184,4,,SIMILARITY_MODERATE,,fapezecaine,0.0,0.733,1.0,1.0,1.0,0.952,0.0,local anaesthetic,generic,-caine,crowded,False,,
nelmavecaine,True,grammar,1,63.23,63.71,moderate,-8.71,6.29,delavirdine,0.7052,4,,SIMILARITY_MODERATE,,nelmavecaine,0.0,0.771,1.0,1.0,1.0,0.862,0.026,local anaesthetic,generic,-caine,crowded,True,,
dinacaine,False,grammar,1,61.39,74.1,high,-19.1,-4.1,tinactin,0.9357,3,SIMILARITY_TOO_HIGH|TRADEMARK_HIT,,,dinacaine,0.0,0.6,1.0,1.0,1.0,0.858,0.259,local anaesthetic,generic,-caine,crowded,False,,
denicaine,False,grammar,1,65.84,68.42,moderate,-13.42,1.58,denticare,0.9463,3,TRADEMARK_HIT,SIMILARITY_MODERATE,,denicaine,0.0,0.6,1.0,1.0,1.0,0.858,0.894,local anaesthetic,generic,-caine,crowded,False,,
sukocaine,False,grammar,1,67.58,64.37,moderate,-9.37,5.63,sugarcane,0.7034,3,INTRA_STEM_TOO_CLOSE|TRADEMARK_HIT,SIMILARITY_MODERATE,,sukocaine,0.0,1.0,1.0,1.0,1.0,0.858,0.0,local anaesthetic,generic,-caine,crowded,False,,
mofonucaine,True,grammar,1,68.52,65.86,moderate,-10.86,4.14,moxonidine,0.7163,4,,SIMILARITY_MODERATE,,mofonucaine,0.0,1.0,1.0,1.0,1.0,0.952,0.0,local anaesthetic,generic,-caine,crowded,True,,
elbithecaine,True,grammar,1,62.7,59.26,moderate,-4.26,10.74,telbivudine,0.7305,4,,SIMILARITY_MODERATE,,elbithecaine,0.0,0.771,0.975,1.0,1.0,0.862,0.0,local anaesthetic,generic,-caine,crowded,False,,
lopozucaine,True,grammar,1,63.19,58.16,moderate,-3.16,11.84,fomocain,0.6549,4,,SIMILARITY_MODERATE,,lopozucaine,0.0,0.733,1.0,1.0,1.0,0.952,0.0,local anaesthetic,generic,-caine,crowded,False,,
icutecaine,False,grammar,1,62.58,73.12,high,-18.12,-3.12,cutiecaine,0.7664,4,SIMILARITY_TOO_HIGH|TRADEMARK_HIT,,,icutecaine,0.0,0.68,1.0,1.0,1.0,0.998,0.0,local anaesthetic,generic,-caine,crowded,False,,
olocaine,False,grammar,1,66.88,81.61,high,-26.61,-11.61,alocane,0.8662,3,SIMILARITY_TOO_HIGH|TRADEMARK_HIT,,,olocaine,0.0,1.0,1.0,1.0,1.0,0.787,0.001,local anaesthetic,generic,-caine,crowded,False,,
rimasacaine,False,grammar,1,63.37,67.62,moderate,-12.62,2.38,rimantadine,0.7629,4,TRADEMARK_HIT,SIMILARITY_MODERATE,,rimasacaine,0.0,0.733,1.0,1.0,1.0,0.952,0.026,local anaesthetic,generic,-caine,crowded,False,,
iosacaine,False,grammar,1,60.83,64.28,moderate,-9.28,5.72,ioxapine,0.8599,4,TRADEMARK_HIT,SIMILARITY_MODERATE,,iosacaine,0.0,0.6,1.0,1.0,1.0,0.983,0.0,local anaesthetic,generic,-caine,crowded,False,,
cirmocaine,False,grammar,1,67.75,77.17,high,-22.17,-7.17,fomocain,0.7063,3,SIMILARITY_TOO_HIGH|TRADEMARK_HIT,,,cirmocaine,0.0,1.0,1.0,1.0,1.0,0.873,0.003,local anaesthetic,generic,-caine,crowded,False,,
gevecaine,False,grammar,1,67.58,67.2,moderate,-12.2,2.8,dodecane,0.7856,3,TRADEMARK_HIT,SIMILARITY_MODERATE,,gevecaine,0.0,1.0,1.0,1.0,1.0,0.858,0.0,local anaesthetic,generic,-caine,crowded,False,,
futlecaine,True,grammar,1,61.34,67.12,moderate,-12.12,2.88,flecainide,0.6493,3,,SIMILARITY_MODERATE,,futlecaine,0.0,0.68,1.0,1.0,1.0,0.873,0.001,local anaesthetic,generic,-caine,crowded,False,,
maxycabacaine,True,grammar,1,59.68,66.44,moderate,-11.44,3.56,axicabtagene,0.6841,5,,SIMILARITY_MODERATE,,maxycabacaine,0.0,0.8,0.889,1.0,1.0,0.624,0.0,local anaesthetic,generic,-caine,crowded,False,,
edonocaine,False,grammar,1,62.59,70.54,high,-15.54,-0.54,fomocain,0.7855,4,SIMILARITY_TOO_HIGH|TRADEMARK_HIT,,,edonocaine,0.0,0.68,1.0,1.0,1.0,0.998,0.001,local anaesthetic,generic,-caine,crowded,False,,
dintnidacaine,True,grammar,1,59.99,57.05,moderate,-2.05,12.95,mintlactone,0.6409,4,,SIMILARITY_MODERATE,,dintnidacaine,0.0,0.8,0.813,1.0,1.0,0.755,0.007,local anaesthetic,generic,-caine,crowded,False,,
gonocaine,False,grammar,1,59.76,73.04,high,-18.04,-3.04,fomocain,0.8403,3,SIMILARITY_TOO_HIGH|TRADEMARK_HIT,,,gonocaine,0.0,0.6,1.0,1.0,1.0,0.858,0.026,local anaesthetic,generic,-caine,crowded,False,,
pelmacaine,False,grammar,1,61.38,76.55,high,-21.55,-6.55,palmatine,0.7764,3,SIMILARITY_TOO_HIGH|TRADEMARK_HIT,,,pelmacaine,0.0,0.68,1.0,1.0,1.0,0.873,0.007,local anaesthetic,generic,-caine,crowded,False,,
decanecaine,True,ngram_guided,1,49.99,67.25,moderate,-12.25,2.75,tetradecane,0.9141,4,,SIMILARITY_MODERATE,,decanecaine,0.0,0.3,1.0,1.0,0.53,0.952,0.427,local anaesthetic,generic,-caine,crowded,False,,
pentocaine,False,ngram_guided,1,50.78,81.9,high,-26.9,-11.9,pontocaine,0.945,3,SIMILARITY_TOO_HIGH|INTRA_STEM_TOO_CLOSE|TRADEMARK_HIT,,,pentocaine,0.0,0.45,1.0,1.0,0.53,0.873,0.225,local anaesthetic,generic,-caine,crowded,False,,
pemeclocaine,False,ngram_guided,1,49.29,70.01,high,-15.01,-0.01,demeclocycline,0.8376,4,SIMILARITY_TOO_HIGH|TRADEMARK_HIT,,,pemeclocaine,0.0,0.357,0.879,1.0,0.53,0.862,0.535,local anaesthetic,generic,-caine,crowded,False,,
prastucaine,True,ngram_guided,1,57.81,64.88,moderate,-9.88,5.12,prasterone,0.8248,3,,SIMILARITY_MODERATE,,prastucaine,0.0,0.517,0.683,1.0,1.0,0.828,0.663,local anaesthetic,generic,-caine,crowded,False,,
decandocaine,False,ngram_guided,1,50.25,65.27,moderate,-10.27,4.73,decanoic,0.9284,4,TRADEMARK_HIT,SIMILARITY_MODERATE,,decandocaine,0.0,0.357,1.0,1.0,0.53,0.862,0.429,local anaesthetic,generic,-caine,crowded,False,,
nercaine,False,ngram_guided,1,66.59,68.96,moderate,-13.96,1.04,anectine,0.804,2,TRADEMARK_HIT,SIMILARITY_MODERATE,,nercaine,0.0,1.0,1.0,1.0,1.0,0.568,0.273,local anaesthetic,generic,-caine,crowded,False,,
thiazcaine,True,ngram_guided,1,55.0,68.73,moderate,-13.73,1.27,thiazoline,0.6726,3,,SIMILARITY_MODERATE,,thiazcaine,0.0,0.45,0.975,1.0,0.53,0.873,0.876,local anaesthetic,generic,-caine,crowded,False,,
elecaine,False,ngram_guided,1,70.61,72.49,high,-17.49,-2.49,alocane,0.8688,3,SIMILARITY_TOO_HIGH|TRADEMARK_HIT,,,elecaine,0.0,1.0,1.0,1.0,1.0,0.787,0.534,local anaesthetic,generic,-caine,crowded,False,,
ubromocaine,True,ngram_guided,1,53.82,68.59,moderate,-13.59,1.41,fomocain,0.8064,4,,SIMILARITY_MODERATE,,ubromocaine,0.0,0.517,0.879,1.0,0.53,0.952,0.597,local anaesthetic,generic,-caine,crowded,False,,
sumatericaine,True,ngram_guided,1,63.72,69.21,moderate,-14.21,0.79,sumatriptan,0.9611,5,,SIMILARITY_MODERATE,,sumatericaine,0.0,0.6,1.0,1.0,1.0,0.624,0.925,local anaesthetic,generic,-caine,crowded,True,,
deworcaine,False,ngram_guided,1,59.71,60.34,moderate,-5.34,9.66,sugarcane,0.7913,3,TRADEMARK_HIT,SIMILARITY_MODERATE,,deworcaine,0.0,0.45,1.0,1.0,1.0,0.873,0.426,local anaesthetic,generic,-caine,crowded,False,,
methiocaine,False,ngram_guided,1,49.28,79.89,high,-24.89,-9.89,methionine,0.9904,4,SIMILARITY_TOO_HIGH|TRADEMARK_HIT,,,methiocaine,0.0,0.3,1.0,1.0,0.53,0.952,0.325,local anaesthetic,generic,-caine,crowded,False,,
abcicaine,False,ngram_guided,1,60.78,62.59,moderate,-7.59,7.41,opcicon,0.7819,3,TRADEMARK_HIT,SIMILARITY_MODERATE,,abcicaine,0.0,0.6,1.0,1.0,1.0,0.858,0.171,local anaesthetic,generic,-caine,crowded,False,,
thycaine,False,ngram_guided,1,64.08,70.12,high,-15.12,-0.12,thebaine,0.8344,2,SIMILARITY_TOO_HIGH|TRADEMARK_HIT,,,thycaine,0.0,1.0,0.889,1.0,1.0,0.568,0.137,local anaesthetic,generic,-caine,crowded,False,,
ramcaine,False,ngram_guided,1,66.11,65.42,moderate,-10.42,4.58,remain,0.7596,2,TRADEMARK_HIT,SIMILARITY_MODERATE,,ramcaine,0.0,1.0,1.0,1.0,1.0,0.568,0.204,local anaesthetic,generic,-caine,crowded,False,,
albucaine,False,ngram_guided,1,62.75,79.59,high,-24.59,-9.59,albutein,0.886,3,SIMILARITY_TOO_HIGH|INTRA_STEM_TOO_CLOSE|TRADEMARK_HIT,,,albucaine,0.0,0.6,1.0,1.0,1.0,0.858,0.454,local anaesthetic,generic,-caine,crowded,False,,
abiracaine,False,ngram_guided,1,63.96,70.67,high,-15.67,-0.67,abraxane,0.8261,4,SIMILARITY_TOO_HIGH|TRADEMARK_HIT,,,abiracaine,0.0,0.45,1.0,1.0,1.0,0.998,0.855,local anaesthetic,generic,-caine,crowded,False,,
chircaine,False,ngram_guided,1,58.33,69.35,moderate,-14.35,0.65,certain,0.8402,2,INTRA_STEM_TOO_CLOSE,SIMILARITY_MODERATE,,chircaine,0.0,0.6,0.975,1.0,1.0,0.639,0.184,local anaesthetic,generic,-caine,crowded,False,,
omercaine,False,ngram_guided,1,59.9,72.05,high,-17.05,-2.05,fomocain,0.8308,3,SIMILARITY_TOO_HIGH|TRADEMARK_HIT,,,omercaine,0.0,0.6,1.0,1.0,1.0,0.858,0.046,local anaesthetic,generic,-caine,crowded,False,,
dipeginicaine,True,ngram_guided,1,59.82,62.45,moderate,-7.45,7.55,virginicum,0.9432,5,,SIMILARITY_MODERATE,,dipeginicaine,0.0,0.6,1.0,1.0,1.0,0.624,0.369,local anaesthetic,generic,-caine,crowded,False,,
mirtolcaine,True,ngram_guided,1,66.79,66.12,moderate,-11.12,3.88,mirtazapine,0.7136,3,,SIMILARITY_MODERATE,,mirtolcaine,0.0,0.733,0.975,1.0,1.0,0.828,0.742,local anaesthetic,generic,-caine,crowded,True,,
prazcaine,False,ngram_guided,1,53.25,68.29,moderate,-13.29,1.71,prazosin,0.6598,2,TRADEMARK_HIT,SIMILARITY_MODERATE,,prazcaine,0.0,0.6,0.779,1.0,0.59,0.639,0.789,local anaesthetic,generic,-caine,crowded,False,,
suavicaine,False,ngram_guided,1,61.09,63.39,moderate,-8.39,6.61,suavissimus,0.8361,4,TRADEMARK_HIT,SIMILARITY_MODERATE,,suavicaine,0.0,0.45,1.0,1.0,1.0,0.998,0.444,local anaesthetic,generic,-caine,crowded,False,,
behenoxacaine,True,ngram_guided,1,51.42,65.5,moderate,-10.5,4.5,enoxacin,0.9121,5,,SIMILARITY_MODERATE,,behenoxacaine,0.0,0.4,1.0,1.0,0.53,0.624,0.814,local anaesthetic,generic,-caine,crowded,False,,
esecaine,False,ngram_guided+refined,1,66.88,67.59,moderate,-12.59,2.41,reserpine,0.8237,3,TRADEMARK_HIT,SIMILARITY_MODERATE,elecaine,elecaine -> esecaine,0.0,1.0,1.0,1.0,1.0,0.787,0.001,local anaesthetic,generic,-caine,crowded,False,,
etecaine,False,ngram_guided+refined,1,69.39,67.28,moderate,-12.28,2.72,betaine,0.8229,3,INTRA_STEM_TOO_CLOSE|TRADEMARK_HIT,SIMILARITY_MODERATE,elecaine,elecaine -> esecaine -> etecaine,0.0,1.0,1.0,1.0,1.0,0.787,0.359,local anaesthetic,generic,-caine,crowded,False,,
efecaine,False,ngram_guided+refined,1,66.87,66.61,moderate,-11.61,3.39,thebaine,0.8115,3,TRADEMARK_HIT,SIMILARITY_MODERATE,elecaine,elecaine -> esecaine -> etecaine -> efecaine,0.0,1.0,1.0,1.0,1.0,0.787,0.0,local anaesthetic,generic,-caine,crowded,False,,
cuszocaine,False,grammar+refined,1,67.73,61.05,moderate,-6.05,8.95,dezocine,0.6701,3,TRADEMARK_HIT,SIMILARITY_MODERATE,ciszocaine,ciszocaine -> cuszocaine,0.0,1.0,1.0,1.0,1.0,0.873,0.0,local anaesthetic,generic,-caine,crowded,False,,
caszocaine,False,grammar+refined,1,67.75,59.93,moderate,-4.93,10.07,alocane,0.6862,3,TRADEMARK_HIT,SIMILARITY_MODERATE,ciszocaine,ciszocaine -> cuszocaine -> caszocaine,0.0,1.0,1.0,1.0,1.0,0.873,0.003,local anaesthetic,generic,-caine,crowded,False,,
cigmocaine,True,grammar+refined,1,67.73,67.01,moderate,-12.01,2.99,fomocain,0.6589,3,,SIMILARITY_MODERATE,cirmocaine,cirmocaine -> cigmocaine,0.0,1.0,1.0,1.0,1.0,0.873,0.0,local anaesthetic,generic,-caine,crowded,True,,
sucocaine,False,grammar+refined,1,67.59,67.84,moderate,-12.84,2.16,scopine,0.9548,3,INTRA_STEM_TOO_CLOSE|TRADEMARK_HIT,SIMILARITY_MODERATE,sukocaine,sukocaine -> sucocaine,0.0,1.0,1.0,1.0,1.0,0.858,0.001,local anaesthetic,generic,-caine,crowded,False,,
sococaine,False,grammar+refined,1,59.58,73.04,high,-18.04,-3.04,fomocain,0.9056,3,SIMILARITY_TOO_HIGH|INTRA_STEM_TOO_CLOSE|TRADEMARK_HIT,,sukocaine,sukocaine -> sucocaine -> sococaine,0.0,0.6,1.0,1.0,1.0,0.858,0.0,local anaesthetic,generic,-caine,crowded,False,,
mococaine,False,grammar+refined,1,59.59,65.48,moderate,-10.48,4.52,fomocain,0.9159,3,INTRA_STEM_TOO_CLOSE|TRADEMARK_HIT,SIMILARITY_MODERATE,sukocaine,sukocaine -> sucocaine -> sococaine -> mococaine,0.0,0.6,1.0,1.0,1.0,0.858,0.001,local anaesthetic,generic,-caine,crowded,False,,
guvecaine,False,grammar+refined,1,67.58,66.52,moderate,-11.52,3.48,dodecane,0.7211,3,TRADEMARK_HIT,SIMILARITY_MODERATE,gevecaine,gevecaine -> guvecaine,0.0,1.0,1.0,1.0,1.0,0.858,0.0,local anaesthetic,generic,-caine,crowded,False,,
gujecaine,False,grammar+refined,1,67.58,67.88,moderate,-12.88,2.12,dodecane,0.6549,3,TRADEMARK_HIT,SIMILARITY_MODERATE,gevecaine,gevecaine -> guvecaine -> gujecaine,0.0,1.0,1.0,1.0,1.0,0.858,0.0,local anaesthetic,generic,-caine,crowded,False,,
guzecaine,False,grammar+refined,1,67.58,67.61,moderate,-12.61,2.39,dodecane,0.6209,3,TRADEMARK_HIT,SIMILARITY_MODERATE,gevecaine,gevecaine -> guvecaine -> gujecaine -> guzecaine,0.0,1.0,1.0,1.0,1.0,0.858,0.0,local anaesthetic,generic,-caine,crowded,False,,
otocaine,False,grammar+refined,1,66.87,75.86,high,-20.86,-5.86,otodine,0.759,3,SIMILARITY_TOO_HIGH|INTRA_STEM_TOO_CLOSE|TRADEMARK_HIT,,olocaine,olocaine -> otocaine,0.0,1.0,1.0,1.0,1.0,0.787,0.0,local anaesthetic,generic,-caine,crowded,False,,
otacaine,False,grammar+refined,1,66.87,71.84,high,-16.84,-1.84,tacrine,0.7383,3,SIMILARITY_TOO_HIGH|INTRA_STEM_TOO_CLOSE|TRADEMARK_HIT,,olocaine,olocaine -> otocaine -> otacaine,0.0,1.0,1.0,1.0,1.0,0.787,0.0,local anaesthetic,generic,-caine,crowded,False,,
oticaine,False,grammar+refined,1,67.05,74.15,high,-19.15,-4.15,oticin,0.8524,3,SIMILARITY_TOO_HIGH|INTRA_STEM_TOO_CLOSE|TRADEMARK_HIT,,olocaine,olocaine -> otocaine -> otacaine -> oticaine,0.0,1.0,1.0,1.0,1.0,0.787,0.026,local anaesthetic,generic,-caine,crowded,False,,
nurcaine,False,ngram_guided+refined,1,64.68,66.09,moderate,-11.09,3.91,undecane,0.7352,2,TRADEMARK_HIT,SIMILARITY_MODERATE,nercaine,nercaine -> nurcaine,0.0,1.0,1.0,1.0,1.0,0.568,0.0,local anaesthetic,generic,-caine,crowded,False,,
norcaine,False,ngram_guided+refined,1,68.97,73.65,high,-18.65,-3.65,zorcaine,0.8022,2,SIMILARITY_TOO_HIGH|INTRA_STEM_TOO_CLOSE|TRADEMARK_HIT,,nercaine,nercaine -> nurcaine -> norcaine,0.0,1.0,1.0,1.0,1.0,0.568,0.613,local anaesthetic,generic,-caine,crowded,False,,
romcaine,True,ngram_guided+refined,1,68.1,67.41,moderate,-12.41,2.59,rompun,0.667,2,,SIMILARITY_MODERATE,ramcaine,ramcaine -> romcaine,0.0,1.0,1.0,1.0,1.0,0.568,0.489,local anaesthetic,generic,-caine,crowded,True,,
kaxicaine,True,grammar,2,67.58,63.58,moderate,-8.58,6.42,maxiclens,0.7329,3,,SIMILARITY_MODERATE,,kaxicaine,0.0,1.0,1.0,1.0,1.0,0.858,0.0,local anaesthetic,generic,-caine,crowded,True,,
ruxafeocaine,True,grammar,2,61.74,62.22,moderate,-7.22,7.78,hexadecane,0.6247,5,,SIMILARITY_MODERATE,,ruxafeocaine,0.0,0.771,1.0,1.0,1.0,0.731,0.0,local anaesthetic,generic,-caine,crowded,False,,
heicaine,False,grammar,2,64.68,68.7,moderate,-13.7,1.3,hexane,0.8661,2,TRADEMARK_HIT,SIMILARITY_MODERATE,,heicaine,0.0,1.0,1.0,1.0,1.0,0.568,0.0,local anaesthetic,generic,-caine,crowded,False,,
avavucaine,False,grammar,2,69.02,60.93,moderate,-5.93,9.07,stavudine,0.671,4,TRADEMARK_HIT,SIMILARITY_MODERATE,,avavucaine,0.0,1.0,1.0,1.0,1.0,0.998,0.006,local anaesthetic,generic,-caine,crowded,False,,
miloziacaine,True,grammar,2,61.74,59.44,moderate,-4.44,10.56,clozapine,0.7471,5,,SIMILARITY_MODERATE,,miloziacaine,0.0,0.771,1.0,1.0,1.0,0.731,0.001,local anaesthetic,generic,-caine,crowded,False,,
turmicaine,False,grammar,2,61.33,70.65,high,-15.65,-0.65,lumicain,0.8028,3,SIMILARITY_TOO_HIGH|TRADEMARK_HIT,,,turmicaine,0.0,0.68,1.0,1.0,1.0,0.873,0.0,local anaesthetic,generic,-caine,crowded,False,,
rezucaine,True,grammar,2,59.59,68.24,moderate,-13.24,1.76,reducing,0.7455,3,,SIMILARITY_MODERATE,,rezucaine,0.0,0.6,1.0,1.0,1.0,0.858,0.001,local anaesthetic,generic,-caine,crowded,False,,
duticaine,False,grammar,2,67.58,69.5,moderate,-14.5,0.5,cutiecaine,0.8057,3,INTRA_STEM_TOO_CLOSE|TRADEMARK_HIT,SIMILARITY_MODERATE,,duticaine,0.0,1.0,1.0,1.0,1.0,0.858,0.0,local anaesthetic,generic,-caine,crowded,False,,
rivocaine,False,grammar,2,67.88,67.46,moderate,-12.46,2.54,tridecane,0.7631,3,INTRA_STEM_TOO_CLOSE|TRADEMARK_HIT,SIMILARITY_MODERATE,,rivocaine,0.0,1.0,1.0,1.0,1.0,0.858,0.043,local anaesthetic,generic,-caine,crowded,False,,
noxerecaine,True,grammar,2,63.19,65.9,moderate,-10.9,4.1,doxecitine,0.7663,4,,SIMILARITY_MODERATE,,noxerecaine,0.0,0.733,1.0,1.0,1.0,0.952,0.0,local anaesthetic,generic,-caine,crowded,False,,
elpirdocaine,False,grammar,2,62.7,61.05,moderate,-6.05,8.95,lidocanna,0.7152,4,TRADEMARK_HIT,SIMILARITY_MODERATE,,elpirdocaine,0.0,0.771,0.975,1.0,1.0,0.862,0.0,local anaesthetic,generic,-caine,crowded,False,,
akicaine,False,grammar,2,66.87,60.22,moderate,-5.22,9.78,acticin,0.7373,3,INTRA_STEM_TOO_CLOSE|TRADEMARK_HIT,SIMILARITY_MODERATE,,akicaine,0.0,1.0,1.0,1.0,1.0,0.787,0.0,local anaesthetic,generic,-caine,crowded,False,,
unracaine,False,grammar,2,67.58,71.88,high,-16.88,-1.88,lubracane,0.6659,3,SIMILARITY_TOO_HIGH|INTRA_STEM_TOO_CLOSE|TRADEMARK_HIT,,,unracaine,0.0,1.0,1.0,1.0,1.0,0.858,0.0,local anaesthetic,generic,-caine,crowded,False,,
ditevecaine,True,grammar,2,63.27,61.19,moderate,-6.19,8.81,octadecane,0.8047,4,,SIMILARITY_MODERATE,,ditevecaine,0.0,0.733,1.0,1.0,1.0,0.952,0.012,local anaesthetic,generic,-caine,crowded,True,,
gonticaine,False,grammar,2,61.36,68.56,moderate,-13.56,1.44,pontocaine,0.8589,3,INTRA_STEM_TOO_CLOSE|TRADEMARK_HIT,SIMILARITY_MODERATE,,gonticaine,0.0,0.68,1.0,1.0,1.0,0.873,0.004,local anaesthetic,generic,-caine,crowded,False,,
ciepacaine,False,grammar,2,67.75,64.62,moderate,-9.62,5.38,cetacaine,0.6671,3,TRADEMARK_HIT,SIMILARITY_MODERATE,,ciepacaine,0.0,1.0,1.0,1.0,1.0,0.873,0.003,local anaesthetic,generic,-caine,crowded,False,,
roravacaine,False,grammar,2,63.33,65.51,moderate,-10.51,4.49,loratadine,0.7347,4,INTRA_STEM_TOO_CLOSE|TRADEMARK_HIT,SIMILARITY_MODERATE,,roravacaine,0.0,0.733,1.0,1.0,1.0,0.952,0.019,local anaesthetic,generic,-caine,crowded,False,,
medicaine,False,grammar,2,59.6,100.0,high,-45.0,-30.0,medicaine,0.9418,3,EXACT_NAME_COLLISION|TRADEMARK_HIT,,,medicaine,0.0,0.6,1.0,1.0,1.0,0.858,0.003,local anaesthetic,generic,-caine,crowded,False,,
gebonucaine,True,grammar,2,63.19,57.02,moderate,-2.02,12.98,fomocain,0.6693,4,,SIMILARITY_MODERATE,,gebonucaine,0.0,0.733,1.0,1.0,1.0,0.952,0.0,local anaesthetic,generic,-caine,crowded,False,,
ilecaine,False,grammar,2,66.87,71.24,high,-16.24,-1.24,alocane,0.7762,3,SIMILARITY_TOO_HIGH|TRADEMARK_HIT,,,ilecaine,0.0,1.0,1.0,1.0,1.0,0.787,0.0,local anaesthetic,generic,-caine,crowded,False,,
pisicaine,False,grammar,2,67.58,65.45,moderate,-10.45,4.55,silicone,0.8236,3,INTRA_STEM_TOO_CLOSE|TRADEMARK_HIT,SIMILARITY_MODERATE,,pisicaine,0.0,1.0,1.0,1.0,1.0,0.858,0.0,local anaesthetic,generic,-caine,crowded,False,,
liltegicaine,True,grammar,2,63.05,60.98,moderate,-5.98,9.02,rilmenidine,0.6729,4,,SIMILARITY_MODERATE,,liltegicaine,0.0,0.771,1.0,1.0,1.0,0.862,0.0,local anaesthetic,generic,-caine,crowded,False,,
ebocaine,False,grammar,2,66.87,67.16,moderate,-12.16,2.84,betaine,0.7638,3,INTRA_STEM_TOO_CLOSE|TRADEMARK_HIT,SIMILARITY_MODERATE,,ebocaine,0.0,1.0,1.0,1.0,1.0,0.787,0.0,local anaesthetic,generic,-caine,crowded,False,,
totocaine,False,grammar,2,67.59,73.04,high,-18.04,-3.04,fomocain,0.8245,3,SIMILARITY_TOO_HIGH|TRADEMARK_HIT,,,totocaine,0.0,1.0,1.0,1.0,1.0,0.858,0.001,local anaesthetic,generic,-caine,crowded,False,,
peflapacaine,True,ngram_guided,2,63.45,69.15,moderate,-14.15,0.85,pefloxacin,0.7067,4,,SIMILARITY_MODERATE,,peflapacaine,0.0,0.564,0.879,1.0,1.0,0.862,0.891,local anaesthetic,generic,-caine,crowded,True,,
bisocaine,False,ngram_guided,2,64.73,63.01,moderate,-8.01,6.99,dezocine,0.932,3,INTRA_STEM_TOO_CLOSE|TRADEMARK_HIT,SIMILARITY_MODERATE,,bisocaine,0.0,0.6,1.0,1.0,1.0,0.858,0.736,local anaesthetic,generic,-caine,crowded,False,,
brovacaine,False,ngram_guided,2,57.9,69.54,moderate,-14.54,0.46,brovanexine,0.8558,3,TRADEMARK_HIT,SIMILARITY_MODERATE,,brovacaine,0.0,0.45,0.854,1.0,1.0,0.873,0.459,local anaesthetic,generic,-caine,crowded,False,,
specaine,False,ngram_guided,2,62.61,71.39,high,-16.39,-1.39,spermine,0.92,2,SIMILARITY_TOO_HIGH|TRADEMARK_HIT,,,specaine,0.0,1.0,0.803,1.0,1.0,0.568,0.097,local anaesthetic,generic,-caine,crowded,False,,
clacaine,False,ngram_guided,2,66.48,71.91,high,-16.91,-1.91,placadine,0.9205,2,SIMILARITY_TOO_HIGH|TRADEMARK_HIT,,,clacaine,0.0,1.0,0.803,1.0,1.0,0.568,0.65,local anaesthetic,generic,-caine,crowded,False,,
dapcaine,False,ngram_guided,2,69.24,71.01,high,-16.01,-1.01,dapsone,0.7296,2,SIMILARITY_TOO_HIGH|TRADEMARK_HIT,,,dapcaine,0.0,1.0,1.0,1.0,1.0,0.568,0.651,local anaesthetic,generic,-caine,crowded,False,,
lixekicaine,True,ngram_guided,2,63.34,61.0,moderate,-6.0,9.0,hexetidine,0.7651,4,,SIMILARITY_MODERATE,,lixekicaine,0.0,0.517,1.0,1.0,1.0,0.952,0.641,local anaesthetic,generic,-caine,crowded,True,,
celicaine,False,ngram_guided,2,64.87,73.04,high,-18.04,-3.04,delicate,0.9549,3,SIMILARITY_TOO_HIGH|TRADEMARK_HIT,,,celicaine,0.0,0.6,1.0,1.0,1.0,0.858,0.756,local anaesthetic,generic,-caine,crowded,False,,
muracaine,False,ngram_guided,2,60.04,70.89,high,-15.89,-0.89,lubracane,0.9014,3,SIMILARITY_TOO_HIGH|INTRA_STEM_TOO_CLOSE|TRADEMARK_HIT,,,muracaine,0.0,0.6,1.0,1.0,1.0,0.858,0.066,local anaesthetic,generic,-caine,crowded,False,,
sulcaine,False,ngram_guided,2,68.58,69.11,moderate,-14.11,0.89,ultane,0.9344,2,TRADEMARK_HIT,SIMILARITY_MODERATE,,sulcaine,0.0,1.0,1.0,1.0,1.0,0.568,0.557,local anaesthetic,generic,-caine,crowded,False,,
efacaine,False,ngram_guided,2,67.02,63.18,moderate,-8.18,6.82,bactine,0.848,3,TRADEMARK_HIT,SIMILARITY_MODERATE,,efacaine,0.0,1.0,1.0,1.0,1.0,0.787,0.02,local anaesthetic,generic,-caine,crowded,False,,
sulfcaine,True,ngram_guided,2,56.37,68.83,moderate,-13.83,1.17,sulfated,0.8501,2,,SIMILARITY_MODERATE,,sulfcaine,0.0,0.6,0.737,1.0,1.0,0.639,0.381,local anaesthetic,generic,-caine,crowded,False,,
guselapecaine,True,ngram_guided,2,57.42,64.74,moderate,-9.74,5.26,selamectin,0.7484,5,,SIMILARITY_MODERATE,,guselapecaine,0.0,0.6,1.0,1.0,1.0,0.624,0.026,local anaesthetic,generic,-caine,crowded,False,,
rosulfacaine,True,ngram_guided,2,53.2,66.44,moderate,-11.44,3.56,resurfacing,0.9456,4,,SIMILARITY_MODERATE,,rosulfacaine,0.0,0.357,1.0,1.0,0.53,0.862,0.851,local anaesthetic,generic,-caine,crowded,False,,
zilcaine,False,ngram_guided,2,64.82,69.65,moderate,-14.65,0.35,zilactin,0.6774,2,TRADEMARK_HIT,SIMILARITY_MODERATE,,zilcaine,0.0,1.0,1.0,1.0,1.0,0.568,0.019,local anaesthetic,generic,-caine,crowded,False,,
meliprcaine,True,ngram_guided,2,55.55,68.86,moderate,-13.86,1.14,melitracen,0.7078,3,,SIMILARITY_MODERATE,,meliprcaine,0.0,0.517,0.788,1.0,1.0,0.828,0.129,local anaesthetic,generic,-caine,crowded,False,,
levocaine,False,ngram_guided,2,61.33,64.62,moderate,-9.62,5.38,lidocan,0.9184,3,INTRA_STEM_TOO_CLOSE|TRADEMARK_HIT,SIMILARITY_MODERATE,,levocaine,0.0,0.6,1.0,1.0,1.0,0.858,0.25,local anaesthetic,generic,-caine,crowded,False,,
celigrocaine,False,ngram_guided,2,57.94,67.29,moderate,-12.29,2.71,veligrotug,0.8387,4,TRADEMARK_HIT,SIMILARITY_MODERATE,,celigrocaine,0.0,0.357,0.879,1.0,1.0,0.862,0.695,local anaesthetic,generic,-caine,crowded,False,,
plazelcaine,True,ngram_guided,2,60.16,63.48,moderate,-8.48,6.52,tolazoline,0.7507,3,,SIMILARITY_MODERATE,,plazelcaine,0.0,0.733,0.829,1.0,1.0,0.828,0.088,local anaesthetic,generic,-caine,crowded,False,,
nifetcaine,False,ngram_guided,2,62.9,71.91,high,-16.91,-1.91,nifedipine,0.6638,3,SIMILARITY_TOO_HIGH|TRADEMARK_HIT,,,nifetcaine,0.0,0.68,1.0,1.0,1.0,0.873,0.224,local anaesthetic,generic,-caine,crowded,False,,
miglucircaine,True,ngram_guided,2,56.95,66.78,moderate,-11.78,3.22,imiglucerase,0.7289,4,,SIMILARITY_MODERATE,,miglucircaine,0.0,0.4,0.854,1.0,1.0,0.755,0.633,local anaesthetic,generic,-caine,crowded,False,,
voretcaine,False,ngram_guided,2,61.11,73.01,high,-18.01,-3.01,voretigene,0.6731,3,SIMILARITY_TOO_HIGH|TRADEMARK_HIT,,,voretcaine,0.0,0.45,1.0,1.0,1.0,0.873,0.626,local anaesthetic,generic,-caine,crowded,False,,
avucaine,False,ngram_guided,2,67.47,65.96,moderate,-10.96,4.04,alocane,0.8396,3,TRADEMARK_HIT,SIMILARITY_MODERATE,,avucaine,0.0,1.0,1.0,1.0,1.0,0.787,0.086,local anaesthetic,generic,-caine,crowded,False,,
gemiplicaine,True,ngram_guided,2,59.93,66.66,moderate,-11.66,3.34,gemifloxacin,0.7938,4,,SIMILARITY_MODERATE,,gemiplicaine,0.0,0.357,0.879,1.0,1.0,0.862,0.981,local anaesthetic,generic,-caine,crowded,False,,
dawcaine,False,ngram_guided+refined,2,64.68,64.58,moderate,-9.58,5.42,bactine,0.6115,2,TRADEMARK_HIT,SIMILARITY_MODERATE,dapcaine,dapcaine -> dawcaine,0.0,1.0,1.0,1.0,1.0,0.568,0.0,local anaesthetic,generic,-caine,crowded,False,,
dewcaine,False,ngram_guided+refined,2,64.75,64.42,moderate,-9.42,5.58,betaine,0.6486,2,TRADEMARK_HIT,SIMILARITY_MODERATE,dapcaine,dapcaine -> dawcaine -> dewcaine,0.0,1.0,1.0,1.0,1.0,0.568,0.01,local anaesthetic,generic,-caine,crowded,False,,
dowcaine,False,ngram_guided+refined,2,64.68,67.32,moderate,-12.32,2.68,dodecane,0.6422,2,TRADEMARK_HIT,SIMILARITY_MODERATE,dapcaine,dapcaine -> dawcaine -> dewcaine -> dowcaine,0.0,1.0,1.0,1.0,1.0,0.568,0.0,local anaesthetic,generic,-caine,crowded,False,,
avevucaine,False,grammar+refined,2,68.98,59.75,moderate,-4.75,10.25,velutina,0.6584,4,TRADEMARK_HIT,SIMILARITY_MODERATE,avavucaine,avavucaine -> avevucaine,0.0,1.0,1.0,1.0,1.0,0.998,0.0,local anaesthetic,generic,-caine,crowded,False,,
afevucaine,False,grammar+refined,2,68.98,59.84,moderate,-4.84,10.16,fomocain,0.6871,4,TRADEMARK_HIT,SIMILARITY_MODERATE,avavucaine,avavucaine -> avevucaine -> afevucaine,0.0,1.0,1.0,1.0,1.0,0.998,0.0,local anaesthetic,generic,-caine,crowded,False,,
afovucaine,False,grammar+refined,2,68.98,67.98,moderate,-12.98,2.02,fomocain,0.6769,4,TRADEMARK_HIT,SIMILARITY_MODERATE,avavucaine,avavucaine -> avevucaine -> afevucaine -> afovucaine,0.0,1.0,1.0,1.0,1.0,0.998,0.0,local anaesthetic,generic,-caine,crowded,False,,
selcaine,False,ngram_guided+refined,2,69.53,74.64,high,-19.64,-4.64,velcade,0.7586,2,SIMILARITY_TOO_HIGH|TRADEMARK_HIT,,sulcaine,sulcaine -> selcaine,0.0,1.0,1.0,1.0,1.0,0.568,0.693,local anaesthetic,generic,-caine,crowded,False,,
sescaine,False,ngram_guided+refined,2,62.56,70.06,high,-15.06,-0.06,sustain,0.8897,2,SIMILARITY_TOO_HIGH|TRADEMARK_HIT,,sulcaine,sulcaine -> selcaine -> sescaine,0.0,1.0,0.849,1.0,1.0,0.568,0.0,local anaesthetic,generic,-caine,crowded,False,,
nescaine,False,ngram_guided+refined,2,62.92,75.96,high,-20.96,-5.96,nesacaine,0.8526,2,SIMILARITY_TOO_HIGH|TRADEMARK_HIT,,sulcaine,sulcaine -> selcaine -> sescaine -> nescaine,0.0,1.0,0.849,1.0,1.0,0.568,0.05,local anaesthetic,generic,-caine,crowded,False,,
revocaine,False,grammar+refined,2,61.23,65.65,moderate,-10.65,4.35,reserpine,0.9063,3,TRADEMARK_HIT,SIMILARITY_MODERATE,rivocaine,rivocaine -> revocaine,0.0,0.6,1.0,1.0,1.0,0.858,0.235,local anaesthetic,generic,-caine,crowded,False,,
rehocaine,True,grammar+refined,2,59.58,62.29,moderate,-7.29,7.71,rhodamine,0.7346,3,,SIMILARITY_MODERATE,rivocaine,rivocaine -> revocaine -> rehocaine,0.0,0.6,1.0,1.0,1.0,0.858,0.0,local anaesthetic,generic,-caine,crowded,False,,
coepacaine,False,grammar+refined,2,68.99,66.49,moderate,-11.49,3.51,copaxone,0.7229,4,TRADEMARK_HIT,SIMILARITY_MODERATE,ciepacaine,ciepacaine -> coepacaine,0.0,1.0,1.0,1.0,1.0,0.998,0.001,local anaesthetic,generic,-caine,crowded,False,,
titocaine,False,grammar+refined,2,59.63,72.56,high,-17.56,-2.56,mitotane,0.8504,3,SIMILARITY_TOO_HIGH|INTRA_STEM_TOO_CLOSE|TRADEMARK_HIT,,totocaine,totocaine -> titocaine,0.0,0.6,1.0,1.0,1.0,0.858,0.007,local anaesthetic,generic,-caine,crowded,False,,
tetocaine,False,grammar+refined,2,72.41,81.36,high,-26.36,-11.36,tetcaine,0.8983,3,SIMILARITY_TOO_HIGH|INTRA_STEM_TOO_CLOSE|TRADEMARK_HIT,,totocaine,totocaine -> titocaine -> tetocaine,0.0,1.0,1.0,1.0,1.0,0.858,0.69,local anaesthetic,generic,-caine,crowded,False,,
tetucaine,False,grammar+refined,2,64.52,81.36,high,-26.36,-11.36,tetcaine,0.774,3,SIMILARITY_TOO_HIGH|TRADEMARK_HIT,,totocaine,totocaine -> titocaine -> tetocaine -> tetucaine,0.0,0.6,1.0,1.0,1.0,0.858,0.706,local anaesthetic,generic,-caine,crowded,False,,
daticaine,False,grammar+refined,2,59.76,65.04,moderate,-10.04,4.96,mastichina,0.9293,3,INTRA_STEM_TOO_CLOSE|TRADEMARK_HIT,SIMILARITY_MODERATE,duticaine,duticaine -> daticaine,0.0,0.6,1.0,1.0,1.0,0.858,0.026,local anaesthetic,generic,-caine,crowded,False,,
daficaine,False,grammar+refined,2,59.73,62.79,moderate,-7.79,7.21,naftifine,0.8392,3,TRADEMARK_HIT,SIMILARITY_MODERATE,duticaine,duticaine -> daticaine -> daficaine,0.0,0.6,1.0,1.0,1.0,0.858,0.021,local anaesthetic,generic,-caine,crowded,False,,
dayicaine,False,grammar+refined,2,59.58,62.88,moderate,-7.88,7.12,lumicain,0.7133,3,TRADEMARK_HIT,SIMILARITY_MODERATE,duticaine,duticaine -> daticaine -> daficaine -> dayicaine,0.0,0.6,1.0,1.0,1.0,0.858,0.0,local anaesthetic,generic,-caine,crowded,False,,
uvracaine,False,grammar+refined,2,65.53,76.57,high,-21.57,-6.57,lubracane,0.6066,3,SIMILARITY_TOO_HIGH|TRADEMARK_HIT,,unracaine,unracaine -> uvracaine,0.0,1.0,0.854,1.0,1.0,0.858,0.0,local anaesthetic,generic,-caine,crowded,False,,
ulracaine,False,grammar+refined,2,67.58,70.89,high,-15.89,-0.89,lubracane,0.6266,3,SIMILARITY_TOO_HIGH|TRADEMARK_HIT,,unracaine,unracaine -> uvracaine -> ulracaine,0.0,1.0,1.0,1.0,1.0,0.858,0.0,local anaesthetic,generic,-caine,crowded,False,,
ulzacaine,False,grammar+refined,2,67.58,71.95,high,-16.95,-1.95,ultacan,0.6243,3,SIMILARITY_TOO_HIGH|TRADEMARK_HIT,,unracaine,unracaine -> uvracaine -> ulracaine -> ulzacaine,0.0,1.0,1.0,1.0,1.0,0.858,0.0,local anaesthetic,generic,-caine,crowded,False,,
nobidastatin,False,grammar,1,59.5,65.56,moderate,-10.56,4.44,panobinostat,0.7838,5,TRADEMARK_HIT,SIMILARITY_MODERATE,,nobidastatin,0.0,0.733,0.894,1.0,1.0,0.731,0.001,HMG-CoA reductase inhibitor,generic,-statin,crowded,False,,
ciszostatin,False,grammar,1,66.51,68.2,moderate,-13.2,1.8,cifostodine,0.6414,4,TRADEMARK_HIT,SIMILARITY_MODERATE,,ciszostatin,0.0,1.0,0.854,1.0,1.0,0.952,0.003,HMG-CoA reductase inhibitor,generic,-statin,crowded,False,,
derfestatin,True,grammar,1,55.51,66.07,moderate,-11.07,3.93,terfenadine,0.7938,4,,SIMILARITY_MODERATE,,derfestatin,0.0,0.45,0.854,1.0,1.0,0.952,0.003,HMG-CoA reductase inhibitor,generic,-statin,crowded,False,,
dopplostatin,True,grammar,1,62.67,63.77,moderate,-8.77,6.23,prostatone,0.7183,4,,SIMILARITY_MODERATE,,dopplostatin,0.0,1.0,0.647,1.0,1.0,0.862,0.0,HMG-CoA reductase inhibitor,generic,-statin,crowded,True,,
fapezestatin,True,grammar,1,59.49,63.88,moderate,-8.88,6.12,capecitabine,0.6152,5,,SIMILARITY_MODERATE,,fapezestatin,0.0,0.733,0.894,1.0,1.0,0.731,0.0,HMG-CoA reductase inhibitor,generic,-statin,crowded,False,,
ylistatin,False,grammar,1,62.4,71.29,high,-16.29,-1.29,orlistat,0.6828,3,SIMILARITY_TOO_HIGH|TRADEMARK_HIT,ILLEGAL_ONSET_CLUSTER,,ylistatin,0.0,1.0,0.63,1.0,1.0,0.858,0.0,HMG-CoA reductase inhibitor,generic,-statin,crowded,False,,
dinastatin,False,grammar,1,61.1,74.44,high,-19.44,-4.44,adiastatic,0.9198,4,SIMILARITY_TOO_HIGH|INTRA_STEM_TOO_CLOSE|TRADEMARK_HIT,,,dinastatin,0.0,0.6,0.879,1.0,1.0,0.998,0.259,HMG-CoA reductase inhibitor,generic,-statin,crowded,False,,
denistatin,False,grammar,1,65.54,74.13,high,-19.13,-4.13,genistein,0.8525,4,SIMILARITY_TOO_HIGH|INTRA_STEM_TOO_CLOSE|TRADEMARK_HIT,,,denistatin,0.0,0.6,0.879,1.0,1.0,0.998,0.894,HMG-CoA reductase inhibitor,generic,-statin,crowded,False,,
sukostatin,False,grammar,1,67.29,69.63,moderate,-14.63,0.37,sunstation,0.6695,4,TRADEMARK_HIT,SIMILARITY_MODERATE,,sukostatin,0.0,1.0,0.879,1.0,1.0,0.998,0.0,HMG-CoA reductase inhibitor,generic,-statin,crowded,False,,
mofonustatin,True,grammar,1,64.83,62.99,moderate,-7.99,7.01,monistat,0.7236,5,,SIMILARITY_MODERATE,,mofonustatin,0.0,1.0,0.894,1.0,1.0,0.731,0.0,HMG-CoA reductase inhibitor,generic,-statin,crowded,True,,
donsestatin,False,grammar,1,60.11,65.2,moderate,-10.2,4.8,constipation,0.7989,4,TRADEMARK_HIT,SIMILARITY_MODERATE,,donsestatin,0.0,0.68,0.854,1.0,1.0,0.952,0.003,HMG-CoA reductase inhibitor,generic,-statin,crowded,False,,
feungastatin,False,grammar,1,60.25,67.24,moderate,-12.24,2.76,fungistat,0.6429,4,TRADEMARK_HIT,SIMILARITY_MODERATE,,feungastatin,0.0,0.733,0.854,1.0,1.0,0.862,0.0,HMG-CoA reductase inhibitor,generic,-statin,crowded,False,,
icutestatin,True,grammar,1,59.33,62.42,moderate,-7.42,7.58,sunstation,0.7506,5,,SIMILARITY_MODERATE,,icutestatin,0.0,0.68,0.894,1.0,1.0,0.821,0.0,HMG-CoA reductase inhibitor,generic,-statin,crowded,False,,
olostatin,False,grammar,1,67.14,71.48,high,-16.48,-1.48,olopatadine,0.8469,4,SIMILARITY_TOO_HIGH|TRADEMARK_HIT,,,olostatin,0.0,1.0,0.879,1.0,1.0,0.983,0.001,HMG-CoA reductase inhibitor,generic,-statin,crowded,False,,
rimasastatin,False,grammar,1,59.67,69.09,moderate,-14.09,0.91,rimantadine,0.694,5,TRADEMARK_HIT,SIMILARITY_MODERATE,,rimasastatin,0.0,0.733,0.894,1.0,1.0,0.731,0.026,HMG-CoA reductase inhibitor,generic,-statin,crowded,False,,
balostatin,False,grammar,1,63.75,65.32,moderate,-10.32,4.68,balsamina,0.8592,4,TRADEMARK_HIT,SIMILARITY_MODERATE,,balostatin,0.0,0.6,0.879,1.0,1.0,0.998,0.637,HMG-CoA reductase inhibitor,generic,-statin,crowded,False,,
cirmostatin,False,grammar,1,66.51,66.09,moderate,-11.09,3.91,sunstation,0.7089,4,TRADEMARK_HIT,SIMILARITY_MODERATE,,cirmostatin,0.0,1.0,0.854,1.0,1.0,0.952,0.003,HMG-CoA reductase inhibitor,generic,-statin,crowded,False,,
gevestatin,False,grammar,1,67.29,63.24,moderate,-8.24,6.76,revefenacin,0.7468,4,TRADEMARK_HIT,SIMILARITY_MODERATE,,gevestatin,0.0,1.0,0.879,1.0,1.0,0.998,0.0,HMG-CoA reductase inhibitor,generic,-statin,crowded,False,,
futlestatin,False,grammar,1,60.09,63.59,moderate,-8.59,6.41,sunstation,0.6446,4,TRADEMARK_HIT,SIMILARITY_MODERATE,,futlestatin,0.0,0.68,0.854,1.0,1.0,0.952,0.001,HMG-CoA reductase inhibitor,generic,-statin,crowded,False,,
maxycabastatin,True,grammar,1,55.19,64.83,moderate,-9.83,5.17,axicabtagene,0.6718,6,,SIMILARITY_MODERATE,,maxycabastatin,0.0,0.8,0.793,1.0,1.0,0.309,0.0,HMG-CoA reductase inhibitor,generic,-statin,crowded,False,,
edonostatin,False,grammar,1,59.34,64.59,moderate,-9.59,5.41,sunstation,0.7882,5,TRADEMARK_HIT,SIMILARITY_MODERATE,,edonostatin,0.0,0.68,0.894,1.0,1.0,0.821,0.001,HMG-CoA reductase inhibitor,generic,-statin,crowded,False,,
clalistatin,False,grammar,1,59.11,67.2,moderate,-12.2,2.8,oxaliplatin,0.7938,4,TRADEMARK_HIT,SIMILARITY_MODERATE,,clalistatin,0.0,0.68,0.733,1.0,1.0,0.952,0.103,HMG-CoA reductase inhibitor,generic,-statin,crowded,False,,
gonostatin,False,grammar,1,59.46,66.67,moderate,-11.67,3.33,sunstation,0.8382,4,TRADEMARK_HIT,SIMILARITY_MODERATE,,gonostatin,0.0,0.6,0.879,1.0,1.0,0.998,0.026,HMG-CoA reductase inhibitor,generic,-statin,crowded,False,,
pelmastatin,False,grammar,1,60.14,69.54,moderate,-14.54,0.46,telmesteine,0.7482,4,INTRA_STEM_TOO_CLOSE|TRADEMARK_HIT,SIMILARITY_MODERATE,,pelmastatin,0.0,0.68,0.854,1.0,1.0,0.952,0.007,HMG-CoA reductase inhibitor,generic,-statin,crowded,False,,
decanestatin,True,ngram_guided,1,46.29,67.42,moderate,-12.42,2.58,decongestant,0.9088,5,,SIMILARITY_MODERATE,,decanestatin,0.0,0.3,0.894,1.0,0.53,0.731,0.427,HMG-CoA reductase inhibitor,generic,-statin,crowded,False,,
pentostatin,False,ngram_guided,1,49.54,100.0,high,-45.0,-30.0,pentostatin,0.9265,4,EXACT_NAME_COLLISION|TRADEMARK_HIT,,,pentostatin,0.0,0.45,0.854,1.0,0.53,0.952,0.225,HMG-CoA reductase inhibitor,generic,-statin,crowded,False,,
pemeclostatin,True,ngram_guided,1,45.3,67.72,moderate,-12.72,2.28,demeclocycline,0.8265,5,,SIMILARITY_MODERATE,,pemeclostatin,0.0,0.357,0.763,1.0,0.53,0.624,0.535,HMG-CoA reductase inhibitor,generic,-statin,crowded,False,,
prastustatin,False,ngram_guided,1,57.67,59.83,moderate,-4.83,10.17,prostatone,0.8579,4,TRADEMARK_HIT,SIMILARITY_MODERATE,,prastustatin,0.0,0.517,0.648,1.0,1.0,0.862,0.663,HMG-CoA reductase inhibitor,generic,-statin,crowded,False,,
decandostatin,False,ngram_guided,1,46.04,65.53,moderate,-10.53,4.47,decongestant,0.8929,5,TRADEMARK_HIT,SIMILARITY_MODERATE,,decandostatin,0.0,0.357,0.869,1.0,0.53,0.624,0.429,HMG-CoA reductase inhibitor,generic,-statin,crowded,False,,
nerstatin,False,ngram_guided,1,65.88,69.99,moderate,-14.99,0.01,pertactin,0.6943,3,INTRA_STEM_TOO_CLOSE|TRADEMARK_HIT,SIMILARITY_MODERATE,,nerstatin,0.0,1.0,0.742,1.0,1.0,0.858,0.273,HMG-CoA reductase inhibitor,generic,-statin,crowded,False,,
thiazstatin,False,ngram_guided,1,52.88,67.35,moderate,-12.35,2.65,adiastatic,0.6598,4,TRADEMARK_HIT,SIMILARITY_MODERATE,,thiazstatin,0.0,0.45,0.768,1.0,0.53,0.952,0.876,HMG-CoA reductase inhibitor,generic,-statin,crowded,False,,
elestatin,False,ngram_guided,1,70.87,75.12,high,-20.12,-5.12,elestrin,0.8292,4,SIMILARITY_TOO_HIGH|INTRA_STEM_TOO_CLOSE|TRADEMARK_HIT,,,elestatin,0.0,1.0,0.879,1.0,1.0,0.983,0.534,HMG-CoA reductase inhibitor,generic,-statin,crowded,False,,
ubromostatin,True,ngram_guided,1,49.99,63.19,moderate,-8.19,6.81,tromantadine,0.8005,5,,SIMILARITY_MODERATE,,ubromostatin,0.0,0.517,0.763,1.0,0.53,0.731,0.597,HMG-CoA reductase inhibitor,generic,-statin,crowded,False,,
sumateristatin,False,ngram_guided,1,59.23,71.61,high,-16.61,-1.61,sumatriptan,0.9185,6,SIMILARITY_TOO_HIGH|TRADEMARK_HIT,,,sumateristatin,0.0,0.6,0.904,1.0,1.0,0.309,0.925,HMG-CoA reductase inhibitor,generic,-statin,crowded,False,,
deworstatin,True,ngram_guided,1,57.25,59.58,moderate,-4.58,10.42,neurostat,0.6932,4,,SIMILARITY_MODERATE,,deworstatin,0.0,0.45,0.768,1.0,1.0,0.952,0.426,HMG-CoA reductase inhibitor,generic,-statin,crowded,False,,
methiostatin,True,ngram_guided,1,45.24,65.71,moderate,-10.71,4.29,methoxamine,0.9769,5,,SIMILARITY_MODERATE,,methiostatin,0.0,0.3,0.869,1.0,0.53,0.731,0.325,HMG-CoA reductase inhibitor,generic,-statin,crowded,False,,
abcistatin,False,ngram_guided,1,60.14,70.52,high,-15.52,-0.52,cisplatin,0.7142,4,SIMILARITY_TOO_HIGH|TRADEMARK_HIT,,,abcistatin,0.0,0.6,0.854,1.0,1.0,0.998,0.171,HMG-CoA reductase inhibitor,generic,-statin,crowded,False,,
thystatin,False,ngram_guided,1,64.93,74.2,high,-19.2,-4.2,cystamine,0.9155,3,SIMILARITY_TOO_HIGH|INTRA_STEM_TOO_CLOSE|TRADEMARK_HIT,,,thystatin,0.0,1.0,0.742,1.0,1.0,0.858,0.137,HMG-CoA reductase inhibitor,generic,-statin,crowded,False,,
ramstatin,False,ngram_guided,1,65.4,66.75,moderate,-11.75,3.25,framycetin,0.746,3,TRADEMARK_HIT,SIMILARITY_MODERATE,,ramstatin,0.0,1.0,0.742,1.0,1.0,0.858,0.204,HMG-CoA reductase inhibitor,generic,-statin,crowded,False,,
albustatin,True,ngram_guided,1,62.11,66.4,moderate,-11.4,3.6,albutein,0.8383,4,,SIMILARITY_MODERATE,,albustatin,0.0,0.6,0.854,1.0,1.0,0.998,0.454,HMG-CoA reductase inhibitor,generic,-statin,crowded,True,,
abirastatin,False,ngram_guided,1,60.71,73.81,high,-18.81,-3.81,adiastatic,0.8056,5,SIMILARITY_TOO_HIGH|INTRA_STEM_TOO_CLOSE|TRADEMARK_HIT,,,abirastatin,0.0,0.45,0.894,1.0,1.0,0.821,0.855,HMG-CoA reductase inhibitor,generic,-statin,crowded,False,,
chirstatin,False,ngram_guided,1,57.41,66.84,moderate,-11.84,3.16,cisplatin,0.7505,3,TRADEMARK_HIT,SIMILARITY_MODERATE,,chirstatin,0.0,0.6,0.742,1.0,1.0,0.873,0.184,HMG-CoA reductase inhibitor,generic,-statin,crowded,False,,
omerstatin,False,ngram_guided,1,58.05,66.54,moderate,-11.54,3.46,pertactin,0.7211,4,TRADEMARK_HIT,SIMILARITY_MODERATE,,omerstatin,0.0,0.6,0.768,1.0,1.0,0.998,0.046,HMG-CoA reductase inhibitor,generic,-statin,crowded,False,,
dipeginistatin,True,ngram_guided,1,55.33,63.87,moderate,-8.87,6.13,peginesatide,0.8785,6,,SIMILARITY_MODERATE,,dipeginistatin,0.0,0.6,0.904,1.0,1.0,0.309,0.369,HMG-CoA reductase inhibitor,generic,-statin,crowded,False,,
mirtolstatin,False,ngram_guided,1,64.23,71.84,high,-16.84,-1.84,metalstat,0.6801,4,SIMILARITY_TOO_HIGH|TRADEMARK_HIT,,,mirtolstatin,0.0,0.733,0.768,1.0,1.0,0.862,0.742,HMG-CoA reductase inhibitor,generic,-statin,crowded,False,,
prazstatin,False,ngram_guided,1,53.04,76.12,high,-21.12,-6.12,pravastatin,0.6493,3,SIMILARITY_TOO_HIGH|TRADEMARK_HIT,,,prazstatin,0.0,0.6,0.596,1.0,0.59,0.873,0.789,HMG-CoA reductase inhibitor,generic,-statin,crowded,False,,
suavistatin,False,ngram_guided,1,57.84,65.9,moderate,-10.9,4.1,sunstation,0.782,5,TRADEMARK_HIT,SIMILARITY_MODERATE,,suavistatin,0.0,0.45,0.894,1.0,1.0,0.821,0.444,HMG-CoA reductase inhibitor,generic,-statin,crowded,False,,
behenoxastatin,True,ngram_guided,1,46.93,61.08,moderate,-6.08,8.92,phenoxyacetate,0.8248,6,,SIMILARITY_MODERATE,,behenoxastatin,0.0,0.4,0.904,1.0,0.53,0.309,0.814,HMG-CoA reductase inhibitor,generic,-statin,crowded,False,,
elistatin,False,ngram_guided+refined,1,73.96,68.6,moderate,-13.6,1.4,elastin,0.8629,4,INTRA_STEM_TOO_CLOSE|TRADEMARK_HIT,SIMILARITY_MODERATE,elestatin,elestatin -> elistatin,0.0,1.0,0.879,1.0,1.0,0.983,0.975,HMG-CoA reductase inhibitor,generic,-statin,crowded,False,,
eyistatin,False,ngram_guided+refined,1,67.13,69.51,moderate,-14.51,0.49,station,0.6736,4,INTRA_STEM_TOO_CLOSE|TRADEMARK_HIT,SIMILARITY_MODERATE,elestatin,elestatin -> elistatin -> eyistatin,0.0,1.0,0.879,1.0,1.0,0.983,0.0,HMG-CoA reductase inhibitor,generic,-statin,crowded,False,,
efistatin,False,ngram_guided+refined,1,67.28,71.89,high,-16.89,-1.89,cisplatin,0.7841,4,SIMILARITY_TOO_HIGH|TRADEMARK_HIT,,elestatin,elestatin -> elistatin -> eyistatin -> efistatin,0.0,1.0,0.879,1.0,1.0,0.983,0.02,HMG-CoA reductase inhibitor,generic,-statin,crowded,False,,
sokostatin,False,grammar+refined,1,67.29,66.67,moderate,-11.67,3.33,sunstation,0.64,4,TRADEMARK_HIT,SIMILARITY_MODERATE,sukostatin,sukostatin -> sokostatin,0.0,1.0,0.879,1.0,1.0,0.998,0.0,HMG-CoA reductase inhibitor,generic,-statin,crowded,False,,
sakostatin,False,grammar+refined,1,67.29,65.69,moderate,-10.69,4.31,sunstation,0.6523,4,TRADEMARK_HIT,SIMILARITY_MODERATE,sukostatin,sukostatin -> sokostatin -> sakostatin,0.0,1.0,0.879,1.0,1.0,0.998,0.0,HMG-CoA reductase inhibitor,generic,-statin,crowded,False,,
gegestatin,True,grammar+refined,1,67.29,68.46,moderate,-13.46,1.54,aygestin,0.6824,4,,SIMILARITY_MODERATE,gevestatin,gevestatin -> gegestatin,0.0,1.0,0.879,1.0,1.0,0.998,0.0,HMG-CoA reductase inhibitor,generic,-statin,crowded,True,,
olastatin,False,grammar+refined,1,71.09,72.9,high,-17.9,-2.9,elastin,0.8454,4,SIMILARITY_TOO_HIGH|INTRA_STEM_TOO_CLOSE|TRADEMARK_HIT,,olostatin,olostatin -> olastatin,0.0,1.0,0.879,1.0,1.0,0.983,0.566,HMG-CoA reductase inhibitor,generic,-statin,crowded,False,,
ulastatin,False,grammar+refined,1,67.13,71.95,high,-16.95,-1.95,elastin,0.8248,4,SIMILARITY_TOO_HIGH|INTRA_STEM_TOO_CLOSE|TRADEMARK_HIT,,olostatin,olostatin -> olastatin -> ulastatin,0.0,1.0,0.879,1.0,1.0,0.983,0.0,HMG-CoA reductase inhibitor,generic,-statin,crowded,False,,
alastatin,False,grammar+refined,1,71.24,72.84,high,-17.84,-2.84,elastin,0.8954,4,SIMILARITY_TOO_HIGH|INTRA_STEM_TOO_CLOSE|TRADEMARK_HIT,,olostatin,olostatin -> olastatin -> ulastatin -> alastatin,0.0,1.0,0.879,1.0,1.0,0.983,0.586,HMG-CoA reductase inhibitor,generic,-statin,crowded,False,,
ceszostatin,False,grammar+refined,1,60.09,62.6,moderate,-7.6,7.4,sunstation,0.7043,4,TRADEMARK_HIT,SIMILARITY_MODERATE,ciszostatin,ciszostatin -> ceszostatin,0.0,0.68,0.854,1.0,1.0,0.952,0.001,HMG-CoA reductase inhibitor,generic,-statin,crowded,False,,
cefzostatin,False,grammar+refined,1,66.51,66.79,moderate,-11.79,3.21,cefoxitin,0.6507,4,TRADEMARK_HIT,SIMILARITY_MODERATE,ciszostatin,ciszostatin -> ceszostatin -> cefzostatin,0.0,1.0,0.854,1.0,1.0,0.952,0.003,HMG-CoA reductase inhibitor,generic,-statin,crowded,False,,
cefcostatin,False,grammar+refined,1,60.11,66.62,moderate,-11.62,3.38,cefoxitin,0.6678,4,TRADEMARK_HIT,SIMILARITY_MODERATE,ciszostatin,ciszostatin -> ceszostatin -> cefzostatin -> cefcostatin,0.0,0.68,0.854,1.0,1.0,0.952,0.003,HMG-CoA reductase inhibitor,generic,-statin,crowded,False,,
cirnostatin,False,grammar+refined,1,66.48,70.72,high,-15.72,-0.72,sunstation,0.6322,4,SIMILARITY_TOO_HIGH|TRADEMARK_HIT,,cirmostatin,cirmostatin -> cirnostatin,0.0,1.0,0.854,1.0,1.0,0.952,0.0,HMG-CoA reductase inhibitor,generic,-statin,crowded,False,,
girnostatin,False,grammar+refined,1,66.48,69.01,moderate,-14.01,0.99,givinostat,0.6212,4,TRADEMARK_HIT,SIMILARITY_MODERATE,cirmostatin,cirmostatin -> cirnostatin -> girnostatin,0.0,1.0,0.854,1.0,1.0,0.952,0.0,HMG-CoA reductase inhibitor,generic,-statin,crowded,False,,
girmostatin,False,grammar+refined,1,66.49,65.09,moderate,-10.09,4.91,vermistat,0.679,4,TRADEMARK_HIT,SIMILARITY_MODERATE,cirmostatin,cirmostatin -> cirnostatin -> girnostatin -> girmostatin,0.0,1.0,0.854,1.0,1.0,0.952,0.001,HMG-CoA reductase inhibitor,generic,-statin,crowded,False,,
norstatin,False,ngram_guided+refined,1,68.26,66.02,moderate,-11.02,3.98,norpramin,0.6838,3,INTRA_STEM_TOO_CLOSE|TRADEMARK_HIT,SIMILARITY_MODERATE,nerstatin,nerstatin -> norstatin,0.0,1.0,0.742,1.0,1.0,0.858,0.613,HMG-CoA reductase inhibitor,generic,-statin,crowded,False,,
decistatin,False,grammar+refined,1,62.76,78.48,high,-23.48,-8.48,decitabine,0.8398,4,SIMILARITY_TOO_HIGH|TRADEMARK_HIT,,denistatin,denistatin -> decistatin,0.0,0.6,0.879,1.0,1.0,0.998,0.496,HMG-CoA reductase inhibitor,generic,-statin,crowded,False,,
decostatin,True,grammar+refined,1,59.61,67.64,moderate,-12.64,2.36,costata,0.9065,4,,SIMILARITY_MODERATE,denistatin,denistatin -> decistatin -> decostatin,0.0,0.6,0.879,1.0,1.0,0.998,0.046,HMG-CoA reductase inhibitor,generic,-statin,crowded,False,,
ciremistatin,True,grammar,2,59.54,63.5,moderate,-8.5,6.5,vermistat,0.7168,5,,SIMILARITY_MODERATE,,ciremistatin,0.0,0.733,0.894,1.0,1.0,0.731,0.007,HMG-CoA reductase inhibitor,generic,-statin,crowded,False,,
zodelastatin,False,grammar,2,59.52,62.9,moderate,-7.9,7.1,azelastine,0.7179,5,TRADEMARK_HIT,SIMILARITY_MODERATE,,zodelastatin,0.0,0.733,0.894,1.0,1.0,0.731,0.004,HMG-CoA reductase inhibitor,generic,-statin,crowded,False,,
avavustatin,False,grammar,2,65.77,65.93,moderate,-10.93,4.07,vadadustat,0.6512,5,TRADEMARK_HIT,SIMILARITY_MODERATE,,avavustatin,0.0,1.0,0.894,1.0,1.0,0.821,0.006,HMG-CoA reductase inhibitor,generic,-statin,crowded,False,,
ikastatin,False,grammar,2,67.13,66.05,moderate,-11.05,3.95,station,0.6389,4,INTRA_STEM_TOO_CLOSE|TRADEMARK_HIT,SIMILARITY_MODERATE,,ikastatin,0.0,1.0,0.879,1.0,1.0,0.983,0.0,HMG-CoA reductase inhibitor,generic,-statin,crowded,False,,
turmistatin,False,grammar,2,60.08,72.16,high,-17.16,-2.16,vermistat,0.7179,4,SIMILARITY_TOO_HIGH|TRADEMARK_HIT,,,turmistatin,0.0,0.68,0.854,1.0,1.0,0.952,0.0,HMG-CoA reductase inhibitor,generic,-statin,crowded,False,,
rezustatin,False,grammar,2,59.29,65.52,moderate,-10.52,4.48,rejuvenating,0.6768,4,TRADEMARK_HIT,SIMILARITY_MODERATE,,rezustatin,0.0,0.6,0.879,1.0,1.0,0.998,0.001,HMG-CoA reductase inhibitor,generic,-statin,crowded,False,,
dutistatin,False,grammar,2,67.29,64.73,moderate,-9.73,5.27,cisplatin,0.7187,4,TRADEMARK_HIT,SIMILARITY_MODERATE,,dutistatin,0.0,1.0,0.879,1.0,1.0,0.998,0.0,HMG-CoA reductase inhibitor,generic,-statin,crowded,False,,
rivostatin,False,grammar,2,67.58,67.83,moderate,-12.83,2.17,lidostat,0.7331,4,TRADEMARK_HIT,SIMILARITY_MODERATE,,rivostatin,0.0,1.0,0.879,1.0,1.0,0.998,0.043,HMG-CoA reductase inhibitor,generic,-statin,crowded,False,,
noxerestatin,True,grammar,2,59.49,62.44,moderate,-7.44,7.56,bacteriostatic,0.7552,5,,SIMILARITY_MODERATE,,noxerestatin,0.0,0.733,0.894,1.0,1.0,0.731,0.0,HMG-CoA reductase inhibitor,generic,-statin,crowded,False,,
bacoastatin,True,grammar,2,59.33,65.38,moderate,-10.38,4.62,adiastatic,0.7818,5,,SIMILARITY_MODERATE,,bacoastatin,0.0,0.68,0.894,1.0,1.0,0.821,0.0,HMG-CoA reductase inhibitor,generic,-statin,crowded,False,,
akistatin,False,grammar,2,67.13,70.25,high,-15.25,-0.25,adiastatic,0.7506,4,SIMILARITY_TOO_HIGH|INTRA_STEM_TOO_CLOSE|TRADEMARK_HIT,,,akistatin,0.0,1.0,0.879,1.0,1.0,0.983,0.0,HMG-CoA reductase inhibitor,generic,-statin,crowded,False,,
claxostatin,True,grammar,2,58.5,60.69,moderate,-5.69,9.31,laxogenin,0.7683,4,,SIMILARITY_MODERATE,,claxostatin,0.0,0.68,0.733,1.0,1.0,0.952,0.015,HMG-CoA reductase inhibitor,generic,-statin,crowded,False,,
unrastatin,False,grammar,2,66.94,67.91,moderate,-12.91,2.09,anastatica,0.6626,4,TRADEMARK_HIT,SIMILARITY_MODERATE,,unrastatin,0.0,1.0,0.854,1.0,1.0,0.998,0.0,HMG-CoA reductase inhibitor,generic,-statin,crowded,False,,
gontistatin,False,grammar,2,60.11,67.44,moderate,-12.44,2.56,constipation,0.7733,4,TRADEMARK_HIT,SIMILARITY_MODERATE,,gontistatin,0.0,0.68,0.854,1.0,1.0,0.952,0.004,HMG-CoA reductase inhibitor,generic,-statin,crowded,False,,
ciepastatin,False,grammar,2,66.85,76.57,high,-21.57,-6.57,cepastat,0.6839,4,SIMILARITY_TOO_HIGH|INTRA_STEM_TOO_CLOSE|TRADEMARK_HIT,,,ciepastatin,0.0,1.0,0.879,1.0,1.0,0.952,0.003,HMG-CoA reductase inhibitor,generic,-statin,crowded,False,,
derepestatin,True,grammar,2,59.51,58.65,moderate,-3.65,11.35,periostat,0.7519,5,,SIMILARITY_MODERATE,,derepestatin,0.0,0.733,0.894,1.0,1.0,0.731,0.003,HMG-CoA reductase inhibitor,generic,-statin,crowded,False,,
tesrostatin,True,grammar,2,60.23,68.59,moderate,-13.59,1.41,prostatone,0.719,4,,SIMILARITY_MODERATE,,tesrostatin,0.0,0.68,0.854,1.0,1.0,0.952,0.021,HMG-CoA reductase inhibitor,generic,-statin,crowded,False,,
lixastatin,False,grammar,2,59.37,62.28,moderate,-7.28,7.72,lymphastat,0.741,4,INTRA_STEM_TOO_CLOSE|TRADEMARK_HIT,SIMILARITY_MODERATE,,lixastatin,0.0,0.6,0.879,1.0,1.0,0.998,0.012,HMG-CoA reductase inhibitor,generic,-statin,crowded,False,,
vubcastatin,False,grammar,2,60.08,62.55,moderate,-7.55,7.45,sunstation,0.6345,4,TRADEMARK_HIT,SIMILARITY_MODERATE,,vubcastatin,0.0,0.68,0.854,1.0,1.0,0.952,0.0,HMG-CoA reductase inhibitor,generic,-statin,crowded,False,,
pisistatin,False,grammar,2,67.29,67.23,moderate,-12.23,2.77,cisplatin,0.8088,4,TRADEMARK_HIT,SIMILARITY_MODERATE,,pisistatin,0.0,1.0,0.879,1.0,1.0,0.998,0.0,HMG-CoA reductase inhibitor,generic,-statin,crowded,False,,
odastatin,False,grammar,2,67.14,72.67,high,-17.67,-2.67,adiastatic,0.7796,4,SIMILARITY_TOO_HIGH|INTRA_STEM_TOO_CLOSE|TRADEMARK_HIT,,,odastatin,0.0,1.0,0.879,1.0,1.0,0.983,0.001,HMG-CoA reductase inhibitor,generic,-statin,crowded,False,,
pagigastatin,False,grammar,2,59.5,67.84,moderate,-12.84,2.16,adiastatic,0.7885,5,TRADEMARK_HIT,SIMILARITY_MODERATE,,pagigastatin,0.0,0.733,0.894,1.0,1.0,0.731,0.001,HMG-CoA reductase inhibitor,generic,-statin,crowded,False,,
totostatin,False,grammar,2,67.29,62.78,moderate,-7.78,7.22,sunstation,0.8045,4,TRADEMARK_HIT,SIMILARITY_MODERATE,,totostatin,0.0,1.0,0.879,1.0,1.0,0.998,0.001,HMG-CoA reductase inhibitor,generic,-statin,crowded,False,,
edostatin,False,grammar,2,67.58,69.76,moderate,-14.76,0.24,erdosteine,0.7631,4,INTRA_STEM_TOO_CLOSE|TRADEMARK_HIT,SIMILARITY_MODERATE,,edostatin,0.0,1.0,0.879,1.0,1.0,0.983,0.064,HMG-CoA reductase inhibitor,generic,-statin,crowded,False,,
butestatin,True,ngram_guided,2,64.88,69.04,moderate,-14.04,0.96,butenafine,0.9168,4,,SIMILARITY_MODERATE,,butestatin,0.0,0.6,0.879,1.0,1.0,0.998,0.799,HMG-CoA reductase inhibitor,generic,-statin,crowded,True,,
bremstatin,False,ngram_guided,2,56.76,73.84,high,-18.84,-3.84,brensocatib,0.7706,3,SIMILARITY_TOO_HIGH|TRADEMARK_HIT,,,bremstatin,0.0,0.6,0.596,1.0,1.0,0.873,0.383,HMG-CoA reductase inhibitor,generic,-statin,crowded,False,,
ziftomstatin,True,ngram_guided,2,51.68,59.72,moderate,-4.72,10.28,ziftomenib,0.6179,4,,SIMILARITY_MODERATE,,ziftomstatin,0.0,0.3,0.768,1.0,1.0,0.862,0.187,HMG-CoA reductase inhibitor,generic,-statin,crowded,False,,
thyrogacstatin,True,ngram_guided,2,40.92,65.67,moderate,-10.67,4.33,nirogacestat,0.6144,5,,SIMILARITY_MODERATE,,thyrogacstatin,0.0,0.4,0.671,1.0,0.53,0.527,0.109,HMG-CoA reductase inhibitor,generic,-statin,crowded,False,,
carbestatin,False,ngram_guided,2,49.61,74.7,high,-19.7,-4.7,carboplatin,0.9122,4,SIMILARITY_TOO_HIGH|TRADEMARK_HIT,IMPLIED_CLAIM,,carbestatin,0.0,0.45,0.854,1.0,0.53,0.952,0.235,HMG-CoA reductase inhibitor,generic,-statin,crowded,False,,
tucastatin,False,ngram_guided,2,60.18,66.62,moderate,-11.62,3.38,tucatinib,0.7476,4,TRADEMARK_HIT,SIMILARITY_MODERATE,,tucastatin,0.0,0.6,0.879,1.0,1.0,0.998,0.127,HMG-CoA reductase inhibitor,generic,-statin,crowded,False,,
sebetstatin,True,ngram_guided,2,61.25,66.51,moderate,-11.51,3.49,sebetralstat,0.6556,4,,SIMILARITY_MODERATE,,sebetstatin,0.0,0.45,0.768,1.0,1.0,0.952,0.997,HMG-CoA reductase inhibitor,generic,-statin,crowded,True,,
carpidstatin,True,ngram_guided,2,56.57,64.41,moderate,-9.41,5.59,carpipramine,0.7749,4,,SIMILARITY_MODERATE,,carpidstatin,0.0,0.3,0.768,1.0,1.0,0.862,0.886,HMG-CoA reductase inhibitor,generic,-statin,crowded,False,,
aribostatin,True,ngram_guided,2,61.14,67.31,moderate,-12.31,2.69,riboflavin,0.8166,5,,SIMILARITY_MODERATE,,aribostatin,0.0,0.68,0.894,1.0,1.0,0.821,0.259,HMG-CoA reductase inhibitor,generic,-statin,crowded,True,,
lymethystatin,True,ngram_guided,2,37.77,68.32,moderate,-13.32,1.68,lymphastat,0.9454,5,,SIMILARITY_MODERATE,,lymethystatin,0.0,0.15,0.671,1.0,0.53,0.624,0.235,HMG-CoA reductase inhibitor,generic,-statin,crowded,False,,
daunoglostatin,True,ngram_guided,2,55.27,59.09,moderate,-4.09,10.91,danofloxacin,0.6889,5,,SIMILARITY_MODERATE,,daunoglostatin,0.0,0.4,0.763,1.0,1.0,0.527,0.902,HMG-CoA reductase inhibitor,generic,-statin,crowded,False,,
elranistatin,True,ngram_guided,2,61.04,62.08,moderate,-7.08,7.92,elranatamab,0.6845,5,,SIMILARITY_MODERATE,,elranistatin,0.0,0.517,0.869,1.0,1.0,0.731,0.889,HMG-CoA reductase inhibitor,generic,-statin,crowded,False,,
fedrystatin,False,ngram_guided,2,58.88,62.93,moderate,-7.93,7.07,fedratinib,0.7534,4,TRADEMARK_HIT,SIMILARITY_MODERATE,,fedrystatin,0.0,0.68,0.647,1.0,1.0,0.952,0.244,HMG-CoA reductase inhibitor,generic,-statin,crowded,False,,
azfistatin,True,ngram_guided,2,60.02,65.87,moderate,-10.87,4.13,cisplatin,0.7129,4,,SIMILARITY_MODERATE,,azfistatin,0.0,0.6,0.854,1.0,1.0,0.998,0.155,HMG-CoA reductase inhibitor,generic,-statin,crowded,False,,
faristatin,False,ngram_guided,2,60.74,74.92,high,-19.92,-4.92,aristata,0.8529,4,SIMILARITY_TOO_HIGH,,,faristatin,0.0,0.6,0.879,1.0,1.0,0.998,0.207,HMG-CoA reductase inhibitor,generic,-statin,crowded,False,,
lomestatin,False,ngram_guided,2,62.52,73.0,high,-18.0,-3.0,ilomastat,0.8328,4,SIMILARITY_TOO_HIGH|TRADEMARK_HIT,,,lomestatin,0.0,0.6,0.879,1.0,1.0,0.998,0.462,HMG-CoA reductase inhibitor,generic,-statin,crowded,False,,
clistatin,False,ngram_guided,2,66.5,72.8,high,-17.8,-2.8,colistin,0.8766,3,SIMILARITY_TOO_HIGH|INTRA_STEM_TOO_CLOSE|TRADEMARK_HIT,,,clistatin,0.0,1.0,0.683,1.0,1.0,0.858,0.48,HMG-CoA reductase inhibitor,generic,-statin,crowded,False,,
givistatin,False,ngram_guided,2,64.74,70.09,high,-15.09,-0.09,givinostat,0.7506,4,SIMILARITY_TOO_HIGH|TRADEMARK_HIT,,,givistatin,0.0,0.6,0.879,1.0,1.0,0.998,0.78,HMG-CoA reductase inhibitor,generic,-statin,crowded,False,,
argstatin,False,ngram_guided,2,59.46,65.5,moderate,-10.5,4.5,aristata,0.5896,3,TRADEMARK_HIT,SIMILARITY_MODERATE,,argstatin,0.0,1.0,0.574,0.65,1.0,0.858,0.142,HMG-CoA reductase inhibitor,generic,-statin,crowded,False,,
momethstatin,True,ngram_guided,2,53.81,64.17,moderate,-9.17,5.83,indomethacin,0.758,4,,SIMILARITY_MODERATE,,momethstatin,0.0,0.517,0.768,0.65,1.0,0.862,0.323,HMG-CoA reductase inhibitor,generic,-statin,crowded,False,,
bopistatin,False,ngram_guided,2,61.74,67.83,moderate,-12.83,2.17,monistat,0.7842,4,TRADEMARK_HIT,SIMILARITY_MODERATE,,bopistatin,0.0,0.6,0.879,1.0,1.0,0.998,0.351,HMG-CoA reductase inhibitor,generic,-statin,crowded,False,,
ligrostatin,True,ngram_guided,2,56.21,69.0,moderate,-14.0,1.0,lidostat,0.7931,4,,SIMILARITY_MODERATE,,ligrostatin,0.0,0.45,0.733,1.0,1.0,0.952,0.345,HMG-CoA reductase inhibitor,generic,-statin,crowded,False,,
midstatin,False,ngram_guided,2,70.72,71.0,high,-16.0,-1.0,midostaurin,0.7796,3,SIMILARITY_TOO_HIGH|INTRA_STEM_TOO_CLOSE|TRADEMARK_HIT,,,midstatin,0.0,1.0,0.742,1.0,1.0,0.858,0.964,HMG-CoA reductase inhibitor,generic,-statin,crowded,False,,
idulstatin,False,ngram_guided,2,58.41,65.93,moderate,-10.93,4.07,sunstation,0.6728,4,TRADEMARK_HIT,SIMILARITY_MODERATE,,idulstatin,0.0,0.6,0.768,1.0,1.0,0.998,0.097,HMG-CoA reductase inhibitor,generic,-statin,crowded,False,,
mirstatin,False,ngram_guided+refined,2,64.35,71.24,high,-16.24,-1.24,miostat,0.6815,3,SIMILARITY_TOO_HIGH|INTRA_STEM_TOO_CLOSE|TRADEMARK_HIT,,midstatin,midstatin -> mirstatin,0.0,1.0,0.742,1.0,1.0,0.858,0.054,HMG-CoA reductase inhibitor,generic,-statin,crowded,False,,
marstatin,False,ngram_guided+refined,2,69.8,74.84,high,-19.84,-4.84,marstacimab,0.7883,3,SIMILARITY_TOO_HIGH|TRADEMARK_HIT,,midstatin,midstatin -> mirstatin -> marstatin,0.0,1.0,0.742,1.0,1.0,0.858,0.832,HMG-CoA reductase inhibitor,generic,-statin,crowded,False,,
malstatin,False,ngram_guided+refined,2,63.97,67.35,moderate,-12.35,2.65,metalstat,0.8269,3,TRADEMARK_HIT,SIMILARITY_MODERATE,midstatin,midstatin -> mirstatin -> marstatin -> malstatin,0.0,1.0,0.742,1.0,1.0,0.858,0.0,HMG-CoA reductase inhibitor,generic,-statin,crowded,False,,
rovostatin,False,grammar+refined,2,67.29,70.74,high,-15.74,-0.74,rosoxacin,0.7218,4,SIMILARITY_TOO_HIGH|TRADEMARK_HIT,,rivostatin,rivostatin -> rovostatin,0.0,1.0,0.879,1.0,1.0,0.998,0.0,HMG-CoA reductase inhibitor,generic,-statin,crowded,False,,
rovestatin,False,grammar+refined,2,59.29,63.22,moderate,-8.22,6.78,lovastatin,0.7973,4,TRADEMARK_HIT,SIMILARITY_MODERATE,rivostatin,rivostatin -> rovostatin -> rovestatin,0.0,0.6,0.879,1.0,1.0,0.998,0.0,HMG-CoA reductase inhibitor,generic,-statin,crowded,False,,
ruvestatin,False,grammar+refined,2,67.29,65.65,moderate,-10.65,4.35,sunstation,0.8074,4,TRADEMARK_HIT,SIMILARITY_MODERATE,rivostatin,rivostatin -> rovostatin -> rovestatin -> ruvestatin,0.0,1.0,0.879,1.0,1.0,0.998,0.0,HMG-CoA reductase inhibitor,generic,-statin,crowded,False,,
elostatin,False,grammar+refined,2,69.07,68.66,moderate,-13.66,1.34,elastin,0.8348,4,INTRA_STEM_TOO_CLOSE|TRADEMARK_HIT,SIMILARITY_MODERATE,edostatin,edostatin -> elostatin,0.0,1.0,0.879,1.0,1.0,0.983,0.277,HMG-CoA reductase inhibitor,generic,-statin,crowded,False,,
ecostatin,False,grammar+refined,2,67.13,74.33,high,-19.33,-4.33,costata,0.8103,4,SIMILARITY_TOO_HIGH|TRADEMARK_HIT,,edostatin,edostatin -> elostatin -> ecostatin,0.0,1.0,0.879,1.0,1.0,0.983,0.0,HMG-CoA reductase inhibitor,generic,-statin,crowded,False,,
ejostatin,False,grammar+refined,2,67.13,66.05,moderate,-11.05,3.95,station,0.6468,4,TRADEMARK_HIT,SIMILARITY_MODERATE,edostatin,edostatin -> elostatin -> ecostatin -> ejostatin,0.0,1.0,0.879,1.0,1.0,0.983,0.0,HMG-CoA reductase inhibitor,generic,-statin,crowded,False,,
dubistatin,False,grammar+refined,2,59.36,64.63,moderate,-9.63,5.37,sunstation,0.8101,4,TRADEMARK_HIT,SIMILARITY_MODERATE,dutistatin,dutistatin -> dubistatin,0.0,0.6,0.879,1.0,1.0,0.998,0.011,HMG-CoA reductase inhibitor,generic,-statin,crowded,False,,
dibistatin,False,grammar+refined,2,67.62,68.54,moderate,-13.54,1.46,digitatum,0.8335,4,TRADEMARK_HIT,SIMILARITY_MODERATE,dutistatin,dutistatin -> dubistatin -> dibistatin,0.0,1.0,0.879,1.0,1.0,0.998,0.048,HMG-CoA reductase inhibitor,generic,-statin,crowded,False,,
dixistatin,False,grammar+refined,2,67.29,69.33,moderate,-14.33,0.67,oxistat,0.7594,4,TRADEMARK_HIT,SIMILARITY_MODERATE,dutistatin,dutistatin -> dubistatin -> dibistatin -> dixistatin,0.0,1.0,0.879,1.0,1.0,0.998,0.0,HMG-CoA reductase inhibitor,generic,-statin,crowded,False,,
pusistatin,False,grammar+refined,2,67.29,64.73,moderate,-9.73,5.27,cisplatin,0.8221,4,TRADEMARK_HIT,SIMILARITY_MODERATE,pisistatin,pisistatin -> pusistatin,0.0,1.0,0.879,1.0,1.0,0.998,0.0,HMG-CoA reductase inhibitor,generic,-statin,crowded,False,,
titostatin,False,grammar+refined,2,59.34,67.86,moderate,-12.86,2.14,nitrostat,0.8295,4,TRADEMARK_HIT,SIMILARITY_MODERATE,totostatin,totostatin -> titostatin,0.0,0.6,0.879,1.0,1.0,0.998,0.007,HMG-CoA reductase inhibitor,generic,-statin,crowded,False,,
odestatin,False,grammar+refined,2,67.13,68.26,moderate,-13.26,1.74,adiastatic,0.8321,4,INTRA_STEM_TOO_CLOSE|TRADEMARK_HIT,SIMILARITY_MODERATE,odastatin,odastatin -> odestatin,0.0,1.0,0.879,1.0,1.0,0.983,0.0,HMG-CoA reductase inhibitor,generic,-statin,crowded,False,,
okestatin,False,grammar+refined,2,67.13,66.36,moderate,-11.36,3.64,cresatin,0.7377,4,TRADEMARK_HIT,SIMILARITY_MODERATE,odastatin,odastatin -> odestatin -> okestatin,0.0,1.0,0.879,1.0,1.0,0.983,0.0,HMG-CoA reductase inhibitor,generic,-statin,crowded,False,,
owestatin,False,grammar+refined,2,67.13,69.51,moderate,-14.51,0.49,station,0.6548,4,INTRA_STEM_TOO_CLOSE|TRADEMARK_HIT,SIMILARITY_MODERATE,odastatin,odastatin -> odestatin -> okestatin -> owestatin,0.0,1.0,0.879,1.0,1.0,0.983,0.0,HMG-CoA reductase inhibitor,generic,-statin,crowded,False,,
ihastatin,False,grammar+refined,2,67.13,74.33,high,-19.33,-4.33,hastata,0.6053,4,SIMILARITY_TOO_HIGH|INTRA_STEM_TOO_CLOSE|TRADEMARK_HIT,,ikastatin,ikastatin -> ihastatin,0.0,1.0,0.879,1.0,1.0,0.983,0.0,HMG-CoA reductase inhibitor,generic,-statin,crowded,False,,
ijastatin,False,grammar+refined,2,67.13,66.92,moderate,-11.92,3.08,anastatica,0.6828,4,INTRA_STEM_TOO_CLOSE|TRADEMARK_HIT,SIMILARITY_MODERATE,ikastatin,ikastatin -> ihastatin -> ijastatin,0.0,1.0,0.879,1.0,1.0,0.983,0.0,HMG-CoA reductase inhibitor,generic,-statin,crowded,False,,
iyastatin,False,grammar+refined,2,64.77,70.38,high,-15.38,-0.38,adiastatic,0.4867,5,SIMILARITY_TOO_HIGH|INTRA_STEM_TOO_CLOSE|TRADEMARK_HIT,,ikastatin,ikastatin -> ihastatin -> ijastatin -> iyastatin,0.0,1.0,0.804,1.0,1.0,0.852,0.0,HMG-CoA reductase inhibitor,generic,-statin,crowded,False,,
maqostatin,False,grammar,3,67.29,67.58,moderate,-12.58,2.42,miostat,0.6396,4,TRADEMARK_HIT,SIMILARITY_MODERATE,,maqostatin,0.0,1.0,0.879,1.0,1.0,0.998,0.0,HMG-CoA reductase inhibitor,generic,-statin,crowded,False,,
moxemestatin,True,grammar,3,59.75,68.41,moderate,-13.41,1.59,exemestane,0.7501,5,,SIMILARITY_MODERATE,,moxemestatin,0.0,0.733,0.894,1.0,1.0,0.731,0.036,HMG-CoA reductase inhibitor,generic,-statin,crowded,False,,
iftastatin,False,grammar,3,58.94,72.81,high,-17.81,-2.81,histastat,0.6624,4,SIMILARITY_TOO_HIGH|TRADEMARK_HIT,,,iftastatin,0.0,0.6,0.854,1.0,1.0,0.998,0.0,HMG-CoA reductase inhibitor,generic,-statin,crowded,False,,
divagostatin,False,grammar,3,59.49,66.39,moderate,-11.39,3.61,givinostat,0.8252,5,TRADEMARK_HIT,SIMILARITY_MODERATE,,divagostatin,0.0,0.733,0.894,1.0,1.0,0.731,0.0,HMG-CoA reductase inhibitor,generic,-statin,crowded,False,,
nerletostatin,True,grammar,3,58.89,65.93,moderate,-10.93,4.07,letosteine,0.7144,5,,SIMILARITY_MODERATE,,nerletostatin,0.0,0.771,0.869,1.0,1.0,0.624,0.006,HMG-CoA reductase inhibitor,generic,-statin,crowded,False,,
idastatin,False,grammar,3,68.5,72.67,high,-17.67,-2.67,adiastatic,0.8045,4,SIMILARITY_TOO_HIGH|INTRA_STEM_TOO_CLOSE|TRADEMARK_HIT,,,idastatin,0.0,1.0,0.879,1.0,1.0,0.983,0.195,HMG-CoA reductase inhibitor,generic,-statin,crowded,False,,
osistatin,False,grammar,3,67.27,70.67,high,-15.67,-0.67,cisplatin,0.8344,4,SIMILARITY_TOO_HIGH|INTRA_STEM_TOO_CLOSE|TRADEMARK_HIT,,,osistatin,0.0,1.0,0.879,1.0,1.0,0.983,0.019,HMG-CoA reductase inhibitor,generic,-statin,crowded,False,,
nadastatin,False,grammar,3,59.94,74.44,high,-19.44,-4.44,adiastatic,0.8354,4,SIMILARITY_TOO_HIGH|TRADEMARK_HIT,,,nadastatin,0.0,0.6,0.879,1.0,1.0,0.998,0.094,HMG-CoA reductase inhibitor,generic,-statin,crowded,False,,
bomistatin,False,grammar,3,67.29,71.91,high,-16.91,-1.91,monistat,0.735,4,SIMILARITY_TOO_HIGH|TRADEMARK_HIT,,,bomistatin,0.0,1.0,0.879,1.0,1.0,0.998,0.001,HMG-CoA reductase inhibitor,generic,-statin,crowded,False,,
atostatin,False,grammar,3,72.67,67.61,moderate,-12.61,2.39,costata,0.8138,4,TRADEMARK_HIT,SIMILARITY_MODERATE,,atostatin,0.0,1.0,0.879,1.0,1.0,0.983,0.79,HMG-CoA reductase inhibitor,generic,-statin,crowded,False,,
nogistatin,False,grammar,3,67.29,70.07,high,-15.07,-0.07,monistat,0.6738,4,SIMILARITY_TOO_HIGH|INTRA_STEM_TOO_CLOSE|TRADEMARK_HIT,,,nogistatin,0.0,1.0,0.879,1.0,1.0,0.998,0.001,HMG-CoA reductase inhibitor,generic,-statin,crowded,False,,
trirastatin,False,grammar,3,67.51,69.24,moderate,-14.24,0.76,triacetin,0.7136,4,INTRA_STEM_TOO_CLOSE|TRADEMARK_HIT,SIMILARITY_MODERATE,,trirastatin,0.0,1.0,0.733,1.0,1.0,0.952,0.388,HMG-CoA reductase inhibitor,generic,-statin,crowded,False,,
gleleostatin,True,grammar,3,57.67,66.93,moderate,-11.93,3.07,gleostine,0.667,5,,SIMILARITY_MODERATE,,gleleostatin,0.0,0.733,0.763,1.0,1.0,0.731,0.001,HMG-CoA reductase inhibitor,generic,-statin,crowded,False,,
tixelostatin,False,grammar,3,59.51,59.69,moderate,-4.69,10.31,bacteriostatic,0.7239,5,TRADEMARK_HIT,SIMILARITY_MODERATE,,tixelostatin,0.0,0.733,0.894,1.0,1.0,0.731,0.003,HMG-CoA reductase inhibitor,generic,-statin,crowded,False,,
cilustatin,False,grammar,3,69.06,82.71,high,-27.71,-12.71,cilastatin,0.8077,4,SIMILARITY_TOO_HIGH|INTRA_STEM_TOO_CLOSE|TRADEMARK_HIT,,,cilustatin,0.0,1.0,0.879,1.0,1.0,0.998,0.254,HMG-CoA reductase inhibitor,generic,-statin,crowded,False,,
pemekistatin,True,grammar,3,62.23,59.48,moderate,-4.48,10.52,gemcitabine,0.7268,5,,SIMILARITY_MODERATE,,pemekistatin,0.0,0.733,0.894,1.0,1.0,0.731,0.391,HMG-CoA reductase inhibitor,generic,-statin,crowded,True,,
lixecostatin,True,grammar,3,59.58,60.92,moderate,-5.92,9.08,lithostat,0.7433,5,,SIMILARITY_MODERATE,,lixecostatin,0.0,0.733,0.894,1.0,1.0,0.731,0.012,HMG-CoA reductase inhibitor,generic,-statin,crowded,False,,
zoeteostatin,True,grammar,3,62.79,61.32,moderate,-6.32,8.68,letosteine,0.6483,6,,SIMILARITY_MODERATE,,zoeteostatin,0.0,1.0,0.904,1.0,1.0,0.513,0.0,HMG-CoA reductase inhibitor,generic,-statin,crowded,True,,
ovistatin,False,grammar,3,67.14,69.85,moderate,-14.85,0.15,cisplatin,0.8122,4,INTRA_STEM_TOO_CLOSE|TRADEMARK_HIT,SIMILARITY_MODERATE,,ovistatin,0.0,1.0,0.879,1.0,1.0,0.983,0.001,HMG-CoA reductase inhibitor,generic,-statin,crowded,False,,
flefustatin,False,grammar,3,64.8,61.63,moderate,-6.63,8.37,fleroxacin,0.7027,4,TRADEMARK_HIT,SIMILARITY_MODERATE,,flefustatin,0.0,1.0,0.733,1.0,1.0,0.952,0.001,HMG-CoA reductase inhibitor,generic,-statin,crowded,False,,
olestatin,False,grammar,3,70.96,68.36,moderate,-13.36,1.64,elestrin,0.8502,4,INTRA_STEM_TOO_CLOSE|TRADEMARK_HIT,SIMILARITY_MODERATE,,olestatin,0.0,1.0,0.879,1.0,1.0,0.983,0.546,HMG-CoA reductase inhibitor,generic,-statin,crowded,False,,
pestostatin,False,grammar,3,58.4,77.64,high,-22.64,-7.64,pentostatin,0.8764,4,SIMILARITY_TOO_HIGH|TRADEMARK_HIT,,,pestostatin,0.0,0.68,0.733,1.0,1.0,0.952,0.001,HMG-CoA reductase inhibitor,generic,-statin,crowded,False,,
cuvostatin,False,grammar,3,67.29,64.54,moderate,-9.54,5.46,sunstation,0.6472,4,TRADEMARK_HIT,SIMILARITY_MODERATE,,cuvostatin,0.0,1.0,0.879,1.0,1.0,0.998,0.0,HMG-CoA reductase inhibitor,generic,-statin,crowded,False,,
duftestatin,True,grammar,3,66.48,63.15,moderate,-8.15,6.85,dentastat,0.6269,4,,SIMILARITY_MODERATE,,duftestatin,0.0,1.0,0.854,1.0,1.0,0.952,0.0,HMG-CoA reductase inhibitor,generic,-statin,crowded,True,,
hydrostatin,False,ngram_guided,3,49.54,78.2,high,-23.2,-8.2,hydroseptine,0.9858,4,SIMILARITY_TOO_HIGH|TRADEMARK_HIT,,,hydrostatin,0.0,0.45,0.647,1.0,0.53,0.952,0.641,HMG-CoA reductase inhibitor,generic,-statin,crowded,False,,
segerstatin,False,ngram_guided,3,60.97,66.92,moderate,-11.92,3.08,sunstation,0.7098,4,TRADEMARK_HIT,SIMILARITY_MODERATE,,segerstatin,0.0,0.68,0.768,1.0,1.0,0.952,0.299,HMG-CoA reductase inhibitor,generic,-statin,crowded,False,,
levostatin,False,ngram_guided,3,61.04,68.63,moderate,-13.63,1.37,lidostat,0.8822,4,TRADEMARK_HIT,SIMILARITY_MODERATE,,levostatin,0.0,0.6,0.879,1.0,1.0,0.998,0.25,HMG-CoA reductase inhibitor,generic,-statin,crowded,False,,
cyclastatin,False,ngram_guided,3,47.89,67.0,moderate,-12.0,3.0,cyclacillin,0.9332,4,INTRA_STEM_TOO_CLOSE|TRADEMARK_HIT,SIMILARITY_MODERATE,,cyclastatin,0.0,0.45,0.647,1.0,0.53,0.952,0.404,HMG-CoA reductase inhibitor,generic,-statin,crowded,False,,
febstatin,False,ngram_guided,3,67.01,71.27,high,-16.27,-1.27,sunstation,0.7414,3,SIMILARITY_TOO_HIGH|TRADEMARK_HIT,,,febstatin,0.0,1.0,0.742,1.0,1.0,0.858,0.434,HMG-CoA reductase inhibitor,generic,-statin,crowded,False,,
apastatin,False,ngram_guided,3,71.67,72.46,high,-17.46,-2.46,anastatica,0.8252,4,SIMILARITY_TOO_HIGH|TRADEMARK_HIT,,,apastatin,0.0,1.0,0.879,1.0,1.0,0.983,0.648,HMG-CoA reductase inhibitor,generic,-statin,crowded,False,,
cleotistatin,True,ngram_guided,3,54.12,63.11,moderate,-8.11,6.89,telotristat,0.8074,5,,SIMILARITY_MODERATE,,cleotistatin,0.0,0.3,0.763,1.0,1.0,0.731,0.732,HMG-CoA reductase inhibitor,generic,-statin,crowded,False,,
tremstatin,False,ngram_guided,3,55.05,68.07,moderate,-13.07,1.93,cresatin,0.8051,3,TRADEMARK_HIT,SIMILARITY_MODERATE,,tremstatin,0.0,0.6,0.596,1.0,1.0,0.873,0.139,HMG-CoA reductase inhibitor,generic,-statin,crowded,False,,
empastatin,False,ngram_guided,3,59.65,66.64,moderate,-11.64,3.36,lymphastat,0.7647,4,TRADEMARK_HIT,SIMILARITY_MODERATE,,empastatin,0.0,0.6,0.854,1.0,1.0,0.998,0.102,HMG-CoA reductase inhibitor,generic,-statin,crowded,False,,
remstatin,False,ngram_guided,3,68.64,67.84,moderate,-12.84,2.16,sunstation,0.7728,3,TRADEMARK_HIT,SIMILARITY_MODERATE,,remstatin,0.0,1.0,0.742,1.0,1.0,0.858,0.666,HMG-CoA reductase inhibitor,generic,-statin,crowded,False,,
thostatin,False,ngram_guided,3,67.42,71.28,high,-16.28,-1.28,lithostat,0.9243,3,SIMILARITY_TOO_HIGH|TRADEMARK_HIT,,,thostatin,0.0,1.0,0.829,1.0,1.0,0.858,0.32,HMG-CoA reductase inhibitor,generic,-statin,crowded,False,,
chlorstatin,False,ngram_guided,3,42.85,72.81,high,-17.81,-2.81,clorpactin,0.8941,3,SIMILARITY_TOO_HIGH|TRADEMARK_HIT,,,chlorstatin,0.0,0.45,0.485,1.0,0.53,0.828,0.187,HMG-CoA reductase inhibitor,generic,-statin,crowded,False,,
theostatin,False,ngram_guided,3,61.93,65.4,moderate,-10.4,4.6,sunstation,0.8116,4,TRADEMARK_HIT,SIMILARITY_MODERATE,,theostatin,0.0,0.6,0.854,1.0,1.0,0.998,0.427,HMG-CoA reductase inhibitor,generic,-statin,crowded,False,,
irbestatin,False,ngram_guided,3,59.13,68.26,moderate,-13.26,1.74,irbesartan,0.6813,4,TRADEMARK_HIT,SIMILARITY_MODERATE|IMPLIED_CLAIM,,irbestatin,0.0,0.6,0.854,1.0,1.0,0.998,0.027,HMG-CoA reductase inhibitor,generic,-statin,crowded,False,,
pozenstatin,True,ngram_guided,3,60.39,69.07,moderate,-14.07,0.93,sunstation,0.732,4,,SIMILARITY_MODERATE,,pozenstatin,0.0,0.68,0.768,1.0,1.0,0.952,0.217,HMG-CoA reductase inhibitor,generic,-statin,crowded,False,,
bupivolstatin,True,ngram_guided,3,58.49,60.14,moderate,-5.14,9.86,bupivacine,0.7013,5,,SIMILARITY_MODERATE,,bupivolstatin,0.0,0.564,0.783,1.0,1.0,0.624,0.714,HMG-CoA reductase inhibitor,generic,-statin,crowded,False,,
rhustatin,False,ngram_guided,3,62.46,67.3,moderate,-12.3,2.7,histamine,0.7611,3,TRADEMARK_HIT,SIMILARITY_MODERATE|ILLEGAL_ONSET_CLUSTER,,rhustatin,0.0,1.0,0.63,1.0,1.0,0.858,0.009,HMG-CoA reductase inhibitor,generic,-statin,crowded,False,,
acrostatin,False,ngram_guided,3,62.89,74.34,high,-19.34,-4.34,prostatone,0.9133,4,SIMILARITY_TOO_HIGH|TRADEMARK_HIT,,,acrostatin,0.0,0.6,0.733,1.0,1.0,0.998,0.806,HMG-CoA reductase inhibitor,generic,-statin,crowded,False,,
moexistatin,False,ngram_guided,3,59.1,70.21,high,-15.21,-0.21,oxistat,0.6993,5,SIMILARITY_TOO_HIGH|TRADEMARK_HIT,,,moexistatin,0.0,0.45,0.894,1.0,1.0,0.821,0.625,HMG-CoA reductase inhibitor,generic,-statin,crowded,False,,
mizostatin,False,ngram_guided,3,60.92,74.02,high,-19.02,-4.02,midostaurin,0.7548,4,SIMILARITY_TOO_HIGH|TRADEMARK_HIT,,,mizostatin,0.0,0.6,0.879,1.0,1.0,0.998,0.233,HMG-CoA reductase inhibitor,generic,-statin,crowded,False,,
efastatin,False,ngram_guided,3,67.28,67.54,moderate,-12.54,2.46,cepastat,0.7996,4,TRADEMARK_HIT,SIMILARITY_MODERATE|IMPLIED_CLAIM,,efastatin,0.0,1.0,0.879,1.0,1.0,0.983,0.02,HMG-CoA reductase inhibitor,generic,-statin,crowded,False,,
famphotestatin,True,ngram_guided,3,46.76,64.35,moderate,-9.35,5.65,amphotericin,0.8082,5,,SIMILARITY_MODERATE,,famphotestatin,0.0,0.2,0.783,1.0,1.0,0.527,0.218,HMG-CoA reductase inhibitor,generic,-statin,crowded,False,,
bebtelbastatin,True,ngram_guided,3,50.84,58.18,moderate,-3.18,11.82,imetelstat,0.654,5,,SIMILARITY_MODERATE,,bebtelbastatin,0.0,0.4,0.845,1.0,1.0,0.527,0.106,HMG-CoA reductase inhibitor,generic,-statin,crowded,False,,
ketstatin,False,ngram_guided,3,64.41,67.46,moderate,-12.46,2.54,sunstation,0.6682,3,TRADEMARK_HIT,SIMILARITY_MODERATE,,ketstatin,0.0,1.0,0.742,1.0,1.0,0.858,0.063,HMG-CoA reductase inhibitor,generic,-statin,crowded,False,,
akostatin,False,grammar+refined,3,67.13,69.99,moderate,-14.99,0.01,costata,0.6245,4,TRADEMARK_HIT,SIMILARITY_MODERATE,atostatin,atostatin -> akostatin,0.0,1.0,0.879,1.0,1.0,0.983,0.0,HMG-CoA reductase inhibitor,generic,-statin,crowded,False,,
abostatin,False,grammar+refined,3,67.16,66.55,moderate,-11.55,3.45,prostatone,0.7925,4,TRADEMARK_HIT,SIMILARITY_MODERATE,atostatin,atostatin -> akostatin -> abostatin,0.0,1.0,0.879,1.0,1.0,0.983,0.003,HMG-CoA reductase inhibitor,generic,-statin,crowded,False,,
ajastatin,False,ngram_guided+refined,3,67.13,73.91,high,-18.91,-3.91,anastatica,0.8399,4,SIMILARITY_TOO_HIGH|TRADEMARK_HIT,,apastatin,apastatin -> ajastatin,0.0,1.0,0.879,1.0,1.0,0.983,0.0,HMG-CoA reductase inhibitor,generic,-statin,crowded,False,,
ajestatin,False,ngram_guided+refined,3,67.13,68.2,moderate,-13.2,1.8,aygestin,0.6272,4,INTRA_STEM_TOO_CLOSE|TRADEMARK_HIT,SIMILARITY_MODERATE,apastatin,apastatin -> ajastatin -> ajestatin,0.0,1.0,0.879,1.0,1.0,0.983,0.0,HMG-CoA reductase inhibitor,generic,-statin,crowded,False,,
ahestatin,False,ngram_guided+refined,3,67.13,69.18,moderate,-14.18,0.82,histamine,0.6785,4,TRADEMARK_HIT,SIMILARITY_MODERATE,apastatin,apastatin -> ajastatin -> ajestatin -> ahestatin,0.0,1.0,0.879,1.0,1.0,0.983,0.0,HMG-CoA reductase inhibitor,generic,-statin,crowded,False,,
omestatin,False,grammar+refined,3,68.44,66.79,moderate,-11.79,3.21,cosmestat,0.812,4,INTRA_STEM_TOO_CLOSE|TRADEMARK_HIT,SIMILARITY_MODERATE,olestatin,olestatin -> omestatin,0.0,1.0,0.879,1.0,1.0,0.983,0.186,HMG-CoA reductase inhibitor,generic,-statin,crowded,False,,
onestatin,False,grammar+refined,3,67.13,68.52,moderate,-13.52,1.48,anastatica,0.808,4,INTRA_STEM_TOO_CLOSE|TRADEMARK_HIT,SIMILARITY_MODERATE,olestatin,olestatin -> omestatin -> onestatin,0.0,1.0,0.879,1.0,1.0,0.983,0.0,HMG-CoA reductase inhibitor,generic,-statin,crowded,False,,
opestatin,False,grammar+refined,3,67.13,73.74,high,-18.74,-3.74,pertactin,0.7632,4,SIMILARITY_TOO_HIGH|TRADEMARK_HIT,,olestatin,olestatin -> omestatin -> onestatin -> opestatin,0.0,1.0,0.879,1.0,1.0,0.983,0.0,HMG-CoA reductase inhibitor,generic,-statin,crowded,False,,
ciyustatin,False,grammar+refined,3,64.92,70.67,high,-15.67,-0.67,cisplatin,0.4851,5,SIMILARITY_TOO_HIGH|INTRA_STEM_TOO_CLOSE|TRADEMARK_HIT,,cilustatin,cilustatin -> ciyustatin,0.0,1.0,0.804,1.0,1.0,0.867,0.0,HMG-CoA reductase inhibitor,generic,-statin,crowded,False,,
cayustatin,False,grammar+refined,3,67.29,63.5,moderate,-8.5,6.5,cystamine,0.6514,4,TRADEMARK_HIT,SIMILARITY_MODERATE,cilustatin,cilustatin -> ciyustatin -> cayustatin,0.0,1.0,0.879,1.0,1.0,0.998,0.0,HMG-CoA reductase inhibitor,generic,-statin,crowded,False,,
cuyustatin,False,grammar+refined,3,64.92,62.83,moderate,-7.83,7.17,cystamine,0.4868,5,TRADEMARK_HIT,SIMILARITY_MODERATE,cilustatin,cilustatin -> ciyustatin -> cayustatin -> cuyustatin,0.0,1.0,0.804,1.0,1.0,0.867,0.0,HMG-CoA reductase inhibitor,generic,-statin,crowded,False,,
romstatin,False,ngram_guided+refined,3,67.39,65.27,moderate,-10.27,4.73,sunstation,0.7109,3,TRADEMARK_HIT,SIMILARITY_MODERATE,remstatin,remstatin -> romstatin,0.0,1.0,0.742,1.0,1.0,0.858,0.489,HMG-CoA reductase inhibitor,generic,-statin,crowded,False,,
edastatin,False,grammar+refined,3,67.14,73.44,high,-18.44,-3.44,adiastatic,0.8025,4,SIMILARITY_TOO_HIGH|INTRA_STEM_TOO_CLOSE|TRADEMARK_HIT,,idastatin,idastatin -> edastatin,0.0,1.0,0.879,1.0,1.0,0.983,0.001,HMG-CoA reductase inhibitor,generic,-statin,crowded,False,,
exastatin,False,grammar+refined,3,67.37,66.01,moderate,-11.01,3.99,oxistat,0.7963,4,TRADEMARK_HIT,SIMILARITY_MODERATE,idastatin,idastatin -> edastatin -> exastatin,0.0,1.0,0.879,1.0,1.0,0.983,0.033,HMG-CoA reductase inhibitor,generic,-statin,crowded,False,,
enastatin,False,grammar+refined,3,73.63,76.89,high,-21.89,-6.89,anastatica,0.8382,4,SIMILARITY_TOO_HIGH|INTRA_STEM_TOO_CLOSE|TRADEMARK_HIT,,idastatin,idastatin -> edastatin -> exastatin -> enastatin,0.0,1.0,0.879,1.0,1.0,0.983,0.928,HMG-CoA reductase inhibitor,generic,-statin,crowded,False,,
trizastatin,False,grammar+refined,3,60.04,69.24,moderate,-14.24,0.76,triacetin,0.8401,4,INTRA_STEM_TOO_CLOSE|TRADEMARK_HIT,SIMILARITY_MODERATE,trirastatin,trirastatin -> trizastatin,0.0,0.45,0.733,1.0,1.0,0.952,0.893,HMG-CoA reductase inhibitor,generic,-statin,crowded,False,,
truzastatin,False,grammar+refined,3,53.79,64.98,moderate,-9.98,5.02,tromantadine,0.6334,4,TRADEMARK_HIT,SIMILARITY_MODERATE,trirastatin,trirastatin -> trizastatin -> truzastatin,0.0,0.45,0.733,1.0,1.0,0.952,0.0,HMG-CoA reductase inhibitor,generic,-statin,crowded,False,,
tsuzastatin,False,grammar+refined,3,64.24,65.9,moderate,-10.9,4.1,sunstation,0.5641,4,TRADEMARK_HIT,SIMILARITY_MODERATE|ILLEGAL_ONSET_CLUSTER,trirastatin,trirastatin -> trizastatin -> truzastatin -> tsuzastatin,0.0,1.0,0.694,1.0,1.0,0.952,0.0,HMG-CoA reductase inhibitor,generic,-statin,crowded,False,,
thestatin,False,ngram_guided+refined,3,65.28,68.79,moderate,-13.79,1.21,sunstation,0.8494,3,TRADEMARK_HIT,SIMILARITY_MODERATE,thostatin,thostatin -> thestatin,0.0,1.0,0.829,1.0,1.0,0.858,0.014,HMG-CoA reductase inhibitor,generic,-statin,crowded,False,,
tvestatin,False,ngram_guided+refined,3,62.4,66.82,moderate,-11.82,3.18,cresatin,0.5616,3,TRADEMARK_HIT,SIMILARITY_MODERATE|ILLEGAL_ONSET_CLUSTER,thostatin,thostatin -> thestatin -> tvestatin,0.0,1.0,0.63,1.0,1.0,0.858,0.0,HMG-CoA reductase inhibitor,generic,-statin,crowded,False,,
tmestatin,False,ngram_guided+refined,3,62.4,66.53,moderate,-11.53,3.47,cosmestat,0.5806,3,INTRA_STEM_TOO_CLOSE|TRADEMARK_HIT,SIMILARITY_MODERATE|ILLEGAL_ONSET_CLUSTER,thostatin,thostatin -> thestatin -> tvestatin -> tmestatin,0.0,1.0,0.63,1.0,1.0,0.858,0.0,HMG-CoA reductase inhibitor,generic,-statin,crowded,False,,
evanestatin,False,grammar,4,59.33,66.1,moderate,-11.1,3.9,anastatica,0.7934,5,TRADEMARK_HIT,SIMILARITY_MODERATE,,evanestatin,0.0,0.68,0.894,1.0,1.0,0.821,0.0,HMG-CoA reductase inhibitor,generic,-statin,crowded,False,,
alvystatin,False,grammar,4,65.73,64.05,moderate,-9.05,5.95,cystamine,0.6495,4,INTRA_STEM_TOO_CLOSE|TRADEMARK_HIT,SIMILARITY_MODERATE,,alvystatin,0.0,1.0,0.768,1.0,1.0,0.998,0.0,HMG-CoA reductase inhibitor,generic,-statin,crowded,False,,
ixazostatin,False,grammar,4,54.76,59.69,moderate,-4.69,10.31,oxaliplatin,0.7715,5,TRADEMARK_HIT,SIMILARITY_MODERATE,,ixazostatin,0.0,0.45,0.894,1.0,1.0,0.821,0.004,HMG-CoA reductase inhibitor,generic,-statin,crowded,False,,
ricestatin,False,grammar,4,59.29,69.38,moderate,-14.38,0.62,triceptin,0.7799,4,TRADEMARK_HIT,SIMILARITY_MODERATE,,ricestatin,0.0,0.6,0.879,1.0,1.0,0.998,0.0,HMG-CoA reductase inhibitor,generic,-statin,crowded,False,,
qentestatin,False,grammar,4,60.08,72.39,high,-17.39,-2.39,pentostatin,0.6351,4,SIMILARITY_TOO_HIGH|TRADEMARK_HIT,,,qentestatin,0.0,0.68,0.854,1.0,1.0,0.952,0.0,HMG-CoA reductase inhibitor,generic,-statin,crowded,False,,
pesivestatin,False,grammar,4,59.49,63.92,moderate,-8.92,6.08,peginesatide,0.7814,5,TRADEMARK_HIT,SIMILARITY_MODERATE,,pesivestatin,0.0,0.733,0.894,1.0,1.0,0.731,0.0,HMG-CoA reductase inhibitor,generic,-statin,crowded,False,,
siristatin,False,grammar,4,61.43,70.45,high,-15.45,-0.45,myristamine,0.8276,4,SIMILARITY_TOO_HIGH|INTRA_STEM_TOO_CLOSE|TRADEMARK_HIT,,,siristatin,0.0,0.6,0.879,1.0,1.0,0.998,0.307,HMG-CoA reductase inhibitor,generic,-statin,crowded,False,,
cucastatin,False,grammar,4,67.31,65.92,moderate,-10.92,4.08,cucurbitacin,0.7694,4,TRADEMARK_HIT,SIMILARITY_MODERATE,,cucastatin,0.0,1.0,0.879,1.0,1.0,0.998,0.003,HMG-CoA reductase inhibitor,generic,-statin,crowded,False,,
penostatin,False,grammar,4,66.07,73.92,high,-18.92,-3.92,pentostatin,0.9358,4,SIMILARITY_TOO_HIGH|TRADEMARK_HIT,,,penostatin,0.0,0.6,0.879,1.0,1.0,0.998,0.969,HMG-CoA reductase inhibitor,generic,-statin,crowded,False,,
axostatin,False,grammar,4,67.13,65.47,moderate,-10.47,4.53,prostatone,0.7443,4,TRADEMARK_HIT,SIMILARITY_MODERATE,,axostatin,0.0,1.0,0.879,1.0,1.0,0.983,0.0,HMG-CoA reductase inhibitor,generic,-statin,crowded,False,,
asrostatin,False,grammar,4,66.94,74.34,high,-19.34,-4.34,prostatone,0.6594,4,SIMILARITY_TOO_HIGH|TRADEMARK_HIT,,,asrostatin,0.0,1.0,0.854,1.0,1.0,0.998,0.0,HMG-CoA reductase inhibitor,generic,-statin,crowded,False,,
rasostatin,False,grammar,4,59.35,67.36,moderate,-12.36,2.64,rosoxacin,0.7989,4,TRADEMARK_HIT,SIMILARITY_MODERATE,,rasostatin,0.0,0.6,0.879,1.0,1.0,0.998,0.01,HMG-CoA reductase inhibitor,generic,-statin,crowded,False,,
emostatin,False,grammar,4,67.22,76.08,high,-21.08,-6.08,hemostat,0.8463,4,SIMILARITY_TOO_HIGH|INTRA_STEM_TOO_CLOSE|TRADEMARK_HIT,,,emostatin,0.0,1.0,0.879,1.0,1.0,0.983,0.012,HMG-CoA reductase inhibitor,generic,-statin,crowded,False,,
doavestatin,False,grammar,4,65.73,62.0,moderate,-7.0,8.0,adiastatic,0.6509,5,TRADEMARK_HIT,SIMILARITY_MODERATE,,doavestatin,0.0,1.0,0.894,1.0,1.0,0.821,0.0,HMG-CoA reductase inhibitor,generic,-statin,crowded,False,,
fexistatin,False,grammar,4,62.87,70.09,high,-15.09,-0.09,oxistat,0.7166,4,SIMILARITY_TOO_HIGH|TRADEMARK_HIT,,,fexistatin,0.0,0.6,0.879,1.0,1.0,0.998,0.512,HMG-CoA reductase inhibitor,generic,-statin,crowded,False,,
lubasostatin,False,grammar,4,59.49,59.26,moderate,-4.26,10.74,glucametacin,0.7325,5,TRADEMARK_HIT,SIMILARITY_MODERATE,,lubasostatin,0.0,0.733,0.894,1.0,1.0,0.731,0.0,HMG-CoA reductase inhibitor,generic,-statin,crowded,False,,
diavastatin,False,grammar,4,65.74,69.24,moderate,-14.24,0.76,adiastatic,0.7167,5,INTRA_STEM_TOO_CLOSE|TRADEMARK_HIT,SIMILARITY_MODERATE,,diavastatin,0.0,1.0,0.894,1.0,1.0,0.821,0.001,HMG-CoA reductase inhibitor,generic,-statin,crowded,False,,
figiastatin,False,grammar,4,59.33,70.04,high,-15.04,-0.04,adiastatic,0.6956,5,SIMILARITY_TOO_HIGH|INTRA_STEM_TOO_CLOSE|TRADEMARK_HIT,,,figiastatin,0.0,0.68,0.894,1.0,1.0,0.821,0.0,HMG-CoA reductase inhibitor,generic,-statin,crowded,False,,
erastatin,False,grammar,4,69.7,73.3,high,-18.3,-3.3,therastat,0.8669,4,SIMILARITY_TOO_HIGH|INTRA_STEM_TOO_CLOSE|TRADEMARK_HIT,,,erastatin,0.0,1.0,0.879,1.0,1.0,0.983,0.367,HMG-CoA reductase inhibitor,generic,-statin,crowded,False,,
lovistatin,False,grammar,4,64.07,82.08,high,-27.08,-12.08,lovastatin,0.8229,4,SIMILARITY_TOO_HIGH|TRADEMARK_HIT,,,lovistatin,0.0,0.6,0.879,1.0,1.0,0.998,0.683,HMG-CoA reductase inhibitor,generic,-statin,crowded,False,,
lelfostatin,True,grammar,4,60.08,64.78,moderate,-9.78,5.22,olfoxacin,0.6607,4,,SIMILARITY_MODERATE,,lelfostatin,0.0,0.68,0.854,1.0,1.0,0.952,0.0,HMG-CoA reductase inhibitor,generic,-statin,crowded,False,,
doxazustatin,True,grammar,4,55.18,66.24,moderate,-11.24,3.76,doxazosin,0.7118,5,,SIMILARITY_MODERATE,,doxazustatin,0.0,0.517,0.894,1.0,1.0,0.731,0.003,HMG-CoA reductase inhibitor,generic,-statin,crowded,False,,
lollabostatin,True,grammar,4,58.85,57.42,moderate,-2.42,12.58,lidostat,0.6987,5,,SIMILARITY_MODERATE,,lollabostatin,0.0,0.771,0.869,1.0,1.0,0.624,0.001,HMG-CoA reductase inhibitor,generic,-statin,crowded,False,,
lixodrostatin,True,grammar,4,57.51,67.6,moderate,-12.6,2.4,osilodrostat,0.7535,5,,SIMILARITY_MODERATE,,lixodrostatin,0.0,0.771,0.763,1.0,1.0,0.624,0.021,HMG-CoA reductase inhibitor,generic,-statin,crowded,False,,
budesstatin,True,ngram_guided,4,56.0,62.77,moderate,-7.77,7.23,adiastatic,0.7065,4,,SIMILARITY_MODERATE,,budesstatin,0.0,0.45,0.768,0.75,1.0,0.952,0.568,HMG-CoA reductase inhibitor,generic,-statin,crowded,False,,
pozelstatin,True,ngram_guided,4,55.79,61.84,moderate,-6.84,8.16,polydatin,0.6824,4,,SIMILARITY_MODERATE,,pozelstatin,0.0,0.45,0.768,1.0,1.0,0.952,0.217,HMG-CoA reductase inhibitor,generic,-statin,crowded,False,,
butstatin,False,ngram_guided,4,68.27,72.07,high,-17.07,-2.07,sunstation,0.6695,3,SIMILARITY_TOO_HIGH|TRADEMARK_HIT,,,butstatin,0.0,1.0,0.742,1.0,1.0,0.858,0.614,HMG-CoA reductase inhibitor,generic,-statin,crowded,False,,
sebestatin,False,ngram_guided,4,64.87,71.02,high,-16.02,-1.02,sebestena,0.7896,4,SIMILARITY_TOO_HIGH|TRADEMARK_HIT,IMPLIED_CLAIM,,sebestatin,0.0,0.6,0.879,1.0,1.0,0.998,0.798,HMG-CoA reductase inhibitor,generic,-statin,crowded,False,,
axastatin,False,ngram_guided,4,67.23,67.29,moderate,-12.29,2.71,anastatica,0.6936,4,TRADEMARK_HIT,SIMILARITY_MODERATE,,axastatin,0.0,1.0,0.879,1.0,1.0,0.983,0.014,HMG-CoA reductase inhibitor,generic,-statin,crowded,False,,
bedipamstatin,True,ngram_guided,4,57.3,61.17,moderate,-6.17,8.83,adiastatic,0.7215,5,,SIMILARITY_MODERATE,,bedipamstatin,0.0,0.564,0.783,1.0,1.0,0.624,0.545,HMG-CoA reductase inhibitor,generic,-statin,crowded,False,,
semustatin,False,ngram_guided,4,64.12,72.22,high,-17.22,-2.22,sunstation,0.8137,4,SIMILARITY_TOO_HIGH|TRADEMARK_HIT,,,semustatin,0.0,0.6,0.879,1.0,1.0,0.998,0.691,HMG-CoA reductase inhibitor,generic,-statin,crowded,False,,
firstatin,False,ngram_guided,4,68.61,68.68,moderate,-13.68,1.32,sunstation,0.6992,3,TRADEMARK_HIT,SIMILARITY_MODERATE,,firstatin,0.0,1.0,0.742,1.0,1.0,0.858,0.663,HMG-CoA reductase inhibitor,generic,-statin,crowded,False,,
ofastatin,False,ngram_guided,4,67.18,66.05,moderate,-11.05,3.95,station,0.7633,4,TRADEMARK_HIT,SIMILARITY_MODERATE|IMPLIED_CLAIM,,ofastatin,0.0,1.0,0.879,1.0,1.0,0.983,0.006,HMG-CoA reductase inhibitor,generic,-statin,crowded,False,,
pyrrstatin,True,ngram_guided,4,53.33,69.05,moderate,-14.05,0.95,prostatone,0.6771,3,,SIMILARITY_MODERATE,,pyrrstatin,0.0,0.6,0.742,0.65,1.0,0.873,0.05,HMG-CoA reductase inhibitor,generic,-statin,crowded,False,,
temsirostatin,True,ngram_guided,4,49.26,60.98,moderate,-5.98,9.02,temsirolimus,0.7434,5,,SIMILARITY_MODERATE,,temsirostatin,0.0,0.15,0.869,1.0,1.0,0.624,0.406,HMG-CoA reductase inhibitor,generic,-statin,crowded,False,,
solstatin,False,ngram_guided,4,67.43,72.44,high,-17.44,-2.44,solstice,0.7646,3,SIMILARITY_TOO_HIGH|INTRA_STEM_TOO_CLOSE|TRADEMARK_HIT,,,solstatin,0.0,1.0,0.742,1.0,1.0,0.858,0.494,HMG-CoA reductase inhibitor,generic,-statin,crowded,False,,
lutstatin,False,ngram_guided,4,64.64,71.31,high,-16.31,-1.31,sunstation,0.6267,3,SIMILARITY_TOO_HIGH|TRADEMARK_HIT,,,lutstatin,0.0,1.0,0.742,1.0,1.0,0.858,0.095,HMG-CoA reductase inhibitor,generic,-statin,crowded,False,,
ixekistatin,True,ngram_guided,4,55.72,60.4,moderate,-5.4,9.6,oxistat,0.7224,5,,SIMILARITY_MODERATE,,ixekistatin,0.0,0.45,0.894,1.0,1.0,0.821,0.142,HMG-CoA reductase inhibitor,generic,-statin,crowded,False,,
cucurstatin,False,ngram_guided,4,55.9,77.29,high,-22.29,-7.29,cucurbitacin,0.6913,4,SIMILARITY_TOO_HIGH,,,cucurstatin,0.0,0.45,0.768,1.0,1.0,0.952,0.233,HMG-CoA reductase inhibitor,generic,-statin,crowded,False,,
dexketstatin,True,ngram_guided,4,55.0,60.8,moderate,-5.8,9.2,dexketoprofen,0.655,4,,SIMILARITY_MODERATE,,dexketstatin,0.0,0.3,0.647,1.0,1.0,0.862,0.904,HMG-CoA reductase inhibitor,generic,-statin,crowded,False,,
fruquizastatin,True,ngram_guided,4,51.83,64.12,moderate,-9.12,5.88,fruquintinib,0.7646,5,,SIMILARITY_MODERATE,,fruquizastatin,0.0,0.4,0.673,1.0,1.0,0.527,0.59,HMG-CoA reductase inhibitor,generic,-statin,crowded,False,,
benstatin,False,ngram_guided,4,66.27,75.4,high,-20.4,-5.4,sunstation,0.9087,3,SIMILARITY_TOO_HIGH|TRADEMARK_HIT,,,benstatin,0.0,1.0,0.742,1.0,1.0,0.858,0.328,HMG-CoA reductase inhibitor,generic,-statin,crowded,False,,
sotstatin,False,ngram_guided,4,69.22,72.59,high,-17.59,-2.59,sunstation,0.7021,3,SIMILARITY_TOO_HIGH|TRADEMARK_HIT,,,sotstatin,0.0,1.0,0.742,1.0,1.0,0.858,0.75,HMG-CoA reductase inhibitor,generic,-statin,crowded,False,,
flibstatin,False,ngram_guided,4,56.62,63.45,moderate,-8.45,6.55,lidostat,0.6239,3,TRADEMARK_HIT,SIMILARITY_MODERATE,,flibstatin,0.0,0.6,0.596,1.0,1.0,0.873,0.363,HMG-CoA reductase inhibitor,generic,-statin,crowded,False,,
dursultostatin,True,ngram_guided,4,52.0,62.53,moderate,-7.53,7.47,fursultiamin,0.7924,5,,SIMILARITY_MODERATE,,dursultostatin,0.0,0.4,0.845,1.0,1.0,0.527,0.272,HMG-CoA reductase inhibitor,generic,-statin,crowded,False,,
clemstatin,False,ngram_guided,4,58.92,73.01,high,-18.01,-3.01,clemastine,0.7329,3,SIMILARITY_TOO_HIGH|TRADEMARK_HIT,,,clemstatin,0.0,0.6,0.596,1.0,1.0,0.873,0.692,HMG-CoA reductase inhibitor,generic,-statin,crowded,False,,
polystatin,False,ngram_guided,4,59.07,82.02,high,-27.02,-12.02,polydatin,0.9477,4,SIMILARITY_TOO_HIGH|TRADEMARK_HIT,,,polystatin,0.0,0.6,0.768,1.0,1.0,0.998,0.193,HMG-CoA reductase inhibitor,generic,-statin,crowded,False,,
evostatin,False,ngram_guided,4,67.39,66.05,moderate,-11.05,3.95,station,0.8213,4,TRADEMARK_HIT,SIMILARITY_MODERATE,,evostatin,0.0,1.0,0.879,1.0,1.0,0.983,0.036,HMG-CoA reductase inhibitor,generic,-statin,crowded,False,,
erustatin,False,grammar+refined,4,67.13,72.53,high,-17.53,-2.53,verrustat,0.8117,4,SIMILARITY_TOO_HIGH|TRADEMARK_HIT,,erastatin,erastatin -> erustatin,0.0,1.0,0.879,1.0,1.0,0.983,0.0,HMG-CoA reductase inhibitor,generic,-statin,crowded,False,,
evustatin,False,grammar+refined,4,67.13,66.05,moderate,-11.05,3.95,station,0.7245,4,TRADEMARK_HIT,SIMILARITY_MODERATE,erastatin,erastatin -> erustatin -> evustatin,0.0,1.0,0.879,1.0,1.0,0.983,0.0,HMG-CoA reductase inhibitor,generic,-statin,crowded,False,,
efustatin,False,grammar+refined,4,67.13,67.85,moderate,-12.85,2.15,sustain,0.7281,4,TRADEMARK_HIT,SIMILARITY_MODERATE,erastatin,erastatin -> erustatin -> evustatin -> efustatin,0.0,1.0,0.879,1.0,1.0,0.983,0.0,HMG-CoA reductase inhibitor,generic,-statin,crowded,False,,
soystatin,False,ngram_guided+refined,4,63.97,69.56,moderate,-14.56,0.44,sunstation,0.7607,3,INTRA_STEM_TOO_CLOSE|TRADEMARK_HIT,SIMILARITY_MODERATE,sotstatin,sotstatin -> soystatin,0.0,1.0,0.742,1.0,1.0,0.858,0.0,HMG-CoA reductase inhibitor,generic,-statin,crowded,False,,
seystatin,False,ngram_guided+refined,4,63.97,72.83,high,-17.83,-2.83,sunstation,0.7227,3,SIMILARITY_TOO_HIGH|INTRA_STEM_TOO_CLOSE|TRADEMARK_HIT,,sotstatin,sotstatin -> soystatin -> seystatin,0.0,1.0,0.742,1.0,1.0,0.858,0.0,HMG-CoA reductase inhibitor,generic,-statin,crowded,False,,
senstatin,False,ngram_guided+refined,4,64.02,84.25,high,-29.25,-14.25,sunstation,0.8439,3,SIMILARITY_TOO_HIGH|TRADEMARK_HIT,,sotstatin,sotstatin -> soystatin -> seystatin -> senstatin,0.0,1.0,0.742,1.0,1.0,0.858,0.006,HMG-CoA reductase inhibitor,generic,-statin,crowded,False,,
furstatin,False,ngram_guided+refined,4,63.97,73.96,high,-18.96,-3.96,sunstation,0.7956,3,SIMILARITY_TOO_HIGH|TRADEMARK_HIT,,firstatin,firstatin -> furstatin,0.0,1.0,0.742,1.0,1.0,0.858,0.0,HMG-CoA reductase inhibitor,generic,-statin,crowded,False,,
fusstatin,False,ngram_guided+refined,4,61.83,74.17,high,-19.17,-4.17,sunstation,0.705,3,SIMILARITY_TOO_HIGH|TRADEMARK_HIT,,firstatin,firstatin -> furstatin -> fusstatin,0.0,1.0,0.742,0.75,1.0,0.858,0.015,HMG-CoA reductase inhibitor,generic,-statin,crowded,False,,
vusstatin,False,ngram_guided+refined,4,61.72,72.13,high,-17.13,-2.13,sunstation,0.646,3,SIMILARITY_TOO_HIGH|INTRA_STEM_TOO_CLOSE|TRADEMARK_HIT,,firstatin,firstatin -> furstatin -> fusstatin -> vusstatin,0.0,1.0,0.742,0.75,1.0,0.858,0.0,HMG-CoA reductase inhibitor,generic,-statin,crowded,False,,
buxstatin,False,ngram_guided+refined,4,61.62,69.7,moderate,-14.7,0.3,sunstation,0.534,3,TRADEMARK_HIT,SIMILARITY_MODERATE,butstatin,butstatin -> buxstatin,0.0,1.0,0.574,1.0,1.0,0.858,0.0,HMG-CoA reductase inhibitor,generic,-statin,crowded,False,,
bexstatin,False,ngram_guided+refined,4,64.37,64.62,moderate,-9.62,5.38,bexacat,0.5442,3,TRADEMARK_HIT,SIMILARITY_MODERATE,butstatin,butstatin -> buxstatin -> bexstatin,0.0,1.0,0.574,1.0,1.0,0.858,0.394,HMG-CoA reductase inhibitor,generic,-statin,crowded,False,,
boxstatin,False,ngram_guided+refined,4,61.62,63.74,moderate,-8.74,6.26,station,0.5827,3,TRADEMARK_HIT,SIMILARITY_MODERATE,butstatin,butstatin -> buxstatin -> bexstatin -> boxstatin,0.0,1.0,0.574,1.0,1.0,0.858,0.0,HMG-CoA reductase inhibitor,generic,-statin,crowded,False,,
sodstatin,False,ngram_guided+refined,4,63.97,74.49,high,-19.49,-4.49,sunstation,0.6755,3,SIMILARITY_TOO_HIGH|TRADEMARK_HIT,,solstatin,solstatin -> sodstatin,0.0,1.0,0.742,1.0,1.0,0.858,0.0,HMG-CoA reductase inhibitor,generic,-statin,crowded,False,,
sosstatin,False,ngram_guided+refined,4,61.72,70.33,high,-15.33,-0.33,sunstation,0.7025,3,SIMILARITY_TOO_HIGH|TRADEMARK_HIT,,solstatin,solstatin -> sodstatin -> sosstatin,0.0,1.0,0.742,0.75,1.0,0.858,0.0,HMG-CoA reductase inhibitor,generic,-statin,crowded,False,,
dosstatin,False,ngram_guided+refined,4,62.44,67.46,moderate,-12.46,2.54,station,0.6916,3,TRADEMARK_HIT,SIMILARITY_MODERATE,solstatin,solstatin -> sodstatin -> sosstatin -> dosstatin,0.0,1.0,0.742,0.75,1.0,0.858,0.103,HMG-CoA reductase inhibitor,generic,-statin,crowded,False,,
erostatin,False,ngram_guided+refined,4,67.22,75.91,high,-20.91,-5.91,prostatone,0.8643,4,SIMILARITY_TOO_HIGH|TRADEMARK_HIT,,evostatin,evostatin -> erostatin,0.0,1.0,0.879,1.0,1.0,0.983,0.012,HMG-CoA reductase inhibitor,generic,-statin,crowded,False,,
arostatin,False,ngram_guided+refined,4,67.18,75.91,high,-20.91,-5.91,prostatone,0.8613,4,SIMILARITY_TOO_HIGH|TRADEMARK_HIT,,evostatin,evostatin -> erostatin -> arostatin,0.0,1.0,0.879,1.0,1.0,0.983,0.006,HMG-CoA reductase inhibitor,generic,-statin,crowded,False,,
arastatin,False,ngram_guided+refined,4,67.19,71.28,high,-16.28,-1.28,arestin,0.8986,4,SIMILARITY_TOO_HIGH|TRADEMARK_HIT,,evostatin,evostatin -> erostatin -> arostatin -> arastatin,0.0,1.0,0.879,1.0,1.0,0.983,0.007,HMG-CoA reductase inhibitor,generic,-statin,crowded,False,,
cutastatin,False,grammar+refined,4,59.29,64.36,moderate,-9.36,5.64,adiastatic,0.8352,4,INTRA_STEM_TOO_CLOSE|TRADEMARK_HIT,SIMILARITY_MODERATE,cucastatin,cucastatin -> cutastatin,0.0,0.6,0.879,1.0,1.0,0.998,0.0,HMG-CoA reductase inhibitor,generic,-statin,crowded,False,,
culastatin,False,grammar+refined,4,59.29,69.29,moderate,-14.29,0.71,cilastatin,0.8862,4,INTRA_STEM_TOO_CLOSE|TRADEMARK_HIT,SIMILARITY_MODERATE,cucastatin,cucastatin -> cutastatin -> culastatin,0.0,0.6,0.879,1.0,1.0,0.998,0.0,HMG-CoA reductase inhibitor,generic,-statin,crowded,False,,
cuwastatin,False,grammar+refined,4,67.29,62.96,moderate,-7.96,7.04,adiastatic,0.6503,4,INTRA_STEM_TOO_CLOSE|TRADEMARK_HIT,SIMILARITY_MODERATE,cucastatin,cucastatin -> cutastatin -> culastatin -> cuwastatin,0.0,1.0,0.879,1.0,1.0,0.998,0.0,HMG-CoA reductase inhibitor,generic,-statin,crowded,False,,
lorecycline,False,grammar,1,57.93,62.99,moderate,-7.99,7.01,chlorcyclizine,0.9563,4,INTRA_STEM_TOO_CLOSE|TRADEMARK_HIT,SIMILARITY_MODERATE,,lorecycline,0.0,0.6,0.813,1.0,1.0,0.952,0.003,tetracycline antibacterial,generic,-cycline,crowded,False,,
ciszocycline,False,grammar,1,65.03,63.24,moderate,-8.24,6.76,pizotyline,0.7027,4,TRADEMARK_HIT,SIMILARITY_MODERATE,,ciszocycline,0.0,1.0,0.813,1.0,1.0,0.862,0.003,tetracycline antibacterial,generic,-cycline,crowded,False,,
derfecycline,False,grammar,1,54.03,61.09,moderate,-6.09,8.91,terfenadine,0.9074,4,INTRA_STEM_TOO_CLOSE|TRADEMARK_HIT,SIMILARITY_MODERATE,,derfecycline,0.0,0.45,0.813,1.0,1.0,0.862,0.003,tetracycline antibacterial,generic,-cycline,crowded,False,,
dopplocycline,False,grammar,1,60.68,61.85,moderate,-6.85,8.15,procyclidine,0.8002,4,INTRA_STEM_TOO_CLOSE|TRADEMARK_HIT,SIMILARITY_MODERATE,,dopplocycline,0.0,1.0,0.581,1.0,1.0,0.755,0.0,tetracycline antibacterial,generic,-cycline,crowded,False,,
uvomicycline,False,grammar,1,57.5,66.36,moderate,-11.36,3.64,lomifylline,0.7115,5,INTRA_STEM_TOO_CLOSE,SIMILARITY_MODERATE,,uvomicycline,0.0,0.68,0.828,1.0,1.0,0.731,0.0,tetracycline antibacterial,generic,-cycline,crowded,False,,
ylicycline,True,grammar,1,61.98,60.6,moderate,-5.6,9.4,dicyclomine,0.8056,3,,SIMILARITY_MODERATE|ILLEGAL_ONSET_CLUSTER,,ylicycline,0.0,1.0,0.589,1.0,1.0,0.873,0.0,tetracycline antibacterial,generic,-cycline,crowded,True,,
dinacycline,False,grammar,1,59.72,67.54,moderate,-12.54,2.46,minocycline,0.9523,4,INTRA_STEM_TOO_CLOSE|TRADEMARK_HIT,SIMILARITY_MODERATE,,dinacycline,0.0,0.6,0.813,1.0,1.0,0.952,0.259,tetracycline antibacterial,generic,-cycline,crowded,False,,
denicycline,False,grammar,1,64.16,73.68,high,-18.68,-3.68,bencyclane,0.9507,4,SIMILARITY_TOO_HIGH|INTRA_STEM_TOO_CLOSE|TRADEMARK_HIT,,,denicycline,0.0,0.6,0.813,1.0,1.0,0.952,0.894,tetracycline antibacterial,generic,-cycline,crowded,False,,
sukocycline,False,grammar,1,65.91,58.5,moderate,-3.5,11.5,procyclidine,0.7944,4,TRADEMARK_HIT,SIMILARITY_MODERATE,,sukocycline,0.0,1.0,0.813,1.0,1.0,0.952,0.0,tetracycline antibacterial,generic,-cycline,crowded,False,,
mofonucycline,False,grammar,1,62.83,55.96,moderate,-0.96,14.04,bencyclane,0.7172,5,TRADEMARK_HIT,SIMILARITY_MODERATE,,mofonucycline,0.0,1.0,0.828,1.0,1.0,0.624,0.0,tetracycline antibacterial,generic,-cycline,crowded,False,,
donsecycline,False,grammar,1,58.63,61.61,moderate,-6.61,8.39,bencyclane,0.8911,4,INTRA_STEM_TOO_CLOSE|TRADEMARK_HIT,SIMILARITY_MODERATE,,donsecycline,0.0,0.68,0.813,1.0,1.0,0.862,0.003,tetracycline antibacterial,generic,-cycline,crowded,False,,
feungacycline,True,grammar,1,58.6,57.68,moderate,-2.68,12.32,fenoxazoline,0.6441,4,,SIMILARITY_MODERATE,,feungacycline,0.0,0.733,0.813,1.0,1.0,0.755,0.0,tetracycline antibacterial,generic,-cycline,crowded,False,,
icutecycline,False,grammar,1,57.5,57.92,moderate,-2.92,12.08,achyrocline,0.8509,5,INTRA_STEM_TOO_CLOSE,SIMILARITY_MODERATE,,icutecycline,0.0,0.68,0.828,1.0,1.0,0.731,0.0,tetracycline antibacterial,generic,-cycline,crowded,False,,
olocycline,False,grammar,1,66.37,63.06,moderate,-8.06,6.94,procyclidine,0.9277,4,INTRA_STEM_TOO_CLOSE|TRADEMARK_HIT,SIMILARITY_MODERATE,,olocycline,0.0,1.0,0.813,1.0,1.0,0.998,0.001,tetracycline antibacterial,generic,-cycline,crowded,False,,
rimasacycline,False,grammar,1,57.68,61.14,moderate,-6.14,8.86,rimantadine,0.8147,5,INTRA_STEM_TOO_CLOSE,SIMILARITY_MODERATE,,rimasacycline,0.0,0.733,0.828,1.0,1.0,0.624,0.026,tetracycline antibacterial,generic,-cycline,crowded,False,,
balocycline,False,grammar,1,62.37,65.45,moderate,-10.45,4.55,palbociclib,0.93,4,INTRA_STEM_TOO_CLOSE|TRADEMARK_HIT,SIMILARITY_MODERATE,,balocycline,0.0,0.6,0.813,1.0,1.0,0.952,0.637,tetracycline antibacterial,generic,-cycline,crowded,False,,
cirmocycline,False,grammar,1,65.03,61.04,moderate,-6.04,8.96,temocillin,0.7904,4,INTRA_STEM_TOO_CLOSE|TRADEMARK_HIT,SIMILARITY_MODERATE,,cirmocycline,0.0,1.0,0.813,1.0,1.0,0.862,0.003,tetracycline antibacterial,generic,-cycline,crowded,False,,
gevecycline,False,grammar,1,65.91,63.87,moderate,-8.87,6.13,bencyclane,0.8724,4,INTRA_STEM_TOO_CLOSE,SIMILARITY_MODERATE,,gevecycline,0.0,1.0,0.813,1.0,1.0,0.952,0.0,tetracycline antibacterial,generic,-cycline,crowded,False,,
futlecycline,False,grammar,1,58.61,56.37,moderate,-1.37,13.63,fenethylline,0.7177,4,INTRA_STEM_TOO_CLOSE|TRADEMARK_HIT,SIMILARITY_MODERATE,,futlecycline,0.0,0.68,0.813,1.0,1.0,0.862,0.001,tetracycline antibacterial,generic,-cycline,crowded,False,,
maxycabacycline,True,grammar,1,53.55,59.72,moderate,-4.72,10.28,axicabtagene,0.7279,6,,SIMILARITY_MODERATE,,maxycabacycline,0.0,0.8,0.727,1.0,1.0,0.237,0.0,tetracycline antibacterial,generic,-cycline,crowded,False,,
othecycline,False,grammar,1,57.91,63.77,moderate,-8.77,6.23,achyrocline,0.8343,4,INTRA_STEM_TOO_CLOSE|TRADEMARK_HIT,SIMILARITY_MODERATE,,othecycline,0.0,0.6,0.813,1.0,1.0,0.952,0.0,tetracycline antibacterial,generic,-cycline,crowded,False,,
clalicycline,True,grammar,1,57.63,60.64,moderate,-5.64,9.36,chlorcyclizine,0.8928,4,,SIMILARITY_MODERATE,,clalicycline,0.0,0.68,0.692,1.0,1.0,0.862,0.103,tetracycline antibacterial,generic,-cycline,crowded,False,,
gonocycline,False,grammar,1,58.09,64.91,moderate,-9.91,5.09,bencyclane,0.9077,4,INTRA_STEM_TOO_CLOSE|TRADEMARK_HIT,SIMILARITY_MODERATE,,gonocycline,0.0,0.6,0.813,1.0,1.0,0.952,0.026,tetracycline antibacterial,generic,-cycline,crowded,False,,
pelmacycline,False,grammar,1,58.66,62.87,moderate,-7.87,7.13,methacholine,0.8298,4,TRADEMARK_HIT,SIMILARITY_MODERATE,,pelmacycline,0.0,0.68,0.813,1.0,1.0,0.862,0.007,tetracycline antibacterial,generic,-cycline,crowded,False,,
decanecycline,True,ngram_guided,1,44.3,62.87,moderate,-7.87,7.13,decamethrin,0.9506,5,,SIMILARITY_MODERATE,,decanecycline,0.0,0.3,0.828,1.0,0.53,0.624,0.427,tetracycline antibacterial,generic,-cycline,crowded,False,,
pentocycline,False,ngram_guided,1,48.06,72.84,high,-17.84,-2.84,pentifylline,0.9702,4,SIMILARITY_TOO_HIGH|INTRA_STEM_TOO_CLOSE|TRADEMARK_HIT,,,pentocycline,0.0,0.45,0.813,1.0,0.53,0.862,0.225,tetracycline antibacterial,generic,-cycline,crowded,False,,
pemeclocycline,False,ngram_guided,1,43.75,90.02,high,-35.02,-20.02,demeclocycline,0.8942,5,SIMILARITY_TOO_HIGH|INTRA_STEM_TOO_CLOSE|TRADEMARK_HIT,,,pemeclocycline,0.0,0.357,0.722,1.0,0.53,0.527,0.535,tetracycline antibacterial,generic,-cycline,crowded,False,,
prastucycline,True,ngram_guided,1,55.39,59.31,moderate,-4.31,10.69,procyclidine,0.8099,4,,SIMILARITY_MODERATE,,prastucycline,0.0,0.517,0.561,1.0,1.0,0.755,0.663,tetracycline antibacterial,generic,-cycline,crowded,False,,
decandocycline,False,ngram_guided,1,44.49,56.21,moderate,-1.21,13.79,bencyclane,0.9561,5,TRADEMARK_HIT,SIMILARITY_MODERATE,,decandocycline,0.0,0.357,0.828,1.0,0.53,0.527,0.429,tetracycline antibacterial,generic,-cycline,crowded,False,,
nercycline,False,ngram_guided,1,66.67,68.29,moderate,-13.29,1.71,bencyclane,0.8343,3,INTRA_STEM_TOO_CLOSE|TRADEMARK_HIT,SIMILARITY_MODERATE,,nercycline,0.0,1.0,0.788,1.0,1.0,0.873,0.273,tetracycline antibacterial,generic,-cycline,crowded,False,,
thiazcycline,False,ngram_guided,1,52.61,73.1,high,-18.1,-3.1,thiazoline,0.7708,4,SIMILARITY_TOO_HIGH|INTRA_STEM_TOO_CLOSE,,,thiazcycline,0.0,0.45,0.813,1.0,0.53,0.862,0.876,tetracycline antibacterial,generic,-cycline,crowded,False,,
elecycline,False,ngram_guided,1,70.1,63.19,moderate,-8.19,6.81,evoclin,0.9324,4,INTRA_STEM_TOO_CLOSE,SIMILARITY_MODERATE,,elecycline,0.0,1.0,0.813,1.0,1.0,0.998,0.534,tetracycline antibacterial,generic,-cycline,crowded,False,,
ubromocycline,False,ngram_guided,1,48.34,64.4,moderate,-9.4,5.6,bromotheophylline,0.8734,5,INTRA_STEM_TOO_CLOSE,SIMILARITY_MODERATE,,ubromocycline,0.0,0.517,0.722,1.0,0.53,0.624,0.597,tetracycline antibacterial,generic,-cycline,crowded,False,,
sumatericycline,True,ngram_guided,1,57.58,59.12,moderate,-4.12,10.88,somatorelin,0.9625,6,,SIMILARITY_MODERATE,,sumatericycline,0.0,0.6,0.838,1.0,1.0,0.237,0.925,tetracycline antibacterial,generic,-cycline,crowded,False,,
deworcycline,True,ngram_guided,1,56.98,60.74,moderate,-5.74,9.26,chlorcyclizine,0.8205,4,,SIMILARITY_MODERATE,,deworcycline,0.0,0.45,0.813,1.0,1.0,0.862,0.426,tetracycline antibacterial,generic,-cycline,crowded,False,,
methiocycline,False,ngram_guided,1,43.59,73.7,high,-18.7,-3.7,methacycline,0.9955,5,SIMILARITY_TOO_HIGH|INTRA_STEM_TOO_CLOSE|TRADEMARK_HIT,,,methiocycline,0.0,0.3,0.828,1.0,0.53,0.624,0.325,tetracycline antibacterial,generic,-cycline,crowded,False,,
abcicycline,False,ngram_guided,1,59.1,64.58,moderate,-9.58,5.42,achyrocline,0.8222,4,TRADEMARK_HIT,SIMILARITY_MODERATE,,abcicycline,0.0,0.6,0.813,1.0,1.0,0.952,0.171,tetracycline antibacterial,generic,-cycline,crowded,False,,
thycycline,False,ngram_guided,1,65.72,70.51,high,-15.51,-0.51,achyrocline,0.9204,3,SIMILARITY_TOO_HIGH|INTRA_STEM_TOO_CLOSE|TRADEMARK_HIT,,,thycycline,0.0,1.0,0.788,1.0,1.0,0.873,0.137,tetracycline antibacterial,generic,-cycline,crowded,False,,
ramcycline,False,ngram_guided,1,66.19,69.57,moderate,-14.57,0.43,amsacrine,0.7486,3,INTRA_STEM_TOO_CLOSE|TRADEMARK_HIT,SIMILARITY_MODERATE,,ramcycline,0.0,1.0,0.788,1.0,1.0,0.873,0.204,tetracycline antibacterial,generic,-cycline,crowded,False,,
albucycline,True,ngram_guided,1,61.08,66.76,moderate,-11.76,3.24,palbociclib,0.8604,4,,SIMILARITY_MODERATE,,albucycline,0.0,0.6,0.813,1.0,1.0,0.952,0.454,tetracycline antibacterial,generic,-cycline,crowded,False,,
abiracycline,False,ngram_guided,1,58.88,62.19,moderate,-7.19,7.81,achyrocline,0.87,5,INTRA_STEM_TOO_CLOSE|TRADEMARK_HIT,SIMILARITY_MODERATE,,abiracycline,0.0,0.45,0.828,1.0,1.0,0.731,0.855,tetracycline antibacterial,generic,-cycline,crowded,False,,
chircycline,False,ngram_guided,1,57.59,70.94,high,-15.94,-0.94,achyrocline,0.8615,3,SIMILARITY_TOO_HIGH|INTRA_STEM_TOO_CLOSE|TRADEMARK_HIT,,,chircycline,0.0,0.6,0.788,1.0,1.0,0.828,0.184,tetracycline antibacterial,generic,-cycline,crowded,False,,
omercycline,False,ngram_guided,1,58.23,66.3,moderate,-11.3,3.7,methacholine,0.8535,4,INTRA_STEM_TOO_CLOSE|TRADEMARK_HIT,SIMILARITY_MODERATE,,omercycline,0.0,0.6,0.813,1.0,1.0,0.952,0.046,tetracycline antibacterial,generic,-cycline,crowded,False,,
dipeginicycline,True,ngram_guided,1,53.69,56.05,moderate,-1.05,13.95,dibenzyline,0.9473,6,,SIMILARITY_MODERATE,,dipeginicycline,0.0,0.6,0.838,1.0,1.0,0.237,0.369,tetracycline antibacterial,generic,-cycline,crowded,False,,
mirtolcycline,False,ngram_guided,1,63.8,60.87,moderate,-5.87,9.13,tolciclate,0.8124,4,INTRA_STEM_TOO_CLOSE|TRADEMARK_HIT,SIMILARITY_MODERATE,,mirtolcycline,0.0,0.733,0.813,1.0,1.0,0.755,0.742,tetracycline antibacterial,generic,-cycline,crowded,False,,
prazcycline,False,ngram_guided,1,53.22,67.33,moderate,-12.33,2.67,procyclidine,0.7619,3,INTRA_STEM_TOO_CLOSE|TRADEMARK_HIT,SIMILARITY_MODERATE,,prazcycline,0.0,0.6,0.642,1.0,0.59,0.828,0.789,tetracycline antibacterial,generic,-cycline,crowded,False,,
suavicycline,False,ngram_guided,1,56.01,58.44,moderate,-3.44,11.56,viabecline,0.8637,5,INTRA_STEM_TOO_CLOSE,SIMILARITY_MODERATE,,suavicycline,0.0,0.45,0.828,1.0,1.0,0.731,0.444,tetracycline antibacterial,generic,-cycline,crowded,False,,
behenoxacycline,True,ngram_guided,1,45.29,64.11,moderate,-9.11,5.89,fenoxazoline,0.9292,6,,SIMILARITY_MODERATE,,behenoxacycline,0.0,0.4,0.838,1.0,0.53,0.237,0.814,tetracycline antibacterial,generic,-cycline,crowded,False,,
esecycline,False,ngram_guided+refined,1,66.37,63.2,moderate,-8.2,6.8,bencyclane,0.9057,4,INTRA_STEM_TOO_CLOSE|TRADEMARK_HIT,SIMILARITY_MODERATE,elecycline,elecycline -> esecycline,0.0,1.0,0.813,1.0,1.0,0.998,0.001,tetracycline antibacterial,generic,-cycline,crowded,False,,
etecycline,False,ngram_guided+refined,1,68.88,68.13,moderate,-13.13,1.87,etofylline,0.9054,4,INTRA_STEM_TOO_CLOSE|TRADEMARK_HIT,SIMILARITY_MODERATE,elecycline,elecycline -> esecycline -> etecycline,0.0,1.0,0.813,1.0,1.0,0.998,0.359,tetracycline antibacterial,generic,-cycline,crowded,False,,
efecycline,False,ngram_guided+refined,1,66.36,63.27,moderate,-8.27,6.73,acefylline,0.898,4,INTRA_STEM_TOO_CLOSE|TRADEMARK_HIT,SIMILARITY_MODERATE,elecycline,elecycline -> esecycline -> etecycline -> efecycline,0.0,1.0,0.813,1.0,1.0,0.998,0.0,tetracycline antibacterial,generic,-cycline,crowded,False,,
norcycline,False,ngram_guided+refined,1,69.05,68.17,moderate,-13.17,1.83,morpholine,0.8329,3,TRADEMARK_HIT,SIMILARITY_MODERATE,nercycline,nercycline -> norcycline,0.0,1.0,0.788,1.0,1.0,0.873,0.613,tetracycline antibacterial,generic,-cycline,crowded,False,,
narcycline,False,ngram_guided+refined,1,64.94,63.17,moderate,-8.17,6.83,pargyline,0.8651,3,INTRA_STEM_TOO_CLOSE|TRADEMARK_HIT,SIMILARITY_MODERATE,nercycline,nercycline -> norcycline -> narcycline,0.0,1.0,0.788,1.0,1.0,0.873,0.026,tetracycline antibacterial,generic,-cycline,crowded,False,,
nurcycline,False,ngram_guided+refined,1,64.76,63.01,moderate,-8.01,6.99,bencyclane,0.7771,3,INTRA_STEM_TOO_CLOSE|TRADEMARK_HIT,SIMILARITY_MODERATE,nercycline,nercycline -> norcycline -> narcycline -> nurcycline,0.0,1.0,0.788,1.0,1.0,0.873,0.0,tetracycline antibacterial,generic,-cycline,crowded,False,,
ogocycline,False,grammar+refined,1,66.36,61.96,moderate,-6.96,8.04,evoclin,0.7152,4,INTRA_STEM_TOO_CLOSE|TRADEMARK_HIT,SIMILARITY_MODERATE,olocycline,olocycline -> ogocycline,0.0,1.0,0.813,1.0,1.0,0.998,0.0,tetracycline antibacterial,generic,-cycline,crowded,False,,
odocycline,False,grammar+refined,1,66.36,62.32,moderate,-7.32,7.68,procyclidine,0.9148,4,INTRA_STEM_TOO_CLOSE|TRADEMARK_HIT,SIMILARITY_MODERATE,olocycline,olocycline -> ogocycline -> odocycline,0.0,1.0,0.813,1.0,1.0,0.998,0.0,tetracycline antibacterial,generic,-cycline,crowded,False,,
opocycline,False,grammar+refined,1,66.36,65.29,moderate,-10.29,4.71,procyclidine,0.8616,4,INTRA_STEM_TOO_CLOSE|TRADEMARK_HIT,SIMILARITY_MODERATE,olocycline,olocycline -> ogocycline -> odocycline -> opocycline,0.0,1.0,0.813,1.0,1.0,0.998,0.0,tetracycline antibacterial,generic,-cycline,crowded,False,,
romcycline,True,ngram_guided+refined,1,68.18,61.55,moderate,-6.55,8.45,bencyclane,0.6728,3,,SIMILARITY_MODERATE,ramcycline,ramcycline -> romcycline,0.0,1.0,0.788,1.0,1.0,0.873,0.489,tetracycline antibacterial,generic,-cycline,crowded,True,,
sekocycline,False,grammar+refined,1,65.91,65.74,moderate,-10.74,4.26,hexocyclium,0.7332,4,INTRA_STEM_TOO_CLOSE|TRADEMARK_HIT,SIMILARITY_MODERATE,sukocycline,sukocycline -> sekocycline,0.0,1.0,0.813,1.0,1.0,0.952,0.0,tetracycline antibacterial,generic,-cycline,crowded,False,,
sejocycline,False,grammar+refined,1,65.91,62.73,moderate,-7.73,7.27,bencyclane,0.696,4,INTRA_STEM_TOO_CLOSE|TRADEMARK_HIT,SIMILARITY_MODERATE,sukocycline,sukocycline -> sekocycline -> sejocycline,0.0,1.0,0.813,1.0,1.0,0.952,0.0,tetracycline antibacterial,generic,-cycline,crowded,False,,
sezocycline,False,grammar+refined,1,65.91,64.04,moderate,-9.04,5.96,hexocyclium,0.7734,4,INTRA_STEM_TOO_CLOSE|TRADEMARK_HIT,SIMILARITY_MODERATE,sukocycline,sukocycline -> sekocycline -> sejocycline -> sezocycline,0.0,1.0,0.813,1.0,1.0,0.952,0.001,tetracycline antibacterial,generic,-cycline,crowded,False,,
getecycline,False,grammar+refined,1,57.91,64.64,moderate,-9.64,5.36,bencyclane,0.8136,4,INTRA_STEM_TOO_CLOSE|TRADEMARK_HIT,SIMILARITY_MODERATE,gevecycline,gevecycline -> getecycline,0.0,0.6,0.813,1.0,1.0,0.952,0.0,tetracycline antibacterial,generic,-cycline,crowded,False,,
gatecycline,False,grammar+refined,1,58.0,62.56,moderate,-7.56,7.44,acefylline,0.9537,4,INTRA_STEM_TOO_CLOSE|TRADEMARK_HIT,SIMILARITY_MODERATE,gevecycline,gevecycline -> getecycline -> gatecycline,0.0,0.6,0.813,1.0,1.0,0.952,0.014,tetracycline antibacterial,generic,-cycline,crowded,False,,
gutecycline,False,grammar+refined,1,65.91,59.66,moderate,-4.66,10.34,butoxycaine,0.8778,4,INTRA_STEM_TOO_CLOSE|TRADEMARK_HIT,SIMILARITY_MODERATE,gevecycline,gevecycline -> getecycline -> gatecycline -> gutecycline,0.0,1.0,0.813,1.0,1.0,0.952,0.0,tetracycline antibacterial,generic,-cycline,crowded,False,,
thlcycline,True,ngram_guided+refined,1,55.49,58.86,moderate,-3.86,11.14,achyrocline,0.6096,2,,SIMILARITY_MODERATE|ILLEGAL_ONSET_CLUSTER,thycycline,thycycline -> thlcycline,0.0,1.0,0.507,0.65,1.0,0.654,0.0,tetracycline antibacterial,generic,-cycline,crowded,False,,
cuszocycline,True,grammar+refined,1,65.0,64.44,moderate,-9.44,5.56,eszopiclone,0.7463,4,,SIMILARITY_MODERATE,ciszocycline,ciszocycline -> cuszocycline,0.0,1.0,0.813,1.0,1.0,0.862,0.0,tetracycline antibacterial,generic,-cycline,crowded,True,,
cemmtamocycline,True,grammar,2,55.6,56.55,moderate,-1.55,13.45,pentazocine,0.7111,5,,SIMILARITY_MODERATE,,cemmtamocycline,0.0,0.8,0.717,1.0,1.0,0.456,0.001,tetracycline antibacterial,generic,-cycline,crowded,False,,
rimlulicycline,True,grammar,2,60.57,51.78,low,3.22,18.22,glulisine,0.769,5,,,,rimlulicycline,0.129,0.771,0.828,1.0,1.0,0.527,0.026,tetracycline antibacterial,generic,-cycline,crowded,False,,
heicycline,True,grammar,2,64.76,64.35,moderate,-9.35,5.65,evoclin,0.891,3,,SIMILARITY_MODERATE,,heicycline,0.0,1.0,0.788,1.0,1.0,0.873,0.0,tetracycline antibacterial,generic,-cycline,crowded,True,,
ikacycline,False,grammar,2,66.36,63.46,moderate,-8.46,6.54,coastline,0.6859,4,INTRA_STEM_TOO_CLOSE|TRADEMARK_HIT,SIMILARITY_MODERATE,,ikacycline,0.0,1.0,0.813,1.0,1.0,0.998,0.0,tetracycline antibacterial,generic,-cycline,crowded,False,,
opocacycline,False,grammar,2,57.51,58.52,moderate,-3.52,11.48,coastline,0.741,5,INTRA_STEM_TOO_CLOSE|TRADEMARK_HIT,SIMILARITY_MODERATE,,opocacycline,0.0,0.68,0.828,1.0,1.0,0.731,0.001,tetracycline antibacterial,generic,-cycline,crowded,False,,
turmicycline,False,grammar,2,58.6,61.63,moderate,-6.63,8.37,bamifylline,0.8361,4,TRADEMARK_HIT,SIMILARITY_MODERATE,,turmicycline,0.0,0.68,0.813,1.0,1.0,0.862,0.0,tetracycline antibacterial,generic,-cycline,crowded,False,,
rezucycline,True,grammar,2,57.91,60.83,moderate,-5.83,9.17,bencyclane,0.7419,4,,SIMILARITY_MODERATE,,rezucycline,0.0,0.6,0.813,1.0,1.0,0.952,0.001,tetracycline antibacterial,generic,-cycline,crowded,False,,
duticycline,False,grammar,2,65.91,64.39,moderate,-9.39,5.61,citicoline,0.8409,4,INTRA_STEM_TOO_CLOSE|TRADEMARK_HIT,SIMILARITY_MODERATE,,duticycline,0.0,1.0,0.813,1.0,1.0,0.952,0.0,tetracycline antibacterial,generic,-cycline,crowded,False,,
rivocycline,False,grammar,2,66.21,71.51,high,-16.51,-1.51,ribociclib,0.8508,4,SIMILARITY_TOO_HIGH|INTRA_STEM_TOO_CLOSE|TRADEMARK_HIT,,,rivocycline,0.0,1.0,0.813,1.0,1.0,0.952,0.043,tetracycline antibacterial,generic,-cycline,crowded,False,,
bacoacycline,False,grammar,2,57.5,67.82,moderate,-12.82,2.18,coastline,0.8934,5,INTRA_STEM_TOO_CLOSE,SIMILARITY_MODERATE,,bacoacycline,0.0,0.68,0.828,1.0,1.0,0.731,0.0,tetracycline antibacterial,generic,-cycline,crowded,False,,
olcecacycline,False,grammar,2,57.51,56.17,moderate,-1.17,13.83,olfoxacin,0.6969,5,TRADEMARK_HIT,SIMILARITY_MODERATE,,olcecacycline,0.0,0.733,0.828,1.0,1.0,0.624,0.001,tetracycline antibacterial,generic,-cycline,crowded,False,,
akicycline,False,grammar,2,66.36,67.71,moderate,-12.71,2.29,achyrocline,0.7875,4,TRADEMARK_HIT,SIMILARITY_MODERATE,,akicycline,0.0,1.0,0.813,1.0,1.0,0.998,0.0,tetracycline antibacterial,generic,-cycline,crowded,False,,
unracycline,False,grammar,2,65.91,60.72,moderate,-5.72,9.28,procyclidine,0.7218,4,INTRA_STEM_TOO_CLOSE|TRADEMARK_HIT,SIMILARITY_MODERATE,,unracycline,0.0,1.0,0.813,1.0,1.0,0.952,0.0,tetracycline antibacterial,generic,-cycline,crowded,False,,
ditevecycline,False,grammar,2,57.58,59.34,moderate,-4.34,10.66,ditetracycline,0.8762,5,INTRA_STEM_TOO_CLOSE,SIMILARITY_MODERATE,,ditevecycline,0.0,0.733,0.828,1.0,1.0,0.624,0.012,tetracycline antibacterial,generic,-cycline,crowded,False,,
gonticycline,False,grammar,2,58.63,65.76,moderate,-10.76,4.24,pentifylline,0.8822,4,TRADEMARK_HIT,SIMILARITY_MODERATE,,gonticycline,0.0,0.68,0.813,1.0,1.0,0.862,0.004,tetracycline antibacterial,generic,-cycline,crowded,False,,
ciepacycline,False,grammar,2,65.03,61.24,moderate,-6.24,8.76,viabecline,0.718,4,INTRA_STEM_TOO_CLOSE|TRADEMARK_HIT,SIMILARITY_MODERATE,,ciepacycline,0.0,1.0,0.813,1.0,1.0,0.862,0.003,tetracycline antibacterial,generic,-cycline,crowded,False,,
tesrocycline,False,grammar,2,58.75,74.24,high,-19.24,-4.24,tetracycline,0.8235,4,SIMILARITY_TOO_HIGH|INTRA_STEM_TOO_CLOSE|TRADEMARK_HIT,,,tesrocycline,0.0,0.68,0.813,1.0,1.0,0.862,0.021,tetracycline antibacterial,generic,-cycline,crowded,False,,
medicycline,False,grammar,2,57.93,68.5,moderate,-13.5,1.5,medicine,0.9473,4,INTRA_STEM_TOO_CLOSE|TRADEMARK_HIT,SIMILARITY_MODERATE,,medicycline,0.0,0.6,0.813,1.0,1.0,0.952,0.003,tetracycline antibacterial,generic,-cycline,crowded,False,,
etlecycline,False,grammar,2,57.91,60.22,moderate,-5.22,9.78,etofylline,0.9008,4,INTRA_STEM_TOO_CLOSE|TRADEMARK_HIT,SIMILARITY_MODERATE,,etlecycline,0.0,0.6,0.813,1.0,1.0,0.952,0.001,tetracycline antibacterial,generic,-cycline,crowded,False,,
ilecycline,False,grammar,2,66.36,63.19,moderate,-8.19,6.81,evoclin,0.8727,4,INTRA_STEM_TOO_CLOSE|TRADEMARK_HIT,SIMILARITY_MODERATE,,ilecycline,0.0,1.0,0.813,1.0,1.0,0.998,0.0,tetracycline antibacterial,generic,-cycline,crowded,False,,
odacycline,False,grammar,2,66.37,63.86,moderate,-8.86,6.14,odacite,0.8259,4,INTRA_STEM_TOO_CLOSE|TRADEMARK_HIT,SIMILARITY_MODERATE,,odacycline,0.0,1.0,0.813,1.0,1.0,0.998,0.001,tetracycline antibacterial,generic,-cycline,crowded,False,,
zosicycline,False,grammar,2,57.91,61.83,moderate,-6.83,8.17,zopiclone,0.8251,4,INTRA_STEM_TOO_CLOSE|TRADEMARK_HIT,SIMILARITY_MODERATE,,zosicycline,0.0,0.6,0.813,1.0,1.0,0.952,0.0,tetracycline antibacterial,generic,-cycline,crowded,False,,
ebocycline,False,grammar,2,66.36,66.98,moderate,-11.98,3.02,etofylline,0.8588,4,INTRA_STEM_TOO_CLOSE|TRADEMARK_HIT,SIMILARITY_MODERATE,,ebocycline,0.0,1.0,0.813,1.0,1.0,0.998,0.0,tetracycline antibacterial,generic,-cycline,crowded,False,,
totocycline,False,grammar,2,65.91,63.6,moderate,-8.6,6.4,etofylline,0.8968,4,INTRA_STEM_TOO_CLOSE|TRADEMARK_HIT,SIMILARITY_MODERATE,,totocycline,0.0,1.0,0.813,1.0,1.0,0.952,0.001,tetracycline antibacterial,generic,-cycline,crowded,False,,
peglocycline,False,ngram_guided,2,54.76,69.51,moderate,-14.51,0.49,meclocycline,0.922,4,INTRA_STEM_TOO_CLOSE|TRADEMARK_HIT,SIMILARITY_MODERATE,,peglocycline,0.0,0.45,0.692,1.0,1.0,0.862,0.35,tetracycline antibacterial,generic,-cycline,crowded,False,,
selpacycline,False,ngram_guided,2,63.74,68.79,moderate,-13.79,1.21,sulfacytine,0.7953,4,INTRA_STEM_TOO_CLOSE|TRADEMARK_HIT,SIMILARITY_MODERATE,,selpacycline,0.0,0.68,0.813,1.0,1.0,0.862,0.734,tetracycline antibacterial,generic,-cycline,crowded,False,,
busecycline,False,ngram_guided,2,59.23,65.51,moderate,-10.51,4.49,buserelin,0.8821,4,INTRA_STEM_TOO_CLOSE|TRADEMARK_HIT,SIMILARITY_MODERATE,,busecycline,0.0,0.6,0.813,1.0,1.0,0.952,0.189,tetracycline antibacterial,generic,-cycline,crowded,False,,
bremcycline,False,ngram_guided,2,56.94,71.04,high,-16.04,-1.04,bencyclane,0.7904,3,SIMILARITY_TOO_HIGH|INTRA_STEM_TOO_CLOSE,,,bremcycline,0.0,0.6,0.642,1.0,1.0,0.828,0.383,tetracycline antibacterial,generic,-cycline,crowded,False,,
zirccycline,False,ngram_guided,2,54.45,61.88,moderate,-6.88,8.12,zydaclin,0.6082,3,INTRA_STEM_TOO_CLOSE|TRADEMARK_HIT,SIMILARITY_MODERATE,,zirccycline,0.0,0.6,0.788,0.75,1.0,0.828,0.057,tetracycline antibacterial,generic,-cycline,crowded,False,,
osicycline,False,ngram_guided,2,66.5,65.64,moderate,-10.64,4.36,dicyclomine,0.8815,4,INTRA_STEM_TOO_CLOSE|TRADEMARK_HIT,SIMILARITY_MODERATE,,osicycline,0.0,1.0,0.813,1.0,1.0,0.998,0.019,tetracycline antibacterial,generic,-cycline,crowded,False,,
vipilcycline,True,ngram_guided,2,60.08,57.85,moderate,-2.85,12.15,citicoline,0.7806,4,,SIMILARITY_MODERATE,,vipilcycline,0.0,0.68,0.813,1.0,1.0,0.862,0.211,tetracycline antibacterial,generic,-cycline,crowded,False,,
carbicycline,False,ngram_guided,2,48.88,66.41,moderate,-11.41,3.59,carbocysteine,0.9784,4,INTRA_STEM_TOO_CLOSE,SIMILARITY_MODERATE,,carbicycline,0.0,0.45,0.813,1.0,0.53,0.862,0.342,tetracycline antibacterial,generic,-cycline,crowded,False,,
tucacycline,False,ngram_guided,2,58.8,58.33,moderate,-3.33,11.67,coastline,0.7583,4,INTRA_STEM_TOO_CLOSE|TRADEMARK_HIT,SIMILARITY_MODERATE,,tucacycline,0.0,0.6,0.813,1.0,1.0,0.952,0.127,tetracycline antibacterial,generic,-cycline,crowded,False,,
sebecycline,False,ngram_guided,2,63.49,64.64,moderate,-9.64,5.36,bencyclane,0.9074,4,INTRA_STEM_TOO_CLOSE|TRADEMARK_HIT,SIMILARITY_MODERATE,,sebecycline,0.0,0.6,0.813,1.0,1.0,0.952,0.798,tetracycline antibacterial,generic,-cycline,crowded,False,,
lenvacycline,False,ngram_guided,2,59.3,61.24,moderate,-6.24,8.76,bencyclane,0.8279,4,INTRA_STEM_TOO_CLOSE|TRADEMARK_HIT,SIMILARITY_MODERATE,,lenvacycline,0.0,0.45,0.813,1.0,1.0,0.862,0.757,tetracycline antibacterial,generic,-cycline,crowded,False,,
edrycycline,False,ngram_guided,2,56.74,62.45,moderate,-7.45,7.55,procyclidine,0.7776,4,INTRA_STEM_TOO_CLOSE|TRADEMARK_HIT,SIMILARITY_MODERATE,,edrycycline,0.0,0.6,0.692,1.0,1.0,0.952,0.076,tetracycline antibacterial,generic,-cycline,crowded,False,,
islelicycline,True,ngram_guided,2,53.62,55.56,moderate,-0.56,14.44,salicylid,0.7666,5,,SIMILARITY_MODERATE,,islelicycline,0.0,0.3,0.722,1.0,1.0,0.624,0.895,tetracycline antibacterial,generic,-cycline,crowded,False,,
spescycline,True,ngram_guided,2,55.46,64.36,moderate,-9.36,5.64,bencyclane,0.872,3,,SIMILARITY_MODERATE,,spescycline,0.0,0.6,0.642,1.0,1.0,0.828,0.171,tetracycline antibacterial,generic,-cycline,crowded,False,,
muracycline,False,ngram_guided,2,58.37,60.1,moderate,-5.1,9.9,methacholine,0.9272,4,INTRA_STEM_TOO_CLOSE|TRADEMARK_HIT,SIMILARITY_MODERATE,,muracycline,0.0,0.6,0.813,1.0,1.0,0.952,0.066,tetracycline antibacterial,generic,-cycline,crowded,False,,
riscycline,False,ngram_guided,2,68.25,64.42,moderate,-9.42,5.58,crystalline,0.8688,3,INTRA_STEM_TOO_CLOSE|TRADEMARK_HIT,SIMILARITY_MODERATE,,riscycline,0.0,1.0,0.788,1.0,1.0,0.873,0.498,tetracycline antibacterial,generic,-cycline,crowded,False,,
tricycline,False,ngram_guided,2,64.11,70.59,high,-15.59,-0.59,tridacaine,0.9892,3,SIMILARITY_TOO_HIGH|INTRA_STEM_TOO_CLOSE|TRADEMARK_HIT,,,tricycline,0.0,1.0,0.642,1.0,1.0,0.873,0.2,tetracycline antibacterial,generic,-cycline,crowded,False,,
rilcycline,True,ngram_guided,2,66.29,64.26,moderate,-9.26,5.74,trilaciclib,0.8327,3,,SIMILARITY_MODERATE,,rilcycline,0.0,1.0,0.788,1.0,1.0,0.873,0.218,tetracycline antibacterial,generic,-cycline,crowded,True,,
bitacycline,False,ngram_guided,2,61.38,68.7,moderate,-13.7,1.3,vitacilina,0.9196,4,INTRA_STEM_TOO_CLOSE|TRADEMARK_HIT,SIMILARITY_MODERATE,,bitacycline,0.0,0.6,0.813,1.0,1.0,0.952,0.496,tetracycline antibacterial,generic,-cycline,crowded,False,,
mirvecycline,False,ngram_guided,2,60.04,62.13,moderate,-7.13,7.87,viabecline,0.8665,4,INTRA_STEM_TOO_CLOSE|TRADEMARK_HIT,SIMILARITY_MODERATE,,mirvecycline,0.0,0.45,0.813,1.0,1.0,0.862,0.863,tetracycline antibacterial,generic,-cycline,crowded,False,,
myrtecycline,False,ngram_guided,2,53.12,68.31,moderate,-13.31,1.69,myrtecaine,0.9032,4,INTRA_STEM_TOO_CLOSE|TRADEMARK_HIT,SIMILARITY_MODERATE,,myrtecycline,0.0,0.45,0.702,1.0,1.0,0.862,0.097,tetracycline antibacterial,generic,-cycline,crowded,False,,
bisolcycline,False,ngram_guided,2,60.5,60.79,moderate,-5.79,9.21,nisoldipine,0.9355,4,TRADEMARK_HIT,SIMILARITY_MODERATE,,bisolcycline,0.0,0.68,0.813,1.0,1.0,0.862,0.272,tetracycline antibacterial,generic,-cycline,crowded,False,,
fositucycline,True,ngram_guided,2,59.81,57.23,moderate,-2.23,12.77,citicoline,0.7659,5,,SIMILARITY_MODERATE,,fositucycline,0.0,0.517,0.828,1.0,1.0,0.624,0.949,tetracycline antibacterial,generic,-cycline,crowded,False,,
mobocecycline,True,ngram_guided,2,54.42,60.37,moderate,-5.37,9.63,mobocertinib,0.7677,5,,SIMILARITY_MODERATE,,mobocecycline,0.0,0.3,0.828,1.0,1.0,0.624,0.798,tetracycline antibacterial,generic,-cycline,crowded,False,,
ruscycline,False,ngram_guided+refined,2,64.76,62.99,moderate,-7.99,7.01,procyclidine,0.8803,3,INTRA_STEM_TOO_CLOSE,SIMILARITY_MODERATE,riscycline,riscycline -> ruscycline,0.0,1.0,0.788,1.0,1.0,0.873,0.0,tetracycline antibacterial,generic,-cycline,crowded,False,,
rescycline,False,ngram_guided+refined,2,66.86,65.07,moderate,-10.07,4.93,bencyclane,0.9198,3,INTRA_STEM_TOO_CLOSE|TRADEMARK_HIT,SIMILARITY_MODERATE,riscycline,riscycline -> ruscycline -> rescycline,0.0,1.0,0.788,1.0,1.0,0.873,0.299,tetracycline antibacterial,generic,-cycline,crowded,False,,
roscycline,False,ngram_guided+refined,2,71.58,64.6,moderate,-9.6,5.4,procyclidine,0.8665,3,TRADEMARK_HIT,SIMILARITY_MODERATE,riscycline,riscycline -> ruscycline -> rescycline -> roscycline,0.0,1.0,0.788,1.0,1.0,0.873,0.974,tetracycline antibacterial,generic,-cycline,crowded,False,,
oyicycline,False,ngram_guided+refined,2,66.36,62.72,moderate,-7.72,7.28,dicyclomine,0.6212,4,TRADEMARK_HIT,SIMILARITY_MODERATE,osicycline,osicycline -> oyicycline,0.0,1.0,0.813,1.0,1.0,0.998,0.0,tetracycline antibacterial,generic,-cycline,crowded,False,,
owicycline,False,ngram_guided+refined,2,66.36,62.72,moderate,-7.72,7.28,dicyclomine,0.6251,4,TRADEMARK_HIT,SIMILARITY_MODERATE,osicycline,osicycline -> oyicycline -> owicycline,0.0,1.0,0.813,1.0,1.0,0.998,0.0,tetracycline antibacterial,generic,-cycline,crowded,False,,
oricycline,False,ngram_guided+refined,2,67.57,63.02,moderate,-8.02,6.98,procyclidine,0.9409,4,INTRA_STEM_TOO_CLOSE|TRADEMARK_HIT,SIMILARITY_MODERATE,osicycline,osicycline -> oyicycline -> owicycline -> oricycline,0.0,1.0,0.813,1.0,1.0,0.998,0.173,tetracycline antibacterial,generic,-cycline,crowded,False,,
ojacycline,False,grammar+refined,2,66.36,63.26,moderate,-8.26,6.74,viabecline,0.7074,4,INTRA_STEM_TOO_CLOSE,SIMILARITY_MODERATE,odacycline,odacycline -> ojacycline,0.0,1.0,0.813,1.0,1.0,0.998,0.0,tetracycline antibacterial,generic,-cycline,crowded,False,,
ohacycline,False,grammar+refined,2,66.36,62.52,moderate,-7.52,7.48,aceclidine,0.6152,4,INTRA_STEM_TOO_CLOSE,SIMILARITY_MODERATE,odacycline,odacycline -> ojacycline -> ohacycline,0.0,1.0,0.813,1.0,1.0,0.998,0.0,tetracycline antibacterial,generic,-cycline,crowded,False,,
oxacycline,False,grammar+refined,2,69.0,72.88,high,-17.88,-2.88,oxacillin,0.9604,4,SIMILARITY_TOO_HIGH|INTRA_STEM_TOO_CLOSE|TRADEMARK_HIT,,odacycline,odacycline -> ojacycline -> ohacycline -> oxacycline,0.0,1.0,0.813,1.0,1.0,0.998,0.378,tetracycline antibacterial,generic,-cycline,crowded,False,,
ifacycline,False,grammar+refined,2,66.36,63.89,moderate,-8.89,6.11,viabecline,0.7841,4,INTRA_STEM_TOO_CLOSE|TRADEMARK_HIT,SIMILARITY_MODERATE,ikacycline,ikacycline -> ifacycline,0.0,1.0,0.813,1.0,1.0,0.998,0.0,tetracycline antibacterial,generic,-cycline,crowded,False,,
isacycline,False,grammar+refined,2,67.04,65.17,moderate,-10.17,4.83,viabecline,0.9135,4,INTRA_STEM_TOO_CLOSE|TRADEMARK_HIT,SIMILARITY_MODERATE,ikacycline,ikacycline -> ifacycline -> isacycline,0.0,1.0,0.813,1.0,1.0,0.998,0.096,tetracycline antibacterial,generic,-cycline,crowded,False,,
imacycline,False,grammar+refined,2,68.91,63.51,moderate,-8.51,6.49,methacholine,0.9077,4,INTRA_STEM_TOO_CLOSE|TRADEMARK_HIT,SIMILARITY_MODERATE,ikacycline,ikacycline -> ifacycline -> isacycline -> imacycline,0.0,1.0,0.813,1.0,1.0,0.998,0.364,tetracycline antibacterial,generic,-cycline,crowded,False,,
aricycline,False,grammar+refined,2,68.02,65.13,moderate,-10.13,4.87,varenicline,0.968,4,INTRA_STEM_TOO_CLOSE|TRADEMARK_HIT,SIMILARITY_MODERATE,akicycline,akicycline -> aricycline,0.0,1.0,0.813,1.0,1.0,0.998,0.236,tetracycline antibacterial,generic,-cycline,crowded,False,,
azicycline,False,grammar+refined,2,72.84,66.03,moderate,-11.03,3.97,zydaclin,0.8812,4,INTRA_STEM_TOO_CLOSE|TRADEMARK_HIT,SIMILARITY_MODERATE,akicycline,akicycline -> aricycline -> azicycline,0.0,1.0,0.813,1.0,1.0,0.998,0.926,tetracycline antibacterial,generic,-cycline,crowded,False,,
aqicycline,True,grammar+refined,2,66.36,63.13,moderate,-8.13,6.87,achyrocline,0.7257,4,,SIMILARITY_MODERATE,akicycline,akicycline -> aricycline -> azicycline -> aqicycline,0.0,1.0,0.813,1.0,1.0,0.998,0.0,tetracycline antibacterial,generic,-cycline,crowded,True,,
ibecycline,False,grammar+refined,2,66.36,70.35,high,-15.35,-0.35,bencyclane,0.8977,4,SIMILARITY_TOO_HIGH|INTRA_STEM_TOO_CLOSE|TRADEMARK_HIT,,ilecycline,ilecycline -> ibecycline,0.0,1.0,0.813,1.0,1.0,0.998,0.0,tetracycline antibacterial,generic,-cycline,crowded,False,,
ebecycline,False,grammar+refined,2,66.36,70.35,high,-15.35,-0.35,bencyclane,0.8695,4,SIMILARITY_TOO_HIGH|INTRA_STEM_TOO_CLOSE|TRADEMARK_HIT,,ilecycline,ilecycline -> ibecycline -> ebecycline,0.0,1.0,0.813,1.0,1.0,0.998,0.0,tetracycline antibacterial,generic,-cycline,crowded,False,,
ebicycline,False,grammar+refined,2,66.36,66.43,moderate,-11.43,3.57,dicyclomine,0.8545,4,TRADEMARK_HIT,SIMILARITY_MODERATE,ilecycline,ilecycline -> ibecycline -> ebecycline -> ebicycline,0.0,1.0,0.813,1.0,1.0,0.998,0.0,tetracycline antibacterial,generic,-cycline,crowded,False,,
ekocycline,False,grammar+refined,2,66.36,68.36,moderate,-13.36,1.64,etofylline,0.7046,4,INTRA_STEM_TOO_CLOSE|TRADEMARK_HIT,SIMILARITY_MODERATE,ebocycline,ebocycline -> ekocycline,0.0,1.0,0.813,1.0,1.0,0.998,0.0,tetracycline antibacterial,generic,-cycline,crowded,False,,
exocycline,False,grammar+refined,2,66.38,76.04,high,-21.04,-6.04,hexocyclium,0.8999,4,SIMILARITY_TOO_HIGH|INTRA_STEM_TOO_CLOSE|TRADEMARK_HIT,,ebocycline,ebocycline -> ekocycline -> exocycline,0.0,1.0,0.813,1.0,1.0,0.998,0.003,tetracycline antibacterial,generic,-cycline,crowded,False,,
rizocycline,False,grammar+refined,2,58.99,70.77,high,-15.77,-0.77,ribociclib,0.8829,4,SIMILARITY_TOO_HIGH|INTRA_STEM_TOO_CLOSE|TRADEMARK_HIT,,rivocycline,rivocycline -> rizocycline,0.0,0.6,0.813,1.0,1.0,0.952,0.155,tetracycline antibacterial,generic,-cycline,crowded,False,,
rizucycline,False,grammar+refined,2,65.91,63.68,moderate,-8.68,6.32,ribociclib,0.7897,4,TRADEMARK_HIT,SIMILARITY_MODERATE,rivocycline,rivocycline -> rizocycline -> rizucycline,0.0,1.0,0.813,1.0,1.0,0.952,0.001,tetracycline antibacterial,generic,-cycline,crowded,False,,
rozucycline,False,grammar+refined,2,65.91,60.41,moderate,-5.41,9.59,procyclidine,0.6927,4,TRADEMARK_HIT,SIMILARITY_MODERATE,rivocycline,rivocycline -> rizocycline -> rizucycline -> rozucycline,0.0,1.0,0.813,1.0,1.0,0.952,0.0,tetracycline antibacterial,generic,-cycline,crowded,False,,
hacticycline,True,grammar,3,58.6,64.63,moderate,-9.63,5.37,achyrocline,0.9144,4,,SIMILARITY_MODERATE,,hacticycline,0.0,0.68,0.813,1.0,1.0,0.862,0.0,tetracycline antibacterial,generic,-cycline,crowded,False,,
iptocycline,False,grammar,3,58.03,65.2,moderate,-10.2,4.8,procyclidine,0.9146,4,INTRA_STEM_TOO_CLOSE|TRADEMARK_HIT,SIMILARITY_MODERATE,,iptocycline,0.0,0.6,0.813,1.0,1.0,0.952,0.018,tetracycline antibacterial,generic,-cycline,crowded,False,,
moxemecycline,False,grammar,3,57.76,64.86,moderate,-9.86,5.14,oxymetazoline,0.8543,5,TRADEMARK_HIT,SIMILARITY_MODERATE,,moxemecycline,0.0,0.733,0.828,1.0,1.0,0.624,0.036,tetracycline antibacterial,generic,-cycline,crowded,False,,
iftacycline,False,grammar,3,57.91,64.39,moderate,-9.39,5.61,oftasceine,0.711,4,INTRA_STEM_TOO_CLOSE|TRADEMARK_HIT,SIMILARITY_MODERATE,,iftacycline,0.0,0.6,0.813,1.0,1.0,0.952,0.0,tetracycline antibacterial,generic,-cycline,crowded,False,,
matacycline,False,grammar,3,57.93,69.36,moderate,-14.36,0.64,omadacycline,0.9266,4,INTRA_STEM_TOO_CLOSE|TRADEMARK_HIT,SIMILARITY_MODERATE,,matacycline,0.0,0.6,0.813,1.0,1.0,0.952,0.003,tetracycline antibacterial,generic,-cycline,crowded,False,,
nerletocycline,True,grammar,3,57.34,58.28,moderate,-3.28,11.72,etofylline,0.7934,5,,SIMILARITY_MODERATE,,nerletocycline,0.0,0.771,0.828,1.0,1.0,0.527,0.006,tetracycline antibacterial,generic,-cycline,crowded,False,,
idacycline,False,grammar,3,67.72,63.55,moderate,-8.55,6.45,zydaclin,0.8481,4,INTRA_STEM_TOO_CLOSE|TRADEMARK_HIT,SIMILARITY_MODERATE,,idacycline,0.0,1.0,0.813,1.0,1.0,0.998,0.195,tetracycline antibacterial,generic,-cycline,crowded,False,,
embicycline,False,grammar,3,57.91,62.02,moderate,-7.02,7.98,dicyclomine,0.8896,4,TRADEMARK_HIT,SIMILARITY_MODERATE,,embicycline,0.0,0.6,0.813,1.0,1.0,0.952,0.0,tetracycline antibacterial,generic,-cycline,crowded,False,,
eficycline,False,grammar,3,66.5,63.68,moderate,-8.68,6.32,citicoline,0.8943,4,TRADEMARK_HIT,SIMILARITY_MODERATE,,eficycline,0.0,1.0,0.813,1.0,1.0,0.998,0.02,tetracycline antibacterial,generic,-cycline,crowded,False,,
bomicycline,False,grammar,3,65.91,69.64,moderate,-14.64,0.36,bamifylline,0.8626,4,INTRA_STEM_TOO_CLOSE|TRADEMARK_HIT,SIMILARITY_MODERATE,,bomicycline,0.0,1.0,0.813,1.0,1.0,0.952,0.001,tetracycline antibacterial,generic,-cycline,crowded,False,,
atocycline,False,grammar,3,71.89,69.46,moderate,-14.46,0.54,etofylline,0.9095,4,INTRA_STEM_TOO_CLOSE|TRADEMARK_HIT,SIMILARITY_MODERATE,,atocycline,0.0,1.0,0.813,1.0,1.0,0.998,0.79,tetracycline antibacterial,generic,-cycline,crowded,False,,
nogicycline,False,grammar,3,65.91,61.46,moderate,-6.46,8.54,dicyclomine,0.8122,4,INTRA_STEM_TOO_CLOSE|TRADEMARK_HIT,SIMILARITY_MODERATE,,nogicycline,0.0,1.0,0.813,1.0,1.0,0.952,0.001,tetracycline antibacterial,generic,-cycline,crowded,False,,
triracycline,False,grammar,3,66.03,72.65,high,-17.65,-2.65,trilaciclib,0.7831,4,SIMILARITY_TOO_HIGH|INTRA_STEM_TOO_CLOSE|TRADEMARK_HIT,,,triracycline,0.0,1.0,0.692,1.0,1.0,0.862,0.388,tetracycline antibacterial,generic,-cycline,crowded,False,,
gleleocycline,True,grammar,3,56.03,59.11,moderate,-4.11,10.89,gleostine,0.7303,5,,SIMILARITY_MODERATE,,gleleocycline,0.0,0.733,0.722,1.0,1.0,0.624,0.001,tetracycline antibacterial,generic,-cycline,crowded,False,,
tixelocycline,False,grammar,3,57.52,57.6,moderate,-2.6,12.4,hexocyclium,0.8067,5,TRADEMARK_HIT,SIMILARITY_MODERATE,,tixelocycline,0.0,0.733,0.828,1.0,1.0,0.624,0.003,tetracycline antibacterial,generic,-cycline,crowded,False,,
cilucycline,False,grammar,3,67.68,64.19,moderate,-9.19,5.81,fluciclovine,0.8547,4,INTRA_STEM_TOO_CLOSE|TRADEMARK_HIT,SIMILARITY_MODERATE,,cilucycline,0.0,1.0,0.813,1.0,1.0,0.952,0.254,tetracycline antibacterial,generic,-cycline,crowded,False,,
pemekicycline,False,grammar,3,60.24,64.33,moderate,-9.33,5.67,pentifylline,0.7558,5,INTRA_STEM_TOO_CLOSE|TRADEMARK_HIT,SIMILARITY_MODERATE,,pemekicycline,0.0,0.733,0.828,1.0,1.0,0.624,0.391,tetracycline antibacterial,generic,-cycline,crowded,False,,
lixecocycline,True,grammar,3,57.58,57.6,moderate,-2.6,12.4,hexocyclium,0.8328,5,,SIMILARITY_MODERATE,,lixecocycline,0.0,0.733,0.828,1.0,1.0,0.624,0.012,tetracycline antibacterial,generic,-cycline,crowded,False,,
zoeteocycline,False,grammar,3,60.79,60.48,moderate,-5.48,9.52,etofylline,0.7012,6,TRADEMARK_HIT,SIMILARITY_MODERATE,,zoeteocycline,0.0,1.0,0.838,1.0,1.0,0.406,0.0,tetracycline antibacterial,generic,-cycline,crowded,False,,
ovicycline,False,grammar,3,66.37,67.41,moderate,-12.41,2.59,viabecline,0.9007,4,TRADEMARK_HIT,SIMILARITY_MODERATE,,ovicycline,0.0,1.0,0.813,1.0,1.0,0.998,0.001,tetracycline antibacterial,generic,-cycline,crowded,False,,
flefucycline,True,grammar,3,63.32,61.27,moderate,-6.27,8.73,fluciclovine,0.727,4,,SIMILARITY_MODERATE,,flefucycline,0.0,1.0,0.692,1.0,1.0,0.862,0.001,tetracycline antibacterial,generic,-cycline,crowded,True,,
olecycline,False,grammar,3,70.19,63.19,moderate,-8.19,6.81,evoclin,0.9444,4,INTRA_STEM_TOO_CLOSE,SIMILARITY_MODERATE,,olecycline,0.0,1.0,0.813,1.0,1.0,0.998,0.546,tetracycline antibacterial,generic,-cycline,crowded,False,,
pestocycline,False,grammar,3,56.92,63.27,moderate,-8.27,6.73,pentifylline,0.9391,4,TRADEMARK_HIT,SIMILARITY_MODERATE,,pestocycline,0.0,0.68,0.692,1.0,1.0,0.862,0.001,tetracycline antibacterial,generic,-cycline,crowded,False,,
cuvocycline,False,grammar,3,65.91,61.51,moderate,-6.51,8.49,evoclin,0.7317,4,INTRA_STEM_TOO_CLOSE|TRADEMARK_HIT,SIMILARITY_MODERATE,,cuvocycline,0.0,1.0,0.813,1.0,1.0,0.952,0.0,tetracycline antibacterial,generic,-cycline,crowded,False,,
tazercycline,False,ngram_guided,3,63.57,59.85,moderate,-4.85,10.15,cabergoline,0.8424,4,INTRA_STEM_TOO_CLOSE|TRADEMARK_HIT,SIMILARITY_MODERATE,,tazercycline,0.0,0.68,0.813,1.0,1.0,0.862,0.71,tetracycline antibacterial,generic,-cycline,crowded,False,,
fondacycline,False,ngram_guided,3,59.19,59.85,moderate,-4.85,10.15,fondaparinux,0.8528,4,INTRA_STEM_TOO_CLOSE,SIMILARITY_MODERATE,,fondacycline,0.0,0.45,0.813,1.0,1.0,0.862,0.741,tetracycline antibacterial,generic,-cycline,crowded,False,,
rucicycline,False,ngram_guided,3,58.14,62.84,moderate,-7.84,7.16,citicoline,0.8805,4,TRADEMARK_HIT,SIMILARITY_MODERATE,,rucicycline,0.0,0.6,0.813,1.0,1.0,0.952,0.033,tetracycline antibacterial,generic,-cycline,crowded,False,,
criselcycline,True,ngram_guided,3,54.85,60.66,moderate,-5.66,9.34,crystalline,0.8136,4,,SIMILARITY_MODERATE,,criselcycline,0.0,0.517,0.692,1.0,1.0,0.755,0.325,tetracycline antibacterial,generic,-cycline,crowded,False,,
mutcycline,False,ngram_guided,3,64.85,66.16,moderate,-11.16,3.84,bencyclane,0.725,3,INTRA_STEM_TOO_CLOSE|TRADEMARK_HIT,SIMILARITY_MODERATE,,mutcycline,0.0,1.0,0.788,1.0,1.0,0.873,0.013,tetracycline antibacterial,generic,-cycline,crowded,False,,
flutcycline,True,ngram_guided,3,59.1,63.96,moderate,-8.96,6.04,fluciclovine,0.8261,3,,SIMILARITY_MODERATE,,flutcycline,0.0,0.6,0.642,1.0,1.0,0.828,0.692,tetracycline antibacterial,generic,-cycline,crowded,False,,
tafecycline,False,ngram_guided,3,63.04,67.95,moderate,-12.95,2.05,tafenoquine,0.8765,4,INTRA_STEM_TOO_CLOSE|TRADEMARK_HIT,SIMILARITY_MODERATE,,tafecycline,0.0,0.6,0.813,1.0,1.0,0.952,0.734,tetracycline antibacterial,generic,-cycline,crowded,False,,
bopicycline,False,ngram_guided,3,60.36,66.85,moderate,-11.85,3.15,bupivacaine,0.9081,4,INTRA_STEM_TOO_CLOSE|TRADEMARK_HIT,SIMILARITY_MODERATE,,bopicycline,0.0,0.6,0.813,1.0,1.0,0.952,0.351,tetracycline antibacterial,generic,-cycline,crowded,False,,
posacycline,False,ngram_guided,3,61.45,61.65,moderate,-6.65,8.35,coastline,0.9195,4,INTRA_STEM_TOO_CLOSE|TRADEMARK_HIT,SIMILARITY_MODERATE,,posacycline,0.0,0.6,0.813,1.0,1.0,0.952,0.506,tetracycline antibacterial,generic,-cycline,crowded,False,,
drophcycline,False,ngram_guided,3,51.12,64.36,moderate,-9.36,5.64,procyclidine,0.8314,3,TRADEMARK_HIT,SIMILARITY_MODERATE,,drophcycline,0.0,0.45,0.642,1.0,1.0,0.737,0.109,tetracycline antibacterial,generic,-cycline,crowded,False,,
zamicycline,False,ngram_guided,3,60.05,72.13,high,-17.13,-2.13,bamifylline,0.9195,4,SIMILARITY_TOO_HIGH|INTRA_STEM_TOO_CLOSE|TRADEMARK_HIT,,,zamicycline,0.0,0.6,0.813,1.0,1.0,0.952,0.307,tetracycline antibacterial,generic,-cycline,crowded,False,,
famcycline,True,ngram_guided,3,65.01,69.57,moderate,-14.57,0.43,amsacrine,0.746,3,,SIMILARITY_MODERATE,,famcycline,0.0,1.0,0.788,1.0,1.0,0.873,0.035,tetracycline antibacterial,generic,-cycline,crowded,True,,
cricycline,False,ngram_guided,3,63.34,68.56,moderate,-13.56,1.44,crystalline,0.955,3,INTRA_STEM_TOO_CLOSE|TRADEMARK_HIT,SIMILARITY_MODERATE,,cricycline,0.0,1.0,0.642,1.0,1.0,0.873,0.089,tetracycline antibacterial,generic,-cycline,crowded,False,,
drosicycline,False,ngram_guided,3,53.44,65.02,moderate,-10.02,4.98,procyclidine,0.9146,4,INTRA_STEM_TOO_CLOSE|TRADEMARK_HIT,SIMILARITY_MODERATE,,drosicycline,0.0,0.45,0.692,1.0,1.0,0.862,0.162,tetracycline antibacterial,generic,-cycline,crowded,False,,
eptocycline,False,ngram_guided,3,64.13,69.06,moderate,-14.06,0.94,etofylline,0.9638,4,TRADEMARK_HIT,SIMILARITY_MODERATE,,eptocycline,0.0,0.6,0.813,1.0,1.0,0.952,0.89,tetracycline antibacterial,generic,-cycline,crowded,False,,
obicycline,False,ngram_guided,3,66.5,66.43,moderate,-11.43,3.57,dicyclomine,0.9018,4,TRADEMARK_HIT,SIMILARITY_MODERATE,,obicycline,0.0,1.0,0.813,1.0,1.0,0.998,0.02,tetracycline antibacterial,generic,-cycline,crowded,False,,
flurcycline,True,ngram_guided,3,58.5,66.1,moderate,-11.1,3.9,fluciclovine,0.9251,3,,SIMILARITY_MODERATE,,flurcycline,0.0,0.6,0.642,1.0,1.0,0.828,0.606,tetracycline antibacterial,generic,-cycline,crowded,False,,
dapcycline,False,ngram_guided,3,69.32,64.05,moderate,-9.05,5.95,bencyclane,0.7382,3,TRADEMARK_HIT,SIMILARITY_MODERATE,,dapcycline,0.0,1.0,0.788,1.0,1.0,0.873,0.651,tetracycline antibacterial,generic,-cycline,crowded,False,,
imdescycline,False,ngram_guided,3,61.28,61.41,moderate,-6.41,8.59,bencyclane,0.7401,4,INTRA_STEM_TOO_CLOSE|TRADEMARK_HIT,SIMILARITY_MODERATE,,imdescycline,0.0,0.68,0.813,1.0,1.0,0.862,0.383,tetracycline antibacterial,generic,-cycline,crowded,False,,
depecycline,False,ngram_guided,3,59.22,65.21,moderate,-10.21,4.79,bencyclane,0.8746,4,INTRA_STEM_TOO_CLOSE|TRADEMARK_HIT,SIMILARITY_MODERATE,,depecycline,0.0,0.6,0.813,1.0,1.0,0.952,0.187,tetracycline antibacterial,generic,-cycline,crowded,False,,
riflumbrcycline,True,ngram_guided,3,46.68,53.96,low,1.04,16.04,lumbricalis,0.6789,4,,,,riflumbrcycline,0.042,0.6,0.625,0.65,0.53,0.587,0.677,tetracycline antibacterial,generic,-cycline,crowded,False,,
obiocycline,False,ngram_guided,3,57.16,62.25,moderate,-7.25,7.75,bencyclane,0.8911,5,INTRA_STEM_TOO_CLOSE|TRADEMARK_HIT,SIMILARITY_MODERATE,,obiocycline,0.0,0.6,0.828,1.0,1.0,0.821,0.05,tetracycline antibacterial,generic,-cycline,crowded,False,,
epcoricycline,True,ngram_guided,3,52.07,58.0,moderate,-3.0,12.0,epicriptine,0.8169,5,,SIMILARITY_MODERATE,,epcoricycline,0.0,0.3,0.828,1.0,1.0,0.624,0.462,tetracycline antibacterial,generic,-cycline,crowded,False,,
abocycline,False,grammar+refined,3,66.38,64.22,moderate,-9.22,5.78,bencyclane,0.8904,4,INTRA_STEM_TOO_CLOSE|TRADEMARK_HIT,SIMILARITY_MODERATE,atocycline,atocycline -> abocycline,0.0,1.0,0.813,1.0,1.0,0.998,0.003,tetracycline antibacterial,generic,-cycline,crowded,False,,
anocycline,False,grammar+refined,3,66.54,64.17,moderate,-9.17,5.83,bencyclane,0.9614,4,INTRA_STEM_TOO_CLOSE|TRADEMARK_HIT,SIMILARITY_MODERATE,atocycline,atocycline -> abocycline -> anocycline,0.0,1.0,0.813,1.0,1.0,0.998,0.026,tetracycline antibacterial,generic,-cycline,crowded,False,,
amocycline,False,grammar+refined,3,69.46,69.16,moderate,-14.16,0.84,amsacrine,0.9415,4,INTRA_STEM_TOO_CLOSE|TRADEMARK_HIT,SIMILARITY_MODERATE,atocycline,atocycline -> abocycline -> anocycline -> amocycline,0.0,1.0,0.813,1.0,1.0,0.998,0.443,tetracycline antibacterial,generic,-cycline,crowded,False,,
oyecycline,False,grammar+refined,3,66.36,66.99,moderate,-11.99,3.01,eyesaline,0.7116,4,INTRA_STEM_TOO_CLOSE|TRADEMARK_HIT,SIMILARITY_MODERATE,olecycline,olecycline -> oyecycline,0.0,1.0,0.813,1.0,1.0,0.998,0.0,tetracycline antibacterial,generic,-cycline,crowded,False,,
ozecycline,False,grammar+refined,3,66.36,63.56,moderate,-8.56,6.44,zydaclin,0.7301,4,INTRA_STEM_TOO_CLOSE|TRADEMARK_HIT,SIMILARITY_MODERATE,olecycline,olecycline -> oyecycline -> ozecycline,0.0,1.0,0.813,1.0,1.0,0.998,0.0,tetracycline antibacterial,generic,-cycline,crowded,False,,
otecycline,False,grammar+refined,3,66.46,63.2,moderate,-8.2,6.8,bencyclane,0.8507,4,INTRA_STEM_TOO_CLOSE|TRADEMARK_HIT,SIMILARITY_MODERATE,olecycline,olecycline -> oyecycline -> ozecycline -> otecycline,0.0,1.0,0.813,1.0,1.0,0.998,0.014,tetracycline antibacterial,generic,-cycline,crowded,False,,
dupcycline,False,ngram_guided+refined,3,64.77,65.77,moderate,-10.77,4.23,bencyclane,0.6523,3,TRADEMARK_HIT,SIMILARITY_MODERATE,dapcycline,dapcycline -> dupcycline,0.0,1.0,0.788,1.0,1.0,0.873,0.001,tetracycline antibacterial,generic,-cycline,crowded,False,,
depcycline,False,ngram_guided+refined,3,64.83,71.54,high,-16.54,-1.54,bencyclane,0.7145,3,SIMILARITY_TOO_HIGH|TRADEMARK_HIT,,dapcycline,dapcycline -> dupcycline -> depcycline,0.0,1.0,0.788,1.0,1.0,0.873,0.01,tetracycline antibacterial,generic,-cycline,crowded,False,,
zepcycline,False,ngram_guided+refined,3,64.76,69.58,moderate,-14.58,0.42,bencyclane,0.755,3,TRADEMARK_HIT,SIMILARITY_MODERATE,dapcycline,dapcycline -> dupcycline -> depcycline -> zepcycline,0.0,1.0,0.788,1.0,1.0,0.873,0.0,tetracycline antibacterial,generic,-cycline,crowded,False,,
cibucycline,False,grammar+refined,3,65.99,62.94,moderate,-7.94,7.06,citicoline,0.7405,4,INTRA_STEM_TOO_CLOSE|TRADEMARK_HIT,SIMILARITY_MODERATE,cilucycline,cilucycline -> cibucycline,0.0,1.0,0.813,1.0,1.0,0.952,0.012,tetracycline antibacterial,generic,-cycline,crowded,False,,
cubucycline,True,grammar+refined,3,57.91,60.81,moderate,-5.81,9.19,terbutaline,0.7358,4,,SIMILARITY_MODERATE,cilucycline,cilucycline -> cibucycline -> cubucycline,0.0,0.6,0.813,1.0,1.0,0.952,0.0,tetracycline antibacterial,generic,-cycline,crowded,False,,
evicycline,False,grammar+refined,3,67.38,67.41,moderate,-12.41,2.59,viabecline,0.906,4,TRADEMARK_HIT,SIMILARITY_MODERATE,eficycline,eficycline -> evicycline,0.0,1.0,0.813,1.0,1.0,0.998,0.145,tetracycline antibacterial,generic,-cycline,crowded,False,,
ericycline,False,grammar+refined,3,70.43,63.02,moderate,-8.02,6.98,procyclidine,0.9507,4,INTRA_STEM_TOO_CLOSE|TRADEMARK_HIT,SIMILARITY_MODERATE,eficycline,eficycline -> evicycline -> ericycline,0.0,1.0,0.813,1.0,1.0,0.998,0.582,tetracycline antibacterial,generic,-cycline,crowded,False,,
ehicycline,True,grammar+refined,3,66.36,61.06,moderate,-6.06,8.94,achyrocline,0.6764,4,,SIMILARITY_MODERATE,eficycline,eficycline -> evicycline -> ericycline -> ehicycline,0.0,1.0,0.813,1.0,1.0,0.998,0.0,tetracycline antibacterial,generic,-cycline,crowded,True,,
odicycline,False,ngram_guided+refined,3,66.36,71.14,high,-16.14,-1.14,dicyclomine,0.8973,4,SIMILARITY_TOO_HIGH|TRADEMARK_HIT,,obicycline,obicycline -> odicycline,0.0,1.0,0.813,1.0,1.0,0.998,0.0,tetracycline antibacterial,generic,-cycline,crowded,False,,
serlocycline,False,grammar,4,61.97,61.9,moderate,-6.9,8.1,procyclidine,0.8904,4,INTRA_STEM_TOO_CLOSE|TRADEMARK_HIT,SIMILARITY_MODERATE,,serlocycline,0.0,0.68,0.813,1.0,1.0,0.862,0.481,tetracycline antibacterial,generic,-cycline,crowded,False,,
pemanocycline,False,grammar,4,57.99,60.97,moderate,-5.97,9.03,bencyclane,0.9105,5,INTRA_STEM_TOO_CLOSE|TRADEMARK_HIT,SIMILARITY_MODERATE,,pemanocycline,0.0,0.733,0.828,1.0,1.0,0.624,0.07,tetracycline antibacterial,generic,-cycline,crowded,False,,
elmicycline,False,grammar,4,58.09,65.57,moderate,-10.57,4.43,lomifylline,0.8907,4,INTRA_STEM_TOO_CLOSE|TRADEMARK_HIT,SIMILARITY_MODERATE,,elmicycline,0.0,0.6,0.813,1.0,1.0,0.952,0.026,tetracycline antibacterial,generic,-cycline,crowded,False,,
alvycycline,False,grammar,4,65.91,64.08,moderate,-9.08,5.92,achyrocline,0.7046,4,TRADEMARK_HIT,SIMILARITY_MODERATE,,alvycycline,0.0,1.0,0.813,1.0,1.0,0.952,0.0,tetracycline antibacterial,generic,-cycline,crowded,False,,
ricecycline,False,grammar,4,57.91,62.74,moderate,-7.74,7.26,acefylline,0.8671,4,INTRA_STEM_TOO_CLOSE|TRADEMARK_HIT,SIMILARITY_MODERATE,,ricecycline,0.0,0.6,0.813,1.0,1.0,0.952,0.0,tetracycline antibacterial,generic,-cycline,crowded,False,,
apofecycline,False,grammar,4,57.51,57.39,moderate,-2.39,12.61,etofylline,0.8543,5,TRADEMARK_HIT,SIMILARITY_MODERATE,,apofecycline,0.0,0.68,0.828,1.0,1.0,0.731,0.001,tetracycline antibacterial,generic,-cycline,crowded,False,,
qentecycline,False,grammar,4,58.6,67.51,moderate,-12.51,2.49,pentifylline,0.6922,4,TRADEMARK_HIT,SIMILARITY_MODERATE,,qentecycline,0.0,0.68,0.813,1.0,1.0,0.862,0.0,tetracycline antibacterial,generic,-cycline,crowded,False,,
henicycline,False,grammar,4,57.91,68.16,moderate,-13.16,1.84,bencyclane,0.9714,4,TRADEMARK_HIT,SIMILARITY_MODERATE,,henicycline,0.0,0.6,0.813,1.0,1.0,0.952,0.001,tetracycline antibacterial,generic,-cycline,crowded,False,,
netucycline,False,grammar,4,62.84,64.44,moderate,-9.44,5.56,bencyclane,0.6965,4,INTRA_STEM_TOO_CLOSE|TRADEMARK_HIT,SIMILARITY_MODERATE,,netucycline,0.0,0.6,0.813,1.0,1.0,0.952,0.705,tetracycline antibacterial,generic,-cycline,crowded,False,,
epucycline,True,grammar,4,66.36,61.16,moderate,-6.16,8.84,bencyclane,0.6267,4,,SIMILARITY_MODERATE,,epucycline,0.0,1.0,0.813,1.0,1.0,0.998,0.0,tetracycline antibacterial,generic,-cycline,crowded,True,,
fitacycline,False,grammar,4,58.2,69.08,moderate,-14.08,0.92,vitacilina,0.8779,4,INTRA_STEM_TOO_CLOSE|TRADEMARK_HIT,SIMILARITY_MODERATE,,fitacycline,0.0,0.6,0.813,1.0,1.0,0.952,0.042,tetracycline antibacterial,generic,-cycline,crowded,False,,
axocycline,False,grammar,4,66.36,70.61,high,-15.61,-0.61,hexocyclium,0.8608,4,SIMILARITY_TOO_HIGH|INTRA_STEM_TOO_CLOSE|TRADEMARK_HIT,,,axocycline,0.0,1.0,0.813,1.0,1.0,0.998,0.0,tetracycline antibacterial,generic,-cycline,crowded,False,,
asrocycline,False,grammar,4,65.91,70.68,high,-15.68,-0.68,procyclidine,0.7496,4,SIMILARITY_TOO_HIGH|INTRA_STEM_TOO_CLOSE|TRADEMARK_HIT,,,asrocycline,0.0,1.0,0.813,1.0,1.0,0.952,0.0,tetracycline antibacterial,generic,-cycline,crowded,False,,
emocycline,False,grammar,4,66.44,65.85,moderate,-10.85,4.15,evoclin,0.9231,4,INTRA_STEM_TOO_CLOSE|TRADEMARK_HIT,SIMILARITY_MODERATE,,emocycline,0.0,1.0,0.813,1.0,1.0,0.998,0.012,tetracycline antibacterial,generic,-cycline,crowded,False,,
epacecycline,False,grammar,4,57.5,65.31,moderate,-10.31,4.69,acefylline,0.8665,5,INTRA_STEM_TOO_CLOSE|TRADEMARK_HIT,SIMILARITY_MODERATE,,epacecycline,0.0,0.68,0.828,1.0,1.0,0.731,0.0,tetracycline antibacterial,generic,-cycline,crowded,False,,
doavecycline,False,grammar,4,63.9,61.42,moderate,-6.42,8.58,viabecline,0.7396,5,INTRA_STEM_TOO_CLOSE|TRADEMARK_HIT,SIMILARITY_MODERATE,,doavecycline,0.0,1.0,0.828,1.0,1.0,0.731,0.0,tetracycline antibacterial,generic,-cycline,crowded,False,,
fexicycline,False,grammar,4,61.49,66.93,moderate,-11.93,3.07,hexocyclium,0.8547,4,INTRA_STEM_TOO_CLOSE|TRADEMARK_HIT,SIMILARITY_MODERATE,,fexicycline,0.0,0.6,0.813,1.0,1.0,0.952,0.512,tetracycline antibacterial,generic,-cycline,crowded,False,,
lubasocycline,True,grammar,4,57.5,56.27,moderate,-1.27,13.73,bencyclane,0.8285,5,,SIMILARITY_MODERATE,,lubasocycline,0.0,0.733,0.828,1.0,1.0,0.624,0.0,tetracycline antibacterial,generic,-cycline,crowded,False,,
diavacycline,False,grammar,4,63.91,63.54,moderate,-8.54,6.46,viabecline,0.7747,5,INTRA_STEM_TOO_CLOSE,SIMILARITY_MODERATE,,diavacycline,0.0,1.0,0.828,1.0,1.0,0.731,0.001,tetracycline antibacterial,generic,-cycline,crowded,False,,
figiacycline,False,grammar,4,57.5,63.97,moderate,-8.97,6.03,viabecline,0.7878,5,INTRA_STEM_TOO_CLOSE,SIMILARITY_MODERATE,,figiacycline,0.0,0.68,0.828,1.0,1.0,0.731,0.0,tetracycline antibacterial,generic,-cycline,crowded,False,,
eracycline,False,grammar,4,68.93,63.61,moderate,-8.61,6.39,eravacycline,0.9256,4,INTRA_STEM_TOO_CLOSE|TRADEMARK_HIT,SIMILARITY_MODERATE,,eracycline,0.0,1.0,0.813,1.0,1.0,0.998,0.367,tetracycline antibacterial,generic,-cycline,crowded,False,,
tozlalicycline,True,grammar,4,59.18,53.05,low,1.95,16.95,salicylid,0.6506,5,,,,tozlalicycline,0.078,0.771,0.828,1.0,1.0,0.527,0.001,tetracycline antibacterial,generic,-cycline,crowded,False,,
lelfocycline,True,grammar,4,58.6,58.92,moderate,-3.92,11.08,lentocilin,0.6625,4,,SIMILARITY_MODERATE,,lelfocycline,0.0,0.68,0.813,1.0,1.0,0.862,0.0,tetracycline antibacterial,generic,-cycline,crowded,False,,
lollabocycline,True,grammar,4,57.3,58.16,moderate,-3.16,11.84,palbociclib,0.77,5,,SIMILARITY_MODERATE,,lollabocycline,0.0,0.771,0.828,1.0,1.0,0.527,0.001,tetracycline antibacterial,generic,-cycline,crowded,False,,
ponapulcycline,True,ngram_guided,4,59.0,57.28,moderate,-2.28,12.72,sinapultide,0.866,5,,SIMILARITY_MODERATE,,ponapulcycline,0.0,0.564,0.828,1.0,1.0,0.527,0.835,tetracycline antibacterial,generic,-cycline,crowded,False,,
asunicycline,False,ngram_guided,4,58.19,61.03,moderate,-6.03,8.97,varenicline,0.8497,5,TRADEMARK_HIT,SIMILARITY_MODERATE,,asunicycline,0.0,0.68,0.828,1.0,1.0,0.731,0.098,tetracycline antibacterial,generic,-cycline,crowded,False,,
avecycline,False,ngram_guided,4,66.54,67.44,moderate,-12.44,2.56,acefylline,0.9567,4,INTRA_STEM_TOO_CLOSE,SIMILARITY_MODERATE,,avecycline,0.0,1.0,0.813,1.0,1.0,0.998,0.026,tetracycline antibacterial,generic,-cycline,crowded,False,,
biltucycline,False,ngram_guided,4,59.51,58.82,moderate,-3.82,11.18,biltricide,0.724,4,TRADEMARK_HIT,SIMILARITY_MODERATE,,biltucycline,0.0,0.68,0.813,1.0,1.0,0.862,0.129,tetracycline antibacterial,generic,-cycline,crowded,False,,
mothricycline,False,ngram_guided,4,52.89,61.6,moderate,-6.6,8.4,amitriptyline,0.9285,4,INTRA_STEM_TOO_CLOSE|TRADEMARK_HIT,SIMILARITY_MODERATE,,mothricycline,0.0,0.517,0.581,1.0,1.0,0.755,0.268,tetracycline antibacterial,generic,-cycline,crowded,False,,
levobiocycline,True,ngram_guided,4,47.46,62.19,moderate,-7.19,7.81,levobupivacaine,0.9129,6,,SIMILARITY_MODERATE,,levobiocycline,0.0,0.564,0.838,1.0,0.53,0.309,0.552,tetracycline antibacterial,generic,-cycline,crowded,False,,
pazocycline,False,ngram_guided,4,64.82,67.15,moderate,-12.15,2.85,pizotyline,0.92,4,INTRA_STEM_TOO_CLOSE|TRADEMARK_HIT,SIMILARITY_MODERATE,,pazocycline,0.0,0.6,0.813,1.0,1.0,0.952,0.988,tetracycline antibacterial,generic,-cycline,crowded,False,,
epsipudcycline,True,ngram_guided,4,55.68,58.7,moderate,-3.7,11.3,oxyphencyclimine,0.6444,5,,SIMILARITY_MODERATE,,epsipudcycline,0.0,0.564,0.828,1.0,1.0,0.527,0.361,tetracycline antibacterial,generic,-cycline,crowded,False,,
nucleocycline,False,ngram_guided,4,50.36,63.9,moderate,-8.9,6.1,meclocycline,0.7879,5,INTRA_STEM_TOO_CLOSE|TRADEMARK_HIT,SIMILARITY_MODERATE,,nucleocycline,0.0,0.3,0.722,1.0,1.0,0.624,0.43,tetracycline antibacterial,generic,-cycline,crowded,False,,
sulcycline,False,ngram_guided,4,68.66,71.26,high,-16.26,-1.26,sulfalene,0.9771,3,SIMILARITY_TOO_HIGH|INTRA_STEM_TOO_CLOSE,,,sulcycline,0.0,1.0,0.788,1.0,1.0,0.873,0.557,tetracycline antibacterial,generic,-cycline,crowded,False,,
vismutcycline,True,ngram_guided,4,56.83,53.75,low,1.25,16.25,bencyclane,0.664,4,,,,vismutcycline,0.05,0.517,0.692,1.0,1.0,0.755,0.436,tetracycline antibacterial,generic,-cycline,crowded,False,,
aflibcycline,True,ngram_guided,4,53.6,57.68,moderate,-2.68,12.32,fluciclovine,0.627,4,,SIMILARITY_MODERATE,,aflibcycline,0.0,0.45,0.692,1.0,1.0,0.862,0.185,tetracycline antibacterial,generic,-cycline,crowded,False,,
dercycline,False,ngram_guided,4,69.43,69.45,moderate,-14.45,0.55,bencyclane,0.9024,3,INTRA_STEM_TOO_CLOSE|TRADEMARK_HIT,SIMILARITY_MODERATE,,dercycline,0.0,1.0,0.788,1.0,1.0,0.873,0.667,tetracycline antibacterial,generic,-cycline,crowded,False,,
typhecycline,False,ngram_guided,4,58.09,65.63,moderate,-10.63,4.37,oxyphencyclimine,0.8931,4,INTRA_STEM_TOO_CLOSE|TRADEMARK_HIT,SIMILARITY_MODERATE,,typhecycline,0.0,0.68,0.702,1.0,1.0,0.862,0.15,tetracycline antibacterial,generic,-cycline,crowded,False,,
fluocycline,False,ngram_guided,4,58.77,70.53,high,-15.53,-0.53,fluoracaine,0.9766,4,SIMILARITY_TOO_HIGH|INTRA_STEM_TOO_CLOSE|TRADEMARK_HIT,,,fluocycline,0.0,0.6,0.692,1.0,1.0,0.952,0.366,tetracycline antibacterial,generic,-cycline,crowded,False,,
etuvecycline,False,ngram_guided,4,53.96,59.27,moderate,-4.27,10.73,etuvetidigene,0.8278,5,INTRA_STEM_TOO_CLOSE|TRADEMARK_HIT,SIMILARITY_MODERATE,,etuvecycline,0.0,0.45,0.828,1.0,1.0,0.731,0.151,tetracycline antibacterial,generic,-cycline,crowded,False,,
epcortcycline,False,ngram_guided,4,53.28,58.75,moderate,-3.75,11.25,chlorcyclizine,0.6744,4,STEM_FOREIGN_EMBEDDED,SIMILARITY_MODERATE,,epcortcycline,0.0,0.517,0.737,1.0,0.59,0.755,0.948,tetracycline antibacterial,generic,-cycline,crowded,False,,
urosulfcycline,True,ngram_guided,4,53.01,59.04,moderate,-4.04,10.96,sulfalene,0.782,5,,SIMILARITY_MODERATE,,urosulfcycline,0.0,0.564,0.768,1.0,1.0,0.527,0.101,tetracycline antibacterial,generic,-cycline,crowded,False,,
lebrikicycline,True,ngram_guided,4,48.56,56.7,moderate,-1.7,13.3,lebrikizumab,0.732,5,,SIMILARITY_MODERATE,,lebrikicycline,0.0,0.15,0.722,1.0,1.0,0.527,0.739,tetracycline antibacterial,generic,-cycline,crowded,False,,
foscycline,False,ngram_guided,4,70.31,67.37,moderate,-12.37,2.63,phosphocholine,0.8814,3,TRADEMARK_HIT,SIMILARITY_MODERATE,,foscycline,0.0,1.0,0.788,1.0,1.0,0.873,0.792,tetracycline antibacterial,generic,-cycline,crowded,False,,
orncycline,False,ngram_guided,4,63.53,68.01,moderate,-13.01,1.99,bencyclane,0.7279,3,TRADEMARK_HIT,SIMILARITY_MODERATE,,orncycline,0.0,1.0,0.687,1.0,1.0,0.873,0.026,tetracycline antibacterial,generic,-cycline,crowded,False,,
ledipamcycline,True,ngram_guided,4,52.36,55.86,moderate,-0.86,14.14,bencyclane,0.7207,5,,SIMILARITY_MODERATE,,ledipamcycline,0.0,0.357,0.828,1.0,1.0,0.527,0.478,tetracycline antibacterial,generic,-cycline,crowded,False,,
ziftomcycline,True,ngram_guided,4,51.64,54.59,low,0.41,15.41,ziftomenib,0.613,4,,,,ziftomcycline,0.016,0.3,0.813,1.0,1.0,0.755,0.187,tetracycline antibacterial,generic,-cycline,crowded,False,,
bilcycline,False,ngram_guided,4,65.05,66.37,moderate,-11.37,3.63,bencyclane,0.8705,3,INTRA_STEM_TOO_CLOSE|TRADEMARK_HIT,SIMILARITY_MODERATE,,bilcycline,0.0,1.0,0.788,1.0,1.0,0.873,0.042,tetracycline antibacterial,generic,-cycline,crowded,False,,
fescycline,False,ngram_guided+refined,4,64.81,67.61,moderate,-12.61,2.39,bencyclane,0.8494,3,INTRA_STEM_TOO_CLOSE|TRADEMARK_HIT,SIMILARITY_MODERATE,foscycline,foscycline -> fescycline,0.0,1.0,0.788,1.0,1.0,0.873,0.006,tetracycline antibacterial,generic,-cycline,crowded,False,,
dorcycline,False,ngram_guided+refined,4,64.95,66.07,moderate,-11.07,3.93,morpholine,0.8621,3,INTRA_STEM_TOO_CLOSE|TRADEMARK_HIT,SIMILARITY_MODERATE,dercycline,dercycline -> dorcycline,0.0,1.0,0.788,1.0,1.0,0.873,0.028,tetracycline antibacterial,generic,-cycline,crowded,False,,
durcycline,False,ngram_guided+refined,4,64.78,64.4,moderate,-9.4,5.6,dicyclomine,0.8373,3,TRADEMARK_HIT,SIMILARITY_MODERATE,dercycline,dercycline -> dorcycline -> durcycline,0.0,1.0,0.788,1.0,1.0,0.873,0.003,tetracycline antibacterial,generic,-cycline,crowded,False,,
dircycline,False,ngram_guided+refined,4,64.9,67.93,moderate,-12.93,2.07,dicyclomine,0.8259,3,INTRA_STEM_TOO_CLOSE|TRADEMARK_HIT,SIMILARITY_MODERATE,dercycline,dercycline -> dorcycline -> durcycline -> dircycline,0.0,1.0,0.788,1.0,1.0,0.873,0.019,tetracycline antibacterial,generic,-cycline,crowded,False,,
ebacycline,False,grammar+refined,4,66.36,65.79,moderate,-10.79,4.21,ebastine,0.8831,4,INTRA_STEM_TOO_CLOSE|TRADEMARK_HIT,SIMILARITY_MODERATE,eracycline,eracycline -> ebacycline,0.0,1.0,0.813,1.0,1.0,0.998,0.0,tetracycline antibacterial,generic,-cycline,crowded,False,,
evacycline,False,grammar+refined,4,66.36,67.04,moderate,-12.04,2.96,evoclin,0.8759,4,INTRA_STEM_TOO_CLOSE|TRADEMARK_HIT,SIMILARITY_MODERATE,eracycline,eracycline -> ebacycline -> evacycline,0.0,1.0,0.813,1.0,1.0,0.998,0.0,tetracycline antibacterial,generic,-cycline,crowded,False,,
ejacycline,False,grammar+refined,4,66.36,63.26,moderate,-8.26,6.74,viabecline,0.8214,4,INTRA_STEM_TOO_CLOSE|TRADEMARK_HIT,SIMILARITY_MODERATE,eracycline,eracycline -> ebacycline -> evacycline -> ejacycline,0.0,1.0,0.813,1.0,1.0,0.998,0.0,tetracycline antibacterial,generic,-cycline,crowded,False,,
suqcycline,False,ngram_guided+refined,4,64.76,60.88,moderate,-5.88,9.12,achyrocline,0.7029,3,INTRA_STEM_TOO_CLOSE|TRADEMARK_HIT,SIMILARITY_MODERATE,sulcycline,sulcycline -> suqcycline,0.0,1.0,0.788,1.0,1.0,0.873,0.0,tetracycline antibacterial,generic,-cycline,crowded,False,,
soqcycline,False,ngram_guided+refined,4,64.76,61.8,moderate,-6.8,8.2,phosphocholine,0.6911,3,INTRA_STEM_TOO_CLOSE|TRADEMARK_HIT,SIMILARITY_MODERATE,sulcycline,sulcycline -> suqcycline -> soqcycline,0.0,1.0,0.788,1.0,1.0,0.873,0.0,tetracycline antibacterial,generic,-cycline,crowded,False,,
siqcycline,False,ngram_guided+refined,4,64.76,65.74,moderate,-10.74,4.26,citicoline,0.643,3,INTRA_STEM_TOO_CLOSE|TRADEMARK_HIT,SIMILARITY_MODERATE,sulcycline,sulcycline -> suqcycline -> soqcycline -> siqcycline,0.0,1.0,0.788,1.0,1.0,0.873,0.0,tetracycline antibacterial,generic,-cycline,crowded,False,,
afecycline,False,ngram_guided+refined,4,66.38,69.74,moderate,-14.74,0.26,acefylline,0.9055,4,INTRA_STEM_TOO_CLOSE|TRADEMARK_HIT,SIMILARITY_MODERATE,avecycline,avecycline -> afecycline,0.0,1.0,0.813,1.0,1.0,0.998,0.003,tetracycline antibacterial,generic,-cycline,crowded,False,,
alecycline,False,ngram_guided+refined,4,71.11,63.76,moderate,-8.76,6.24,acefylline,0.9605,4,INTRA_STEM_TOO_CLOSE,SIMILARITY_MODERATE,avecycline,avecycline -> afecycline -> alecycline,0.0,1.0,0.813,1.0,1.0,0.998,0.678,tetracycline antibacterial,generic,-cycline,crowded,False,,
asecycline,False,ngram_guided+refined,4,66.37,68.36,moderate,-13.36,1.64,acefylline,0.9526,4,INTRA_STEM_TOO_CLOSE,SIMILARITY_MODERATE,avecycline,avecycline -> afecycline -> alecycline -> asecycline,0.0,1.0,0.813,1.0,1.0,0.998,0.001,tetracycline antibacterial,generic,-cycline,crowded,False,,
ejocycline,False,grammar+refined,4,66.36,66.29,moderate,-11.29,3.71,etofylline,0.7421,4,INTRA_STEM_TOO_CLOSE|TRADEMARK_HIT,SIMILARITY_MODERATE,emocycline,emocycline -> ejocycline,0.0,1.0,0.813,1.0,1.0,0.998,0.0,tetracycline antibacterial,generic,-cycline,crowded,False,,
azocycline,False,grammar+refined,4,70.85,63.06,moderate,-8.06,6.94,procyclidine,0.9417,4,INTRA_STEM_TOO_CLOSE|TRADEMARK_HIT,SIMILARITY_MODERATE,axocycline,axocycline -> azocycline,0.0,1.0,0.813,1.0,1.0,0.998,0.641,tetracycline antibacterial,generic,-cycline,crowded,False,,
acocycline,False,grammar+refined,4,66.44,67.74,moderate,-12.74,2.26,achyrocline,0.9624,4,INTRA_STEM_TOO_CLOSE|TRADEMARK_HIT,SIMILARITY_MODERATE,axocycline,axocycline -> azocycline -> acocycline,0.0,1.0,0.813,1.0,1.0,0.998,0.012,tetracycline antibacterial,generic,-cycline,crowded,False,,
afocycline,False,grammar+refined,4,66.36,64.13,moderate,-9.13,5.87,focalin,0.7985,4,TRADEMARK_HIT,SIMILARITY_MODERATE,axocycline,axocycline -> azocycline -> acocycline -> afocycline,0.0,1.0,0.813,1.0,1.0,0.998,0.0,tetracycline antibacterial,generic,-cycline,crowded,False,,
amvycycline,False,grammar+refined,4,65.91,64.08,moderate,-9.08,5.92,achyrocline,0.6595,4,TRADEMARK_HIT,SIMILARITY_MODERATE,alvycycline,alvycycline -> amvycycline,0.0,1.0,0.813,1.0,1.0,0.952,0.0,tetracycline antibacterial,generic,-cycline,crowded,False,,
avvycycline,False,grammar+refined,4,57.91,68.68,moderate,-13.68,1.32,achyrocline,0.6631,4,INTRA_STEM_TOO_CLOSE|TRADEMARK_HIT,SIMILARITY_MODERATE,alvycycline,alvycycline -> amvycycline -> avvycycline,0.0,0.6,0.813,1.0,1.0,0.952,0.0,tetracycline antibacterial,generic,-cycline,crowded,False,,
avfycycline,False,grammar+refined,4,65.91,66.06,moderate,-11.06,3.94,achyrocline,0.6498,4,TRADEMARK_HIT,SIMILARITY_MODERATE,alvycycline,alvycycline -> amvycycline -> avvycycline -> avfycycline,0.0,1.0,0.813,1.0,1.0,0.952,0.0,tetracycline antibacterial,generic,-cycline,crowded,False,,
nobidatinib,True,grammar,1,61.89,60.66,moderate,-5.66,9.34,polydatin,0.7458,5,,SIMILARITY_MODERATE,,nobidatinib,0.0,0.733,1.0,1.0,1.0,0.821,0.001,tyrosine kinase inhibitor,generic,-tinib,saturated,False,,
ciszotinib,False,grammar,1,69.0,62.36,moderate,-7.36,7.64,fisetin,0.6295,4,INTRA_STEM_TOO_CLOSE|TRADEMARK_HIT,SIMILARITY_MODERATE,,ciszotinib,0.0,1.0,1.0,1.0,1.0,0.998,0.003,tyrosine kinase inhibitor,generic,-tinib,saturated,False,,
derfetinib,False,grammar,1,58.0,68.0,moderate,-13.0,2.0,perfecting,0.751,4,INTRA_STEM_TOO_CLOSE|TRADEMARK_HIT,SIMILARITY_MODERATE,,derfetinib,0.0,0.45,1.0,1.0,1.0,0.998,0.003,tyrosine kinase inhibitor,generic,-tinib,saturated,False,,
dopplotinib,False,grammar,1,65.27,66.21,moderate,-11.21,3.79,aprotinin,0.6821,4,TRADEMARK_HIT,SIMILARITY_MODERATE,,dopplotinib,0.0,1.0,0.768,1.0,1.0,0.952,0.0,tyrosine kinase inhibitor,generic,-tinib,saturated,False,,
fapezetinib,True,grammar,1,61.88,63.02,moderate,-8.02,6.98,ezetimibe,0.6343,5,,SIMILARITY_MODERATE,,fapezetinib,0.0,0.733,1.0,1.0,1.0,0.821,0.0,tyrosine kinase inhibitor,generic,-tinib,saturated,False,,
ylitinib,False,grammar,1,64.09,65.45,moderate,-10.45,4.55,ylidene,0.6371,3,TRADEMARK_HIT,SIMILARITY_MODERATE|ILLEGAL_ONSET_CLUSTER,,ylitinib,0.0,1.0,0.801,1.0,1.0,0.787,0.0,tyrosine kinase inhibitor,generic,-tinib,saturated,False,,
dinatinib,False,grammar,1,62.64,68.53,moderate,-13.53,1.47,denatonium,0.9409,4,INTRA_STEM_TOO_CLOSE|TRADEMARK_HIT,SIMILARITY_MODERATE,,dinatinib,0.0,0.6,1.0,1.0,1.0,0.983,0.259,tyrosine kinase inhibitor,generic,-tinib,saturated,False,,
denitinib,False,grammar,1,67.09,71.58,high,-16.58,-1.58,desitin,0.8717,4,SIMILARITY_TOO_HIGH|INTRA_STEM_TOO_CLOSE|TRADEMARK_HIT,,,denitinib,0.0,0.6,1.0,1.0,1.0,0.983,0.894,tyrosine kinase inhibitor,generic,-tinib,saturated,False,,
sukotinib,False,grammar,1,68.83,64.99,moderate,-9.99,5.01,nicotinic,0.6494,4,INTRA_STEM_TOO_CLOSE|TRADEMARK_HIT,SIMILARITY_MODERATE,,sukotinib,0.0,1.0,1.0,1.0,1.0,0.983,0.0,tyrosine kinase inhibitor,generic,-tinib,saturated,False,,
mofonutinib,True,grammar,1,67.21,62.79,moderate,-7.79,7.21,moxonidine,0.7029,5,,SIMILARITY_MODERATE,,mofonutinib,0.0,1.0,1.0,1.0,1.0,0.821,0.0,tyrosine kinase inhibitor,generic,-tinib,saturated,True,,
donsetinib,False,grammar,1,62.6,68.47,moderate,-13.47,1.53,vandetanib,0.7469,4,INTRA_STEM_TOO_CLOSE|TRADEMARK_HIT,SIMILARITY_MODERATE,,donsetinib,0.0,0.68,1.0,1.0,1.0,0.998,0.003,tyrosine kinase inhibitor,generic,-tinib,saturated,False,,
feungatinib,False,grammar,1,63.19,61.54,moderate,-6.54,8.46,foundation,0.6245,4,INTRA_STEM_TOO_CLOSE|TRADEMARK_HIT,SIMILARITY_MODERATE,,feungatinib,0.0,0.733,1.0,1.0,1.0,0.952,0.0,tyrosine kinase inhibitor,generic,-tinib,saturated,False,,
icutetinib,True,grammar,1,61.27,58.26,moderate,-3.26,11.74,cutiecaine,0.7269,5,,SIMILARITY_MODERATE,,icutetinib,0.0,0.68,1.0,1.0,1.0,0.867,0.0,tyrosine kinase inhibitor,generic,-tinib,saturated,False,,
olotinib,False,grammar,1,68.13,69.23,moderate,-14.23,0.77,erlotinib,0.7964,4,INTRA_STEM_TOO_CLOSE|TRADEMARK_HIT,SIMILARITY_MODERATE,,olotinib,0.0,1.0,1.0,1.0,1.0,0.912,0.001,tyrosine kinase inhibitor,generic,-tinib,saturated,False,,
rimasatinib,False,grammar,1,62.06,64.62,moderate,-9.62,5.38,rimantadine,0.7136,5,INTRA_STEM_TOO_CLOSE|TRADEMARK_HIT,SIMILARITY_MODERATE,,rimasatinib,0.0,0.733,1.0,1.0,1.0,0.821,0.026,tyrosine kinase inhibitor,generic,-tinib,saturated,False,,
balotinib,False,grammar,1,65.29,65.54,moderate,-10.54,4.46,aprotinin,0.8161,4,INTRA_STEM_TOO_CLOSE|TRADEMARK_HIT,SIMILARITY_MODERATE,,balotinib,0.0,0.6,1.0,1.0,1.0,0.983,0.637,tyrosine kinase inhibitor,generic,-tinib,saturated,False,,
cirmotinib,False,grammar,1,69.0,64.9,moderate,-9.9,5.1,cimetidine,0.6719,4,TRADEMARK_HIT,SIMILARITY_MODERATE,,cirmotinib,0.0,1.0,1.0,1.0,1.0,0.998,0.003,tyrosine kinase inhibitor,generic,-tinib,saturated,False,,
gevetinib,False,grammar,1,68.83,66.93,moderate,-11.93,3.07,ezetimibe,0.6803,4,INTRA_STEM_TOO_CLOSE|TRADEMARK_HIT,SIMILARITY_MODERATE,,gevetinib,0.0,1.0,1.0,1.0,1.0,0.983,0.0,tyrosine kinase inhibitor,generic,-tinib,saturated,False,,
futletinib,True,grammar,1,62.59,62.46,moderate,-7.46,7.54,platinic,0.6267,4,,SIMILARITY_MODERATE,,futletinib,0.0,0.68,1.0,1.0,1.0,0.998,0.001,tyrosine kinase inhibitor,generic,-tinib,saturated,False,,
maxycabatinib,True,grammar,1,57.5,61.39,moderate,-6.39,8.61,axicabtagene,0.6493,6,,SIMILARITY_MODERATE,,maxycabatinib,0.0,0.8,0.889,1.0,1.0,0.406,0.0,tyrosine kinase inhibitor,generic,-tinib,saturated,False,,
edonotinib,False,grammar,1,61.27,63.39,moderate,-8.39,6.61,ergonovine,0.7245,5,INTRA_STEM_TOO_CLOSE|TRADEMARK_HIT,SIMILARITY_MODERATE,,edonotinib,0.0,0.68,1.0,1.0,1.0,0.867,0.001,tyrosine kinase inhibitor,generic,-tinib,saturated,False,,
clalitinib,False,grammar,1,61.6,74.57,high,-19.57,-4.57,claritin,0.7558,4,SIMILARITY_TOO_HIGH|TRADEMARK_HIT,,,clalitinib,0.0,0.68,0.879,1.0,1.0,0.998,0.103,tyrosine kinase inhibitor,generic,-tinib,saturated,False,,
gonotinib,False,grammar,1,61.01,64.27,moderate,-9.27,5.73,ergonovine,0.7706,4,INTRA_STEM_TOO_CLOSE|TRADEMARK_HIT,SIMILARITY_MODERATE,,gonotinib,0.0,0.6,1.0,1.0,1.0,0.983,0.026,tyrosine kinase inhibitor,generic,-tinib,saturated,False,,
pelmatinib,False,grammar,1,62.63,77.7,high,-22.7,-7.7,palmatine,0.7604,4,SIMILARITY_TOO_HIGH|INTRA_STEM_TOO_CLOSE|TRADEMARK_HIT,,,pelmatinib,0.0,0.68,1.0,1.0,1.0,0.998,0.007,tyrosine kinase inhibitor,generic,-tinib,saturated,False,,
decanetinib,True,ngram_guided,1,48.68,69.46,moderate,-14.46,0.54,decamethrin,0.8613,5,,SIMILARITY_MODERATE,,decanetinib,0.0,0.3,1.0,1.0,0.53,0.821,0.427,tyrosine kinase inhibitor,generic,-tinib,saturated,False,,
pentotinib,False,ngram_guided,1,52.03,68.94,moderate,-13.94,1.06,pentostatin,0.8683,4,INTRA_STEM_TOO_CLOSE,SIMILARITY_MODERATE,,pentotinib,0.0,0.45,1.0,1.0,0.53,0.998,0.225,tyrosine kinase inhibitor,generic,-tinib,saturated,False,,
pemeclotinib,False,ngram_guided,1,48.19,64.8,moderate,-9.8,5.2,hemagglutinin,0.7891,5,INTRA_STEM_TOO_CLOSE,SIMILARITY_MODERATE,,pemeclotinib,0.0,0.357,0.894,1.0,0.53,0.731,0.535,tyrosine kinase inhibitor,generic,-tinib,saturated,False,,
prastutinib,False,ngram_guided,1,59.77,66.44,moderate,-11.44,3.56,trastuzumab,0.7654,4,INTRA_STEM_TOO_CLOSE,SIMILARITY_MODERATE,,prastutinib,0.0,0.517,0.733,1.0,1.0,0.952,0.663,tyrosine kinase inhibitor,generic,-tinib,saturated,False,,
decandotinib,True,ngram_guided,1,48.93,63.68,moderate,-8.68,6.32,vandetanib,0.8823,5,,SIMILARITY_MODERATE,,decandotinib,0.0,0.357,1.0,1.0,0.53,0.731,0.429,tyrosine kinase inhibitor,generic,-tinib,saturated,False,,
nertinib,False,ngram_guided,1,68.78,66.42,moderate,-11.42,3.58,neratinib,0.7606,3,INTRA_STEM_TOO_CLOSE|TRADEMARK_HIT,SIMILARITY_MODERATE,,nertinib,0.0,1.0,1.0,1.0,1.0,0.787,0.273,tyrosine kinase inhibitor,generic,-tinib,saturated,False,,
thiaztinib,True,ngram_guided,1,56.24,63.57,moderate,-8.57,6.43,thiazoline,0.6824,4,,SIMILARITY_MODERATE,,thiaztinib,0.0,0.45,0.975,1.0,0.53,0.998,0.876,tyrosine kinase inhibitor,generic,-tinib,saturated,False,,
eletinib,False,ngram_guided,1,71.86,68.98,moderate,-13.98,1.02,ezetimibe,0.7884,4,INTRA_STEM_TOO_CLOSE|TRADEMARK_HIT,SIMILARITY_MODERATE,,eletinib,0.0,1.0,1.0,1.0,1.0,0.912,0.534,tyrosine kinase inhibitor,generic,-tinib,saturated,False,,
ubromotinib,True,ngram_guided,1,52.72,62.1,moderate,-7.1,7.9,aprotinin,0.7598,5,,SIMILARITY_MODERATE,,ubromotinib,0.0,0.517,0.894,1.0,0.53,0.821,0.597,tyrosine kinase inhibitor,generic,-tinib,saturated,False,,
sumateritinib,True,ngram_guided,1,61.53,67.7,moderate,-12.7,2.3,sumatriptan,0.9035,6,,SIMILARITY_MODERATE,,sumateritinib,0.0,0.6,1.0,1.0,1.0,0.406,0.925,tyrosine kinase inhibitor,generic,-tinib,saturated,False,,
dewortinib,True,ngram_guided,1,60.96,66.38,moderate,-11.38,3.62,fortinia,0.8042,4,,SIMILARITY_MODERATE,,dewortinib,0.0,0.45,1.0,1.0,1.0,0.998,0.426,tyrosine kinase inhibitor,generic,-tinib,saturated,False,,
methiotinib,False,ngram_guided,1,47.97,76.43,high,-21.43,-6.43,methionine,0.9742,5,SIMILARITY_TOO_HIGH|TRADEMARK_HIT,,,methiotinib,0.0,0.3,1.0,1.0,0.53,0.821,0.325,tyrosine kinase inhibitor,generic,-tinib,saturated,False,,
abcitinib,False,ngram_guided,1,62.02,77.13,high,-22.13,-7.13,asciminib,0.7473,4,SIMILARITY_TOO_HIGH|INTRA_STEM_TOO_CLOSE|TRADEMARK_HIT,,,abcitinib,0.0,0.6,1.0,1.0,1.0,0.983,0.171,tyrosine kinase inhibitor,generic,-tinib,saturated,False,,
thytinib,False,ngram_guided,1,66.27,65.06,moderate,-10.06,4.94,thymine,0.8563,3,INTRA_STEM_TOO_CLOSE|TRADEMARK_HIT,SIMILARITY_MODERATE,,thytinib,0.0,1.0,0.889,1.0,1.0,0.787,0.137,tyrosine kinase inhibitor,generic,-tinib,saturated,False,,
ramtinib,False,ngram_guided,1,68.3,67.35,moderate,-12.35,2.65,graminis,0.6295,3,TRADEMARK_HIT,SIMILARITY_MODERATE,,ramtinib,0.0,1.0,1.0,1.0,1.0,0.787,0.204,tyrosine kinase inhibitor,generic,-tinib,saturated,False,,
albutinib,False,ngram_guided,1,64.0,75.04,high,-20.04,-5.04,albutein,0.9273,4,SIMILARITY_TOO_HIGH|INTRA_STEM_TOO_CLOSE|TRADEMARK_HIT,,,albutinib,0.0,0.6,1.0,1.0,1.0,0.983,0.454,tyrosine kinase inhibitor,generic,-tinib,saturated,False,,
abiratinib,False,ngram_guided,1,62.65,68.69,moderate,-13.69,1.31,dabrafenib,0.7905,5,INTRA_STEM_TOO_CLOSE,SIMILARITY_MODERATE,,abiratinib,0.0,0.45,1.0,1.0,1.0,0.867,0.855,tyrosine kinase inhibitor,generic,-tinib,saturated,False,,
chirtinib,True,ngram_guided,1,60.52,68.31,moderate,-13.31,1.69,chitin,0.8454,3,,SIMILARITY_MODERATE,,chirtinib,0.0,0.6,0.975,1.0,1.0,0.858,0.184,tyrosine kinase inhibitor,generic,-tinib,saturated,False,,
omertinib,False,ngram_guided,1,61.15,66.02,moderate,-11.02,3.98,emetine,0.7908,4,INTRA_STEM_TOO_CLOSE|TRADEMARK_HIT,SIMILARITY_MODERATE,,omertinib,0.0,0.6,1.0,1.0,1.0,0.983,0.046,tyrosine kinase inhibitor,generic,-tinib,saturated,False,,
dipeginitinib,True,ngram_guided,1,57.64,57.76,moderate,-2.76,12.24,definition,0.893,6,,SIMILARITY_MODERATE,,dipeginitinib,0.0,0.6,1.0,1.0,1.0,0.406,0.369,tyrosine kinase inhibitor,generic,-tinib,saturated,False,,
mirtoltinib,True,ngram_guided,1,68.04,59.92,moderate,-4.92,10.08,atoltivimab,0.6682,4,,SIMILARITY_MODERATE,,mirtoltinib,0.0,0.733,0.975,1.0,1.0,0.952,0.742,tyrosine kinase inhibitor,generic,-tinib,saturated,True,,
praztinib,False,ngram_guided,1,56.15,68.66,moderate,-13.66,1.34,pratenis,0.6697,3,INTRA_STEM_TOO_CLOSE,SIMILARITY_MODERATE,,praztinib,0.0,0.6,0.829,1.0,0.59,0.858,0.789,tyrosine kinase inhibitor,generic,-tinib,saturated,False,,
suavitinib,False,ngram_guided,1,59.77,66.24,moderate,-11.24,3.76,suavissimus,0.7677,5,INTRA_STEM_TOO_CLOSE|TRADEMARK_HIT,SIMILARITY_MODERATE,,suavitinib,0.0,0.45,1.0,1.0,1.0,0.867,0.444,tyrosine kinase inhibitor,generic,-tinib,saturated,False,,
behenoxatinib,True,ngram_guided,1,49.24,63.15,moderate,-8.15,6.85,enoxacin,0.8539,6,,SIMILARITY_MODERATE,,behenoxatinib,0.0,0.4,1.0,1.0,0.53,0.406,0.814,tyrosine kinase inhibitor,generic,-tinib,saturated,False,,
esetinib,False,ngram_guided+refined,1,68.13,73.98,high,-18.98,-3.98,ezetimibe,0.7358,4,SIMILARITY_TOO_HIGH|TRADEMARK_HIT,,eletinib,eletinib -> esetinib,0.0,1.0,1.0,1.0,1.0,0.912,0.001,tyrosine kinase inhibitor,generic,-tinib,saturated,False,,
esotinib,False,ngram_guided+refined,1,69.04,63.31,moderate,-8.31,6.69,aprotinin,0.7956,4,INTRA_STEM_TOO_CLOSE|TRADEMARK_HIT,SIMILARITY_MODERATE,eletinib,eletinib -> esetinib -> esotinib,0.0,1.0,1.0,1.0,1.0,0.912,0.132,tyrosine kinase inhibitor,generic,-tinib,saturated,False,,
epotinib,False,ngram_guided+refined,1,68.35,74.81,high,-19.81,-4.81,tepotinib,0.787,4,SIMILARITY_TOO_HIGH|INTRA_STEM_TOO_CLOSE|TRADEMARK_HIT,,eletinib,eletinib -> esetinib -> esotinib -> epotinib,0.0,1.0,1.0,1.0,1.0,0.912,0.033,tyrosine kinase inhibitor,generic,-tinib,saturated,False,,
citzotinib,False,grammar+refined,1,68.98,63.42,moderate,-8.42,6.58,acitretin,0.6493,4,INTRA_STEM_TOO_CLOSE|TRADEMARK_HIT,SIMILARITY_MODERATE,ciszotinib,ciszotinib -> citzotinib,0.0,1.0,1.0,1.0,1.0,0.998,0.0,tyrosine kinase inhibitor,generic,-tinib,saturated,False,,
cixzotinib,False,grammar+refined,1,67.92,61.11,moderate,-6.11,8.89,nicotinic,0.6122,4,INTRA_STEM_TOO_CLOSE,SIMILARITY_MODERATE,ciszotinib,ciszotinib -> citzotinib -> cixzotinib,0.0,1.0,0.924,1.0,1.0,0.998,0.0,tyrosine kinase inhibitor,generic,-tinib,saturated,False,,
ciyzotinib,False,grammar+refined,1,67.67,64.45,moderate,-9.45,5.55,nicotinic,0.6049,5,INTRA_STEM_TOO_CLOSE|TRADEMARK_HIT,SIMILARITY_MODERATE,ciszotinib,ciszotinib -> citzotinib -> cixzotinib -> ciyzotinib,0.0,1.0,1.0,1.0,1.0,0.867,0.0,tyrosine kinase inhibitor,generic,-tinib,saturated,False,,
cirbotinib,False,grammar+refined,1,68.99,65.27,moderate,-10.27,4.73,cibotium,0.7167,4,INTRA_STEM_TOO_CLOSE|TRADEMARK_HIT,SIMILARITY_MODERATE,cirmotinib,cirmotinib -> cirbotinib,0.0,1.0,1.0,1.0,1.0,0.998,0.001,tyrosine kinase inhibitor,generic,-tinib,saturated,False,,
cigbotinib,True,grammar+refined,1,68.98,64.42,moderate,-9.42,5.58,cibotium,0.6318,4,,SIMILARITY_MODERATE,cirmotinib,cirmotinib -> cirbotinib -> cigbotinib,0.0,1.0,1.0,1.0,1.0,0.998,0.0,tyrosine kinase inhibitor,generic,-tinib,saturated,True,,
sucotinib,False,grammar+refined,1,68.83,70.9,high,-15.9,-0.9,nicotinic,0.9006,4,SIMILARITY_TOO_HIGH|INTRA_STEM_TOO_CLOSE|TRADEMARK_HIT,,sukotinib,sukotinib -> sucotinib,0.0,1.0,1.0,1.0,1.0,0.983,0.001,tyrosine kinase inhibitor,generic,-tinib,saturated,False,,
jucotinib,False,grammar+refined,1,68.83,73.24,high,-18.24,-3.24,nicotinic,0.6716,4,SIMILARITY_TOO_HIGH|INTRA_STEM_TOO_CLOSE,,sukotinib,sukotinib -> sucotinib -> jucotinib,0.0,1.0,1.0,1.0,1.0,0.983,0.0,tyrosine kinase inhibitor,generic,-tinib,saturated,False,,
mucotinib,False,grammar+refined,1,60.83,76.0,high,-21.0,-6.0,nicotinic,0.8526,4,SIMILARITY_TOO_HIGH|INTRA_STEM_TOO_CLOSE,,sukotinib,sukotinib -> sucotinib -> jucotinib -> mucotinib,0.0,0.6,1.0,1.0,1.0,0.983,0.0,tyrosine kinase inhibitor,generic,-tinib,saturated,False,,
guvetinib,False,grammar+refined,1,68.83,68.96,moderate,-13.96,1.04,duvelisib,0.6458,4,TRADEMARK_HIT,SIMILARITY_MODERATE,gevetinib,gevetinib -> guvetinib,0.0,1.0,1.0,1.0,1.0,0.983,0.0,tyrosine kinase inhibitor,generic,-tinib,saturated,False,,
gujetinib,False,grammar+refined,1,68.83,58.04,moderate,-3.04,11.96,guanethidine,0.6063,4,TRADEMARK_HIT,SIMILARITY_MODERATE,gevetinib,gevetinib -> guvetinib -> gujetinib,0.0,1.0,1.0,1.0,1.0,0.983,0.0,tyrosine kinase inhibitor,generic,-tinib,saturated,False,,
guzetinib,False,grammar+refined,1,68.83,65.96,moderate,-10.96,4.04,ezetimibe,0.6433,4,TRADEMARK_HIT,SIMILARITY_MODERATE,gevetinib,gevetinib -> guvetinib -> gujetinib -> guzetinib,0.0,1.0,1.0,1.0,1.0,0.983,0.0,tyrosine kinase inhibitor,generic,-tinib,saturated,False,,
nirtinib,False,ngram_guided+refined,1,67.16,65.16,moderate,-10.16,4.84,nicotinic,0.7656,3,INTRA_STEM_TOO_CLOSE|TRADEMARK_HIT,SIMILARITY_MODERATE,nertinib,nertinib -> nirtinib,0.0,1.0,1.0,1.0,1.0,0.787,0.041,tyrosine kinase inhibitor,generic,-tinib,saturated,False,,
nartinib,False,ngram_guided+refined,1,67.05,82.59,high,-27.59,-12.59,martini,0.8381,3,SIMILARITY_TOO_HIGH|INTRA_STEM_TOO_CLOSE|TRADEMARK_HIT,,nertinib,nertinib -> nirtinib -> nartinib,0.0,1.0,1.0,1.0,1.0,0.787,0.026,tyrosine kinase inhibitor,generic,-tinib,saturated,False,,
nahtinib,False,ngram_guided+refined,1,66.87,64.78,moderate,-9.78,5.22,naftin,0.607,3,TRADEMARK_HIT,SIMILARITY_MODERATE,nertinib,nertinib -> nirtinib -> nartinib -> nahtinib,0.0,1.0,1.0,1.0,1.0,0.787,0.0,tyrosine kinase inhibitor,generic,-tinib,saturated,False,,
rumtinib,False,ngram_guided+refined,1,66.87,68.21,moderate,-13.21,1.79,rutinic,0.631,3,TRADEMARK_HIT,SIMILARITY_MODERATE,ramtinib,ramtinib -> rumtinib,0.0,1.0,1.0,1.0,1.0,0.787,0.0,tyrosine kinase inhibitor,generic,-tinib,saturated,False,,
remtinib,False,ngram_guided+refined,1,71.54,64.48,moderate,-9.48,5.52,retinyl,0.6423,3,TRADEMARK_HIT,SIMILARITY_MODERATE,ramtinib,ramtinib -> rumtinib -> remtinib,0.0,1.0,1.0,1.0,1.0,0.787,0.666,tyrosine kinase inhibitor,generic,-tinib,saturated,False,,
ototinib,False,grammar+refined,1,68.12,71.05,high,-16.05,-1.05,otodine,0.6632,4,SIMILARITY_TOO_HIGH|INTRA_STEM_TOO_CLOSE|TRADEMARK_HIT,,olotinib,olotinib -> ototinib,0.0,1.0,1.0,1.0,1.0,0.912,0.0,tyrosine kinase inhibitor,generic,-tinib,saturated,False,,
otutinib,False,grammar+refined,1,68.13,65.69,moderate,-10.69,4.31,rutinic,0.6452,4,INTRA_STEM_TOO_CLOSE|TRADEMARK_HIT,SIMILARITY_MODERATE,olotinib,olotinib -> ototinib -> otutinib,0.0,1.0,1.0,1.0,1.0,0.912,0.001,tyrosine kinase inhibitor,generic,-tinib,saturated,False,,
ozutinib,False,grammar+refined,1,68.12,69.07,moderate,-14.07,0.93,rutinic,0.6355,4,INTRA_STEM_TOO_CLOSE|TRADEMARK_HIT,SIMILARITY_MODERATE,olotinib,olotinib -> ototinib -> otutinib -> ozutinib,0.0,1.0,1.0,1.0,1.0,0.912,0.0,tyrosine kinase inhibitor,generic,-tinib,saturated,False,,
omitinib,False,grammar,2,69.17,62.64,moderate,-7.64,7.36,emetine,0.7635,4,INTRA_STEM_TOO_CLOSE|TRADEMARK_HIT,SIMILARITY_MODERATE,,omitinib,0.0,1.0,1.0,1.0,1.0,0.912,0.15,tyrosine kinase inhibitor,generic,-tinib,saturated,False,,
pogotinib,False,grammar,2,60.83,64.27,moderate,-9.27,5.73,aprotinin,0.7968,4,INTRA_STEM_TOO_CLOSE|TRADEMARK_HIT,SIMILARITY_MODERATE,,pogotinib,0.0,0.6,1.0,1.0,1.0,0.983,0.0,tyrosine kinase inhibitor,generic,-tinib,saturated,False,,
heitinib,False,grammar,2,66.87,69.87,moderate,-14.87,0.13,heptine,0.688,3,TRADEMARK_HIT,SIMILARITY_MODERATE,,heitinib,0.0,1.0,1.0,1.0,1.0,0.787,0.0,tyrosine kinase inhibitor,generic,-tinib,saturated,False,,
ikatinib,False,grammar,2,68.12,66.76,moderate,-11.76,3.24,katinko,0.6227,4,INTRA_STEM_TOO_CLOSE|TRADEMARK_HIT,SIMILARITY_MODERATE,,ikatinib,0.0,1.0,1.0,1.0,1.0,0.912,0.0,tyrosine kinase inhibitor,generic,-tinib,saturated,False,,
opocatinib,False,grammar,2,61.27,60.06,moderate,-5.06,9.94,ponatinib,0.6962,5,INTRA_STEM_TOO_CLOSE,SIMILARITY_MODERATE,,opocatinib,0.0,0.68,1.0,1.0,1.0,0.867,0.001,tyrosine kinase inhibitor,generic,-tinib,saturated,False,,
turmitinib,False,grammar,2,62.58,62.71,moderate,-7.71,7.29,artemisinin,0.7147,4,INTRA_STEM_TOO_CLOSE|TRADEMARK_HIT,SIMILARITY_MODERATE,,turmitinib,0.0,0.68,1.0,1.0,1.0,0.998,0.0,tyrosine kinase inhibitor,generic,-tinib,saturated,False,,
rezutinib,False,grammar,2,60.83,73.52,high,-18.52,-3.52,revumenib,0.6756,4,SIMILARITY_TOO_HIGH|INTRA_STEM_TOO_CLOSE|TRADEMARK_HIT,,,rezutinib,0.0,0.6,1.0,1.0,1.0,0.983,0.001,tyrosine kinase inhibitor,generic,-tinib,saturated,False,,
dutitinib,False,grammar,2,67.03,61.19,moderate,-6.19,8.81,butidrine,0.6758,4,INTRA_STEM_TOO_CLOSE|TRADEMARK_HIT,SIMILARITY_MODERATE,,dutitinib,0.0,1.0,1.0,0.8,1.0,0.983,0.0,tyrosine kinase inhibitor,generic,-tinib,saturated,False,,
rivotinib,False,grammar,2,69.13,68.35,moderate,-13.35,1.65,crizotinib,0.7119,4,INTRA_STEM_TOO_CLOSE|TRADEMARK_HIT,SIMILARITY_MODERATE,,rivotinib,0.0,1.0,1.0,1.0,1.0,0.983,0.043,tyrosine kinase inhibitor,generic,-tinib,saturated,False,,
noxeretinib,True,grammar,2,61.88,68.01,moderate,-13.01,1.99,oxerutins,0.7056,5,,SIMILARITY_MODERATE,,noxeretinib,0.0,0.733,1.0,1.0,1.0,0.821,0.0,tyrosine kinase inhibitor,generic,-tinib,saturated,False,,
olcecatinib,False,grammar,2,61.89,58.76,moderate,-3.76,11.24,ilodecakin,0.6607,5,INTRA_STEM_TOO_CLOSE,SIMILARITY_MODERATE,,olcecatinib,0.0,0.733,1.0,1.0,1.0,0.821,0.001,tyrosine kinase inhibitor,generic,-tinib,saturated,False,,
akitinib,False,grammar,2,68.12,65.9,moderate,-10.9,4.1,actinidia,0.6938,4,INTRA_STEM_TOO_CLOSE|TRADEMARK_HIT,SIMILARITY_MODERATE,,akitinib,0.0,1.0,1.0,1.0,1.0,0.912,0.0,tyrosine kinase inhibitor,generic,-tinib,saturated,False,,
unratinib,False,grammar,2,68.83,64.04,moderate,-9.04,5.96,adrafinil,0.6474,4,INTRA_STEM_TOO_CLOSE|TRADEMARK_HIT,SIMILARITY_MODERATE,,unratinib,0.0,1.0,1.0,1.0,1.0,0.983,0.0,tyrosine kinase inhibitor,generic,-tinib,saturated,False,,
ditevetinib,True,grammar,2,61.96,59.72,moderate,-4.72,10.28,dibenzepin,0.7086,5,,SIMILARITY_MODERATE,,ditevetinib,0.0,0.733,1.0,1.0,1.0,0.821,0.012,tyrosine kinase inhibitor,generic,-tinib,saturated,False,,
merotinib,False,grammar,2,64.48,72.54,high,-17.54,-2.54,neratinib,0.8983,4,SIMILARITY_TOO_HIGH|INTRA_STEM_TOO_CLOSE|TRADEMARK_HIT,,,merotinib,0.0,0.6,1.0,1.0,1.0,0.983,0.522,tyrosine kinase inhibitor,generic,-tinib,saturated,False,,
ciepatinib,False,grammar,2,69.0,64.31,moderate,-9.31,5.69,cisplatin,0.6605,4,INTRA_STEM_TOO_CLOSE|TRADEMARK_HIT,SIMILARITY_MODERATE,,ciepatinib,0.0,1.0,1.0,1.0,1.0,0.998,0.003,tyrosine kinase inhibitor,generic,-tinib,saturated,False,,
tesrotinib,False,grammar,2,62.73,69.87,moderate,-14.87,0.13,ceprotin,0.6927,4,INTRA_STEM_TOO_CLOSE,SIMILARITY_MODERATE,,tesrotinib,0.0,0.68,1.0,1.0,1.0,0.998,0.021,tyrosine kinase inhibitor,generic,-tinib,saturated,False,,
meditinib,False,grammar,2,60.85,74.99,high,-19.99,-4.99,medicine,0.8352,4,SIMILARITY_TOO_HIGH|INTRA_STEM_TOO_CLOSE|TRADEMARK_HIT,,,meditinib,0.0,0.6,1.0,1.0,1.0,0.983,0.003,tyrosine kinase inhibitor,generic,-tinib,saturated,False,,
gebonutinib,False,grammar,2,62.36,54.5,low,0.5,15.5,bosutinib,0.66,5,INTRA_STEM_TOO_CLOSE|TRADEMARK_HIT,,,gebonutinib,0.02,0.733,1.0,1.0,1.0,0.821,0.0,tyrosine kinase inhibitor,generic,-tinib,saturated,False,,
iletinib,False,grammar,2,68.12,68.66,moderate,-13.66,1.34,platinic,0.7024,4,INTRA_STEM_TOO_CLOSE|TRADEMARK_HIT,SIMILARITY_MODERATE,,iletinib,0.0,1.0,1.0,1.0,1.0,0.912,0.0,tyrosine kinase inhibitor,generic,-tinib,saturated,False,,
pisitinib,False,grammar,2,68.83,66.46,moderate,-11.46,3.54,fisetin,0.7607,4,TRADEMARK_HIT,SIMILARITY_MODERATE,,pisitinib,0.0,1.0,1.0,1.0,1.0,0.983,0.0,tyrosine kinase inhibitor,generic,-tinib,saturated,False,,
liltegitinib,False,grammar,2,61.74,71.47,high,-16.47,-1.47,gilteritinib,0.6551,5,SIMILARITY_TOO_HIGH|INTRA_STEM_TOO_CLOSE,,,liltegitinib,0.0,0.771,1.0,1.0,1.0,0.731,0.0,tyrosine kinase inhibitor,generic,-tinib,saturated,False,,
ebotinib,False,grammar,2,68.12,64.63,moderate,-9.63,5.37,aprotinin,0.7409,4,INTRA_STEM_TOO_CLOSE|TRADEMARK_HIT,SIMILARITY_MODERATE,,ebotinib,0.0,1.0,1.0,1.0,1.0,0.912,0.0,tyrosine kinase inhibitor,generic,-tinib,saturated,False,,
tototinib,False,grammar,2,68.83,63.73,moderate,-8.73,6.27,otodine,0.7148,4,INTRA_STEM_TOO_CLOSE|TRADEMARK_HIT,SIMILARITY_MODERATE,,tototinib,0.0,1.0,1.0,1.0,1.0,0.983,0.001,tyrosine kinase inhibitor,generic,-tinib,saturated,False,,
phentinib,True,ngram_guided,2,61.09,69.77,moderate,-14.77,0.23,phentermine,0.9636,3,,SIMILARITY_MODERATE,,phentinib,0.0,0.6,0.975,1.0,1.0,0.858,0.265,tyrosine kinase inhibitor,generic,-tinib,saturated,False,,
burotinib,False,ngram_guided,2,62.73,74.57,high,-19.57,-4.57,aprotinin,0.8629,4,SIMILARITY_TOO_HIGH|TRADEMARK_HIT,,,burotinib,0.0,0.6,1.0,1.0,1.0,0.983,0.272,tyrosine kinase inhibitor,generic,-tinib,saturated,False,,
difetinib,False,ngram_guided,2,67.05,64.41,moderate,-9.41,5.59,nicotinic,0.835,4,INTRA_STEM_TOO_CLOSE|TRADEMARK_HIT,SIMILARITY_MODERATE,,difetinib,0.0,0.6,1.0,1.0,1.0,0.983,0.889,tyrosine kinase inhibitor,generic,-tinib,saturated,False,,
cycltinib,True,ngram_guided,2,61.01,67.44,moderate,-12.44,2.56,cyclizine,0.7179,3,,SIMILARITY_MODERATE,,cycltinib,0.0,0.6,0.788,1.0,1.0,0.858,0.629,tyrosine kinase inhibitor,generic,-tinib,saturated,False,,
dacltinib,False,ngram_guided,2,62.66,64.21,moderate,-9.21,5.79,aclidinium,0.6198,3,TRADEMARK_HIT,SIMILARITY_MODERATE,,dacltinib,0.0,0.6,0.788,1.0,1.0,0.858,0.865,tyrosine kinase inhibitor,generic,-tinib,saturated,False,,
orbitinib,True,ngram_guided,2,62.92,69.91,moderate,-14.91,0.09,orchitinum,0.8175,4,,SIMILARITY_MODERATE,,orbitinib,0.0,0.6,1.0,1.0,1.0,0.983,0.298,tyrosine kinase inhibitor,generic,-tinib,saturated,False,,
toritinib,False,ngram_guided,2,67.03,69.73,moderate,-14.73,0.27,coricidin,0.8354,4,INTRA_STEM_TOO_CLOSE|TRADEMARK_HIT,SIMILARITY_MODERATE,,toritinib,0.0,0.6,1.0,1.0,1.0,0.983,0.887,tyrosine kinase inhibitor,generic,-tinib,saturated,False,,
givotinib,False,ngram_guided,2,62.17,70.77,high,-15.77,-0.77,tivozanib,0.7135,4,SIMILARITY_TOO_HIGH|INTRA_STEM_TOO_CLOSE|TRADEMARK_HIT,,,givotinib,0.0,0.6,1.0,1.0,1.0,0.983,0.191,tyrosine kinase inhibitor,generic,-tinib,saturated,False,,
idetinib,False,ngram_guided,2,72.68,66.23,moderate,-11.23,3.77,defining,0.7304,4,INTRA_STEM_TOO_CLOSE|TRADEMARK_HIT,SIMILARITY_MODERATE,,idetinib,0.0,1.0,1.0,1.0,1.0,0.912,0.651,tyrosine kinase inhibitor,generic,-tinib,saturated,False,,
soltinib,False,ngram_guided,2,70.33,69.85,moderate,-14.85,0.15,fortinia,0.7497,3,TRADEMARK_HIT,SIMILARITY_MODERATE,,soltinib,0.0,1.0,1.0,1.0,1.0,0.787,0.494,tyrosine kinase inhibitor,generic,-tinib,saturated,False,,
amntinib,False,ngram_guided,2,64.82,63.76,moderate,-8.76,6.24,intuniv,0.6607,3,INTRA_STEM_TOO_CLOSE|TRADEMARK_HIT,SIMILARITY_MODERATE,,amntinib,0.0,1.0,0.788,1.0,1.0,0.787,0.131,tyrosine kinase inhibitor,generic,-tinib,saturated,False,,
lultinib,False,ngram_guided,2,67.13,61.79,moderate,-6.79,8.21,veltin,0.7491,3,TRADEMARK_HIT,SIMILARITY_MODERATE,,lultinib,0.0,1.0,1.0,1.0,1.0,0.787,0.036,tyrosine kinase inhibitor,generic,-tinib,saturated,False,,
fruquitinib,False,ngram_guided,2,52.78,87.6,high,-32.6,-17.6,fruquintinib,0.8547,4,SIMILARITY_TOO_HIGH|INTRA_STEM_TOO_CLOSE,,,fruquitinib,0.0,0.3,0.758,1.0,1.0,0.952,0.234,tyrosine kinase inhibitor,generic,-tinib,saturated,False,,
cartinib,False,ngram_guided,2,68.51,75.43,high,-20.43,-5.43,martini,0.9551,3,SIMILARITY_TOO_HIGH|INTRA_STEM_TOO_CLOSE|TRADEMARK_HIT,,,cartinib,0.0,1.0,1.0,1.0,1.0,0.787,0.234,tyrosine kinase inhibitor,generic,-tinib,saturated,False,,
navotinib,False,ngram_guided,2,62.14,70.25,high,-15.25,-0.25,inavolisib,0.7803,4,SIMILARITY_TOO_HIGH|INTRA_STEM_TOO_CLOSE|TRADEMARK_HIT,,,navotinib,0.0,0.6,1.0,1.0,1.0,0.983,0.187,tyrosine kinase inhibitor,generic,-tinib,saturated,False,,
rostinib,False,ngram_guided,2,71.65,73.48,high,-18.48,-3.48,prostin,0.8705,3,SIMILARITY_TOO_HIGH|TRADEMARK_HIT,,,rostinib,0.0,1.0,0.854,1.0,1.0,0.787,0.974,tyrosine kinase inhibitor,generic,-tinib,saturated,False,,
ixekitinib,False,ngram_guided,2,57.66,68.23,moderate,-13.23,1.77,ixekizumab,0.6798,5,TRADEMARK_HIT,SIMILARITY_MODERATE,,ixekitinib,0.0,0.45,1.0,1.0,1.0,0.867,0.142,tyrosine kinase inhibitor,generic,-tinib,saturated,False,,
plitinib,False,ngram_guided,2,66.96,77.37,high,-22.37,-7.37,platinic,0.8016,3,SIMILARITY_TOO_HIGH|INTRA_STEM_TOO_CLOSE|TRADEMARK_HIT,,,plitinib,0.0,1.0,0.854,1.0,1.0,0.787,0.305,tyrosine kinase inhibitor,generic,-tinib,saturated,False,,
ansotinib,False,ngram_guided,2,64.85,68.11,moderate,-13.11,1.89,aprotinin,0.7874,4,TRADEMARK_HIT,SIMILARITY_MODERATE,,ansotinib,0.0,0.6,1.0,1.0,1.0,0.983,0.575,tyrosine kinase inhibitor,generic,-tinib,saturated,False,,
rhutinib,False,ngram_guided,2,64.15,73.4,high,-18.4,-3.4,rutinic,0.5645,3,SIMILARITY_TOO_HIGH,ILLEGAL_ONSET_CLUSTER,,rhutinib,0.0,1.0,0.801,1.0,1.0,0.787,0.009,tyrosine kinase inhibitor,generic,-tinib,saturated,False,,
bextinib,False,ngram_guided,2,67.58,70.33,high,-15.33,-0.33,extina,0.7067,3,SIMILARITY_TOO_HIGH|TRADEMARK_HIT,,,bextinib,0.0,1.0,0.854,1.0,1.0,0.787,0.394,tyrosine kinase inhibitor,generic,-tinib,saturated,False,,
orntinib,True,ngram_guided,2,64.08,66.82,moderate,-11.82,3.18,fortinia,0.6389,3,,SIMILARITY_MODERATE,,orntinib,0.0,1.0,0.788,1.0,1.0,0.787,0.026,tyrosine kinase inhibitor,generic,-tinib,saturated,True,,
irbekatinib,True,ngram_guided,2,58.86,68.24,moderate,-13.24,1.76,arbekacin,0.6287,5,,SIMILARITY_MODERATE,,irbekatinib,0.0,0.517,1.0,1.0,1.0,0.821,0.188,tyrosine kinase inhibitor,generic,-tinib,saturated,False,,
campitinib,True,ngram_guided,2,60.23,66.05,moderate,-11.05,3.95,championii,0.8326,4,,SIMILARITY_MODERATE,,campitinib,0.0,0.45,1.0,1.0,1.0,0.998,0.322,tyrosine kinase inhibitor,generic,-tinib,saturated,False,,
ivetinib,False,ngram_guided+refined,2,68.12,65.83,moderate,-10.83,4.17,ezetimibe,0.7205,4,INTRA_STEM_TOO_CLOSE|TRADEMARK_HIT,SIMILARITY_MODERATE,idetinib,idetinib -> ivetinib,0.0,1.0,1.0,1.0,1.0,0.912,0.0,tyrosine kinase inhibitor,generic,-tinib,saturated,False,,
ixetinib,False,ngram_guided+refined,2,68.12,65.1,moderate,-10.1,4.9,hexetidine,0.7499,4,INTRA_STEM_TOO_CLOSE,SIMILARITY_MODERATE,idetinib,idetinib -> ivetinib -> ixetinib,0.0,1.0,1.0,1.0,1.0,0.912,0.0,tyrosine kinase inhibitor,generic,-tinib,saturated,False,,
ibetinib,False,ngram_guided+refined,2,68.12,65.55,moderate,-10.55,4.45,betainum,0.7524,4,INTRA_STEM_TOO_CLOSE|TRADEMARK_HIT,SIMILARITY_MODERATE,idetinib,idetinib -> ivetinib -> ixetinib -> ibetinib,0.0,1.0,1.0,1.0,1.0,0.912,0.0,tyrosine kinase inhibitor,generic,-tinib,saturated,False,,
rastinib,False,ngram_guided+refined,2,65.82,65.98,moderate,-10.98,4.02,arestin,0.8619,3,INTRA_STEM_TOO_CLOSE|TRADEMARK_HIT,SIMILARITY_MODERATE,rostinib,rostinib -> rastinib,0.0,1.0,0.854,1.0,1.0,0.787,0.142,tyrosine kinase inhibitor,generic,-tinib,saturated,False,,
ristinib,True,ngram_guided+refined,2,68.32,67.93,moderate,-12.93,2.07,rutinic,0.8432,3,,SIMILARITY_MODERATE,rostinib,rostinib -> rastinib -> ristinib,0.0,1.0,0.854,1.0,1.0,0.787,0.498,tyrosine kinase inhibitor,generic,-tinib,saturated,True,,
seltinib,False,ngram_guided+refined,2,71.73,71.7,high,-16.7,-1.7,veltin,0.8087,3,SIMILARITY_TOO_HIGH|INTRA_STEM_TOO_CLOSE|TRADEMARK_HIT,,soltinib,soltinib -> seltinib,0.0,1.0,1.0,1.0,1.0,0.787,0.693,tyrosine kinase inhibitor,generic,-tinib,saturated,False,,
saltinib,False,ngram_guided+refined,2,67.05,69.1,moderate,-14.1,0.9,alpinia,0.8723,3,TRADEMARK_HIT,SIMILARITY_MODERATE,soltinib,soltinib -> seltinib -> saltinib,0.0,1.0,1.0,1.0,1.0,0.787,0.026,tyrosine kinase inhibitor,generic,-tinib,saturated,False,,
oritinib,False,grammar+refined,2,69.34,69.81,moderate,-14.81,0.19,rutinic,0.8108,4,INTRA_STEM_TOO_CLOSE|TRADEMARK_HIT,SIMILARITY_MODERATE,omitinib,omitinib -> oritinib,0.0,1.0,1.0,1.0,1.0,0.912,0.173,tyrosine kinase inhibitor,generic,-tinib,saturated,False,,
owitinib,False,grammar+refined,2,68.12,60.95,moderate,-5.95,9.05,itin,0.6264,4,INTRA_STEM_TOO_CLOSE|TRADEMARK_HIT,SIMILARITY_MODERATE,omitinib,omitinib -> oritinib -> owitinib,0.0,1.0,1.0,1.0,1.0,0.912,0.0,tyrosine kinase inhibitor,generic,-tinib,saturated,False,,
otitinib,False,grammar+refined,2,66.5,69.91,moderate,-14.91,0.09,oticin,0.6963,4,INTRA_STEM_TOO_CLOSE|TRADEMARK_HIT,SIMILARITY_MODERATE,omitinib,omitinib -> oritinib -> owitinib -> otitinib,0.0,1.0,1.0,0.8,1.0,0.912,0.026,tyrosine kinase inhibitor,generic,-tinib,saturated,False,,
rikotinib,False,grammar+refined,2,68.83,72.44,high,-17.44,-2.44,nicotinic,0.6549,4,SIMILARITY_TOO_HIGH|INTRA_STEM_TOO_CLOSE|TRADEMARK_HIT,,rivotinib,rivotinib -> rikotinib,0.0,1.0,1.0,1.0,1.0,0.983,0.0,tyrosine kinase inhibitor,generic,-tinib,saturated,False,,
nikotinib,False,grammar+refined,2,60.83,84.23,high,-29.23,-14.23,nicotinic,0.6773,4,SIMILARITY_TOO_HIGH|INTRA_STEM_TOO_CLOSE|TRADEMARK_HIT,,rivotinib,rivotinib -> rikotinib -> nikotinib,0.0,0.6,1.0,1.0,1.0,0.983,0.0,tyrosine kinase inhibitor,generic,-tinib,saturated,False,,
nilotinib,False,grammar+refined,2,66.36,100.0,high,-45.0,-30.0,nilotinib,0.7908,4,EXACT_NAME_COLLISION|INTRA_STEM_TOO_CLOSE|TRADEMARK_HIT,,rivotinib,rivotinib -> rikotinib -> nikotinib -> nilotinib,0.0,0.6,1.0,1.0,1.0,0.983,0.79,tyrosine kinase inhibitor,generic,-tinib,saturated,False,,
cieyatinib,False,grammar+refined,2,66.41,62.59,moderate,-7.59,7.41,creatinine,0.4925,5,TRADEMARK_HIT,SIMILARITY_MODERATE,ciepatinib,ciepatinib -> cieyatinib,0.0,1.0,0.91,1.0,1.0,0.867,0.0,tyrosine kinase inhibitor,generic,-tinib,saturated,False,,
ciefatinib,False,grammar+refined,2,68.99,61.69,moderate,-6.69,8.31,cefatrizine,0.6594,4,INTRA_STEM_TOO_CLOSE|TRADEMARK_HIT,SIMILARITY_MODERATE,ciepatinib,ciepatinib -> cieyatinib -> ciefatinib,0.0,1.0,1.0,1.0,1.0,0.998,0.001,tyrosine kinase inhibitor,generic,-tinib,saturated,False,,
ciofatinib,False,grammar+refined,2,67.67,57.87,moderate,-2.87,12.13,cisplatin,0.6551,5,INTRA_STEM_TOO_CLOSE,SIMILARITY_MODERATE,ciepatinib,ciepatinib -> cieyatinib -> ciefatinib -> ciofatinib,0.0,1.0,1.0,1.0,1.0,0.867,0.001,tyrosine kinase inhibitor,generic,-tinib,saturated,False,,
uxratinib,False,grammar+refined,2,67.77,64.54,moderate,-9.54,5.46,sorafenib,0.6159,4,INTRA_STEM_TOO_CLOSE,SIMILARITY_MODERATE,unratinib,unratinib -> uxratinib,0.0,1.0,0.924,1.0,1.0,0.983,0.0,tyrosine kinase inhibitor,generic,-tinib,saturated,False,,
uxfatinib,False,grammar+refined,2,67.13,60.32,moderate,-5.32,9.68,roxatidine,0.6039,4,INTRA_STEM_TOO_CLOSE,SIMILARITY_MODERATE,unratinib,unratinib -> uxratinib -> uxfatinib,0.0,1.0,0.879,1.0,1.0,0.983,0.0,tyrosine kinase inhibitor,generic,-tinib,saturated,False,,
usfatinib,False,grammar+refined,2,67.13,65.68,moderate,-10.68,4.32,stationis,0.6175,4,INTRA_STEM_TOO_CLOSE|TRADEMARK_HIT,SIMILARITY_MODERATE,unratinib,unratinib -> uxratinib -> uxfatinib -> usfatinib,0.0,1.0,0.879,1.0,1.0,0.983,0.0,tyrosine kinase inhibitor,generic,-tinib,saturated,False,,
pimitinib,False,grammar+refined,2,63.13,64.58,moderate,-9.58,5.42,cimetidine,0.791,4,INTRA_STEM_TOO_CLOSE|TRADEMARK_HIT,SIMILARITY_MODERATE,pisitinib,pisitinib -> pimitinib,0.0,0.6,1.0,1.0,1.0,0.983,0.329,tyrosine kinase inhibitor,generic,-tinib,saturated,False,,
pomitinib,False,grammar+refined,2,60.85,64.5,moderate,-9.5,5.5,ponatinib,0.8292,4,INTRA_STEM_TOO_CLOSE|TRADEMARK_HIT,SIMILARITY_MODERATE,pisitinib,pisitinib -> pimitinib -> pomitinib,0.0,0.6,1.0,1.0,1.0,0.983,0.003,tyrosine kinase inhibitor,generic,-tinib,saturated,False,,
poqitinib,False,grammar+refined,2,68.83,61.62,moderate,-6.62,8.38,epoetin,0.6098,4,INTRA_STEM_TOO_CLOSE|TRADEMARK_HIT,SIMILARITY_MODERATE,pisitinib,pisitinib -> pimitinib -> pomitinib -> poqitinib,0.0,1.0,1.0,1.0,1.0,0.983,0.0,tyrosine kinase inhibitor,generic,-tinib,saturated,False,,
afmututinib,True,grammar,3,62.4,54.46,low,0.54,15.54,dinutuximab,0.6069,5,,,,afmututinib,0.022,0.733,1.0,1.0,1.0,0.821,0.0,tyrosine kinase inhibitor,generic,-tinib,saturated,False,,
evitinib,False,grammar,3,69.14,64.71,moderate,-9.71,5.29,desitin,0.806,4,INTRA_STEM_TOO_CLOSE|TRADEMARK_HIT,SIMILARITY_MODERATE,,evitinib,0.0,1.0,1.0,1.0,1.0,0.912,0.145,tyrosine kinase inhibitor,generic,-tinib,saturated,False,,
moxemetinib,True,grammar,3,62.13,66.23,moderate,-11.23,3.77,moxidectin,0.7934,5,,SIMILARITY_MODERATE,,moxemetinib,0.0,0.733,1.0,1.0,1.0,0.821,0.036,tyrosine kinase inhibitor,generic,-tinib,saturated,False,,
belvivitinib,True,grammar,3,62.38,63.48,moderate,-8.48,6.52,multivitamin,0.7353,5,,SIMILARITY_MODERATE,,belvivitinib,0.0,0.771,1.0,1.0,1.0,0.731,0.092,tyrosine kinase inhibitor,generic,-tinib,saturated,False,,
divagotinib,True,grammar,3,61.88,61.14,moderate,-6.14,8.86,nicotinic,0.7906,5,,SIMILARITY_MODERATE,,divagotinib,0.0,0.733,1.0,1.0,1.0,0.821,0.0,tyrosine kinase inhibitor,generic,-tinib,saturated,False,,
nerletotinib,False,grammar,3,61.78,61.22,moderate,-6.22,8.78,melatonin,0.6617,5,TRADEMARK_HIT,SIMILARITY_MODERATE,,nerletotinib,0.0,0.771,1.0,1.0,1.0,0.731,0.006,tyrosine kinase inhibitor,generic,-tinib,saturated,False,,
idatinib,False,grammar,3,69.48,66.86,moderate,-11.86,3.14,imatinib,0.7549,4,INTRA_STEM_TOO_CLOSE|TRADEMARK_HIT,SIMILARITY_MODERATE,,idatinib,0.0,1.0,1.0,1.0,1.0,0.912,0.195,tyrosine kinase inhibitor,generic,-tinib,saturated,False,,
ositinib,False,grammar,3,68.26,68.61,moderate,-13.61,1.39,ivosidenib,0.7843,4,INTRA_STEM_TOO_CLOSE|TRADEMARK_HIT,SIMILARITY_MODERATE,,ositinib,0.0,1.0,1.0,1.0,1.0,0.912,0.019,tyrosine kinase inhibitor,generic,-tinib,saturated,False,,
efitinib,False,grammar,3,68.26,74.81,high,-19.81,-4.81,gefitinib,0.7484,4,SIMILARITY_TOO_HIGH|INTRA_STEM_TOO_CLOSE|TRADEMARK_HIT,,,efitinib,0.0,1.0,1.0,1.0,1.0,0.912,0.02,tyrosine kinase inhibitor,generic,-tinib,saturated,False,,
darpetinib,False,grammar,3,62.62,64.49,moderate,-9.49,5.51,darbepoetin,0.7331,4,TRADEMARK_HIT,SIMILARITY_MODERATE,,darpetinib,0.0,0.68,1.0,1.0,1.0,0.998,0.005,tyrosine kinase inhibitor,generic,-tinib,saturated,False,,
bomitinib,False,grammar,3,68.83,62.13,moderate,-7.13,7.87,micomitin,0.7328,4,INTRA_STEM_TOO_CLOSE|TRADEMARK_HIT,SIMILARITY_MODERATE,,bomitinib,0.0,1.0,1.0,1.0,1.0,0.983,0.001,tyrosine kinase inhibitor,generic,-tinib,saturated,False,,
atotinib,False,grammar,3,73.65,72.47,high,-17.47,-2.47,aprotinin,0.7144,4,SIMILARITY_TOO_HIGH|INTRA_STEM_TOO_CLOSE|TRADEMARK_HIT,,,atotinib,0.0,1.0,1.0,1.0,1.0,0.912,0.79,tyrosine kinase inhibitor,generic,-tinib,saturated,False,,
nogitinib,False,grammar,3,68.83,58.95,moderate,-3.95,11.05,desitin,0.7299,4,INTRA_STEM_TOO_CLOSE|TRADEMARK_HIT,SIMILARITY_MODERATE,,nogitinib,0.0,1.0,1.0,1.0,1.0,0.983,0.001,tyrosine kinase inhibitor,generic,-tinib,saturated,False,,
triratinib,False,grammar,3,70.0,68.76,moderate,-13.76,1.24,triarachidin,0.6964,4,INTRA_STEM_TOO_CLOSE,SIMILARITY_MODERATE,,triratinib,0.0,1.0,0.879,1.0,1.0,0.998,0.388,tyrosine kinase inhibitor,generic,-tinib,saturated,False,,
ratratinib,False,grammar,3,61.35,68.05,moderate,-13.05,1.95,aprotinin,0.8476,4,INTRA_STEM_TOO_CLOSE|TRADEMARK_HIT,SIMILARITY_MODERATE,,ratratinib,0.0,0.68,0.879,1.0,1.0,0.998,0.066,tyrosine kinase inhibitor,generic,-tinib,saturated,False,,
tixelotinib,False,grammar,3,61.9,61.68,moderate,-6.68,8.32,ticlopidine,0.6864,5,TRADEMARK_HIT,SIMILARITY_MODERATE,,tixelotinib,0.0,0.733,1.0,1.0,1.0,0.821,0.003,tyrosine kinase inhibitor,generic,-tinib,saturated,False,,
cilutinib,False,grammar,3,70.6,66.24,moderate,-11.24,3.76,velutina,0.8118,4,INTRA_STEM_TOO_CLOSE|TRADEMARK_HIT,SIMILARITY_MODERATE,,cilutinib,0.0,1.0,1.0,1.0,1.0,0.983,0.254,tyrosine kinase inhibitor,generic,-tinib,saturated,False,,
lixecotinib,True,grammar,3,61.96,62.38,moderate,-7.38,7.62,nicotinic,0.697,5,,SIMILARITY_MODERATE,,lixecotinib,0.0,0.733,1.0,1.0,1.0,0.821,0.012,tyrosine kinase inhibitor,generic,-tinib,saturated,False,,
zoeteotinib,True,grammar,3,65.03,64.97,moderate,-9.97,5.03,zotepine,0.6334,6,,SIMILARITY_MODERATE,,zoeteotinib,0.0,1.0,1.0,1.0,1.0,0.603,0.0,tyrosine kinase inhibitor,generic,-tinib,saturated,True,,
ompalotinib,False,grammar,3,61.9,62.0,moderate,-7.0,8.0,pazopanib,0.7046,5,INTRA_STEM_TOO_CLOSE|TRADEMARK_HIT,SIMILARITY_MODERATE,,ompalotinib,0.0,0.733,1.0,1.0,1.0,0.821,0.003,tyrosine kinase inhibitor,generic,-tinib,saturated,False,,
ovitinib,False,grammar,3,68.13,64.35,moderate,-9.35,5.65,povidine,0.7967,4,INTRA_STEM_TOO_CLOSE|TRADEMARK_HIT,SIMILARITY_MODERATE,,ovitinib,0.0,1.0,1.0,1.0,1.0,0.912,0.001,tyrosine kinase inhibitor,generic,-tinib,saturated,False,,
lexobutinib,True,grammar,3,61.88,67.6,moderate,-12.6,2.4,oxybutynin,0.8226,5,,SIMILARITY_MODERATE,,lexobutinib,0.0,0.733,1.0,1.0,1.0,0.821,0.0,tyrosine kinase inhibitor,generic,-tinib,saturated,False,,
oletinib,False,grammar,3,71.95,68.77,moderate,-13.77,1.23,olefin,0.8132,4,INTRA_STEM_TOO_CLOSE|TRADEMARK_HIT,SIMILARITY_MODERATE,,oletinib,0.0,1.0,1.0,1.0,1.0,0.912,0.546,tyrosine kinase inhibitor,generic,-tinib,saturated,False,,
lozfitinib,False,grammar,3,68.98,62.18,moderate,-7.18,7.82,asciminib,0.655,4,INTRA_STEM_TOO_CLOSE|TRADEMARK_HIT,SIMILARITY_MODERATE,,lozfitinib,0.0,1.0,1.0,1.0,1.0,0.998,0.0,tyrosine kinase inhibitor,generic,-tinib,saturated,False,,
phystinib,False,ngram_guided,3,61.83,71.5,high,-16.5,-1.5,cystine,0.89,3,SIMILARITY_TOO_HIGH,,,phystinib,0.0,0.6,0.742,1.0,1.0,0.858,0.837,tyrosine kinase inhibitor,generic,-tinib,saturated,False,,
tulotinib,False,ngram_guided,3,63.52,64.83,moderate,-9.83,5.17,aprotinin,0.7645,4,INTRA_STEM_TOO_CLOSE|TRADEMARK_HIT,SIMILARITY_MODERATE,,tulotinib,0.0,0.6,1.0,1.0,1.0,0.983,0.384,tyrosine kinase inhibitor,generic,-tinib,saturated,False,,
ezotinib,False,ngram_guided,3,68.14,71.23,high,-16.23,-1.23,ezetimibe,0.723,4,SIMILARITY_TOO_HIGH|INTRA_STEM_TOO_CLOSE|TRADEMARK_HIT,,,ezotinib,0.0,1.0,1.0,1.0,1.0,0.912,0.003,tyrosine kinase inhibitor,generic,-tinib,saturated,False,,
sipudtinib,True,ngram_guided,3,65.39,56.98,moderate,-1.98,13.02,nicotinic,0.6192,4,,SIMILARITY_MODERATE,,sipudtinib,0.0,0.68,1.0,1.0,1.0,0.998,0.401,tyrosine kinase inhibitor,generic,-tinib,saturated,True,,
bigutinib,False,ngram_guided,3,61.95,65.79,moderate,-10.79,4.21,nicotinic,0.7162,4,INTRA_STEM_TOO_CLOSE|TRADEMARK_HIT,SIMILARITY_MODERATE,,bigutinib,0.0,0.6,1.0,1.0,1.0,0.983,0.16,tyrosine kinase inhibitor,generic,-tinib,saturated,False,,
pegatinib,False,ngram_guided,3,63.4,80.93,high,-25.93,-10.93,pegaptanib,0.8622,4,SIMILARITY_TOO_HIGH|INTRA_STEM_TOO_CLOSE|TRADEMARK_HIT,,,pegatinib,0.0,0.6,1.0,1.0,1.0,0.983,0.368,tyrosine kinase inhibitor,generic,-tinib,saturated,False,,
levotinib,False,ngram_guided,3,62.58,67.15,moderate,-12.15,2.85,levulinic,0.8732,4,INTRA_STEM_TOO_CLOSE|TRADEMARK_HIT,SIMILARITY_MODERATE,,levotinib,0.0,0.6,1.0,1.0,1.0,0.983,0.25,tyrosine kinase inhibitor,generic,-tinib,saturated,False,,
cyclatinib,True,ngram_guided,3,50.04,69.94,moderate,-14.94,0.06,cyclacillin,0.944,4,,SIMILARITY_MODERATE,,cyclatinib,0.0,0.45,0.768,1.0,0.53,0.998,0.404,tyrosine kinase inhibitor,generic,-tinib,saturated,False,,
nortinib,False,ngram_guided,3,71.16,76.13,high,-21.13,-6.13,fortinia,0.8169,3,SIMILARITY_TOO_HIGH|INTRA_STEM_TOO_CLOSE|TRADEMARK_HIT,,,nortinib,0.0,1.0,1.0,1.0,1.0,0.787,0.613,tyrosine kinase inhibitor,generic,-tinib,saturated,False,,
fludtinib,True,ngram_guided,3,63.37,64.93,moderate,-9.93,5.07,platinic,0.7118,3,,SIMILARITY_MODERATE,,fludtinib,0.0,0.6,0.829,1.0,1.0,0.858,0.883,tyrosine kinase inhibitor,generic,-tinib,saturated,True,,
doxtinib,True,ngram_guided,3,71.45,62.89,moderate,-7.89,7.11,doxepin,0.6452,3,,SIMILARITY_MODERATE,,doxtinib,0.0,1.0,0.854,1.0,1.0,0.787,0.946,tyrosine kinase inhibitor,generic,-tinib,saturated,True,,
muratinib,False,ngram_guided,3,61.29,72.42,high,-17.42,-2.42,muraticum,0.8677,4,SIMILARITY_TOO_HIGH|INTRA_STEM_TOO_CLOSE|TRADEMARK_HIT,,,muratinib,0.0,0.6,1.0,1.0,1.0,0.983,0.066,tyrosine kinase inhibitor,generic,-tinib,saturated,False,,
phlortinib,False,ngram_guided,3,50.87,74.24,high,-19.24,-4.24,phloretin,0.9085,3,SIMILARITY_TOO_HIGH|TRADEMARK_HIT,,,phlortinib,0.0,0.45,0.742,1.0,0.53,0.873,0.752,tyrosine kinase inhibitor,generic,-tinib,saturated,False,,
reltinib,False,ngram_guided,3,70.15,69.58,moderate,-14.58,0.42,reltone,0.8214,3,INTRA_STEM_TOO_CLOSE|TRADEMARK_HIT,SIMILARITY_MODERATE,,reltinib,0.0,1.0,1.0,1.0,1.0,0.787,0.467,tyrosine kinase inhibitor,generic,-tinib,saturated,False,,
tritinib,False,ngram_guided,3,66.23,74.88,high,-19.88,-4.88,tritici,0.9329,3,SIMILARITY_TOO_HIGH|INTRA_STEM_TOO_CLOSE|TRADEMARK_HIT,,,tritinib,0.0,1.0,0.854,1.0,1.0,0.787,0.2,tyrosine kinase inhibitor,generic,-tinib,saturated,False,,
chlortinib,False,ngram_guided,3,46.91,71.01,high,-16.01,-1.01,chlorinum,0.9771,3,SIMILARITY_TOO_HIGH|TRADEMARK_HIT,,,chlortinib,0.0,0.45,0.742,1.0,0.53,0.873,0.187,tyrosine kinase inhibitor,generic,-tinib,saturated,False,,
tegatinib,False,ngram_guided,3,63.62,75.85,high,-20.85,-5.85,pegaptanib,0.7806,4,SIMILARITY_TOO_HIGH|INTRA_STEM_TOO_CLOSE|TRADEMARK_HIT,,,tegatinib,0.0,0.6,1.0,1.0,1.0,0.983,0.399,tyrosine kinase inhibitor,generic,-tinib,saturated,False,,
irbetinib,False,ngram_guided,3,61.01,62.38,moderate,-7.38,7.62,betainum,0.6693,4,TRADEMARK_HIT,SIMILARITY_MODERATE,,irbetinib,0.0,0.6,1.0,1.0,1.0,0.983,0.027,tyrosine kinase inhibitor,generic,-tinib,saturated,False,,
laurdimtinib,False,ngram_guided,3,53.23,73.57,high,-18.57,-3.57,laurdimonium,0.6541,4,SIMILARITY_TOO_HIGH,,,laurdimtinib,0.0,0.15,0.975,1.0,1.0,0.862,0.422,tyrosine kinase inhibitor,generic,-tinib,saturated,False,,
thatinib,False,ngram_guided,3,69.11,66.82,moderate,-11.82,3.18,platinic,0.873,3,INTRA_STEM_TOO_CLOSE|TRADEMARK_HIT,SIMILARITY_MODERATE,,thatinib,0.0,1.0,1.0,1.0,1.0,0.787,0.32,tyrosine kinase inhibitor,generic,-tinib,saturated,False,,
azotinib,False,ngram_guided,3,72.61,71.72,high,-16.72,-1.72,pazopanib,0.8475,4,SIMILARITY_TOO_HIGH|INTRA_STEM_TOO_CLOSE|TRADEMARK_HIT,,,azotinib,0.0,1.0,1.0,1.0,1.0,0.912,0.641,tyrosine kinase inhibitor,generic,-tinib,saturated,False,,
mobocetinib,False,ngram_guided,3,58.8,89.63,high,-34.63,-19.63,mobocertinib,0.7148,5,SIMILARITY_TOO_HIGH|INTRA_STEM_TOO_CLOSE,,,mobocetinib,0.0,0.3,1.0,1.0,1.0,0.821,0.798,tyrosine kinase inhibitor,generic,-tinib,saturated,False,,
dydrotinib,True,ngram_guided,3,56.63,68.89,moderate,-13.89,1.11,aprotinin,0.8498,4,,SIMILARITY_MODERATE,,dydrotinib,0.0,0.45,0.768,1.0,1.0,0.998,0.272,tyrosine kinase inhibitor,generic,-tinib,saturated,False,,
noglutinib,False,ngram_guided,3,57.74,66.31,moderate,-11.31,3.69,hemagglutinin,0.8607,4,TRADEMARK_HIT,SIMILARITY_MODERATE,,noglutinib,0.0,0.45,0.879,1.0,1.0,0.998,0.207,tyrosine kinase inhibitor,generic,-tinib,saturated,False,,
itotinib,False,grammar+refined,3,68.12,71.56,high,-16.56,-1.56,nicotinic,0.6895,4,SIMILARITY_TOO_HIGH|INTRA_STEM_TOO_CLOSE|TRADEMARK_HIT,,atotinib,atotinib -> itotinib,0.0,1.0,1.0,1.0,1.0,0.912,0.0,tyrosine kinase inhibitor,generic,-tinib,saturated,False,,
izotinib,False,ngram_guided+refined,3,68.12,66.96,moderate,-11.96,3.04,nicotinic,0.6291,4,INTRA_STEM_TOO_CLOSE|TRADEMARK_HIT,SIMILARITY_MODERATE,azotinib,azotinib -> izotinib,0.0,1.0,1.0,1.0,1.0,0.912,0.0,tyrosine kinase inhibitor,generic,-tinib,saturated,False,,
ikotinib,False,ngram_guided+refined,3,68.12,73.85,high,-18.85,-3.85,nicotinic,0.6163,4,SIMILARITY_TOO_HIGH|TRADEMARK_HIT,,azotinib,azotinib -> izotinib -> ikotinib,0.0,1.0,1.0,1.0,1.0,0.912,0.0,tyrosine kinase inhibitor,generic,-tinib,saturated,False,,
ikitinib,False,ngram_guided+refined,3,68.12,62.84,moderate,-7.84,7.16,nicotinic,0.6194,4,INTRA_STEM_TOO_CLOSE|TRADEMARK_HIT,SIMILARITY_MODERATE,azotinib,azotinib -> izotinib -> ikotinib -> ikitinib,0.0,1.0,1.0,1.0,1.0,0.912,0.0,tyrosine kinase inhibitor,generic,-tinib,saturated,False,,
oretinib,False,grammar+refined,3,68.12,70.66,high,-15.66,-0.66,retinyl,0.802,4,SIMILARITY_TOO_HIGH|TRADEMARK_HIT,,oletinib,oletinib -> oretinib,0.0,1.0,1.0,1.0,1.0,0.912,0.0,tyrosine kinase inhibitor,generic,-tinib,saturated,False,,
ocetinib,False,grammar+refined,3,68.14,64.39,moderate,-9.39,5.61,ezetimibe,0.8585,4,TRADEMARK_HIT,SIMILARITY_MODERATE,oletinib,oletinib -> oretinib -> ocetinib,0.0,1.0,1.0,1.0,1.0,0.912,0.003,tyrosine kinase inhibitor,generic,-tinib,saturated,False,,
ovetinib,False,grammar+refined,3,68.13,65.89,moderate,-10.89,4.11,ezetimibe,0.739,4,TRADEMARK_HIT,SIMILARITY_MODERATE,oletinib,oletinib -> oretinib -> ocetinib -> ovetinib,0.0,1.0,1.0,1.0,1.0,0.912,0.001,tyrosine kinase inhibitor,generic,-tinib,saturated,False,,
bortinib,False,ngram_guided+refined,3,67.01,78.99,high,-23.99,-8.99,fortinia,0.8877,3,SIMILARITY_TOO_HIGH|INTRA_STEM_TOO_CLOSE|TRADEMARK_HIT,,nortinib,nortinib -> bortinib,0.0,1.0,1.0,1.0,1.0,0.787,0.019,tyrosine kinase inhibitor,generic,-tinib,saturated,False,,
boktinib,False,ngram_guided+refined,3,66.87,66.15,moderate,-11.15,3.85,bactine,0.604,3,TRADEMARK_HIT,SIMILARITY_MODERATE,nortinib,nortinib -> bortinib -> boktinib,0.0,1.0,1.0,1.0,1.0,0.787,0.0,tyrosine kinase inhibitor,generic,-tinib,saturated,False,,
bektinib,False,ngram_guided+refined,3,66.87,66.03,moderate,-11.03,3.97,pectin,0.6231,3,TRADEMARK_HIT,SIMILARITY_MODERATE,nortinib,nortinib -> bortinib -> boktinib -> bektinib,0.0,1.0,1.0,1.0,1.0,0.787,0.0,tyrosine kinase inhibitor,generic,-tinib,saturated,False,,
cifutinib,False,grammar+refined,3,60.83,62.43,moderate,-7.43,7.57,asciminib,0.6878,4,TRADEMARK_HIT,SIMILARITY_MODERATE,cilutinib,cilutinib -> cifutinib,0.0,0.6,1.0,1.0,1.0,0.983,0.0,tyrosine kinase inhibitor,generic,-tinib,saturated,False,,
cikutinib,True,grammar+refined,3,68.83,64.94,moderate,-9.94,5.06,nicotinic,0.61,4,,SIMILARITY_MODERATE,cilutinib,cilutinib -> cifutinib -> cikutinib,0.0,1.0,1.0,1.0,1.0,0.983,0.0,tyrosine kinase inhibitor,generic,-tinib,saturated,True,,
roltinib,False,ngram_guided+refined,3,69.69,62.47,moderate,-7.47,7.53,fortinia,0.7249,3,TRADEMARK_HIT,SIMILARITY_MODERATE,reltinib,reltinib -> roltinib,0.0,1.0,1.0,1.0,1.0,0.787,0.402,tyrosine kinase inhibitor,generic,-tinib,saturated,False,,
raltinib,False,ngram_guided+refined,3,70.4,69.1,moderate,-14.1,0.9,alpinia,0.7692,3,TRADEMARK_HIT,SIMILARITY_MODERATE,reltinib,reltinib -> roltinib -> raltinib,0.0,1.0,1.0,1.0,1.0,0.787,0.504,tyrosine kinase inhibitor,generic,-tinib,saturated,False,,
rultinib,False,ngram_guided+refined,3,66.87,68.21,moderate,-13.21,1.79,rutinic,0.7439,3,TRADEMARK_HIT,SIMILARITY_MODERATE,reltinib,reltinib -> roltinib -> raltinib -> rultinib,0.0,1.0,1.0,1.0,1.0,0.787,0.0,tyrosine kinase inhibitor,generic,-tinib,saturated,False,,
trizatinib,False,grammar+refined,3,62.54,77.36,high,-22.36,-7.36,crizotinib,0.8832,4,SIMILARITY_TOO_HIGH|INTRA_STEM_TOO_CLOSE|TRADEMARK_HIT,,triratinib,triratinib -> trizatinib,0.0,0.45,0.879,1.0,1.0,0.998,0.893,tyrosine kinase inhibitor,generic,-tinib,saturated,False,,
tjizatinib,False,grammar+refined,3,66.73,66.34,moderate,-11.34,3.66,nizatidine,0.5618,4,TRADEMARK_HIT,SIMILARITY_MODERATE|ILLEGAL_ONSET_CLUSTER,triratinib,triratinib -> trizatinib -> tjizatinib,0.0,1.0,0.84,1.0,1.0,0.998,0.0,tyrosine kinase inhibitor,generic,-tinib,saturated,False,,
tjicatinib,False,grammar+refined,3,66.73,65.44,moderate,-10.44,4.56,micatin,0.5887,4,INTRA_STEM_TOO_CLOSE,SIMILARITY_MODERATE|ILLEGAL_ONSET_CLUSTER,triratinib,triratinib -> trizatinib -> tjizatinib -> tjicatinib,0.0,1.0,0.84,1.0,1.0,0.998,0.0,tyrosine kinase inhibitor,generic,-tinib,saturated,False,,
iratinib,False,grammar+refined,3,68.17,69.48,moderate,-14.48,0.52,aratinga,0.7965,4,INTRA_STEM_TOO_CLOSE|TRADEMARK_HIT,SIMILARITY_MODERATE,idatinib,idatinib -> iratinib,0.0,1.0,1.0,1.0,1.0,0.912,0.006,tyrosine kinase inhibitor,generic,-tinib,saturated,False,,
nobidamab,True,grammar,1,63.5,66.33,moderate,-11.33,3.67,nonivamide,0.7223,4,,SIMILARITY_MODERATE,,nobidamab,0.0,0.733,1.0,1.0,1.0,0.983,0.001,monoclonal antibody,generic,-mab,saturated,False,,
ciszomab,True,grammar,1,66.9,67.69,moderate,-12.69,2.31,citroma,0.6156,3,,SIMILARITY_MODERATE,,ciszomab,0.0,1.0,1.0,1.0,1.0,0.787,0.003,monoclonal antibody,generic,-mab,saturated,True,,
piomaplemab,True,grammar,1,57.73,55.48,moderate,-0.48,14.52,somatrem,0.6497,5,,SIMILARITY_MODERATE,,piomaplemab,0.0,0.6,0.894,1.0,1.0,0.821,0.0,monoclonal antibody,generic,-mab,saturated,False,,
dopplomab,True,grammar,1,63.97,61.3,moderate,-6.3,8.7,papilloma,0.6682,3,,SIMILARITY_MODERATE,,dopplomab,0.0,1.0,0.742,1.0,1.0,0.858,0.0,monoclonal antibody,generic,-mab,saturated,False,,
fapezemab,True,grammar,1,63.49,57.11,moderate,-2.11,12.89,ertapenem,0.6206,4,,SIMILARITY_MODERATE,,fapezemab,0.0,0.733,1.0,1.0,1.0,0.983,0.0,monoclonal antibody,generic,-mab,saturated,False,,
nelmavemab,True,grammar,1,64.59,58.37,moderate,-3.37,11.63,temazepam,0.6258,4,,SIMILARITY_MODERATE,,nelmavemab,0.0,0.771,1.0,1.0,1.0,0.998,0.026,monoclonal antibody,generic,-mab,saturated,False,,
alaldamab,True,grammar,1,59.17,57.72,moderate,-2.72,12.28,alafenamide,0.6471,4,,SIMILARITY_MODERATE,,alaldamab,0.0,0.517,1.0,1.0,1.0,0.983,0.001,monoclonal antibody,generic,-mab,saturated,False,,
irtargemab,True,grammar,1,59.92,62.92,moderate,-7.92,7.08,starjemza,0.6771,4,,SIMILARITY_MODERATE,,irtargemab,0.0,0.564,0.975,1.0,1.0,0.998,0.0,monoclonal antibody,generic,-mab,saturated,False,,
sukomab,True,grammar,1,65.85,60.51,moderate,-5.51,9.49,stomach,0.6374,3,,SIMILARITY_MODERATE,,sukomab,0.0,1.0,1.0,1.0,1.0,0.685,0.0,monoclonal antibody,generic,-mab,saturated,True,,
mofonumab,True,grammar,1,67.13,56.36,moderate,-1.36,13.64,romosozumab,0.7484,4,,SIMILARITY_MODERATE,,mofonumab,0.0,1.0,0.879,1.0,1.0,0.983,0.0,monoclonal antibody,generic,-mab,saturated,True,,
elbithemab,True,grammar,1,64.06,55.64,moderate,-0.64,14.36,diphemanil,0.7125,4,,SIMILARITY_MODERATE,,elbithemab,0.0,0.771,0.975,1.0,1.0,0.998,0.0,monoclonal antibody,generic,-mab,saturated,False,,
lopozumab,True,grammar,1,63.49,68.53,moderate,-13.53,1.47,elotuzumab,0.6796,4,,SIMILARITY_MODERATE,,lopozumab,0.0,0.733,1.0,1.0,1.0,0.983,0.0,monoclonal antibody,generic,-mab,saturated,False,,
icutemab,True,grammar,1,61.72,62.86,moderate,-7.86,7.14,acutum,0.705,4,,SIMILARITY_MODERATE,,icutemab,0.0,0.68,1.0,1.0,1.0,0.912,0.0,monoclonal antibody,generic,-mab,saturated,False,,
olomab,True,grammar,1,64.81,67.37,moderate,-12.37,2.63,flomax,0.8006,3,,SIMILARITY_MODERATE,,olomab,0.0,1.0,1.0,1.0,1.0,0.581,0.001,monoclonal antibody,generic,-mab,saturated,True,,
rimasamab,True,grammar,1,63.67,60.91,moderate,-5.91,9.09,ribatab,0.6984,4,,SIMILARITY_MODERATE,,rimasamab,0.0,0.733,1.0,1.0,1.0,0.983,0.026,monoclonal antibody,generic,-mab,saturated,False,,
iosamab,False,grammar,1,59.1,70.9,high,-15.9,-0.9,fosamax,0.7917,4,SIMILARITY_TOO_HIGH|TRADEMARK_HIT,,,iosamab,0.0,0.6,1.0,1.0,1.0,0.81,0.0,monoclonal antibody,generic,-mab,saturated,False,,
cirmomab,True,grammar,1,66.9,63.77,moderate,-8.77,6.23,thermotabs,0.6605,3,,SIMILARITY_MODERATE,,cirmomab,0.0,1.0,1.0,1.0,1.0,0.787,0.003,monoclonal antibody,generic,-mab,saturated,True,,
gevemab,True,grammar,1,65.85,62.67,moderate,-7.67,7.33,levemir,0.6404,3,,SIMILARITY_MODERATE,,gevemab,0.0,1.0,1.0,1.0,1.0,0.685,0.0,monoclonal antibody,generic,-mab,saturated,True,,
futlemab,True,grammar,1,60.48,62.24,moderate,-7.24,7.76,eutrema,0.6114,3,,SIMILARITY_MODERATE,,futlemab,0.0,0.68,1.0,1.0,1.0,0.787,0.001,monoclonal antibody,generic,-mab,saturated,False,,
maxycabamab,True,grammar,1,61.65,58.54,moderate,-3.54,11.46,naxitamab,0.6391,5,,SIMILARITY_MODERATE,,maxycabamab,0.0,0.8,0.889,1.0,1.0,0.821,0.0,monoclonal antibody,generic,-mab,saturated,False,,
edonomab,True,grammar,1,61.73,63.75,moderate,-8.75,6.25,lidonumb,0.7282,4,,SIMILARITY_MODERATE,,edonomab,0.0,0.68,1.0,1.0,1.0,0.912,0.001,monoclonal antibody,generic,-mab,saturated,False,,
dintnidamab,True,grammar,1,61.96,63.95,moderate,-8.95,6.05,nintedanib,0.6204,4,,SIMILARITY_MODERATE,,dintnidamab,0.0,0.8,0.813,1.0,1.0,0.952,0.007,monoclonal antibody,generic,-mab,saturated,False,,
pantaremab,True,grammar,1,60.44,69.8,moderate,-14.8,0.2,plantarum,0.8628,4,,SIMILARITY_MODERATE,,pantaremab,0.0,0.564,1.0,1.0,1.0,0.998,0.026,monoclonal antibody,generic,-mab,saturated,False,,
pelmamab,True,grammar,1,58.73,68.04,moderate,-13.04,1.96,felbamate,0.6571,3,,SIMILARITY_MODERATE,,pelmamab,0.0,0.68,1.0,0.8,1.0,0.787,0.007,monoclonal antibody,generic,-mab,saturated,False,,
decanemab,False,ngram_guided,1,50.29,82.22,high,-27.22,-12.22,lecanemab,0.8778,4,SIMILARITY_TOO_HIGH|INTRA_STEM_TOO_CLOSE,,,decanemab,0.0,0.3,1.0,1.0,0.53,0.983,0.427,monoclonal antibody,generic,-mab,saturated,False,,
pentomab,False,ngram_guided,1,49.93,78.85,high,-23.85,-8.85,pentosan,0.9188,3,SIMILARITY_TOO_HIGH,,,pentomab,0.0,0.45,1.0,1.0,0.53,0.787,0.225,monoclonal antibody,generic,-mab,saturated,False,,
pemeclomab,False,ngram_guided,1,50.65,71.66,high,-16.66,-1.66,pimeclone,0.7903,4,SIMILARITY_TOO_HIGH,,,pemeclomab,0.0,0.357,0.879,1.0,0.53,0.998,0.535,monoclonal antibody,generic,-mab,saturated,False,,
prastumab,True,ngram_guided,1,58.11,69.9,moderate,-14.9,0.1,trastuzumab,0.8915,3,,SIMILARITY_MODERATE,,prastumab,0.0,0.517,0.683,1.0,1.0,0.858,0.663,monoclonal antibody,generic,-mab,saturated,False,,
decandomab,True,ngram_guided,1,51.6,68.86,moderate,-13.86,1.14,decandra,0.9056,4,,SIMILARITY_MODERATE,,decandomab,0.0,0.357,1.0,1.0,0.53,0.998,0.429,monoclonal antibody,generic,-mab,saturated,False,,
nermab,False,ngram_guided,1,64.52,77.04,high,-22.04,-7.04,derman,0.7738,2,SIMILARITY_TOO_HIGH|TRADEMARK_HIT,,,nermab,0.0,1.0,1.0,1.0,1.0,0.361,0.273,monoclonal antibody,generic,-mab,saturated,False,,
thiazmab,True,ngram_guided,1,54.14,58.57,moderate,-3.57,11.43,tiazac,0.6313,3,,SIMILARITY_MODERATE,,thiazmab,0.0,0.45,0.975,1.0,0.53,0.787,0.876,monoclonal antibody,generic,-mab,saturated,False,,
elemab,False,ngram_guided,1,68.54,71.9,high,-16.9,-1.9,elemi,0.7495,3,SIMILARITY_TOO_HIGH,,,elemab,0.0,1.0,1.0,1.0,1.0,0.581,0.534,monoclonal antibody,generic,-mab,saturated,False,,
ubromomab,False,ngram_guided,1,54.12,75.13,high,-20.13,-5.13,muromonab,0.7635,4,SIMILARITY_TOO_HIGH,,,ubromomab,0.0,0.517,0.879,1.0,0.53,0.983,0.597,monoclonal antibody,generic,-mab,saturated,False,,
sumaterimab,True,ngram_guided,1,65.69,69.68,moderate,-14.68,0.32,sumatriptan,0.935,5,,SIMILARITY_MODERATE,,sumaterimab,0.0,0.6,1.0,1.0,1.0,0.821,0.925,monoclonal antibody,generic,-mab,saturated,True,,
dewormab,False,ngram_guided,1,58.85,78.77,high,-23.77,-8.77,dewormer,0.8022,3,SIMILARITY_TOO_HIGH|TRADEMARK_HIT,,,dewormab,0.0,0.45,1.0,1.0,1.0,0.787,0.426,monoclonal antibody,generic,-mab,saturated,False,,
methiomab,True,ngram_guided,1,49.58,68.59,moderate,-13.59,1.41,methionine,0.972,4,,SIMILARITY_MODERATE,,methiomab,0.0,0.3,1.0,1.0,0.53,0.983,0.325,monoclonal antibody,generic,-mab,saturated,False,,
abcimab,True,ngram_guided,1,59.05,66.75,moderate,-11.75,3.25,abciximab,0.6787,3,,SIMILARITY_MODERATE,,abcimab,0.0,0.6,1.0,1.0,1.0,0.685,0.171,monoclonal antibody,generic,-mab,saturated,False,,
thymab,True,ngram_guided,1,62.01,69.44,moderate,-14.44,0.56,thymus,0.8746,2,,SIMILARITY_MODERATE,,thymab,0.0,1.0,0.889,1.0,1.0,0.361,0.137,monoclonal antibody,generic,-mab,saturated,False,,
rammab,True,ngram_guided,1,61.79,64.54,moderate,-9.54,5.46,grama,0.7907,2,,SIMILARITY_MODERATE,,rammab,0.0,1.0,1.0,0.75,1.0,0.361,0.204,monoclonal antibody,generic,-mab,saturated,False,,
albumab,False,ngram_guided,1,58.98,70.31,high,-15.31,-0.31,albumin,0.8618,3,SIMILARITY_TOO_HIGH|TRADEMARK_HIT,,,albumab,0.0,0.6,0.854,1.0,1.0,0.685,0.454,monoclonal antibody,generic,-mab,saturated,False,,
abiramab,True,ngram_guided,1,63.1,62.26,moderate,-7.26,7.74,pyramax,0.7751,4,,SIMILARITY_MODERATE,,abiramab,0.0,0.45,1.0,1.0,1.0,0.912,0.855,monoclonal antibody,generic,-mab,saturated,False,,
chirmab,True,ngram_guided,1,56.6,63.58,moderate,-8.58,6.42,german,0.7876,2,,SIMILARITY_MODERATE,,chirmab,0.0,0.6,0.975,1.0,1.0,0.466,0.184,monoclonal antibody,generic,-mab,saturated,False,,
omermab,True,ngram_guided,1,58.17,67.09,moderate,-12.09,2.91,derman,0.8111,3,,SIMILARITY_MODERATE,,omermab,0.0,0.6,1.0,1.0,1.0,0.685,0.046,monoclonal antibody,generic,-mab,saturated,False,,
dipeginimab,True,ngram_guided,1,61.8,57.71,moderate,-2.71,12.29,piperidin,0.8636,5,,SIMILARITY_MODERATE,,dipeginimab,0.0,0.6,1.0,1.0,1.0,0.821,0.369,monoclonal antibody,generic,-mab,saturated,False,,
mirtolmab,True,ngram_guided,1,67.09,62.66,moderate,-7.66,7.34,myrtol,0.6479,3,,SIMILARITY_MODERATE,,mirtolmab,0.0,0.733,0.975,1.0,1.0,0.858,0.742,monoclonal antibody,generic,-mab,saturated,True,,
prazmab,False,ngram_guided,1,51.52,70.52,high,-15.52,-0.52,prazepam,0.6211,2,SIMILARITY_TOO_HIGH,,,prazmab,0.0,0.6,0.779,1.0,0.59,0.466,0.789,monoclonal antibody,generic,-mab,saturated,False,,
suavimab,True,ngram_guided,1,60.23,63.91,moderate,-8.91,6.09,suavear,0.7785,4,,SIMILARITY_MODERATE,,suavimab,0.0,0.45,1.0,1.0,1.0,0.912,0.444,monoclonal antibody,generic,-mab,saturated,False,,
behenoxamab,True,ngram_guided,1,53.39,58.76,moderate,-3.76,11.24,behenate,0.8829,5,,SIMILARITY_MODERATE,,behenoxamab,0.0,0.4,1.0,1.0,0.53,0.821,0.814,monoclonal antibody,generic,-mab,saturated,False,,
elimab,False,ngram_guided+refined,1,71.63,71.95,high,-16.95,-1.95,elimite,0.8671,3,SIMILARITY_TOO_HIGH|TRADEMARK_HIT,,elemab,elemab -> elimab,0.0,1.0,1.0,1.0,1.0,0.581,0.975,monoclonal antibody,generic,-mab,saturated,False,,
elomab,True,ngram_guided+refined,1,66.75,67.37,moderate,-12.37,2.63,flomax,0.783,3,,SIMILARITY_MODERATE,elemab,elemab -> elimab -> elomab,0.0,1.0,1.0,1.0,1.0,0.581,0.277,monoclonal antibody,generic,-mab,saturated,True,,
normab,False,ngram_guided+refined,1,66.9,83.04,high,-28.04,-13.04,normal,0.8183,2,SIMILARITY_TOO_HIGH|TRADEMARK_HIT,,nermab,nermab -> normab,0.0,1.0,1.0,1.0,1.0,0.361,0.613,monoclonal antibody,generic,-mab,saturated,False,,
nopmab,True,ngram_guided+refined,1,62.64,57.92,moderate,-2.92,12.08,normal,0.6114,2,,SIMILARITY_MODERATE,nermab,nermab -> normab -> nopmab,0.0,1.0,1.0,1.0,1.0,0.361,0.003,monoclonal antibody,generic,-mab,saturated,False,,
aosamab,False,grammar+refined,1,67.1,70.9,high,-15.9,-0.9,fosamax,0.6166,4,SIMILARITY_TOO_HIGH|TRADEMARK_HIT,,iosamab,iosamab -> aosamab,0.0,1.0,1.0,1.0,1.0,0.81,0.0,monoclonal antibody,generic,-mab,saturated,False,,
uosamab,False,grammar+refined,1,59.1,70.9,high,-15.9,-0.9,fosamax,0.6092,4,SIMILARITY_TOO_HIGH|TRADEMARK_HIT,,iosamab,iosamab -> aosamab -> uosamab,0.0,0.6,1.0,1.0,1.0,0.81,0.0,monoclonal antibody,generic,-mab,saturated,False,,
uoqamab,True,grammar+refined,1,65.84,56.04,moderate,-1.04,13.96,foamed,0.4801,4,,SIMILARITY_MODERATE,iosamab,iosamab -> aosamab -> uosamab -> uoqamab,0.0,1.0,0.91,1.0,1.0,0.81,0.0,monoclonal antibody,generic,-mab,saturated,True,,
albamab,True,ngram_guided+refined,1,58.11,66.06,moderate,-11.06,3.94,albad,0.8191,3,,SIMILARITY_MODERATE,albumab,albumab -> albamab,0.0,0.6,1.0,1.0,1.0,0.685,0.036,monoclonal antibody,generic,-mab,saturated,False,,
dewopmab,True,ngram_guided+refined,1,60.56,55.88,moderate,-0.88,14.12,dewormer,0.6023,3,,SIMILARITY_MODERATE,dewormab,dewormab -> dewopmab,0.0,0.68,1.0,1.0,1.0,0.787,0.012,monoclonal antibody,generic,-mab,saturated,False,,
abromomab,False,ngram_guided+refined,1,54.83,75.13,high,-20.13,-5.13,muromonab,0.8119,4,SIMILARITY_TOO_HIGH,,ubromomab,ubromomab -> abromomab,0.0,0.517,0.879,1.0,0.53,0.983,0.697,monoclonal antibody,generic,-mab,saturated,False,,
ahromomab,False,ngram_guided+refined,1,59.16,71.94,high,-16.94,-1.94,muromonab,0.6253,4,SIMILARITY_TOO_HIGH,,ubromomab,ubromomab -> abromomab -> ahromomab,0.0,0.517,1.0,1.0,1.0,0.983,0.0,monoclonal antibody,generic,-mab,saturated,False,,
ahrolomab,True,ngram_guided+refined,1,63.49,63.56,moderate,-8.56,6.44,macroloba,0.6209,4,,SIMILARITY_MODERATE,ubromomab,ubromomab -> abromomab -> ahromomab -> ahrolomab,0.0,0.733,1.0,1.0,1.0,0.983,0.0,monoclonal antibody,generic,-mab,saturated,False,,
prajmab,True,ngram_guided+refined,1,52.75,67.23,moderate,-12.23,2.77,prajmaline,0.7771,2,,SIMILARITY_MODERATE,prazmab,prazmab -> prajmab,0.0,0.6,0.779,1.0,1.0,0.466,0.028,monoclonal antibody,generic,-mab,saturated,False,,
pemedlomab,True,ngram_guided+refined,1,60.59,62.3,moderate,-7.3,7.7,pimeclone,0.6678,4,,SIMILARITY_MODERATE,pemeclomab,pemeclomab -> pemedlomab,0.0,0.564,1.0,1.0,1.0,0.998,0.046,monoclonal antibody,generic,-mab,saturated,False,,
loregliptin,False,grammar,1,58.51,66.09,moderate,-11.09,3.91,reclipsen,0.762,4,INTRA_STEM_TOO_CLOSE|TRADEMARK_HIT,SIMILARITY_MODERATE,,loregliptin,0.0,0.6,0.854,1.0,1.0,0.952,0.003,DPP-4 inhibitor,generic,-gliptin,saturated,False,,
ciszogliptin,False,grammar,1,65.26,61.92,moderate,-6.92,8.08,cisplatin,0.621,4,TRADEMARK_HIT,SIMILARITY_MODERATE,,ciszogliptin,0.0,1.0,0.83,1.0,1.0,0.862,0.003,DPP-4 inhibitor,generic,-gliptin,saturated,False,,
derfegliptin,True,grammar,1,54.26,61.87,moderate,-6.87,8.13,metreleptin,0.6811,4,,SIMILARITY_MODERATE,,derfegliptin,0.0,0.45,0.83,1.0,1.0,0.862,0.003,DPP-4 inhibitor,generic,-gliptin,saturated,False,,
dopplogliptin,False,grammar,1,61.26,56.24,moderate,-1.24,13.76,flolipid,0.6648,4,INTRA_STEM_TOO_CLOSE|TRADEMARK_HIT,SIMILARITY_MODERATE,,dopplogliptin,0.0,1.0,0.622,1.0,1.0,0.755,0.0,DPP-4 inhibitor,generic,-gliptin,saturated,False,,
uvomigliptin,True,grammar,1,58.08,60.19,moderate,-5.19,9.81,bromocriptine,0.618,5,,SIMILARITY_MODERATE,,uvomigliptin,0.0,0.68,0.869,1.0,1.0,0.731,0.0,DPP-4 inhibitor,generic,-gliptin,saturated,True,,
yligliptin,False,grammar,1,62.21,60.81,moderate,-5.81,9.19,clinolipid,0.6077,3,INTRA_STEM_TOO_CLOSE|TRADEMARK_HIT,SIMILARITY_MODERATE|ILLEGAL_ONSET_CLUSTER,,yligliptin,0.0,1.0,0.606,1.0,1.0,0.873,0.0,DPP-4 inhibitor,generic,-gliptin,saturated,False,,
dinagliptin,False,grammar,1,60.3,74.58,high,-19.58,-4.58,linagliptin,0.7935,4,SIMILARITY_TOO_HIGH|INTRA_STEM_TOO_CLOSE|TRADEMARK_HIT,,,dinagliptin,0.0,0.6,0.854,1.0,1.0,0.952,0.259,DPP-4 inhibitor,generic,-gliptin,saturated,False,,
denigliptin,False,grammar,1,64.74,66.09,moderate,-11.09,3.91,denileukin,0.7495,4,INTRA_STEM_TOO_CLOSE|TRADEMARK_HIT,SIMILARITY_MODERATE,,denigliptin,0.0,0.6,0.854,1.0,1.0,0.952,0.894,DPP-4 inhibitor,generic,-gliptin,saturated,False,,
sukogliptin,False,grammar,1,66.48,63.09,moderate,-8.09,6.91,colistin,0.6264,4,INTRA_STEM_TOO_CLOSE|TRADEMARK_HIT,SIMILARITY_MODERATE,,sukogliptin,0.0,1.0,0.854,1.0,1.0,0.952,0.0,DPP-4 inhibitor,generic,-gliptin,saturated,False,,
mofonugliptin,True,grammar,1,63.41,57.77,moderate,-2.77,12.23,mononucleotide,0.6476,5,,SIMILARITY_MODERATE,,mofonugliptin,0.0,1.0,0.869,1.0,1.0,0.624,0.0,DPP-4 inhibitor,generic,-gliptin,saturated,True,,
donsegliptin,False,grammar,1,58.86,59.09,moderate,-4.09,10.91,constipation,0.6837,4,TRADEMARK_HIT,SIMILARITY_MODERATE,,donsegliptin,0.0,0.68,0.83,1.0,1.0,0.862,0.003,DPP-4 inhibitor,generic,-gliptin,saturated,False,,
feungagliptin,False,grammar,1,58.83,59.04,moderate,-4.04,10.96,ergocriptine,0.6051,4,TRADEMARK_HIT,SIMILARITY_MODERATE,,feungagliptin,0.0,0.733,0.83,1.0,1.0,0.755,0.0,DPP-4 inhibitor,generic,-gliptin,saturated,False,,
icutegliptin,False,grammar,1,58.08,58.66,moderate,-3.66,11.34,teglutik,0.667,5,INTRA_STEM_TOO_CLOSE|TRADEMARK_HIT,SIMILARITY_MODERATE,,icutegliptin,0.0,0.68,0.869,1.0,1.0,0.731,0.0,DPP-4 inhibitor,generic,-gliptin,saturated,False,,
ologliptin,False,grammar,1,66.95,73.88,high,-18.88,-3.88,alogliptin,0.7376,4,SIMILARITY_TOO_HIGH|INTRA_STEM_TOO_CLOSE|TRADEMARK_HIT,,,ologliptin,0.0,1.0,0.854,1.0,1.0,0.998,0.001,DPP-4 inhibitor,generic,-gliptin,saturated,False,,
rimasagliptin,False,grammar,1,58.26,59.37,moderate,-4.37,10.63,rizatriptan,0.6792,5,TRADEMARK_HIT,SIMILARITY_MODERATE,,rimasagliptin,0.0,0.733,0.869,1.0,1.0,0.624,0.026,DPP-4 inhibitor,generic,-gliptin,saturated,False,,
balogliptin,False,grammar,1,62.95,74.81,high,-19.81,-4.81,alogliptin,0.757,4,SIMILARITY_TOO_HIGH|INTRA_STEM_TOO_CLOSE|TRADEMARK_HIT,,,balogliptin,0.0,0.6,0.854,1.0,1.0,0.952,0.637,DPP-4 inhibitor,generic,-gliptin,saturated,False,,
cirmogliptin,False,grammar,1,65.26,61.18,moderate,-6.18,8.82,bromocriptine,0.6452,4,TRADEMARK_HIT,SIMILARITY_MODERATE,,cirmogliptin,0.0,1.0,0.83,1.0,1.0,0.862,0.003,DPP-4 inhibitor,generic,-gliptin,saturated,False,,
gevegliptin,False,grammar,1,66.48,60.67,moderate,-5.67,9.33,everlasting,0.655,4,TRADEMARK_HIT,SIMILARITY_MODERATE,,gevegliptin,0.0,1.0,0.854,1.0,1.0,0.952,0.0,DPP-4 inhibitor,generic,-gliptin,saturated,False,,
futlegliptin,False,grammar,1,58.84,63.45,moderate,-8.45,6.55,metreleptin,0.6178,4,TRADEMARK_HIT,SIMILARITY_MODERATE,,futlegliptin,0.0,0.68,0.83,1.0,1.0,0.862,0.001,DPP-4 inhibitor,generic,-gliptin,saturated,False,,
maxycabagliptin,True,grammar,1,56.71,52.31,low,2.69,17.69,canagliflozin,0.6216,6,,,,maxycabagliptin,0.108,0.8,0.768,1.0,1.0,0.237,0.0,DPP-4 inhibitor,generic,-gliptin,saturated,False,,
othegliptin,False,grammar,1,58.14,60.78,moderate,-5.78,9.22,teglutik,0.6136,4,TRADEMARK_HIT,SIMILARITY_MODERATE,,othegliptin,0.0,0.6,0.83,1.0,1.0,0.952,0.0,DPP-4 inhibitor,generic,-gliptin,saturated,False,,
claligliptin,False,grammar,1,57.86,64.28,moderate,-9.28,5.72,oxaliplatin,0.7153,4,INTRA_STEM_TOO_CLOSE|TRADEMARK_HIT,SIMILARITY_MODERATE,,claligliptin,0.0,0.68,0.709,1.0,1.0,0.862,0.103,DPP-4 inhibitor,generic,-gliptin,saturated,False,,
gonogliptin,False,grammar,1,58.66,61.31,moderate,-6.31,8.69,bromocriptine,0.7513,4,INTRA_STEM_TOO_CLOSE|TRADEMARK_HIT,SIMILARITY_MODERATE,,gonogliptin,0.0,0.6,0.854,1.0,1.0,0.952,0.026,DPP-4 inhibitor,generic,-gliptin,saturated,False,,
pelmagliptin,False,grammar,1,58.89,59.84,moderate,-4.84,10.16,velagliflozin,0.6889,4,INTRA_STEM_TOO_CLOSE|TRADEMARK_HIT,SIMILARITY_MODERATE,,pelmagliptin,0.0,0.68,0.83,1.0,1.0,0.862,0.007,DPP-4 inhibitor,generic,-gliptin,saturated,False,,
decanegliptin,True,ngram_guided,1,44.88,60.17,moderate,-5.17,9.83,canagliflozin,0.7755,5,,SIMILARITY_MODERATE,,decanegliptin,0.0,0.3,0.869,1.0,0.53,0.624,0.427,DPP-4 inhibitor,generic,-gliptin,saturated,False,,
pentogliptin,False,ngram_guided,1,48.29,67.3,moderate,-12.3,2.7,pentostatin,0.8336,4,TRADEMARK_HIT,SIMILARITY_MODERATE,,pentogliptin,0.0,0.45,0.83,1.0,0.53,0.862,0.225,DPP-4 inhibitor,generic,-gliptin,saturated,False,,
pemeclogliptin,False,ngram_guided,1,43.98,59.82,moderate,-4.82,10.18,demeclocycline,0.7465,5,INTRA_STEM_TOO_CLOSE|TRADEMARK_HIT,SIMILARITY_MODERATE,,pemeclogliptin,0.0,0.357,0.739,1.0,0.53,0.527,0.535,DPP-4 inhibitor,generic,-gliptin,saturated,False,,
prastugliptin,True,ngram_guided,1,56.25,55.66,moderate,-0.66,14.34,procyclidine,0.7176,4,,SIMILARITY_MODERATE,,prastugliptin,0.0,0.517,0.623,1.0,1.0,0.755,0.663,DPP-4 inhibitor,generic,-gliptin,saturated,False,,
decandogliptin,True,ngram_guided,1,44.72,56.74,moderate,-1.74,13.26,endoglin,0.8373,5,,SIMILARITY_MODERATE,,decandogliptin,0.0,0.357,0.845,1.0,0.53,0.527,0.429,DPP-4 inhibitor,generic,-gliptin,saturated,False,,
nergliptin,False,ngram_guided,1,66.03,65.87,moderate,-10.87,4.13,ergocriptine,0.655,3,INTRA_STEM_TOO_CLOSE|TRADEMARK_HIT,SIMILARITY_MODERATE,,nergliptin,0.0,1.0,0.742,1.0,1.0,0.873,0.273,DPP-4 inhibitor,generic,-gliptin,saturated,False,,
thiazgliptin,False,ngram_guided,1,51.63,70.3,high,-15.3,-0.3,thiazolidine,0.676,4,SIMILARITY_TOO_HIGH|TRADEMARK_HIT,,,thiazgliptin,0.0,0.45,0.743,1.0,0.53,0.862,0.876,DPP-4 inhibitor,generic,-gliptin,saturated,False,,
elegliptin,False,ngram_guided,1,70.68,72.22,high,-17.22,-2.22,eletriptan,0.7007,4,SIMILARITY_TOO_HIGH|INTRA_STEM_TOO_CLOSE|TRADEMARK_HIT,,,elegliptin,0.0,1.0,0.854,1.0,1.0,0.998,0.534,DPP-4 inhibitor,generic,-gliptin,saturated,False,,
ubromogliptin,False,ngram_guided,1,48.58,77.53,high,-22.53,-7.53,bromocriptine,0.7015,5,SIMILARITY_TOO_HIGH|TRADEMARK_HIT,,,ubromogliptin,0.0,0.517,0.739,1.0,0.53,0.624,0.597,DPP-4 inhibitor,generic,-gliptin,saturated,False,,
sumaterigliptin,True,ngram_guided,1,58.16,66.0,moderate,-11.0,4.0,sumatriptan,0.8393,6,,SIMILARITY_MODERATE,,sumaterigliptin,0.0,0.6,0.879,1.0,1.0,0.237,0.925,DPP-4 inhibitor,generic,-gliptin,saturated,True,,
deworgliptin,True,ngram_guided,1,56.35,58.66,moderate,-3.66,11.34,metreleptin,0.6639,4,,SIMILARITY_MODERATE,,deworgliptin,0.0,0.45,0.768,1.0,1.0,0.862,0.426,DPP-4 inhibitor,generic,-gliptin,saturated,False,,
methiogliptin,True,ngram_guided,1,43.82,64.29,moderate,-9.29,5.71,metreleptin,0.9335,5,,SIMILARITY_MODERATE,,methiogliptin,0.0,0.3,0.845,1.0,0.53,0.624,0.325,DPP-4 inhibitor,generic,-gliptin,saturated,False,,
abcigliptin,False,ngram_guided,1,59.33,61.37,moderate,-6.37,8.63,epicriptine,0.6512,4,TRADEMARK_HIT,SIMILARITY_MODERATE,,abcigliptin,0.0,0.6,0.83,1.0,1.0,0.952,0.171,DPP-4 inhibitor,generic,-gliptin,saturated,False,,
thygliptin,False,ngram_guided,1,65.08,61.99,moderate,-6.99,8.01,epicriptine,0.7317,3,INTRA_STEM_TOO_CLOSE|TRADEMARK_HIT,SIMILARITY_MODERATE,,thygliptin,0.0,1.0,0.742,1.0,1.0,0.873,0.137,DPP-4 inhibitor,generic,-gliptin,saturated,False,,
ramgliptin,False,ngram_guided,1,65.55,61.44,moderate,-6.44,8.56,bromocriptine,0.6613,3,TRADEMARK_HIT,SIMILARITY_MODERATE,,ramgliptin,0.0,1.0,0.742,1.0,1.0,0.873,0.204,DPP-4 inhibitor,generic,-gliptin,saturated,False,,
albugliptin,False,ngram_guided,1,61.31,66.8,moderate,-11.8,3.2,albiglutide,0.6528,4,INTRA_STEM_TOO_CLOSE|TRADEMARK_HIT,SIMILARITY_MODERATE,,albugliptin,0.0,0.6,0.83,1.0,1.0,0.952,0.454,DPP-4 inhibitor,generic,-gliptin,saturated,False,,
abiragliptin,False,ngram_guided,1,59.46,60.53,moderate,-5.53,9.47,liraglutide,0.7084,5,INTRA_STEM_TOO_CLOSE|TRADEMARK_HIT,SIMILARITY_MODERATE,,abiragliptin,0.0,0.45,0.869,1.0,1.0,0.731,0.855,DPP-4 inhibitor,generic,-gliptin,saturated,False,,
chirgliptin,False,ngram_guided,1,56.61,63.08,moderate,-8.08,6.92,colistin,0.7074,3,INTRA_STEM_TOO_CLOSE|TRADEMARK_HIT,SIMILARITY_MODERATE,,chirgliptin,0.0,0.6,0.718,1.0,1.0,0.828,0.184,DPP-4 inhibitor,generic,-gliptin,saturated,False,,
omergliptin,False,ngram_guided,1,57.59,67.84,moderate,-12.84,2.16,imeglimin,0.6754,4,TRADEMARK_HIT,SIMILARITY_MODERATE,,omergliptin,0.0,0.6,0.768,1.0,1.0,0.952,0.046,DPP-4 inhibitor,generic,-gliptin,saturated,False,,
dipeginigliptin,True,ngram_guided,1,54.27,56.68,moderate,-1.68,13.32,diphenylglycine,0.8007,6,,SIMILARITY_MODERATE,,dipeginigliptin,0.0,0.6,0.879,1.0,1.0,0.237,0.369,DPP-4 inhibitor,generic,-gliptin,saturated,False,,
mirtolgliptin,False,ngram_guided,1,62.81,60.57,moderate,-5.57,9.43,metreleptin,0.6617,4,TRADEMARK_HIT,SIMILARITY_MODERATE,,mirtolgliptin,0.0,0.733,0.743,1.0,1.0,0.755,0.742,DPP-4 inhibitor,generic,-gliptin,saturated,False,,
prazgliptin,False,ngram_guided,1,52.24,66.56,moderate,-11.56,3.44,prazimectin,0.6652,3,INTRA_STEM_TOO_CLOSE|TRADEMARK_HIT,SIMILARITY_MODERATE,,prazgliptin,0.0,0.6,0.572,1.0,0.59,0.828,0.789,DPP-4 inhibitor,generic,-gliptin,saturated,False,,
suavigliptin,False,ngram_guided,1,56.59,57.24,moderate,-2.24,12.76,epicriptine,0.7011,5,TRADEMARK_HIT,SIMILARITY_MODERATE,,suavigliptin,0.0,0.45,0.869,1.0,1.0,0.731,0.444,DPP-4 inhibitor,generic,-gliptin,saturated,False,,
behenoxagliptin,True,ngram_guided,1,45.86,56.51,moderate,-1.51,13.49,bexagliflozin,0.7853,6,,SIMILARITY_MODERATE,,behenoxagliptin,0.0,0.4,0.879,1.0,0.53,0.237,0.814,DPP-4 inhibitor,generic,-gliptin,saturated,False,,
eligliptin,False,ngram_guided+refined,1,73.77,67.18,moderate,-12.18,2.82,eliglustat,0.7598,4,INTRA_STEM_TOO_CLOSE|TRADEMARK_HIT,SIMILARITY_MODERATE,elegliptin,elegliptin -> eligliptin,0.0,1.0,0.854,1.0,1.0,0.998,0.975,DPP-4 inhibitor,generic,-gliptin,saturated,False,,
eyigliptin,False,ngram_guided+refined,1,66.94,68.43,moderate,-13.43,1.57,epicriptine,0.6122,4,INTRA_STEM_TOO_CLOSE|TRADEMARK_HIT,SIMILARITY_MODERATE,elegliptin,elegliptin -> eligliptin -> eyigliptin,0.0,1.0,0.854,1.0,1.0,0.998,0.0,DPP-4 inhibitor,generic,-gliptin,saturated,False,,
efigliptin,False,ngram_guided+refined,1,67.08,72.34,high,-17.34,-2.34,epicriptine,0.6656,4,SIMILARITY_TOO_HIGH|TRADEMARK_HIT,,elegliptin,elegliptin -> eligliptin -> eyigliptin -> efigliptin,0.0,1.0,0.854,1.0,1.0,0.998,0.02,DPP-4 inhibitor,generic,-gliptin,saturated,False,,
ulogliptin,False,grammar+refined,1,66.94,73.88,high,-18.88,-3.88,alogliptin,0.6961,4,SIMILARITY_TOO_HIGH|INTRA_STEM_TOO_CLOSE|TRADEMARK_HIT,,ologliptin,ologliptin -> ulogliptin,0.0,1.0,0.854,1.0,1.0,0.998,0.0,DPP-4 inhibitor,generic,-gliptin,saturated,False,,
alogliptin,False,grammar+refined,1,73.66,100.0,high,-45.0,-30.0,alogliptin,0.78,4,EXACT_NAME_COLLISION|INTRA_STEM_TOO_CLOSE|TRADEMARK_HIT,,ologliptin,ologliptin -> ulogliptin -> alogliptin,0.0,1.0,0.854,1.0,1.0,0.998,0.959,DPP-4 inhibitor,generic,-gliptin,saturated,False,,
apogliptin,False,grammar+refined,1,66.96,65.22,moderate,-10.22,4.78,colistin,0.7363,4,INTRA_STEM_TOO_CLOSE|TRADEMARK_HIT,SIMILARITY_MODERATE,ologliptin,ologliptin -> ulogliptin -> alogliptin -> apogliptin,0.0,1.0,0.854,1.0,1.0,0.998,0.003,DPP-4 inhibitor,generic,-gliptin,saturated,False,,
sugogliptin,False,grammar+refined,1,66.48,64.7,moderate,-9.7,5.3,ergocriptine,0.7144,4,INTRA_STEM_TOO_CLOSE|TRADEMARK_HIT,SIMILARITY_MODERATE,sukogliptin,sukogliptin -> sugogliptin,0.0,1.0,0.854,1.0,1.0,0.952,0.0,DPP-4 inhibitor,generic,-gliptin,saturated,False,,
sudogliptin,False,grammar+refined,1,58.48,59.29,moderate,-4.29,10.71,sumatriptan,0.763,4,INTRA_STEM_TOO_CLOSE|TRADEMARK_HIT,SIMILARITY_MODERATE,sukogliptin,sukogliptin -> sugogliptin -> sudogliptin,0.0,0.6,0.854,1.0,1.0,0.952,0.0,DPP-4 inhibitor,generic,-gliptin,saturated,False,,
sodogliptin,False,grammar+refined,1,58.48,59.91,moderate,-4.91,10.09,ergocriptine,0.7818,4,INTRA_STEM_TOO_CLOSE|TRADEMARK_HIT,SIMILARITY_MODERATE,sukogliptin,sukogliptin -> sugogliptin -> sudogliptin -> sodogliptin,0.0,0.6,0.854,1.0,1.0,0.952,0.0,DPP-4 inhibitor,generic,-gliptin,saturated,False,,
gavegliptin,False,grammar+refined,1,58.48,58.52,moderate,-3.52,11.48,galectin,0.6816,4,INTRA_STEM_TOO_CLOSE|TRADEMARK_HIT,SIMILARITY_MODERATE,gevegliptin,gevegliptin -> gavegliptin,0.0,0.6,0.854,1.0,1.0,0.952,0.0,DPP-4 inhibitor,generic,-gliptin,saturated,False,,
norgliptin,False,ngram_guided+refined,1,68.41,65.12,moderate,-10.12,4.88,nortriptyline,0.654,3,TRADEMARK_HIT,SIMILARITY_MODERATE,nergliptin,nergliptin -> norgliptin,0.0,1.0,0.742,1.0,1.0,0.873,0.613,DPP-4 inhibitor,generic,-gliptin,saturated,False,,
nargliptin,False,ngram_guided+refined,1,64.3,68.03,moderate,-13.03,1.97,targretin,0.6858,3,INTRA_STEM_TOO_CLOSE|TRADEMARK_HIT,SIMILARITY_MODERATE,nergliptin,nergliptin -> norgliptin -> nargliptin,0.0,1.0,0.742,1.0,1.0,0.873,0.026,DPP-4 inhibitor,generic,-gliptin,saturated,False,,
rimgliptin,False,ngram_guided+refined,1,69.91,64.56,moderate,-9.56,5.44,imeglimin,0.6276,3,INTRA_STEM_TOO_CLOSE|TRADEMARK_HIT,SIMILARITY_MODERATE,ramgliptin,ramgliptin -> rimgliptin,0.0,1.0,0.742,1.0,1.0,0.873,0.827,DPP-4 inhibitor,generic,-gliptin,saturated,False,,
remgliptin,False,ngram_guided+refined,1,68.79,68.11,moderate,-13.11,1.89,reclipsen,0.6411,3,TRADEMARK_HIT,SIMILARITY_MODERATE,ramgliptin,ramgliptin -> rimgliptin -> remgliptin,0.0,1.0,0.742,1.0,1.0,0.873,0.666,DPP-4 inhibitor,generic,-gliptin,saturated,False,,
romgliptin,False,ngram_guided+refined,1,67.55,66.2,moderate,-11.2,3.8,bromocriptine,0.6379,3,TRADEMARK_HIT,SIMILARITY_MODERATE,ramgliptin,ramgliptin -> rimgliptin -> remgliptin -> romgliptin,0.0,1.0,0.742,1.0,1.0,0.873,0.489,DPP-4 inhibitor,generic,-gliptin,saturated,False,,
cihzogliptin,False,grammar+refined,1,65.23,56.13,moderate,-1.13,13.87,colistin,0.6041,4,TRADEMARK_HIT,SIMILARITY_MODERATE,ciszogliptin,ciszogliptin -> cihzogliptin,0.0,1.0,0.83,1.0,1.0,0.862,0.0,DPP-4 inhibitor,generic,-gliptin,saturated,False,,
citzogliptin,False,grammar+refined,1,65.23,58.67,moderate,-3.67,11.33,sitagliptin,0.6332,4,INTRA_STEM_TOO_CLOSE|TRADEMARK_HIT,SIMILARITY_MODERATE,ciszogliptin,ciszogliptin -> cihzogliptin -> citzogliptin,0.0,1.0,0.83,1.0,1.0,0.862,0.0,DPP-4 inhibitor,generic,-gliptin,saturated,False,,
ciczogliptin,False,grammar+refined,1,65.24,60.33,moderate,-5.33,9.67,microgestin,0.6095,4,TRADEMARK_HIT,SIMILARITY_MODERATE,ciszogliptin,ciszogliptin -> cihzogliptin -> citzogliptin -> ciczogliptin,0.0,1.0,0.83,1.0,1.0,0.862,0.001,DPP-4 inhibitor,generic,-gliptin,saturated,False,,
cormogliptin,False,grammar+refined,1,61.33,61.61,moderate,-6.61,8.39,bromocriptine,0.7683,4,TRADEMARK_HIT,SIMILARITY_MODERATE,cirmogliptin,cirmogliptin -> cormogliptin,0.0,0.68,0.83,1.0,1.0,0.862,0.356,DPP-4 inhibitor,generic,-gliptin,saturated,False,,
curmogliptin,False,grammar+refined,1,58.83,60.72,moderate,-5.72,9.28,bromocriptine,0.669,4,TRADEMARK_HIT,SIMILARITY_MODERATE,cirmogliptin,cirmogliptin -> cormogliptin -> curmogliptin,0.0,0.68,0.83,1.0,1.0,0.862,0.0,DPP-4 inhibitor,generic,-gliptin,saturated,False,,
currogliptin,False,grammar+refined,1,58.83,61.46,moderate,-6.46,8.54,pyrrolidine,0.7466,4,TRADEMARK_HIT,SIMILARITY_MODERATE,cirmogliptin,cirmogliptin -> cormogliptin -> curmogliptin -> currogliptin,0.0,0.68,0.83,1.0,1.0,0.862,0.0,DPP-4 inhibitor,generic,-gliptin,saturated,False,,
desebigliptin,False,grammar,2,58.09,60.16,moderate,-5.16,9.84,epicriptine,0.7175,5,INTRA_STEM_TOO_CLOSE,SIMILARITY_MODERATE,,desebigliptin,0.0,0.733,0.869,1.0,1.0,0.624,0.001,DPP-4 inhibitor,generic,-gliptin,saturated,False,,
rieltagliptin,False,grammar,2,58.85,58.33,moderate,-3.33,11.67,vildagliptin,0.6592,4,INTRA_STEM_TOO_CLOSE|TRADEMARK_HIT,SIMILARITY_MODERATE,,rieltagliptin,0.0,0.733,0.83,1.0,1.0,0.755,0.003,DPP-4 inhibitor,generic,-gliptin,saturated,False,,
heigliptin,False,grammar,2,65.34,63.84,moderate,-8.84,6.16,herceptin,0.6794,3,INTRA_STEM_TOO_CLOSE|TRADEMARK_HIT,SIMILARITY_MODERATE,,heigliptin,0.0,1.0,0.829,1.0,1.0,0.873,0.0,DPP-4 inhibitor,generic,-gliptin,saturated,False,,
ikagliptin,False,grammar,2,66.94,60.65,moderate,-5.65,9.35,ergocriptine,0.6055,4,INTRA_STEM_TOO_CLOSE|TRADEMARK_HIT,SIMILARITY_MODERATE,,ikagliptin,0.0,1.0,0.854,1.0,1.0,0.998,0.0,DPP-4 inhibitor,generic,-gliptin,saturated,False,,
miloziagliptin,False,grammar,2,55.84,56.9,moderate,-1.9,13.1,nilvadipine,0.6493,6,INTRA_STEM_TOO_CLOSE,SIMILARITY_MODERATE,,miloziagliptin,0.0,0.771,0.879,1.0,1.0,0.309,0.001,DPP-4 inhibitor,generic,-gliptin,saturated,False,,
turmigliptin,False,grammar,2,58.83,59.83,moderate,-4.83,10.17,epicriptine,0.6594,4,INTRA_STEM_TOO_CLOSE,SIMILARITY_MODERATE,,turmigliptin,0.0,0.68,0.83,1.0,1.0,0.862,0.0,DPP-4 inhibitor,generic,-gliptin,saturated,False,,
frudegliptin,True,grammar,2,57.14,58.83,moderate,-3.83,11.17,frovatriptan,0.7129,4,,SIMILARITY_MODERATE,,frudegliptin,0.0,0.68,0.709,1.0,1.0,0.862,0.0,DPP-4 inhibitor,generic,-gliptin,saturated,False,,
dutigliptin,False,grammar,2,66.48,62.46,moderate,-7.46,7.54,epicriptine,0.6741,4,INTRA_STEM_TOO_CLOSE|TRADEMARK_HIT,SIMILARITY_MODERATE,,dutigliptin,0.0,1.0,0.854,1.0,1.0,0.952,0.0,DPP-4 inhibitor,generic,-gliptin,saturated,False,,
noxeregliptin,True,grammar,2,58.08,62.51,moderate,-7.51,7.49,metreleptin,0.671,5,,SIMILARITY_MODERATE,,noxeregliptin,0.0,0.733,0.869,1.0,1.0,0.624,0.0,DPP-4 inhibitor,generic,-gliptin,saturated,False,,
bacoagliptin,False,grammar,2,58.08,61.16,moderate,-6.16,8.84,colistin,0.7236,5,INTRA_STEM_TOO_CLOSE|TRADEMARK_HIT,SIMILARITY_MODERATE,,bacoagliptin,0.0,0.68,0.869,1.0,1.0,0.731,0.0,DPP-4 inhibitor,generic,-gliptin,saturated,False,,
akigliptin,False,grammar,2,66.94,66.0,moderate,-11.0,4.0,epicriptine,0.6682,4,INTRA_STEM_TOO_CLOSE|TRADEMARK_HIT,SIMILARITY_MODERATE,,akigliptin,0.0,1.0,0.854,1.0,1.0,0.998,0.0,DPP-4 inhibitor,generic,-gliptin,saturated,False,,
rorbegliptin,True,grammar,2,58.84,57.29,moderate,-2.29,12.71,carboplatin,0.6388,4,,SIMILARITY_MODERATE,,rorbegliptin,0.0,0.68,0.83,1.0,1.0,0.862,0.001,DPP-4 inhibitor,generic,-gliptin,saturated,True,,
unragliptin,False,grammar,2,66.14,62.71,moderate,-7.71,7.29,naratriptan,0.6264,4,INTRA_STEM_TOO_CLOSE|TRADEMARK_HIT,SIMILARITY_MODERATE,,unragliptin,0.0,1.0,0.83,1.0,1.0,0.952,0.0,DPP-4 inhibitor,generic,-gliptin,saturated,False,,
merogliptin,False,grammar,2,62.14,69.5,moderate,-14.5,0.5,metreleptin,0.8419,4,INTRA_STEM_TOO_CLOSE|TRADEMARK_HIT,SIMILARITY_MODERATE,,merogliptin,0.0,0.6,0.854,1.0,1.0,0.952,0.522,DPP-4 inhibitor,generic,-gliptin,saturated,False,,
ciepagliptin,False,grammar,2,65.6,65.25,moderate,-10.25,4.75,sitagliptin,0.6446,4,INTRA_STEM_TOO_CLOSE|TRADEMARK_HIT,SIMILARITY_MODERATE,,ciepagliptin,0.0,1.0,0.854,1.0,1.0,0.862,0.003,DPP-4 inhibitor,generic,-gliptin,saturated,False,,
folugliptin,False,grammar,2,58.48,59.58,moderate,-4.58,10.42,follistim,0.6667,4,INTRA_STEM_TOO_CLOSE|TRADEMARK_HIT,SIMILARITY_MODERATE,,folugliptin,0.0,0.6,0.854,1.0,1.0,0.952,0.0,DPP-4 inhibitor,generic,-gliptin,saturated,False,,
tesrogliptin,False,grammar,2,58.98,66.06,moderate,-11.06,3.94,metreleptin,0.6779,4,TRADEMARK_HIT,SIMILARITY_MODERATE,,tesrogliptin,0.0,0.68,0.83,1.0,1.0,0.862,0.021,DPP-4 inhibitor,generic,-gliptin,saturated,False,,
nenegliptin,False,grammar,2,58.49,63.51,moderate,-8.51,6.49,metreleptin,0.6578,4,INTRA_STEM_TOO_CLOSE|TRADEMARK_HIT,SIMILARITY_MODERATE,,nenegliptin,0.0,0.6,0.854,1.0,1.0,0.952,0.001,DPP-4 inhibitor,generic,-gliptin,saturated,False,,
etlegliptin,False,grammar,2,58.14,69.33,moderate,-14.33,0.67,metreleptin,0.6839,4,INTRA_STEM_TOO_CLOSE|TRADEMARK_HIT,SIMILARITY_MODERATE,,etlegliptin,0.0,0.6,0.83,1.0,1.0,0.952,0.001,DPP-4 inhibitor,generic,-gliptin,saturated,False,,
ilegliptin,False,grammar,2,66.94,66.25,moderate,-11.25,3.75,eletriptan,0.6542,4,INTRA_STEM_TOO_CLOSE|TRADEMARK_HIT,SIMILARITY_MODERATE,,ilegliptin,0.0,1.0,0.854,1.0,1.0,0.998,0.0,DPP-4 inhibitor,generic,-gliptin,saturated,False,,
odagliptin,False,grammar,2,66.95,61.99,moderate,-6.99,8.01,ergocriptine,0.6648,4,INTRA_STEM_TOO_CLOSE|TRADEMARK_HIT,SIMILARITY_MODERATE,,odagliptin,0.0,1.0,0.854,1.0,1.0,0.998,0.001,DPP-4 inhibitor,generic,-gliptin,saturated,False,,
liltegigliptin,True,grammar,2,58.31,54.18,low,0.82,15.82,epicriptine,0.645,5,,,,liltegigliptin,0.033,0.771,0.845,1.0,1.0,0.527,0.0,DPP-4 inhibitor,generic,-gliptin,saturated,True,,
ebogliptin,False,grammar,2,66.94,65.03,moderate,-10.03,4.97,ergocriptine,0.6948,4,INTRA_STEM_TOO_CLOSE|TRADEMARK_HIT,SIMILARITY_MODERATE,,ebogliptin,0.0,1.0,0.854,1.0,1.0,0.998,0.0,DPP-4 inhibitor,generic,-gliptin,saturated,False,,
preroqogliptin,True,grammar,2,56.05,57.97,moderate,-2.97,12.03,bromocriptine,0.6357,5,,SIMILARITY_MODERATE,,preroqogliptin,0.0,0.771,0.739,1.0,1.0,0.527,0.0,DPP-4 inhibitor,generic,-gliptin,saturated,False,,
betragliptin,False,ngram_guided,2,54.69,74.41,high,-19.41,-4.41,metreleptin,0.8025,4,SIMILARITY_TOO_HIGH|INTRA_STEM_TOO_CLOSE|TRADEMARK_HIT,,,betragliptin,0.0,0.45,0.709,1.0,1.0,0.862,0.307,DPP-4 inhibitor,generic,-gliptin,saturated,False,,
cucurgliptin,False,ngram_guided,2,55.0,67.44,moderate,-12.44,2.56,cucurbitacin,0.6478,4,TRADEMARK_HIT,SIMILARITY_MODERATE,,cucurgliptin,0.0,0.45,0.768,1.0,1.0,0.862,0.233,DPP-4 inhibitor,generic,-gliptin,saturated,False,,
acegliptin,False,ngram_guided,2,69.72,72.61,high,-17.61,-2.61,aceclidine,0.7071,4,SIMILARITY_TOO_HIGH|INTRA_STEM_TOO_CLOSE|TRADEMARK_HIT,,,acegliptin,0.0,1.0,0.854,1.0,1.0,0.998,0.398,DPP-4 inhibitor,generic,-gliptin,saturated,False,,
osegliptin,False,ngram_guided,2,67.21,64.13,moderate,-9.13,5.87,seglentis,0.6732,4,INTRA_STEM_TOO_CLOSE|TRADEMARK_HIT,SIMILARITY_MODERATE,,osegliptin,0.0,1.0,0.854,1.0,1.0,0.998,0.038,DPP-4 inhibitor,generic,-gliptin,saturated,False,,
pramgliptin,True,ngram_guided,2,58.7,68.65,moderate,-13.65,1.35,pramlintide,0.7024,3,,SIMILARITY_MODERATE,,pramgliptin,0.0,0.6,0.572,1.0,1.0,0.828,0.774,DPP-4 inhibitor,generic,-gliptin,saturated,True,,
ornoxgliptin,True,ngram_guided,2,53.74,58.73,moderate,-3.73,11.27,orforglipron,0.5223,4,,SIMILARITY_MODERATE,,ornoxgliptin,0.0,0.45,0.6,1.0,1.0,0.862,0.389,DPP-4 inhibitor,generic,-gliptin,saturated,False,,
ibacapadgliptin,True,ngram_guided,2,52.42,53.16,low,1.84,16.84,dapagliflozin,0.6163,6,,,,ibacapadgliptin,0.074,0.6,0.793,1.0,1.0,0.237,0.026,DPP-4 inhibitor,generic,-gliptin,saturated,False,,
progliptin,False,ngram_guided,2,64.3,70.67,high,-15.67,-0.67,prolastin,0.8945,3,SIMILARITY_TOO_HIGH|INTRA_STEM_TOO_CLOSE|TRADEMARK_HIT,,,progliptin,0.0,1.0,0.658,1.0,1.0,0.873,0.194,DPP-4 inhibitor,generic,-gliptin,saturated,False,,
nirmatopgliptin,True,ngram_guided,2,52.33,52.17,low,2.83,17.83,naratriptan,0.6106,5,,,,nirmatopgliptin,0.113,0.4,0.758,1.0,1.0,0.456,0.206,DPP-4 inhibitor,generic,-gliptin,saturated,False,,
zengliptin,False,ngram_guided,2,64.13,61.36,moderate,-6.36,8.64,ergocriptine,0.6494,3,INTRA_STEM_TOO_CLOSE|TRADEMARK_HIT,SIMILARITY_MODERATE,,zengliptin,0.0,1.0,0.742,1.0,1.0,0.873,0.001,DPP-4 inhibitor,generic,-gliptin,saturated,False,,
cargliptin,False,ngram_guided,2,65.76,69.86,moderate,-14.86,0.14,targretin,0.7947,3,INTRA_STEM_TOO_CLOSE|TRADEMARK_HIT,SIMILARITY_MODERATE,,cargliptin,0.0,1.0,0.742,1.0,1.0,0.873,0.234,DPP-4 inhibitor,generic,-gliptin,saturated,False,,
nevirgliptin,False,ngram_guided,2,57.73,63.0,moderate,-8.0,7.0,metreleptin,0.6688,4,INTRA_STEM_TOO_CLOSE,SIMILARITY_MODERATE,,nevirgliptin,0.0,0.45,0.768,1.0,1.0,0.862,0.624,DPP-4 inhibitor,generic,-gliptin,saturated,False,,
spesgliptin,False,ngram_guided,2,54.48,58.64,moderate,-3.64,11.36,epicriptine,0.6642,3,INTRA_STEM_TOO_CLOSE|TRADEMARK_HIT,SIMILARITY_MODERATE,,spesgliptin,0.0,0.6,0.572,1.0,1.0,0.828,0.171,DPP-4 inhibitor,generic,-gliptin,saturated,False,,
muragliptin,False,ngram_guided,2,58.95,62.08,moderate,-7.08,7.92,metreleptin,0.7606,4,TRADEMARK_HIT,SIMILARITY_MODERATE,,muragliptin,0.0,0.6,0.854,1.0,1.0,0.952,0.066,DPP-4 inhibitor,generic,-gliptin,saturated,False,,
rhynchogliptin,True,ngram_guided,2,43.82,60.52,moderate,-5.52,9.48,rhynchophylline,0.6394,4,,SIMILARITY_MODERATE|ILLEGAL_ONSET_CLUSTER,,rhynchogliptin,0.0,0.15,0.583,1.0,1.0,0.659,0.154,DPP-4 inhibitor,generic,-gliptin,saturated,False,,
zopigliptin,False,ngram_guided,2,65.32,68.97,moderate,-13.97,1.03,epicriptine,0.6849,4,TRADEMARK_HIT,SIMILARITY_MODERATE,,zopigliptin,0.0,0.6,0.854,1.0,1.0,0.952,0.977,DPP-4 inhibitor,generic,-gliptin,saturated,False,,
bezgliptin,False,ngram_guided,2,66.88,61.13,moderate,-6.13,8.87,metreleptin,0.625,3,TRADEMARK_HIT,SIMILARITY_MODERATE,,bezgliptin,0.0,1.0,0.742,1.0,1.0,0.873,0.394,DPP-4 inhibitor,generic,-gliptin,saturated,False,,
tulagliptin,False,ngram_guided,2,60.27,68.44,moderate,-13.44,1.56,dulaglutide,0.7259,4,INTRA_STEM_TOO_CLOSE|TRADEMARK_HIT,SIMILARITY_MODERATE,,tulagliptin,0.0,0.6,0.854,1.0,1.0,0.952,0.256,DPP-4 inhibitor,generic,-gliptin,saturated,False,,
berdagliptin,False,ngram_guided,2,60.55,65.27,moderate,-10.27,4.73,ergocriptine,0.715,4,INTRA_STEM_TOO_CLOSE|TRADEMARK_HIT,SIMILARITY_MODERATE,,berdagliptin,0.0,0.45,0.83,1.0,1.0,0.862,0.902,DPP-4 inhibitor,generic,-gliptin,saturated,False,,
fosfogliptin,True,ngram_guided,2,58.62,62.82,moderate,-7.82,7.18,phospholipid,0.6465,4,,SIMILARITY_MODERATE,,fosfogliptin,0.0,0.45,0.709,1.0,1.0,0.862,0.868,DPP-4 inhibitor,generic,-gliptin,saturated,True,,
mirdagliptin,False,ngram_guided,2,59.91,62.05,moderate,-7.05,7.95,ergocriptine,0.6548,4,INTRA_STEM_TOO_CLOSE|TRADEMARK_HIT,SIMILARITY_MODERATE,,mirdagliptin,0.0,0.45,0.83,1.0,1.0,0.862,0.811,DPP-4 inhibitor,generic,-gliptin,saturated,False,,
gangliptin,False,ngram_guided,2,68.68,63.23,moderate,-8.23,6.77,angelicin,0.7105,3,INTRA_STEM_TOO_CLOSE|TRADEMARK_HIT,SIMILARITY_MODERATE,,gangliptin,0.0,1.0,0.742,1.0,1.0,0.873,0.65,DPP-4 inhibitor,generic,-gliptin,saturated,False,,
caprilagliptin,False,ngram_guided,2,44.95,59.7,moderate,-4.7,10.3,caprolactone,0.812,5,STEM_FOREIGN_EMBEDDED|INTRA_STEM_TOO_CLOSE,SIMILARITY_MODERATE,,caprilagliptin,0.0,0.357,0.739,1.0,0.59,0.527,0.536,DPP-4 inhibitor,generic,-gliptin,saturated,False,,
mefenpulgliptin,True,ngram_guided,2,49.41,56.58,moderate,-1.58,13.42,diphenylglycine,0.7191,5,,SIMILARITY_MODERATE,,mefenpulgliptin,0.0,0.6,0.758,1.0,0.53,0.456,0.68,DPP-4 inhibitor,generic,-gliptin,saturated,False,,
acagliptin,False,ngram_guided+refined,2,68.2,63.94,moderate,-8.94,6.06,colistin,0.7075,4,INTRA_STEM_TOO_CLOSE|TRADEMARK_HIT,SIMILARITY_MODERATE,acegliptin,acegliptin -> acagliptin,0.0,1.0,0.854,1.0,1.0,0.998,0.18,DPP-4 inhibitor,generic,-gliptin,saturated,False,,
aragliptin,False,ngram_guided+refined,2,66.99,66.94,moderate,-11.94,3.06,paraplatin,0.7737,4,INTRA_STEM_TOO_CLOSE|TRADEMARK_HIT,SIMILARITY_MODERATE,acegliptin,acegliptin -> acagliptin -> aragliptin,0.0,1.0,0.854,1.0,1.0,0.998,0.007,DPP-4 inhibitor,generic,-gliptin,saturated,False,,
azagliptin,False,ngram_guided+refined,2,72.99,60.65,moderate,-5.65,9.35,azelastine,0.6672,4,INTRA_STEM_TOO_CLOSE|TRADEMARK_HIT,SIMILARITY_MODERATE,acegliptin,acegliptin -> acagliptin -> aragliptin -> azagliptin,0.0,1.0,0.854,1.0,1.0,0.998,0.864,DPP-4 inhibitor,generic,-gliptin,saturated,False,,
gengliptin,False,ngram_guided+refined,2,64.86,61.36,moderate,-6.36,8.64,ergocriptine,0.6962,3,TRADEMARK_HIT,SIMILARITY_MODERATE,gangliptin,gangliptin -> gengliptin,0.0,1.0,0.742,1.0,1.0,0.873,0.105,DPP-4 inhibitor,generic,-gliptin,saturated,False,,
gungliptin,False,ngram_guided+refined,2,64.12,58.59,moderate,-3.59,11.41,ergocriptine,0.7114,3,TRADEMARK_HIT,SIMILARITY_MODERATE,gangliptin,gangliptin -> gengliptin -> gungliptin,0.0,1.0,0.742,1.0,1.0,0.873,0.0,DPP-4 inhibitor,generic,-gliptin,saturated,False,,
opegliptin,False,ngram_guided+refined,2,66.94,66.92,moderate,-11.92,3.08,epicriptine,0.7108,4,TRADEMARK_HIT,SIMILARITY_MODERATE,osegliptin,osegliptin -> opegliptin,0.0,1.0,0.854,1.0,1.0,0.998,0.0,DPP-4 inhibitor,generic,-gliptin,saturated,False,,
olegliptin,False,ngram_guided+refined,2,70.76,66.3,moderate,-11.3,3.7,eletriptan,0.7157,4,INTRA_STEM_TOO_CLOSE|TRADEMARK_HIT,SIMILARITY_MODERATE,osegliptin,osegliptin -> opegliptin -> olegliptin,0.0,1.0,0.854,1.0,1.0,0.998,0.546,DPP-4 inhibitor,generic,-gliptin,saturated,False,,
ocegliptin,False,ngram_guided+refined,2,66.96,65.75,moderate,-10.75,4.25,aceclidine,0.6541,4,INTRA_STEM_TOO_CLOSE|TRADEMARK_HIT,SIMILARITY_MODERATE,osegliptin,osegliptin -> opegliptin -> olegliptin -> ocegliptin,0.0,1.0,0.854,1.0,1.0,0.998,0.003,DPP-4 inhibitor,generic,-gliptin,saturated,False,,
ojagliptin,False,grammar+refined,2,66.94,61.81,moderate,-6.81,8.19,ergocriptine,0.6056,4,INTRA_STEM_TOO_CLOSE|TRADEMARK_HIT,SIMILARITY_MODERATE,odagliptin,odagliptin -> ojagliptin,0.0,1.0,0.854,1.0,1.0,0.998,0.0,DPP-4 inhibitor,generic,-gliptin,saturated,False,,
owagliptin,False,grammar+refined,2,66.94,62.81,moderate,-7.81,7.19,leptin,0.6187,4,INTRA_STEM_TOO_CLOSE|TRADEMARK_HIT,SIMILARITY_MODERATE,odagliptin,odagliptin -> ojagliptin -> owagliptin,0.0,1.0,0.854,1.0,1.0,0.998,0.0,DPP-4 inhibitor,generic,-gliptin,saturated,False,,
osagliptin,False,grammar+refined,2,66.96,62.27,moderate,-7.27,7.73,oxaliplatin,0.7089,4,INTRA_STEM_TOO_CLOSE|TRADEMARK_HIT,SIMILARITY_MODERATE,odagliptin,odagliptin -> ojagliptin -> owagliptin -> osagliptin,0.0,1.0,0.854,1.0,1.0,0.998,0.003,DPP-4 inhibitor,generic,-gliptin,saturated,False,,
ixagliptin,False,grammar+refined,2,66.98,68.16,moderate,-13.16,1.84,oxaliplatin,0.6606,4,INTRA_STEM_TOO_CLOSE|TRADEMARK_HIT,SIMILARITY_MODERATE,ikagliptin,ikagliptin -> ixagliptin,0.0,1.0,0.854,1.0,1.0,0.998,0.005,DPP-4 inhibitor,generic,-gliptin,saturated,False,,
ipagliptin,False,grammar+refined,2,66.94,64.79,moderate,-9.79,5.21,epicriptine,0.6882,4,INTRA_STEM_TOO_CLOSE|TRADEMARK_HIT,SIMILARITY_MODERATE,ikagliptin,ikagliptin -> ixagliptin -> ipagliptin,0.0,1.0,0.854,1.0,1.0,0.998,0.0,DPP-4 inhibitor,generic,-gliptin,saturated,False,,
isagliptin,False,grammar+refined,2,67.61,62.11,moderate,-7.11,7.89,imeglimin,0.7308,4,INTRA_STEM_TOO_CLOSE|TRADEMARK_HIT,SIMILARITY_MODERATE,ikagliptin,ikagliptin -> ixagliptin -> ipagliptin -> isagliptin,0.0,1.0,0.854,1.0,1.0,0.998,0.096,DPP-4 inhibitor,generic,-gliptin,saturated,False,,
ayigliptin,False,grammar+refined,2,66.94,64.91,moderate,-9.91,5.09,epicriptine,0.6114,4,INTRA_STEM_TOO_CLOSE|TRADEMARK_HIT,SIMILARITY_MODERATE,akigliptin,akigliptin -> ayigliptin,0.0,1.0,0.854,1.0,1.0,0.998,0.0,DPP-4 inhibitor,generic,-gliptin,saturated,False,,
axigliptin,False,grammar+refined,2,67.74,63.0,moderate,-8.0,7.0,epicriptine,0.6699,4,INTRA_STEM_TOO_CLOSE|TRADEMARK_HIT,SIMILARITY_MODERATE,akigliptin,akigliptin -> ayigliptin -> axigliptin,0.0,1.0,0.854,1.0,1.0,0.998,0.114,DPP-4 inhibitor,generic,-gliptin,saturated,False,,
awigliptin,False,grammar+refined,2,66.94,64.17,moderate,-9.17,5.83,epicriptine,0.6101,4,INTRA_STEM_TOO_CLOSE|TRADEMARK_HIT,SIMILARITY_MODERATE,akigliptin,akigliptin -> ayigliptin -> axigliptin -> awigliptin,0.0,1.0,0.854,1.0,1.0,0.998,0.0,DPP-4 inhibitor,generic,-gliptin,saturated,False,,
ijegliptin,False,grammar+refined,2,66.94,69.81,moderate,-14.81,0.19,imeglimin,0.6162,4,INTRA_STEM_TOO_CLOSE|TRADEMARK_HIT,SIMILARITY_MODERATE,ilegliptin,ilegliptin -> ijegliptin,0.0,1.0,0.854,1.0,1.0,0.998,0.0,DPP-4 inhibitor,generic,-gliptin,saturated,False,,
inegliptin,False,grammar+refined,2,68.56,73.57,high,-18.57,-3.57,imeglimin,0.7333,4,SIMILARITY_TOO_HIGH|INTRA_STEM_TOO_CLOSE|TRADEMARK_HIT,,ilegliptin,ilegliptin -> ijegliptin -> inegliptin,0.0,1.0,0.854,1.0,1.0,0.998,0.231,DPP-4 inhibitor,generic,-gliptin,saturated,False,,
inogliptin,False,grammar+refined,2,71.24,66.12,moderate,-11.12,3.88,imeglimin,0.7857,4,INTRA_STEM_TOO_CLOSE|TRADEMARK_HIT,SIMILARITY_MODERATE,ilegliptin,ilegliptin -> ijegliptin -> inegliptin -> inogliptin,0.0,1.0,0.854,1.0,1.0,0.998,0.615,DPP-4 inhibitor,generic,-gliptin,saturated,False,,
edogliptin,False,grammar+refined,2,67.39,66.14,moderate,-11.14,3.86,ergocriptine,0.7022,4,INTRA_STEM_TOO_CLOSE|TRADEMARK_HIT,SIMILARITY_MODERATE,ebogliptin,ebogliptin -> edogliptin,0.0,1.0,0.854,1.0,1.0,0.998,0.064,DPP-4 inhibitor,generic,-gliptin,saturated,False,,
elogliptin,False,grammar+refined,2,68.88,76.76,high,-21.76,-6.76,alogliptin,0.7268,4,SIMILARITY_TOO_HIGH|INTRA_STEM_TOO_CLOSE|TRADEMARK_HIT,,ebogliptin,ebogliptin -> edogliptin -> elogliptin,0.0,1.0,0.854,1.0,1.0,0.998,0.277,DPP-4 inhibitor,generic,-gliptin,saturated,False,,
marovogliptin,False,grammar,3,58.21,64.52,moderate,-9.52,5.48,bromocriptine,0.6763,5,TRADEMARK_HIT,SIMILARITY_MODERATE,,marovogliptin,0.0,0.733,0.869,1.0,1.0,0.624,0.019,DPP-4 inhibitor,generic,-gliptin,saturated,False,,
cafegliptin,False,grammar,3,62.36,58.33,moderate,-3.33,11.67,colistin,0.6873,4,INTRA_STEM_TOO_CLOSE|TRADEMARK_HIT,SIMILARITY_MODERATE,,cafegliptin,0.0,0.6,0.854,1.0,1.0,0.952,0.554,DPP-4 inhibitor,generic,-gliptin,saturated,False,,
remagliptin,False,grammar,3,61.65,65.37,moderate,-10.37,4.63,hemagglutinin,0.7463,4,INTRA_STEM_TOO_CLOSE|TRADEMARK_HIT,SIMILARITY_MODERATE,,remagliptin,0.0,0.6,0.854,1.0,1.0,0.952,0.452,DPP-4 inhibitor,generic,-gliptin,saturated,False,,
matagliptin,False,grammar,3,58.51,66.36,moderate,-11.36,3.64,metreleptin,0.7622,4,INTRA_STEM_TOO_CLOSE|TRADEMARK_HIT,SIMILARITY_MODERATE,,matagliptin,0.0,0.6,0.854,1.0,1.0,0.952,0.003,DPP-4 inhibitor,generic,-gliptin,saturated,False,,
idagliptin,False,grammar,3,68.3,64.09,moderate,-9.09,5.91,imeglimin,0.6786,4,INTRA_STEM_TOO_CLOSE|TRADEMARK_HIT,SIMILARITY_MODERATE,,idagliptin,0.0,1.0,0.854,1.0,1.0,0.998,0.195,DPP-4 inhibitor,generic,-gliptin,saturated,False,,
icagliptin,False,grammar,3,66.94,63.94,moderate,-8.94,6.06,colistin,0.6632,4,INTRA_STEM_TOO_CLOSE|TRADEMARK_HIT,SIMILARITY_MODERATE,,icagliptin,0.0,1.0,0.854,1.0,1.0,0.998,0.0,DPP-4 inhibitor,generic,-gliptin,saturated,False,,
embigliptin,False,grammar,3,58.14,66.16,moderate,-11.16,3.84,epicriptine,0.7158,4,TRADEMARK_HIT,SIMILARITY_MODERATE,,embigliptin,0.0,0.6,0.83,1.0,1.0,0.952,0.0,DPP-4 inhibitor,generic,-gliptin,saturated,False,,
nadagliptin,False,grammar,3,59.14,65.09,moderate,-10.09,4.91,naratriptan,0.7068,4,INTRA_STEM_TOO_CLOSE|TRADEMARK_HIT,SIMILARITY_MODERATE,,nadagliptin,0.0,0.6,0.854,1.0,1.0,0.952,0.094,DPP-4 inhibitor,generic,-gliptin,saturated,False,,
bomigliptin,False,grammar,3,66.49,64.74,moderate,-9.74,5.26,bromocriptine,0.6641,4,TRADEMARK_HIT,SIMILARITY_MODERATE,,bomigliptin,0.0,1.0,0.854,1.0,1.0,0.952,0.001,DPP-4 inhibitor,generic,-gliptin,saturated,False,,
atogliptin,False,grammar,3,72.47,66.44,moderate,-11.44,3.56,colistin,0.7043,4,INTRA_STEM_TOO_CLOSE|TRADEMARK_HIT,SIMILARITY_MODERATE,,atogliptin,0.0,1.0,0.854,1.0,1.0,0.998,0.79,DPP-4 inhibitor,generic,-gliptin,saturated,False,,
nogigliptin,False,grammar,3,66.49,59.85,moderate,-4.85,10.15,epicriptine,0.6911,4,TRADEMARK_HIT,SIMILARITY_MODERATE,,nogigliptin,0.0,1.0,0.854,1.0,1.0,0.952,0.001,DPP-4 inhibitor,generic,-gliptin,saturated,False,,
triragliptin,False,grammar,3,66.26,65.19,moderate,-10.19,4.81,trelagliptin,0.6535,4,INTRA_STEM_TOO_CLOSE|TRADEMARK_HIT,SIMILARITY_MODERATE,,triragliptin,0.0,1.0,0.709,1.0,1.0,0.862,0.388,DPP-4 inhibitor,generic,-gliptin,saturated,False,,
ratragliptin,False,grammar,3,57.6,69.14,moderate,-14.14,0.86,satraplatin,0.7514,4,INTRA_STEM_TOO_CLOSE|TRADEMARK_HIT,SIMILARITY_MODERATE,,ratragliptin,0.0,0.68,0.709,1.0,1.0,0.862,0.066,DPP-4 inhibitor,generic,-gliptin,saturated,False,,
tixelogliptin,False,grammar,3,58.1,58.08,moderate,-3.08,11.92,felodipine,0.6682,5,INTRA_STEM_TOO_CLOSE|TRADEMARK_HIT,SIMILARITY_MODERATE,,tixelogliptin,0.0,0.733,0.869,1.0,1.0,0.624,0.003,DPP-4 inhibitor,generic,-gliptin,saturated,False,,
cilugliptin,False,grammar,3,68.26,58.33,moderate,-3.33,11.67,colistin,0.6578,4,INTRA_STEM_TOO_CLOSE|TRADEMARK_HIT,SIMILARITY_MODERATE,,cilugliptin,0.0,1.0,0.854,1.0,1.0,0.952,0.254,DPP-4 inhibitor,generic,-gliptin,saturated,False,,
pemekigliptin,False,grammar,3,60.82,59.2,moderate,-4.2,10.8,epicriptine,0.6678,5,INTRA_STEM_TOO_CLOSE,SIMILARITY_MODERATE,,pemekigliptin,0.0,0.733,0.869,1.0,1.0,0.624,0.391,DPP-4 inhibitor,generic,-gliptin,saturated,False,,
isitrogliptin,False,grammar,3,56.26,64.58,moderate,-9.58,5.42,nitroglycerin,0.7909,5,INTRA_STEM_TOO_CLOSE|TRADEMARK_HIT,SIMILARITY_MODERATE,,isitrogliptin,0.0,0.733,0.739,1.0,1.0,0.624,0.001,DPP-4 inhibitor,generic,-gliptin,saturated,False,,
zoeteogliptin,False,grammar,3,61.37,59.93,moderate,-4.93,10.07,metreleptin,0.62,6,TRADEMARK_HIT,SIMILARITY_MODERATE,,zoeteogliptin,0.0,1.0,0.879,1.0,1.0,0.406,0.0,DPP-4 inhibitor,generic,-gliptin,saturated,False,,
ovigliptin,False,grammar,3,66.95,64.93,moderate,-9.93,5.07,epicriptine,0.7091,4,TRADEMARK_HIT,SIMILARITY_MODERATE,,ovigliptin,0.0,1.0,0.854,1.0,1.0,0.998,0.001,DPP-4 inhibitor,generic,-gliptin,saturated,False,,
raxegliptin,False,grammar,3,58.49,58.77,moderate,-3.77,11.23,saxagliptin,0.6639,4,INTRA_STEM_TOO_CLOSE|TRADEMARK_HIT,SIMILARITY_MODERATE,,raxegliptin,0.0,0.6,0.854,1.0,1.0,0.952,0.001,DPP-4 inhibitor,generic,-gliptin,saturated,False,,
lexobugliptin,True,grammar,3,59.43,53.59,low,1.41,16.41,exfoliating,0.6319,5,,,,lexobugliptin,0.056,0.733,0.869,1.0,1.0,0.624,0.0,DPP-4 inhibitor,generic,-gliptin,saturated,True,,
pegosagliptin,False,grammar,3,58.33,58.4,moderate,-3.4,11.6,pegbovigrastim,0.7692,5,TRADEMARK_HIT,SIMILARITY_MODERATE,,pegosagliptin,0.0,0.733,0.869,1.0,1.0,0.624,0.036,DPP-4 inhibitor,generic,-gliptin,saturated,False,,
cuvogliptin,False,grammar,3,66.48,61.55,moderate,-6.55,8.45,colistin,0.6224,4,INTRA_STEM_TOO_CLOSE|TRADEMARK_HIT,SIMILARITY_MODERATE,,cuvogliptin,0.0,1.0,0.854,1.0,1.0,0.952,0.0,DPP-4 inhibitor,generic,-gliptin,saturated,False,,
duftegliptin,False,grammar,3,65.23,58.53,moderate,-3.53,11.47,metreleptin,0.6107,4,TRADEMARK_HIT,SIMILARITY_MODERATE,,duftegliptin,0.0,1.0,0.83,1.0,1.0,0.862,0.0,DPP-4 inhibitor,generic,-gliptin,saturated,False,,
rucagliptin,False,ngram_guided,3,59.46,60.95,moderate,-5.95,9.05,eucalyptus,0.6743,4,INTRA_STEM_TOO_CLOSE|TRADEMARK_HIT,SIMILARITY_MODERATE,,rucagliptin,0.0,0.6,0.854,1.0,1.0,0.952,0.14,DPP-4 inhibitor,generic,-gliptin,saturated,False,,
mosorgliptin,True,ngram_guided,3,60.1,61.98,moderate,-6.98,8.02,metreleptin,0.6644,4,,SIMILARITY_MODERATE,,mosorgliptin,0.0,0.68,0.768,1.0,1.0,0.862,0.305,DPP-4 inhibitor,generic,-gliptin,saturated,True,,
chogliptin,False,ngram_guided,3,65.45,69.92,moderate,-14.92,0.08,colistin,0.7985,3,INTRA_STEM_TOO_CLOSE|TRADEMARK_HIT,SIMILARITY_MODERATE,,chogliptin,0.0,1.0,0.804,1.0,1.0,0.873,0.065,DPP-4 inhibitor,generic,-gliptin,saturated,False,,
niagliptin,False,ngram_guided,3,73.79,61.74,moderate,-6.74,8.26,tianeptine,0.6829,4,INTRA_STEM_TOO_CLOSE|TRADEMARK_HIT,SIMILARITY_MODERATE,,niagliptin,0.0,1.0,0.854,1.0,1.0,0.998,0.979,DPP-4 inhibitor,generic,-gliptin,saturated,False,,
posagliptin,False,ngram_guided,3,62.03,59.88,moderate,-4.88,10.12,sotagliflozin,0.7535,4,INTRA_STEM_TOO_CLOSE|TRADEMARK_HIT,SIMILARITY_MODERATE,,posagliptin,0.0,0.6,0.854,1.0,1.0,0.952,0.506,DPP-4 inhibitor,generic,-gliptin,saturated,False,,
donigliptin,False,ngram_guided,3,64.83,59.68,moderate,-4.68,10.32,epicriptine,0.7694,4,INTRA_STEM_TOO_CLOSE|TRADEMARK_HIT,SIMILARITY_MODERATE,,donigliptin,0.0,0.6,0.854,1.0,1.0,0.952,0.907,DPP-4 inhibitor,generic,-gliptin,saturated,False,,
ixekigliptin,False,ngram_guided,3,54.48,61.3,moderate,-6.3,8.7,epicriptine,0.6617,5,TRADEMARK_HIT,SIMILARITY_MODERATE,,ixekigliptin,0.0,0.45,0.869,1.0,1.0,0.731,0.142,DPP-4 inhibitor,generic,-gliptin,saturated,False,,
famgliptin,False,ngram_guided,3,64.37,61.13,moderate,-6.13,8.87,amlactin,0.66,3,INTRA_STEM_TOO_CLOSE|TRADEMARK_HIT,SIMILARITY_MODERATE,,famgliptin,0.0,1.0,0.742,1.0,1.0,0.873,0.035,DPP-4 inhibitor,generic,-gliptin,saturated,False,,
abegliptin,False,ngram_guided,3,68.48,65.92,moderate,-10.92,4.08,imeglimin,0.6902,4,INTRA_STEM_TOO_CLOSE|TRADEMARK_HIT,SIMILARITY_MODERATE,,abegliptin,0.0,1.0,0.854,1.0,1.0,0.998,0.22,DPP-4 inhibitor,generic,-gliptin,saturated,False,,
emtugliptin,False,ngram_guided,3,60.91,62.69,moderate,-7.69,7.31,ertugliflozin,0.6444,4,TRADEMARK_HIT,SIMILARITY_MODERATE,,emtugliptin,0.0,0.6,0.83,1.0,1.0,0.952,0.397,DPP-4 inhibitor,generic,-gliptin,saturated,False,,
odroxigliptin,True,ngram_guided,3,57.96,58.43,moderate,-3.43,11.57,hydroxylysine,0.7118,5,,SIMILARITY_MODERATE,,odroxigliptin,0.0,0.517,0.739,1.0,1.0,0.624,0.863,DPP-4 inhibitor,generic,-gliptin,saturated,False,,
theogliptin,False,ngram_guided,3,61.12,61.03,moderate,-6.03,8.97,colistin,0.694,4,INTRA_STEM_TOO_CLOSE|TRADEMARK_HIT,SIMILARITY_MODERATE,,theogliptin,0.0,0.6,0.83,1.0,1.0,0.952,0.427,DPP-4 inhibitor,generic,-gliptin,saturated,False,,
irbegliptin,False,ngram_guided,3,58.32,66.6,moderate,-11.6,3.4,imeglimin,0.6342,4,TRADEMARK_HIT,SIMILARITY_MODERATE,,irbegliptin,0.0,0.6,0.83,1.0,1.0,0.952,0.027,DPP-4 inhibitor,generic,-gliptin,saturated,False,,
laurdimgliptin,True,ngram_guided,3,47.94,57.35,moderate,-2.35,12.65,laurdimonium,0.6704,4,,SIMILARITY_MODERATE,,laurdimgliptin,0.0,0.15,0.743,1.0,1.0,0.659,0.422,DPP-4 inhibitor,generic,-gliptin,saturated,False,,
rhugliptin,False,ngram_guided,3,62.27,58.52,moderate,-3.52,11.48,reclipsen,0.6056,3,TRADEMARK_HIT,SIMILARITY_MODERATE|ILLEGAL_ONSET_CLUSTER,,rhugliptin,0.0,1.0,0.606,1.0,1.0,0.873,0.009,DPP-4 inhibitor,generic,-gliptin,saturated,False,,
thagliptin,False,ngram_guided,3,67.23,64.51,moderate,-9.51,5.49,thalitone,0.7676,3,INTRA_STEM_TOO_CLOSE|TRADEMARK_HIT,SIMILARITY_MODERATE,,thagliptin,0.0,1.0,0.804,1.0,1.0,0.873,0.32,DPP-4 inhibitor,generic,-gliptin,saturated,False,,
octylgliptin,True,ngram_guided,3,49.86,59.08,moderate,-4.08,10.92,dioctyltin,0.8749,4,,SIMILARITY_MODERATE,,octylgliptin,0.0,0.45,0.768,1.0,0.53,0.862,0.573,DPP-4 inhibitor,generic,-gliptin,saturated,False,,
ibagliptin,False,ngram_guided,3,69.53,65.28,moderate,-10.28,4.72,imeglimin,0.6444,4,INTRA_STEM_TOO_CLOSE|TRADEMARK_HIT,SIMILARITY_MODERATE,,ibagliptin,0.0,1.0,0.854,1.0,1.0,0.998,0.37,DPP-4 inhibitor,generic,-gliptin,saturated,False,,
hexegliptin,False,ngram_guided,3,62.99,64.99,moderate,-9.99,5.01,hexetidine,0.7632,4,INTRA_STEM_TOO_CLOSE|TRADEMARK_HIT,SIMILARITY_MODERATE,,hexegliptin,0.0,0.6,0.854,1.0,1.0,0.952,0.644,DPP-4 inhibitor,generic,-gliptin,saturated,False,,
pentugliptin,True,ngram_guided,3,57.36,61.01,moderate,-6.01,8.99,pentostatin,0.7361,4,,SIMILARITY_MODERATE,,pentugliptin,0.0,0.45,0.83,1.0,1.0,0.862,0.447,DPP-4 inhibitor,generic,-gliptin,saturated,False,,
ketogliptin,False,ngram_guided,3,64.44,64.37,moderate,-9.37,5.63,ketoglutaric,0.7489,4,INTRA_STEM_TOO_CLOSE|TRADEMARK_HIT,SIMILARITY_MODERATE,,ketogliptin,0.0,0.6,0.854,1.0,1.0,0.952,0.851,DPP-4 inhibitor,generic,-gliptin,saturated,False,,
febutgliptin,True,ngram_guided,3,58.53,59.97,moderate,-4.97,10.03,metreleptin,0.6286,4,,SIMILARITY_MODERATE,,febutgliptin,0.0,0.45,0.768,1.0,1.0,0.862,0.738,DPP-4 inhibitor,generic,-gliptin,saturated,True,,
amylgliptin,False,ngram_guided,3,63.21,65.51,moderate,-10.51,4.49,amylopectin,0.8046,4,INTRA_STEM_TOO_CLOSE|TRADEMARK_HIT,SIMILARITY_MODERATE,,amylgliptin,0.0,0.6,0.768,1.0,1.0,0.952,0.848,DPP-4 inhibitor,generic,-gliptin,saturated,False,,
miocagliptin,False,ngram_guided,3,58.98,60.95,moderate,-5.95,9.05,ergocriptine,0.6366,5,INTRA_STEM_TOO_CLOSE|TRADEMARK_HIT,SIMILARITY_MODERATE,,miocagliptin,0.0,0.45,0.869,1.0,1.0,0.731,0.785,DPP-4 inhibitor,generic,-gliptin,saturated,False,,
naagliptin,False,ngram_guided+refined,3,66.94,63.66,moderate,-8.66,6.34,naratriptan,0.6085,4,INTRA_STEM_TOO_CLOSE|TRADEMARK_HIT,SIMILARITY_MODERATE,niagliptin,niagliptin -> naagliptin,0.0,1.0,0.854,1.0,1.0,0.998,0.0,DPP-4 inhibitor,generic,-gliptin,saturated,False,,
nuagliptin,False,ngram_guided+refined,3,66.94,59.69,moderate,-4.69,10.31,leptin,0.6135,4,INTRA_STEM_TOO_CLOSE|TRADEMARK_HIT,SIMILARITY_MODERATE,niagliptin,niagliptin -> naagliptin -> nuagliptin,0.0,1.0,0.854,1.0,1.0,0.998,0.0,DPP-4 inhibitor,generic,-gliptin,saturated,False,,
arogliptin,False,grammar+refined,3,66.98,63.38,moderate,-8.38,6.62,colistin,0.7814,4,INTRA_STEM_TOO_CLOSE|TRADEMARK_HIT,SIMILARITY_MODERATE,atogliptin,atogliptin -> arogliptin,0.0,1.0,0.854,1.0,1.0,0.998,0.006,DPP-4 inhibitor,generic,-gliptin,saturated,False,,
abogliptin,False,grammar+refined,3,66.96,63.38,moderate,-8.38,6.62,colistin,0.7211,4,INTRA_STEM_TOO_CLOSE|TRADEMARK_HIT,SIMILARITY_MODERATE,atogliptin,atogliptin -> arogliptin -> abogliptin,0.0,1.0,0.854,1.0,1.0,0.998,0.003,DPP-4 inhibitor,generic,-gliptin,saturated,False,,
akogliptin,False,grammar+refined,3,66.94,68.48,moderate,-13.48,1.52,colistin,0.6081,4,INTRA_STEM_TOO_CLOSE|TRADEMARK_HIT,SIMILARITY_MODERATE,atogliptin,atogliptin -> arogliptin -> abogliptin -> akogliptin,0.0,1.0,0.854,1.0,1.0,0.998,0.0,DPP-4 inhibitor,generic,-gliptin,saturated,False,,
ijagliptin,False,ngram_guided+refined,3,66.94,62.3,moderate,-7.3,7.7,imeglimin,0.6088,4,INTRA_STEM_TOO_CLOSE|TRADEMARK_HIT,SIMILARITY_MODERATE,ibagliptin,ibagliptin -> ijagliptin,0.0,1.0,0.854,1.0,1.0,0.998,0.0,DPP-4 inhibitor,generic,-gliptin,saturated,False,,
ifagliptin,False,ngram_guided+refined,3,66.94,60.92,moderate,-5.92,9.08,imeglimin,0.6444,4,INTRA_STEM_TOO_CLOSE|TRADEMARK_HIT,SIMILARITY_MODERATE,ibagliptin,ibagliptin -> ijagliptin -> ifagliptin,0.0,1.0,0.854,1.0,1.0,0.998,0.0,DPP-4 inhibitor,generic,-gliptin,saturated,False,,
imagliptin,False,ngram_guided+refined,3,69.48,72.53,high,-17.53,-2.53,imeglimin,0.7357,4,SIMILARITY_TOO_HIGH|INTRA_STEM_TOO_CLOSE|TRADEMARK_HIT,,ibagliptin,ibagliptin -> ijagliptin -> ifagliptin -> imagliptin,0.0,1.0,0.854,1.0,1.0,0.998,0.364,DPP-4 inhibitor,generic,-gliptin,saturated,False,,
anegliptin,False,ngram_guided+refined,3,67.12,66.71,moderate,-11.71,3.29,imeglimin,0.717,4,INTRA_STEM_TOO_CLOSE|TRADEMARK_HIT,SIMILARITY_MODERATE,abegliptin,abegliptin -> anegliptin,0.0,1.0,0.854,1.0,1.0,0.998,0.026,DPP-4 inhibitor,generic,-gliptin,saturated,False,,
apegliptin,False,ngram_guided+refined,3,66.96,66.88,moderate,-11.88,3.12,epicriptine,0.743,4,INTRA_STEM_TOO_CLOSE|TRADEMARK_HIT,SIMILARITY_MODERATE,abegliptin,abegliptin -> anegliptin -> apegliptin,0.0,1.0,0.854,1.0,1.0,0.998,0.003,DPP-4 inhibitor,generic,-gliptin,saturated,False,,
ayegliptin,False,ngram_guided+refined,3,66.94,65.31,moderate,-10.31,4.69,reclipsen,0.6048,4,INTRA_STEM_TOO_CLOSE|TRADEMARK_HIT,SIMILARITY_MODERATE,abegliptin,abegliptin -> anegliptin -> apegliptin -> ayegliptin,0.0,1.0,0.854,1.0,1.0,0.998,0.0,DPP-4 inhibitor,generic,-gliptin,saturated,False,,
inagliptin,False,grammar+refined,3,71.56,74.81,high,-19.81,-4.81,linagliptin,0.7149,4,SIMILARITY_TOO_HIGH|INTRA_STEM_TOO_CLOSE|TRADEMARK_HIT,,idagliptin,idagliptin -> inagliptin,0.0,1.0,0.854,1.0,1.0,0.998,0.66,DPP-4 inhibitor,generic,-gliptin,saturated,False,,
unagliptin,False,grammar+refined,3,66.94,59.75,moderate,-4.75,10.25,imeglimin,0.6859,4,INTRA_STEM_TOO_CLOSE|TRADEMARK_HIT,SIMILARITY_MODERATE,idagliptin,idagliptin -> inagliptin -> unagliptin,0.0,1.0,0.854,1.0,1.0,0.998,0.0,DPP-4 inhibitor,generic,-gliptin,saturated,False,,
upagliptin,False,grammar+refined,3,66.94,64.1,moderate,-9.1,5.9,epicriptine,0.6496,4,INTRA_STEM_TOO_CLOSE|TRADEMARK_HIT,SIMILARITY_MODERATE,idagliptin,idagliptin -> inagliptin -> unagliptin -> upagliptin,0.0,1.0,0.854,1.0,1.0,0.998,0.0,DPP-4 inhibitor,generic,-gliptin,saturated,False,,
cigugliptin,False,grammar+refined,3,58.49,58.8,moderate,-3.8,11.2,colistin,0.6513,4,INTRA_STEM_TOO_CLOSE|TRADEMARK_HIT,SIMILARITY_MODERATE,cilugliptin,cilugliptin -> cigugliptin,0.0,0.6,0.854,1.0,1.0,0.952,0.001,DPP-4 inhibitor,generic,-gliptin,saturated,False,,
cegugliptin,False,grammar+refined,3,66.48,61.93,moderate,-6.93,8.07,teduglutide,0.6458,4,TRADEMARK_HIT,SIMILARITY_MODERATE,cilugliptin,cilugliptin -> cigugliptin -> cegugliptin,0.0,1.0,0.854,1.0,1.0,0.952,0.0,DPP-4 inhibitor,generic,-gliptin,saturated,False,,
cexugliptin,False,grammar+refined,3,66.49,61.04,moderate,-6.04,8.96,exfoliating,0.6231,4,INTRA_STEM_TOO_CLOSE|TRADEMARK_HIT,SIMILARITY_MODERATE,cilugliptin,cilugliptin -> cigugliptin -> cegugliptin -> cexugliptin,0.0,1.0,0.854,1.0,1.0,0.952,0.001,DPP-4 inhibitor,generic,-gliptin,saturated,False,,
tkagliptin,False,ngram_guided+refined,3,62.21,59.35,moderate,-4.35,10.65,oxaliplatin,0.5328,3,INTRA_STEM_TOO_CLOSE|TRADEMARK_HIT,SIMILARITY_MODERATE|ILLEGAL_ONSET_CLUSTER,thagliptin,thagliptin -> tkagliptin,0.0,1.0,0.606,1.0,1.0,0.873,0.0,DPP-4 inhibitor,generic,-gliptin,saturated,False,,
tragliptin,False,ngram_guided+refined,3,64.93,66.03,moderate,-11.03,3.97,metreleptin,0.8341,3,INTRA_STEM_TOO_CLOSE|TRADEMARK_HIT,SIMILARITY_MODERATE,thagliptin,thagliptin -> tkagliptin -> tragliptin,0.0,1.0,0.658,1.0,1.0,0.873,0.283,DPP-4 inhibitor,generic,-gliptin,saturated,False,,
tgagliptin,False,ngram_guided+refined,3,62.21,63.33,moderate,-8.33,6.67,galectin,0.5313,3,INTRA_STEM_TOO_CLOSE|TRADEMARK_HIT,SIMILARITY_MODERATE|ILLEGAL_ONSET_CLUSTER,thagliptin,thagliptin -> tkagliptin -> tragliptin -> tgagliptin,0.0,1.0,0.606,1.0,1.0,0.873,0.0,DPP-4 inhibitor,generic,-gliptin,saturated,False,,
ohigliptin,False,grammar+refined,3,66.94,61.78,moderate,-6.78,8.22,epicriptine,0.612,4,TRADEMARK_HIT,SIMILARITY_MODERATE,ovigliptin,ovigliptin -> ohigliptin,0.0,1.0,0.854,1.0,1.0,0.998,0.0,DPP-4 inhibitor,generic,-gliptin,saturated,False,,
obigliptin,False,grammar+refined,3,67.08,67.15,moderate,-12.15,2.85,epicriptine,0.7142,4,TRADEMARK_HIT,SIMILARITY_MODERATE,ovigliptin,ovigliptin -> ohigliptin -> obigliptin,0.0,1.0,0.854,1.0,1.0,0.998,0.02,DPP-4 inhibitor,generic,-gliptin,saturated,False,,
okigliptin,False,grammar+refined,3,66.94,66.04,moderate,-11.04,3.96,epicriptine,0.6838,4,TRADEMARK_HIT,SIMILARITY_MODERATE,ovigliptin,ovigliptin -> ohigliptin -> obigliptin -> okigliptin,0.0,1.0,0.854,1.0,1.0,0.998,0.0,DPP-4 inhibitor,generic,-gliptin,saturated,False,,
evanegliptin,False,grammar,4,58.08,58.15,moderate,-3.15,11.85,imeglimin,0.673,5,TRADEMARK_HIT,SIMILARITY_MODERATE,,evanegliptin,0.0,0.68,0.869,1.0,1.0,0.731,0.0,DPP-4 inhibitor,generic,-gliptin,saturated,False,,
alvygliptin,False,grammar,4,65.27,62.07,moderate,-7.07,7.93,albiglutide,0.6353,4,INTRA_STEM_TOO_CLOSE|TRADEMARK_HIT,SIMILARITY_MODERATE,,alvygliptin,0.0,1.0,0.768,1.0,1.0,0.952,0.0,DPP-4 inhibitor,generic,-gliptin,saturated,False,,
ixazogliptin,False,grammar,4,53.51,59.61,moderate,-4.61,10.39,oxaliplatin,0.6963,5,INTRA_STEM_TOO_CLOSE|TRADEMARK_HIT,SIMILARITY_MODERATE,,ixazogliptin,0.0,0.45,0.869,1.0,1.0,0.731,0.004,DPP-4 inhibitor,generic,-gliptin,saturated,False,,
ricegliptin,False,grammar,4,58.48,66.09,moderate,-11.09,3.91,triceptin,0.6489,4,INTRA_STEM_TOO_CLOSE|TRADEMARK_HIT,SIMILARITY_MODERATE,,ricegliptin,0.0,0.6,0.854,1.0,1.0,0.952,0.0,DPP-4 inhibitor,generic,-gliptin,saturated,False,,
qentegliptin,False,grammar,4,58.83,62.28,moderate,-7.28,7.72,metreleptin,0.6134,4,TRADEMARK_HIT,SIMILARITY_MODERATE,,qentegliptin,0.0,0.68,0.83,1.0,1.0,0.862,0.0,DPP-4 inhibitor,generic,-gliptin,saturated,False,,
henigliptin,False,grammar,4,58.49,65.11,moderate,-10.11,4.89,epicriptine,0.7909,4,INTRA_STEM_TOO_CLOSE|TRADEMARK_HIT,SIMILARITY_MODERATE,,henigliptin,0.0,0.6,0.854,1.0,1.0,0.952,0.001,DPP-4 inhibitor,generic,-gliptin,saturated,False,,
sirigliptin,False,grammar,4,60.63,60.2,moderate,-5.2,9.8,triceptin,0.7173,4,INTRA_STEM_TOO_CLOSE|TRADEMARK_HIT,SIMILARITY_MODERATE,,sirigliptin,0.0,0.6,0.854,1.0,1.0,0.952,0.307,DPP-4 inhibitor,generic,-gliptin,saturated,False,,
epugliptin,False,grammar,4,66.94,72.3,high,-17.3,-2.3,epicriptine,0.6042,4,SIMILARITY_TOO_HIGH|TRADEMARK_HIT,,,epugliptin,0.0,1.0,0.854,1.0,1.0,0.998,0.0,DPP-4 inhibitor,generic,-gliptin,saturated,False,,
penogliptin,False,grammar,4,65.27,62.0,moderate,-7.0,8.0,lenograstim,0.8585,4,INTRA_STEM_TOO_CLOSE|TRADEMARK_HIT,SIMILARITY_MODERATE,,penogliptin,0.0,0.6,0.854,1.0,1.0,0.952,0.969,DPP-4 inhibitor,generic,-gliptin,saturated,False,,
axogliptin,False,grammar,4,66.94,64.47,moderate,-9.47,5.53,saxagliptin,0.7055,4,INTRA_STEM_TOO_CLOSE|TRADEMARK_HIT,SIMILARITY_MODERATE,,axogliptin,0.0,1.0,0.854,1.0,1.0,0.998,0.0,DPP-4 inhibitor,generic,-gliptin,saturated,False,,
asrogliptin,False,grammar,4,66.14,60.61,moderate,-5.61,9.39,metreleptin,0.6374,4,INTRA_STEM_TOO_CLOSE|TRADEMARK_HIT,SIMILARITY_MODERATE,,asrogliptin,0.0,1.0,0.83,1.0,1.0,0.952,0.0,DPP-4 inhibitor,generic,-gliptin,saturated,False,,
rasogliptin,False,grammar,4,58.55,58.33,moderate,-3.33,11.67,colistin,0.6953,4,INTRA_STEM_TOO_CLOSE|TRADEMARK_HIT,SIMILARITY_MODERATE,,rasogliptin,0.0,0.6,0.854,1.0,1.0,0.952,0.01,DPP-4 inhibitor,generic,-gliptin,saturated,False,,
emogliptin,False,grammar,4,67.02,66.47,moderate,-11.47,3.53,imeglimin,0.711,4,INTRA_STEM_TOO_CLOSE|TRADEMARK_HIT,SIMILARITY_MODERATE,,emogliptin,0.0,1.0,0.854,1.0,1.0,0.998,0.012,DPP-4 inhibitor,generic,-gliptin,saturated,False,,
doavegliptin,False,grammar,4,64.48,55.27,moderate,-0.27,14.73,imeglimin,0.6188,5,TRADEMARK_HIT,SIMILARITY_MODERATE,,doavegliptin,0.0,1.0,0.869,1.0,1.0,0.731,0.0,DPP-4 inhibitor,generic,-gliptin,saturated,False,,
fexigliptin,False,grammar,4,62.07,64.46,moderate,-9.46,5.54,mexiletine,0.6705,4,INTRA_STEM_TOO_CLOSE|TRADEMARK_HIT,SIMILARITY_MODERATE,,fexigliptin,0.0,0.6,0.854,1.0,1.0,0.952,0.512,DPP-4 inhibitor,generic,-gliptin,saturated,False,,
lubasogliptin,False,grammar,4,60.24,52.75,low,2.25,17.25,fluvastatin,0.6651,5,TRADEMARK_HIT,,,lubasogliptin,0.09,0.733,0.869,1.0,1.0,0.624,0.0,DPP-4 inhibitor,generic,-gliptin,saturated,False,,
diavagliptin,False,grammar,4,64.49,59.74,moderate,-4.74,10.26,dapagliflozin,0.6455,5,INTRA_STEM_TOO_CLOSE|TRADEMARK_HIT,SIMILARITY_MODERATE,,diavagliptin,0.0,1.0,0.869,1.0,1.0,0.731,0.001,DPP-4 inhibitor,generic,-gliptin,saturated,False,,
figiagliptin,False,grammar,4,58.08,55.59,moderate,-0.59,14.41,ergocriptine,0.6356,5,INTRA_STEM_TOO_CLOSE|TRADEMARK_HIT,SIMILARITY_MODERATE,,figiagliptin,0.0,0.68,0.869,1.0,1.0,0.731,0.0,DPP-4 inhibitor,generic,-gliptin,saturated,False,,
eragliptin,False,grammar,4,69.51,63.99,moderate,-8.99,6.01,ergocriptine,0.7421,4,INTRA_STEM_TOO_CLOSE|TRADEMARK_HIT,SIMILARITY_MODERATE,,eragliptin,0.0,1.0,0.854,1.0,1.0,0.998,0.367,DPP-4 inhibitor,generic,-gliptin,saturated,False,,
lovigliptin,False,grammar,4,63.27,60.9,moderate,-5.9,9.1,clevidipine,0.7245,4,INTRA_STEM_TOO_CLOSE|TRADEMARK_HIT,SIMILARITY_MODERATE,,lovigliptin,0.0,0.6,0.854,1.0,1.0,0.952,0.683,DPP-4 inhibitor,generic,-gliptin,saturated,False,,
lelfogliptin,False,grammar,4,58.83,63.88,moderate,-8.88,6.12,dalfopristin,0.6076,4,INTRA_STEM_TOO_CLOSE|TRADEMARK_HIT,SIMILARITY_MODERATE,,lelfogliptin,0.0,0.68,0.83,1.0,1.0,0.862,0.0,DPP-4 inhibitor,generic,-gliptin,saturated,False,,
doxazugliptin,False,grammar,4,53.77,62.31,moderate,-7.31,7.69,oxaliplatin,0.6532,5,TRADEMARK_HIT,SIMILARITY_MODERATE,,doxazugliptin,0.0,0.517,0.869,1.0,1.0,0.624,0.003,DPP-4 inhibitor,generic,-gliptin,saturated,False,,
lollabogliptin,False,grammar,4,60.83,51.57,low,3.43,18.43,carboplatin,0.6676,5,TRADEMARK_HIT,,,lollabogliptin,0.137,0.771,0.845,1.0,1.0,0.527,0.001,DPP-4 inhibitor,generic,-gliptin,saturated,False,,
lixodrogliptin,True,grammar,4,56.2,57.53,moderate,-2.53,12.47,dioxopyrrolidin,0.7075,5,,SIMILARITY_MODERATE,,lixodrogliptin,0.0,0.771,0.739,1.0,1.0,0.527,0.021,DPP-4 inhibitor,generic,-gliptin,saturated,False,,
budesgliptin,True,ngram_guided,4,57.34,56.23,moderate,-1.23,13.77,desitin,0.6589,4,,SIMILARITY_MODERATE,,budesgliptin,0.0,0.45,0.768,1.0,1.0,0.862,0.568,DPP-4 inhibitor,generic,-gliptin,saturated,False,,
gatorgliptin,False,ngram_guided,4,59.02,61.01,moderate,-6.01,8.99,metreleptin,0.6627,4,TRADEMARK_HIT,SIMILARITY_MODERATE,,gatorgliptin,0.0,0.68,0.768,1.0,1.0,0.862,0.15,DPP-4 inhibitor,generic,-gliptin,saturated,False,,
avangliptin,False,ngram_guided,4,62.68,59.42,moderate,-4.42,10.58,angelicin,0.7173,4,INTRA_STEM_TOO_CLOSE|TRADEMARK_HIT,SIMILARITY_MODERATE,,avangliptin,0.0,0.6,0.768,1.0,1.0,0.952,0.773,DPP-4 inhibitor,generic,-gliptin,saturated,False,,
desgliptin,False,ngram_guided,4,67.27,64.86,moderate,-9.86,5.14,desitin,0.7004,3,TRADEMARK_HIT,SIMILARITY_MODERATE,,desgliptin,0.0,1.0,0.742,1.0,1.0,0.873,0.449,DPP-4 inhibitor,generic,-gliptin,saturated,False,,
tyrotufogliptin,True,ngram_guided,4,50.26,55.27,moderate,-0.27,14.73,proteoglycan,0.6339,6,,SIMILARITY_MODERATE,,tyrotufogliptin,0.0,0.6,0.768,1.0,1.0,0.237,0.019,DPP-4 inhibitor,generic,-gliptin,saturated,False,,
fluogliptin,False,ngram_guided,4,59.0,66.98,moderate,-11.98,3.02,fluoxetine,0.7555,4,INTRA_STEM_TOO_CLOSE|TRADEMARK_HIT,SIMILARITY_MODERATE,,fluogliptin,0.0,0.6,0.709,1.0,1.0,0.952,0.366,DPP-4 inhibitor,generic,-gliptin,saturated,False,,
evobenzagliptin,True,ngram_guided,4,46.23,54.27,low,0.73,15.73,ethybenztropine,0.7513,6,,,,evobenzagliptin,0.029,0.4,0.855,1.0,0.53,0.237,0.816,DPP-4 inhibitor,generic,-gliptin,saturated,False,,
aprgliptin,False,ngram_guided,4,59.78,62.45,moderate,-7.45,7.55,priftin,0.5264,3,INTRA_STEM_TOO_CLOSE|TRADEMARK_HIT,SIMILARITY_MODERATE,,aprgliptin,0.0,1.0,0.574,0.65,1.0,0.873,0.166,DPP-4 inhibitor,generic,-gliptin,saturated,False,,
tyrothiegliptin,True,ngram_guided,4,47.96,60.41,moderate,-5.41,9.59,tyrothricin,0.6951,5,,SIMILARITY_MODERATE,,tyrothiegliptin,0.0,0.4,0.733,1.0,1.0,0.456,0.019,DPP-4 inhibitor,generic,-gliptin,saturated,False,,
bexgliptin,False,ngram_guided,4,64.52,65.71,moderate,-10.71,4.29,bexagliflozin,0.5239,3,INTRA_STEM_TOO_CLOSE|TRADEMARK_HIT,SIMILARITY_MODERATE,,bexgliptin,0.0,1.0,0.574,1.0,1.0,0.873,0.394,DPP-4 inhibitor,generic,-gliptin,saturated,False,,
cyclgliptin,False,ngram_guided,4,54.57,59.42,moderate,-4.42,10.58,cyclizine,0.6564,3,TRADEMARK_HIT,SIMILARITY_MODERATE,,cyclgliptin,0.0,0.6,0.574,0.65,1.0,0.828,0.629,DPP-4 inhibitor,generic,-gliptin,saturated,False,,
phogliptin,False,ngram_guided,4,70.02,64.68,moderate,-9.68,5.32,colistin,0.8055,3,INTRA_STEM_TOO_CLOSE|TRADEMARK_HIT,SIMILARITY_MODERATE,,phogliptin,0.0,1.0,0.804,1.0,1.0,0.873,0.719,DPP-4 inhibitor,generic,-gliptin,saturated,False,,
hydrogliptin,False,ngram_guided,4,48.29,75.39,high,-20.39,-5.39,hydroseptine,0.9521,4,SIMILARITY_TOO_HIGH|TRADEMARK_HIT,,,hydrogliptin,0.0,0.45,0.622,1.0,0.53,0.862,0.641,DPP-4 inhibitor,generic,-gliptin,saturated,False,,
vamphogliptin,False,ngram_guided,4,54.55,60.36,moderate,-5.36,9.64,amphotericin,0.7364,4,TRADEMARK_HIT,SIMILARITY_MODERATE,,vamphogliptin,0.0,0.517,0.743,1.0,1.0,0.755,0.181,DPP-4 inhibitor,generic,-gliptin,saturated,False,,
cidogliptin,False,ngram_guided,4,64.53,61.55,moderate,-6.55,8.45,colistin,0.7728,4,INTRA_STEM_TOO_CLOSE|TRADEMARK_HIT,SIMILARITY_MODERATE,,cidogliptin,0.0,0.6,0.854,1.0,1.0,0.952,0.863,DPP-4 inhibitor,generic,-gliptin,saturated,False,,
bebtelcagliptin,True,ngram_guided,4,49.85,55.69,moderate,-0.69,14.31,etelcalcetide,0.6125,5,,SIMILARITY_MODERATE,,bebtelcagliptin,0.0,0.4,0.82,1.0,1.0,0.456,0.117,DPP-4 inhibitor,generic,-gliptin,saturated,False,,
sotgliptin,False,ngram_guided,4,69.37,62.03,moderate,-7.03,7.97,colistin,0.6129,3,INTRA_STEM_TOO_CLOSE|TRADEMARK_HIT,SIMILARITY_MODERATE,,sotgliptin,0.0,1.0,0.742,1.0,1.0,0.873,0.75,DPP-4 inhibitor,generic,-gliptin,saturated,False,,
vutogliptin,False,ngram_guided,4,58.73,61.18,moderate,-6.18,8.82,colistin,0.6596,4,INTRA_STEM_TOO_CLOSE|TRADEMARK_HIT,SIMILARITY_MODERATE,,vutogliptin,0.0,0.6,0.854,1.0,1.0,0.952,0.035,DPP-4 inhibitor,generic,-gliptin,saturated,False,,
zofegliptin,False,ngram_guided,4,60.19,58.46,moderate,-3.46,11.54,lofexidine,0.6448,4,TRADEMARK_HIT,SIMILARITY_MODERATE,,zofegliptin,0.0,0.6,0.854,1.0,1.0,0.952,0.244,DPP-4 inhibitor,generic,-gliptin,saturated,False,,
fanligliptin,False,ngram_guided,4,56.93,58.18,moderate,-3.18,11.82,oxaliplatin,0.6617,4,INTRA_STEM_TOO_CLOSE|TRADEMARK_HIT,SIMILARITY_MODERATE,,fanligliptin,0.0,0.45,0.83,1.0,1.0,0.862,0.385,DPP-4 inhibitor,generic,-gliptin,saturated,False,,
afampigliptin,True,ngram_guided,4,57.63,60.4,moderate,-5.4,9.6,epicriptine,0.6897,5,,SIMILARITY_MODERATE,,afampigliptin,0.0,0.517,0.845,1.0,1.0,0.624,0.604,DPP-4 inhibitor,generic,-gliptin,saturated,False,,
givogliptin,False,ngram_guided,4,59.82,58.33,moderate,-3.33,11.67,colistin,0.6678,4,INTRA_STEM_TOO_CLOSE|TRADEMARK_HIT,SIMILARITY_MODERATE,,givogliptin,0.0,0.6,0.854,1.0,1.0,0.952,0.191,DPP-4 inhibitor,generic,-gliptin,saturated,False,,
ozogliptin,False,ngram_guided,4,67.18,63.38,moderate,-8.38,6.62,colistin,0.6874,4,INTRA_STEM_TOO_CLOSE|TRADEMARK_HIT,SIMILARITY_MODERATE,,ozogliptin,0.0,1.0,0.854,1.0,1.0,0.998,0.034,DPP-4 inhibitor,generic,-gliptin,saturated,False,,
pnogliptin,False,ngram_guided+refined,4,64.99,64.47,moderate,-9.47,5.53,colistin,0.7046,3,INTRA_STEM_TOO_CLOSE|TRADEMARK_HIT,SIMILARITY_MODERATE,phogliptin,phogliptin -> pnogliptin,0.0,1.0,0.804,1.0,1.0,0.873,0.0,DPP-4 inhibitor,generic,-gliptin,saturated,False,,
pkogliptin,False,ngram_guided+refined,4,62.21,66.93,moderate,-11.93,3.07,colistin,0.5352,3,INTRA_STEM_TOO_CLOSE|TRADEMARK_HIT,SIMILARITY_MODERATE|ILLEGAL_ONSET_CLUSTER,phogliptin,phogliptin -> pnogliptin -> pkogliptin,0.0,1.0,0.606,1.0,1.0,0.873,0.0,DPP-4 inhibitor,generic,-gliptin,saturated,False,,
pbogliptin,False,ngram_guided+refined,4,62.21,62.03,moderate,-7.03,7.97,colistin,0.5429,3,INTRA_STEM_TOO_CLOSE|TRADEMARK_HIT,SIMILARITY_MODERATE|ILLEGAL_ONSET_CLUSTER,phogliptin,phogliptin -> pnogliptin -> pkogliptin -> pbogliptin,0.0,1.0,0.606,1.0,1.0,0.873,0.0,DPP-4 inhibitor,generic,-gliptin,saturated,False,,
epagliptin,False,grammar+refined,4,67.03,70.4,high,-15.4,-0.4,epicriptine,0.7301,4,SIMILARITY_TOO_HIGH|INTRA_STEM_TOO_CLOSE|TRADEMARK_HIT,,eragliptin,eragliptin -> epagliptin,0.0,1.0,0.854,1.0,1.0,0.998,0.013,DPP-4 inhibitor,generic,-gliptin,saturated,False,,
sutgliptin,False,ngram_guided+refined,4,64.15,62.24,moderate,-7.24,7.76,subtilisin,0.6119,3,INTRA_STEM_TOO_CLOSE|TRADEMARK_HIT,SIMILARITY_MODERATE,sotgliptin,sotgliptin -> sutgliptin,0.0,1.0,0.742,1.0,1.0,0.873,0.004,DPP-4 inhibitor,generic,-gliptin,saturated,False,,
satgliptin,False,ngram_guided+refined,4,64.2,60.65,moderate,-5.65,9.35,satraplatin,0.628,3,INTRA_STEM_TOO_CLOSE|TRADEMARK_HIT,SIMILARITY_MODERATE,sotgliptin,sotgliptin -> sutgliptin -> satgliptin,0.0,1.0,0.742,1.0,1.0,0.873,0.011,DPP-4 inhibitor,generic,-gliptin,saturated,False,,
setgliptin,False,ngram_guided+refined,4,64.18,65.06,moderate,-10.06,4.94,metreleptin,0.6216,3,INTRA_STEM_TOO_CLOSE|TRADEMARK_HIT,SIMILARITY_MODERATE,sotgliptin,sotgliptin -> sutgliptin -> satgliptin -> setgliptin,0.0,1.0,0.742,1.0,1.0,0.873,0.007,DPP-4 inhibitor,generic,-gliptin,saturated,False,,
disgliptin,False,ngram_guided+refined,4,64.18,65.23,moderate,-10.23,4.77,cisplatin,0.7041,3,INTRA_STEM_TOO_CLOSE|TRADEMARK_HIT,SIMILARITY_MODERATE,desgliptin,desgliptin -> disgliptin,0.0,1.0,0.742,1.0,1.0,0.873,0.007,DPP-4 inhibitor,generic,-gliptin,saturated,False,,
oxogliptin,False,ngram_guided+refined,4,67.07,67.0,moderate,-12.0,3.0,oxaliplatin,0.7926,4,INTRA_STEM_TOO_CLOSE|TRADEMARK_HIT,SIMILARITY_MODERATE,ozogliptin,ozogliptin -> oxogliptin,0.0,1.0,0.854,1.0,1.0,0.998,0.018,DPP-4 inhibitor,generic,-gliptin,saturated,False,,
oyogliptin,False,ngram_guided+refined,4,66.94,66.03,moderate,-11.03,3.97,colistin,0.6379,4,INTRA_STEM_TOO_CLOSE|TRADEMARK_HIT,SIMILARITY_MODERATE,ozogliptin,ozogliptin -> oxogliptin -> oyogliptin,0.0,1.0,0.854,1.0,1.0,0.998,0.0,DPP-4 inhibitor,generic,-gliptin,saturated,False,,
ogogliptin,False,ngram_guided+refined,4,66.94,68.38,moderate,-13.38,1.62,ergocriptine,0.6163,4,INTRA_STEM_TOO_CLOSE|TRADEMARK_HIT,SIMILARITY_MODERATE,ozogliptin,ozogliptin -> oxogliptin -> oyogliptin -> ogogliptin,0.0,1.0,0.854,1.0,1.0,0.998,0.0,DPP-4 inhibitor,generic,-gliptin,saturated,False,,
egogliptin,False,grammar+refined,4,66.94,71.21,high,-16.21,-1.21,ergocriptine,0.6625,4,SIMILARITY_TOO_HIGH|INTRA_STEM_TOO_CLOSE|TRADEMARK_HIT,,emogliptin,emogliptin -> egogliptin,0.0,1.0,0.854,1.0,1.0,0.998,0.0,DPP-4 inhibitor,generic,-gliptin,saturated,False,,
evugliptin,False,grammar+refined,4,66.94,63.45,moderate,-8.45,6.55,epicriptine,0.6302,4,INTRA_STEM_TOO_CLOSE|TRADEMARK_HIT,SIMILARITY_MODERATE,epugliptin,epugliptin -> evugliptin,0.0,1.0,0.854,1.0,1.0,0.998,0.0,DPP-4 inhibitor,generic,-gliptin,saturated,False,,
enugliptin,False,grammar+refined,4,66.94,62.71,moderate,-7.71,7.29,epicriptine,0.6494,4,INTRA_STEM_TOO_CLOSE|TRADEMARK_HIT,SIMILARITY_MODERATE,epugliptin,epugliptin -> evugliptin -> enugliptin,0.0,1.0,0.854,1.0,1.0,0.998,0.0,DPP-4 inhibitor,generic,-gliptin,saturated,False,,
ewugliptin,False,grammar+refined,4,66.94,62.81,moderate,-7.81,7.19,leptin,0.6051,4,INTRA_STEM_TOO_CLOSE|TRADEMARK_HIT,SIMILARITY_MODERATE,epugliptin,epugliptin -> evugliptin -> enugliptin -> ewugliptin,0.0,1.0,0.854,1.0,1.0,0.998,0.0,DPP-4 inhibitor,generic,-gliptin,saturated,False,,
ayogliptin,False,grammar+refined,4,66.94,66.03,moderate,-11.03,3.97,colistin,0.6087,4,INTRA_STEM_TOO_CLOSE|TRADEMARK_HIT,SIMILARITY_MODERATE,axogliptin,axogliptin -> ayogliptin,0.0,1.0,0.854,1.0,1.0,0.998,0.0,DPP-4 inhibitor,generic,-gliptin,saturated,False,,
asogliptin,False,grammar+refined,4,66.95,63.78,moderate,-8.78,6.22,alogliptin,0.707,4,INTRA_STEM_TOO_CLOSE|TRADEMARK_HIT,SIMILARITY_MODERATE,axogliptin,axogliptin -> ayogliptin -> asogliptin,0.0,1.0,0.854,1.0,1.0,0.998,0.001,DPP-4 inhibitor,generic,-gliptin,saturated,False,,
loregliflozin,False,grammar,1,53.95,56.63,moderate,-1.63,13.37,boroglycerin,0.7819,5,INTRA_STEM_TOO_CLOSE|TRADEMARK_HIT,SIMILARITY_MODERATE,,loregliflozin,0.0,0.6,0.763,1.0,1.0,0.624,0.003,SGLT2 inhibitor,generic,-gliflozin,saturated,False,,
ciszogliflozin,True,grammar,1,60.64,59.32,moderate,-4.32,10.68,zoliflodacin,0.6348,5,,SIMILARITY_MODERATE,,ciszogliflozin,0.0,1.0,0.739,1.0,1.0,0.527,0.003,SGLT2 inhibitor,generic,-gliflozin,saturated,True,,
derfegliflozin,False,grammar,1,49.64,57.03,moderate,-2.03,12.97,peoniflorin,0.7034,5,INTRA_STEM_TOO_CLOSE|TRADEMARK_HIT,SIMILARITY_MODERATE,,derfegliflozin,0.0,0.45,0.739,1.0,1.0,0.527,0.003,SGLT2 inhibitor,generic,-gliflozin,saturated,False,,
dopplogliflozin,False,grammar,1,57.41,56.5,moderate,-1.5,13.5,peoniflorin,0.6845,5,INTRA_STEM_TOO_CLOSE|TRADEMARK_HIT,SIMILARITY_MODERATE,,dopplogliflozin,0.0,1.0,0.561,1.0,1.0,0.456,0.0,SGLT2 inhibitor,generic,-gliflozin,saturated,False,,
fapezegliflozin,False,grammar,1,53.01,56.56,moderate,-1.56,13.44,peoniflorin,0.6177,6,INTRA_STEM_TOO_CLOSE|TRADEMARK_HIT,SIMILARITY_MODERATE,,fapezegliflozin,0.0,0.733,0.784,1.0,1.0,0.237,0.0,SGLT2 inhibitor,generic,-gliflozin,saturated,False,,
yligliflozin,False,grammar,1,62.14,61.71,moderate,-6.71,8.29,lidoflazine,0.6507,4,INTRA_STEM_TOO_CLOSE|TRADEMARK_HIT,SIMILARITY_MODERATE|ILLEGAL_ONSET_CLUSTER,,yligliflozin,0.0,1.0,0.609,1.0,1.0,0.862,0.0,SGLT2 inhibitor,generic,-gliflozin,saturated,False,,
dinagliflozin,False,grammar,1,55.74,64.8,moderate,-9.8,5.2,linagliptin,0.8097,5,INTRA_STEM_TOO_CLOSE|TRADEMARK_HIT,SIMILARITY_MODERATE,,dinagliflozin,0.0,0.6,0.763,1.0,1.0,0.624,0.259,SGLT2 inhibitor,generic,-gliflozin,saturated,False,,
denigliflozin,False,grammar,1,60.19,59.45,moderate,-4.45,10.55,peoniflorin,0.7701,5,INTRA_STEM_TOO_CLOSE|TRADEMARK_HIT,SIMILARITY_MODERATE,,denigliflozin,0.0,0.6,0.763,1.0,1.0,0.624,0.894,SGLT2 inhibitor,generic,-gliflozin,saturated,False,,
sukogliflozin,False,grammar,1,61.93,58.41,moderate,-3.41,11.59,peoniflorin,0.6431,5,INTRA_STEM_TOO_CLOSE|TRADEMARK_HIT,SIMILARITY_MODERATE,,sukogliflozin,0.0,1.0,0.763,1.0,1.0,0.624,0.0,SGLT2 inhibitor,generic,-gliflozin,saturated,False,,
mofonugliflozin,True,grammar,1,58.34,55.54,moderate,-0.54,14.46,peoniflorin,0.6659,6,,SIMILARITY_MODERATE,,mofonugliflozin,0.0,1.0,0.784,1.0,1.0,0.237,0.0,SGLT2 inhibitor,generic,-gliflozin,saturated,True,,
donsegliflozin,False,grammar,1,54.24,57.72,moderate,-2.72,12.28,confertiflora,0.7059,5,INTRA_STEM_TOO_CLOSE|TRADEMARK_HIT,SIMILARITY_MODERATE,,donsegliflozin,0.0,0.68,0.739,1.0,1.0,0.527,0.003,SGLT2 inhibitor,generic,-gliflozin,saturated,False,,
feungagliflozin,False,grammar,1,57.89,51.54,low,3.46,18.46,peoniflorin,0.6108,5,INTRA_STEM_TOO_CLOSE|TRADEMARK_HIT,,,feungagliflozin,0.138,0.733,0.739,1.0,1.0,0.456,0.0,SGLT2 inhibitor,generic,-gliflozin,saturated,False,,
icutegliflozin,False,grammar,1,52.66,57.21,moderate,-2.21,12.79,peoniflorin,0.6881,6,INTRA_STEM_TOO_CLOSE|TRADEMARK_HIT,SIMILARITY_MODERATE,,icutegliflozin,0.0,0.68,0.784,1.0,1.0,0.309,0.0,SGLT2 inhibitor,generic,-gliflozin,saturated,False,,
ologliflozin,False,grammar,1,63.01,63.76,moderate,-8.76,6.24,alogliptin,0.7612,5,INTRA_STEM_TOO_CLOSE|TRADEMARK_HIT,SIMILARITY_MODERATE,,ologliflozin,0.0,1.0,0.763,1.0,1.0,0.731,0.001,SGLT2 inhibitor,generic,-gliflozin,saturated,False,,
rimasagliflozin,False,grammar,1,55.93,52.15,low,2.85,17.85,linagliptin,0.6996,6,INTRA_STEM_TOO_CLOSE|TRADEMARK_HIT,,,rimasagliflozin,0.114,0.733,0.784,1.0,1.0,0.237,0.026,SGLT2 inhibitor,generic,-gliflozin,saturated,False,,
balogliflozin,False,grammar,1,58.39,64.85,moderate,-9.85,5.15,alogliptin,0.7774,5,INTRA_STEM_TOO_CLOSE|TRADEMARK_HIT,SIMILARITY_MODERATE,,balogliflozin,0.0,0.6,0.763,1.0,1.0,0.624,0.637,SGLT2 inhibitor,generic,-gliflozin,saturated,False,,
cirmogliflozin,False,grammar,1,60.64,56.8,moderate,-1.8,13.2,peoniflorin,0.6638,5,INTRA_STEM_TOO_CLOSE|TRADEMARK_HIT,SIMILARITY_MODERATE,,cirmogliflozin,0.0,1.0,0.739,1.0,1.0,0.527,0.003,SGLT2 inhibitor,generic,-gliflozin,saturated,False,,
gevegliflozin,False,grammar,1,61.93,57.47,moderate,-2.47,12.53,peoniflorin,0.6771,5,INTRA_STEM_TOO_CLOSE|TRADEMARK_HIT,SIMILARITY_MODERATE,,gevegliflozin,0.0,1.0,0.763,1.0,1.0,0.624,0.0,SGLT2 inhibitor,generic,-gliflozin,saturated,False,,
futlegliflozin,False,grammar,1,54.44,54.78,low,0.22,15.22,peoniflorin,0.6296,5,INTRA_STEM_TOO_CLOSE|TRADEMARK_HIT,,,futlegliflozin,0.009,0.68,0.739,1.0,1.0,0.527,0.001,SGLT2 inhibitor,generic,-gliflozin,saturated,False,,
maxycabagliflozin,False,grammar,1,55.6,50.35,low,4.65,19.65,saxagliptin,0.633,7,TRADEMARK_HIT,,,maxycabagliflozin,0.186,0.8,0.687,1.0,1.0,0.052,0.0,SGLT2 inhibitor,generic,-gliflozin,saturated,False,,
othegliflozin,False,grammar,1,53.58,60.56,moderate,-5.56,9.44,peoniflorin,0.6255,5,INTRA_STEM_TOO_CLOSE|TRADEMARK_HIT,SIMILARITY_MODERATE,,othegliflozin,0.0,0.6,0.739,1.0,1.0,0.624,0.0,SGLT2 inhibitor,generic,-gliflozin,saturated,False,,
claligliflozin,False,grammar,1,53.66,55.13,moderate,-0.13,14.87,lidoflazine,0.738,5,INTRA_STEM_TOO_CLOSE|TRADEMARK_HIT,SIMILARITY_MODERATE,,claligliflozin,0.0,0.68,0.648,1.0,1.0,0.527,0.103,SGLT2 inhibitor,generic,-gliflozin,saturated,False,,
gonogliflozin,False,grammar,1,54.11,57.89,moderate,-2.89,12.11,peoniflorin,0.7718,5,INTRA_STEM_TOO_CLOSE|TRADEMARK_HIT,SIMILARITY_MODERATE,,gonogliflozin,0.0,0.6,0.763,1.0,1.0,0.624,0.026,SGLT2 inhibitor,generic,-gliflozin,saturated,False,,
pelmagliflozin,False,grammar,1,54.27,57.71,moderate,-2.71,12.29,vildagliptin,0.7111,5,INTRA_STEM_TOO_CLOSE|TRADEMARK_HIT,SIMILARITY_MODERATE,,pelmagliflozin,0.0,0.68,0.739,1.0,1.0,0.527,0.007,SGLT2 inhibitor,generic,-gliflozin,saturated,False,,
decanegliflozin,False,ngram_guided,1,39.81,55.85,moderate,-0.85,14.15,canagliflozin,0.7904,6,INTRA_STEM_TOO_CLOSE|TRADEMARK_HIT,SIMILARITY_MODERATE,,decanegliflozin,0.0,0.3,0.784,1.0,0.53,0.237,0.427,SGLT2 inhibitor,generic,-gliflozin,saturated,False,,
pentogliflozin,False,ngram_guided,1,43.67,66.57,moderate,-11.57,3.43,pentoxifylline,0.8418,5,INTRA_STEM_TOO_CLOSE|TRADEMARK_HIT,SIMILARITY_MODERATE,,pentogliflozin,0.0,0.45,0.739,1.0,0.53,0.527,0.225,SGLT2 inhibitor,generic,-gliflozin,saturated,False,,
prastugliflozin,False,ngram_guided,1,58.35,49.69,low,5.31,20.31,prasugrel,0.7388,5,INTRA_STEM_TOO_CLOSE,,,prastugliflozin,0.212,0.517,0.623,1.0,1.0,0.456,0.663,SGLT2 inhibitor,generic,-gliflozin,saturated,False,,
decandogliflozin,False,ngram_guided,1,41.45,53.67,low,1.33,16.33,canagliflozin,0.8443,6,INTRA_STEM_TOO_CLOSE|TRADEMARK_HIT,,,decandogliflozin,0.053,0.357,0.759,1.0,0.53,0.192,0.429,SGLT2 inhibitor,generic,-gliflozin,saturated,False,,
nergliflozin,False,ngram_guided,1,64.58,61.73,moderate,-6.73,8.27,peoniflorin,0.679,4,INTRA_STEM_TOO_CLOSE|TRADEMARK_HIT,SIMILARITY_MODERATE,,nergliflozin,0.0,1.0,0.647,1.0,1.0,0.862,0.273,SGLT2 inhibitor,generic,-gliflozin,saturated,False,,
thiazgliflozin,False,ngram_guided,1,47.01,58.22,moderate,-3.22,11.78,thiazolidine,0.6982,5,INTRA_STEM_TOO_CLOSE|TRADEMARK_HIT,SIMILARITY_MODERATE,,thiazgliflozin,0.0,0.45,0.652,1.0,0.53,0.527,0.876,SGLT2 inhibitor,generic,-gliflozin,saturated,False,,
elegliflozin,False,ngram_guided,1,66.73,59.44,moderate,-4.44,10.56,peoniflorin,0.7263,5,INTRA_STEM_TOO_CLOSE|TRADEMARK_HIT,SIMILARITY_MODERATE,,elegliflozin,0.0,1.0,0.763,1.0,1.0,0.731,0.534,SGLT2 inhibitor,generic,-gliflozin,saturated,False,,
ubromogliflozin,True,ngram_guided,1,43.65,55.89,moderate,-0.89,14.11,urofollitropin,0.7217,6,,SIMILARITY_MODERATE,,ubromogliflozin,0.0,0.517,0.663,1.0,0.53,0.237,0.597,SGLT2 inhibitor,generic,-gliflozin,saturated,False,,
sumaterigliflozin,True,ngram_guided,1,59.42,50.57,low,4.43,19.43,somatorelin,0.8456,7,,,,sumaterigliflozin,0.177,0.6,0.798,1.0,1.0,0.052,0.925,SGLT2 inhibitor,generic,-gliflozin,saturated,True,,
deworgliflozin,False,ngram_guided,1,52.06,54.66,low,0.34,15.34,peoniflorin,0.685,5,INTRA_STEM_TOO_CLOSE|TRADEMARK_HIT,,,deworgliflozin,0.014,0.45,0.677,1.0,1.0,0.527,0.426,SGLT2 inhibitor,generic,-gliflozin,saturated,False,,
methiogliflozin,False,ngram_guided,1,38.75,59.42,moderate,-4.42,10.58,methdilazine,0.9291,6,INTRA_STEM_TOO_CLOSE,SIMILARITY_MODERATE,,methiogliflozin,0.0,0.3,0.759,1.0,0.53,0.237,0.325,SGLT2 inhibitor,generic,-gliflozin,saturated,False,,
abcigliflozin,False,ngram_guided,1,55.63,54.12,low,0.88,15.88,acriflavine,0.673,5,INTRA_STEM_TOO_CLOSE|TRADEMARK_HIT,,,abcigliflozin,0.035,0.6,0.739,1.0,1.0,0.624,0.171,SGLT2 inhibitor,generic,-gliflozin,saturated,False,,
thygliflozin,False,ngram_guided,1,63.63,56.51,moderate,-1.51,13.49,zoliflodacin,0.7559,4,INTRA_STEM_TOO_CLOSE|TRADEMARK_HIT,SIMILARITY_MODERATE,,thygliflozin,0.0,1.0,0.647,1.0,1.0,0.862,0.137,SGLT2 inhibitor,generic,-gliflozin,saturated,False,,
ramgliflozin,False,ngram_guided,1,64.1,57.81,moderate,-2.81,12.19,grandiflorum,0.6859,4,INTRA_STEM_TOO_CLOSE|TRADEMARK_HIT,SIMILARITY_MODERATE,,ramgliflozin,0.0,1.0,0.647,1.0,1.0,0.862,0.204,SGLT2 inhibitor,generic,-gliflozin,saturated,False,,
albugliflozin,False,ngram_guided,1,56.76,57.24,moderate,-2.24,12.76,alogliptin,0.6744,5,INTRA_STEM_TOO_CLOSE|TRADEMARK_HIT,SIMILARITY_MODERATE,,albugliflozin,0.0,0.6,0.739,1.0,1.0,0.624,0.454,SGLT2 inhibitor,generic,-gliflozin,saturated,False,,
abiragliflozin,False,ngram_guided,1,54.98,54.03,low,0.97,15.97,acriflavine,0.7307,6,INTRA_STEM_TOO_CLOSE|TRADEMARK_HIT,,,abiragliflozin,0.039,0.45,0.784,1.0,1.0,0.309,0.855,SGLT2 inhibitor,generic,-gliflozin,saturated,False,,
chirgliflozin,False,ngram_guided,1,54.55,57.23,moderate,-2.23,12.77,peoniflorin,0.7313,4,INTRA_STEM_TOO_CLOSE|TRADEMARK_HIT,SIMILARITY_MODERATE,,chirgliflozin,0.0,0.6,0.622,1.0,1.0,0.755,0.184,SGLT2 inhibitor,generic,-gliflozin,saturated,False,,
omergliflozin,False,ngram_guided,1,53.04,59.57,moderate,-4.57,10.43,peoniflorin,0.699,5,INTRA_STEM_TOO_CLOSE|TRADEMARK_HIT,SIMILARITY_MODERATE,,omergliflozin,0.0,0.6,0.677,1.0,1.0,0.624,0.046,SGLT2 inhibitor,generic,-gliflozin,saturated,False,,
dipeginigliflozin,True,ngram_guided,1,53.33,52.86,low,2.14,17.14,peoniflorin,0.8125,7,,,,dipeginigliflozin,0.086,0.6,0.798,1.0,1.0,0.052,0.369,SGLT2 inhibitor,generic,-gliflozin,saturated,False,,
mirtolgliflozin,False,ngram_guided,1,62.52,50.86,low,4.14,19.14,zoliflodacin,0.6811,5,INTRA_STEM_TOO_CLOSE|TRADEMARK_HIT,,,mirtolgliflozin,0.166,0.733,0.652,1.0,1.0,0.456,0.742,SGLT2 inhibitor,generic,-gliflozin,saturated,False,,
prazgliflozin,False,ngram_guided,1,51.38,56.52,moderate,-1.52,13.48,grandiflorum,0.688,4,INTRA_STEM_TOO_CLOSE|TRADEMARK_HIT,SIMILARITY_MODERATE,,prazgliflozin,0.0,0.6,0.561,1.0,0.59,0.755,0.789,SGLT2 inhibitor,generic,-gliflozin,saturated,False,,
suavigliflozin,False,ngram_guided,1,55.05,50.96,low,4.04,19.04,zoliflodacin,0.7229,6,INTRA_STEM_TOO_CLOSE|TRADEMARK_HIT,,,suavigliflozin,0.162,0.45,0.784,1.0,1.0,0.309,0.444,SGLT2 inhibitor,generic,-gliflozin,saturated,False,,
behenoxagliflozin,False,ngram_guided,1,44.31,53.5,low,1.5,16.5,oxaliplatin,0.7976,7,INTRA_STEM_TOO_CLOSE,,,behenoxagliflozin,0.06,0.4,0.798,1.0,0.53,0.052,0.814,SGLT2 inhibitor,generic,-gliflozin,saturated,False,,
amdinogliflozin,False,ngram_guided,1,50.71,63.0,moderate,-8.0,7.0,amdinocillin,0.701,6,TRADEMARK_HIT,SIMILARITY_MODERATE,,amdinogliflozin,0.0,0.3,0.759,1.0,1.0,0.237,0.958,SGLT2 inhibitor,generic,-gliflozin,saturated,False,,
efegliflozin,False,ngram_guided+refined,1,63.0,63.24,moderate,-8.24,6.76,peoniflorin,0.6737,5,INTRA_STEM_TOO_CLOSE|TRADEMARK_HIT,SIMILARITY_MODERATE,elegliflozin,elegliflozin -> efegliflozin,0.0,1.0,0.763,1.0,1.0,0.731,0.0,SGLT2 inhibitor,generic,-gliflozin,saturated,False,,
ebegliflozin,False,ngram_guided+refined,1,63.0,63.57,moderate,-8.57,6.43,peoniflorin,0.6758,5,INTRA_STEM_TOO_CLOSE|TRADEMARK_HIT,SIMILARITY_MODERATE,elegliflozin,elegliflozin -> efegliflozin -> ebegliflozin,0.0,1.0,0.763,1.0,1.0,0.731,0.0,SGLT2 inhibitor,generic,-gliflozin,saturated,False,,
etegliflozin,False,ngram_guided+refined,1,65.51,64.23,moderate,-9.23,5.77,peoniflorin,0.7063,5,INTRA_STEM_TOO_CLOSE|TRADEMARK_HIT,SIMILARITY_MODERATE,elegliflozin,elegliflozin -> efegliflozin -> ebegliflozin -> etegliflozin,0.0,1.0,0.763,1.0,1.0,0.731,0.359,SGLT2 inhibitor,generic,-gliflozin,saturated,False,,
nirgliflozin,False,ngram_guided+refined,1,62.96,58.51,moderate,-3.51,11.49,peoniflorin,0.6812,4,INTRA_STEM_TOO_CLOSE|TRADEMARK_HIT,SIMILARITY_MODERATE,nergliflozin,nergliflozin -> nirgliflozin,0.0,1.0,0.647,1.0,1.0,0.862,0.041,SGLT2 inhibitor,generic,-gliflozin,saturated,False,,
rumgliflozin,False,ngram_guided+refined,1,62.9,54.76,low,0.24,15.24,peoniflorin,0.6919,4,INTRA_STEM_TOO_CLOSE|TRADEMARK_HIT,,ramgliflozin,ramgliflozin -> rumgliflozin,0.01,1.0,0.647,1.0,1.0,0.862,0.0,SGLT2 inhibitor,generic,-gliflozin,saturated,False,,
ttygliflozin,False,ngram_guided+refined,1,62.67,64.47,moderate,-9.47,5.53,tylvalosin,0.6162,4,INTRA_STEM_TOO_CLOSE|TRADEMARK_HIT,SIMILARITY_MODERATE,thygliflozin,thygliflozin -> ttygliflozin,0.0,1.0,0.647,1.0,1.0,0.862,0.0,SGLT2 inhibitor,generic,-gliflozin,saturated,False,,
tkygliflozin,False,ngram_guided+refined,1,61.54,54.73,low,0.27,15.27,zoliflodacin,0.5659,4,INTRA_STEM_TOO_CLOSE|TRADEMARK_HIT,ILLEGAL_ONSET_CLUSTER,thygliflozin,thygliflozin -> ttygliflozin -> tkygliflozin,0.011,1.0,0.547,1.0,1.0,0.862,0.0,SGLT2 inhibitor,generic,-gliflozin,saturated,False,,
tpygliflozin,False,ngram_guided+refined,1,61.28,60.34,moderate,-5.34,9.66,peoniflorin,0.5644,4,INTRA_STEM_TOO_CLOSE|TRADEMARK_HIT,SIMILARITY_MODERATE|ILLEGAL_ONSET_CLUSTER,thygliflozin,thygliflozin -> ttygliflozin -> tkygliflozin -> tpygliflozin,0.0,1.0,0.547,1.0,1.0,0.862,0.0,SGLT2 inhibitor,generic,-gliflozin,saturated,False,,
owogliflozin,False,grammar+refined,1,63.0,61.46,moderate,-6.46,8.54,peoniflorin,0.6142,5,INTRA_STEM_TOO_CLOSE|TRADEMARK_HIT,SIMILARITY_MODERATE,ologliflozin,ologliflozin -> owogliflozin,0.0,1.0,0.763,1.0,1.0,0.731,0.0,SGLT2 inhibitor,generic,-gliflozin,saturated,False,,
odogliflozin,False,grammar+refined,1,63.0,62.78,moderate,-7.78,7.22,zoliflodacin,0.7449,5,INTRA_STEM_TOO_CLOSE|TRADEMARK_HIT,SIMILARITY_MODERATE,ologliflozin,ologliflozin -> owogliflozin -> odogliflozin,0.0,1.0,0.763,1.0,1.0,0.731,0.0,SGLT2 inhibitor,generic,-gliflozin,saturated,False,,
otogliflozin,False,grammar+refined,1,63.0,64.23,moderate,-9.23,5.77,peoniflorin,0.6881,5,INTRA_STEM_TOO_CLOSE|TRADEMARK_HIT,SIMILARITY_MODERATE,ologliflozin,ologliflozin -> owogliflozin -> odogliflozin -> otogliflozin,0.0,1.0,0.763,1.0,1.0,0.731,0.0,SGLT2 inhibitor,generic,-gliflozin,saturated,False,,
mircolgliflozin,True,ngram_guided+refined,1,57.41,50.86,low,4.14,19.14,zoliflodacin,0.6668,5,,,mirtolgliflozin,mirtolgliflozin -> mircolgliflozin,0.166,0.733,0.652,1.0,1.0,0.456,0.012,SGLT2 inhibitor,generic,-gliflozin,saturated,True,,
yzigliflozin,False,grammar+refined,1,62.14,59.89,moderate,-4.89,10.11,zoliflodacin,0.5588,4,INTRA_STEM_TOO_CLOSE|TRADEMARK_HIT,SIMILARITY_MODERATE|ILLEGAL_ONSET_CLUSTER,yligliflozin,yligliflozin -> yzigliflozin,0.0,1.0,0.609,1.0,1.0,0.862,0.0,SGLT2 inhibitor,generic,-gliflozin,saturated,False,,
yxigliflozin,False,grammar+refined,1,63.45,53.64,low,1.36,16.36,zoliflodacin,0.5809,4,INTRA_STEM_TOO_CLOSE|TRADEMARK_HIT,ILLEGAL_ONSET_CLUSTER,yligliflozin,yligliflozin -> yzigliflozin -> yxigliflozin,0.054,1.0,0.609,1.0,1.0,0.862,0.0,SGLT2 inhibitor,generic,-gliflozin,saturated,False,,
yrigliflozin,False,grammar+refined,1,62.14,55.91,moderate,-0.91,14.09,riboflavin,0.586,4,INTRA_STEM_TOO_CLOSE|TRADEMARK_HIT,SIMILARITY_MODERATE|ILLEGAL_ONSET_CLUSTER,yligliflozin,yligliflozin -> yzigliflozin -> yxigliflozin -> yrigliflozin,0.0,1.0,0.609,1.0,1.0,0.862,0.0,SGLT2 inhibitor,generic,-gliflozin,saturated,False,,
sudogliflozin,False,grammar+refined,1,53.93,58.71,moderate,-3.71,11.29,zoliflodacin,0.7824,5,INTRA_STEM_TOO_CLOSE|TRADEMARK_HIT,SIMILARITY_MODERATE,sukogliflozin,sukogliflozin -> sudogliflozin,0.0,0.6,0.763,1.0,1.0,0.624,0.0,SGLT2 inhibitor,generic,-gliflozin,saturated,False,,
sujogliflozin,False,grammar+refined,1,61.93,58.86,moderate,-3.86,11.14,zoliflodacin,0.6434,5,INTRA_STEM_TOO_CLOSE|TRADEMARK_HIT,SIMILARITY_MODERATE,sukogliflozin,sukogliflozin -> sudogliflozin -> sujogliflozin,0.0,1.0,0.763,1.0,1.0,0.624,0.0,SGLT2 inhibitor,generic,-gliflozin,saturated,False,,
subogliflozin,False,grammar+refined,1,53.93,59.35,moderate,-4.35,10.65,peoniflorin,0.762,5,INTRA_STEM_TOO_CLOSE|TRADEMARK_HIT,SIMILARITY_MODERATE,sukogliflozin,sukogliflozin -> sudogliflozin -> sujogliflozin -> subogliflozin,0.0,0.6,0.763,1.0,1.0,0.624,0.0,SGLT2 inhibitor,generic,-gliflozin,saturated,False,,
zodelagliflozin,False,grammar,2,53.04,59.4,moderate,-4.4,10.6,velagliflozin,0.6764,6,INTRA_STEM_TOO_CLOSE|TRADEMARK_HIT,SIMILARITY_MODERATE,,zodelagliflozin,0.0,0.733,0.784,1.0,1.0,0.237,0.004,SGLT2 inhibitor,generic,-gliflozin,saturated,False,,
heigliflozin,False,grammar,2,63.89,60.12,moderate,-5.12,9.88,peoniflorin,0.7049,4,INTRA_STEM_TOO_CLOSE|TRADEMARK_HIT,SIMILARITY_MODERATE,,heigliflozin,0.0,1.0,0.733,1.0,1.0,0.862,0.0,SGLT2 inhibitor,generic,-gliflozin,saturated,False,,
ikagliflozin,False,grammar,2,63.0,59.42,moderate,-4.42,10.58,sitagliptin,0.6132,5,INTRA_STEM_TOO_CLOSE|TRADEMARK_HIT,SIMILARITY_MODERATE,,ikagliflozin,0.0,1.0,0.763,1.0,1.0,0.731,0.0,SGLT2 inhibitor,generic,-gliflozin,saturated,False,,
opocagliflozin,False,grammar,2,52.67,55.08,moderate,-0.08,14.92,peoniflorin,0.6613,6,INTRA_STEM_TOO_CLOSE|TRADEMARK_HIT,SIMILARITY_MODERATE,,opocagliflozin,0.0,0.68,0.784,1.0,1.0,0.309,0.001,SGLT2 inhibitor,generic,-gliflozin,saturated,False,,
turmigliflozin,False,grammar,2,55.44,53.73,low,1.27,16.27,teneligliptin,0.6801,5,INTRA_STEM_TOO_CLOSE|TRADEMARK_HIT,,,turmigliflozin,0.051,0.68,0.739,1.0,1.0,0.527,0.0,SGLT2 inhibitor,generic,-gliflozin,saturated,False,,
rezugliflozin,False,grammar,2,53.94,58.34,moderate,-3.34,11.66,zoliflodacin,0.648,5,INTRA_STEM_TOO_CLOSE|TRADEMARK_HIT,SIMILARITY_MODERATE,,rezugliflozin,0.0,0.6,0.763,1.0,1.0,0.624,0.001,SGLT2 inhibitor,generic,-gliflozin,saturated,False,,
dutigliflozin,False,grammar,2,61.94,54.99,low,0.01,15.01,diglycerin,0.6978,5,INTRA_STEM_TOO_CLOSE|TRADEMARK_HIT,,,dutigliflozin,0.0,1.0,0.763,1.0,1.0,0.624,0.0,SGLT2 inhibitor,generic,-gliflozin,saturated,False,,
rivogliflozin,False,grammar,2,62.23,59.6,moderate,-4.6,10.4,zoliflodacin,0.6901,5,INTRA_STEM_TOO_CLOSE|TRADEMARK_HIT,SIMILARITY_MODERATE,,rivogliflozin,0.0,1.0,0.763,1.0,1.0,0.624,0.043,SGLT2 inhibitor,generic,-gliflozin,saturated,False,,
noxeregliflozin,True,grammar,2,55.97,51.92,low,3.08,18.08,oxaliplatin,0.6914,6,,,,noxeregliflozin,0.123,0.733,0.784,1.0,1.0,0.237,0.0,SGLT2 inhibitor,generic,-gliflozin,saturated,True,,
olcecagliflozin,False,grammar,2,55.11,52.46,low,2.54,17.54,sitagliptin,0.6442,6,INTRA_STEM_TOO_CLOSE|TRADEMARK_HIT,,,olcecagliflozin,0.102,0.733,0.759,1.0,1.0,0.237,0.001,SGLT2 inhibitor,generic,-gliflozin,saturated,False,,
akigliflozin,False,grammar,2,63.0,55.66,moderate,-0.66,14.34,zoliflodacin,0.6932,5,INTRA_STEM_TOO_CLOSE|TRADEMARK_HIT,SIMILARITY_MODERATE,,akigliflozin,0.0,1.0,0.763,1.0,1.0,0.731,0.0,SGLT2 inhibitor,generic,-gliflozin,saturated,False,,
unragliflozin,False,grammar,2,61.58,56.88,moderate,-1.88,13.12,grandiflorum,0.6429,5,INTRA_STEM_TOO_CLOSE|TRADEMARK_HIT,SIMILARITY_MODERATE,,unragliflozin,0.0,1.0,0.739,1.0,1.0,0.624,0.0,SGLT2 inhibitor,generic,-gliflozin,saturated,False,,
ditevegliflozin,False,grammar,2,54.89,53.13,low,1.87,16.87,peoniflorin,0.6979,6,TRADEMARK_HIT,,,ditevegliflozin,0.075,0.733,0.784,1.0,1.0,0.237,0.012,SGLT2 inhibitor,generic,-gliflozin,saturated,False,,
gontigliflozin,False,grammar,2,55.0,54.22,low,0.78,15.78,peoniflorin,0.7371,5,INTRA_STEM_TOO_CLOSE|TRADEMARK_HIT,,,gontigliflozin,0.031,0.68,0.739,1.0,1.0,0.527,0.004,SGLT2 inhibitor,generic,-gliflozin,saturated,False,,
ciepagliflozin,False,grammar,2,60.99,62.08,moderate,-7.08,7.92,sitagliptin,0.6627,5,INTRA_STEM_TOO_CLOSE|TRADEMARK_HIT,SIMILARITY_MODERATE,,ciepagliflozin,0.0,1.0,0.763,1.0,1.0,0.527,0.003,SGLT2 inhibitor,generic,-gliflozin,saturated,False,,
tesrogliflozin,False,grammar,2,54.37,59.57,moderate,-4.57,10.43,troglitazone,0.6998,5,INTRA_STEM_TOO_CLOSE|TRADEMARK_HIT,SIMILARITY_MODERATE,,tesrogliflozin,0.0,0.68,0.739,1.0,1.0,0.527,0.021,SGLT2 inhibitor,generic,-gliflozin,saturated,False,,
medigliflozin,False,grammar,2,53.95,58.33,moderate,-3.33,11.67,medigoxin,0.8154,5,INTRA_STEM_TOO_CLOSE|TRADEMARK_HIT,SIMILARITY_MODERATE,,medigliflozin,0.0,0.6,0.763,1.0,1.0,0.624,0.003,SGLT2 inhibitor,generic,-gliflozin,saturated,False,,
etlegliflozin,False,grammar,2,53.59,58.41,moderate,-3.41,11.59,peoniflorin,0.7079,5,INTRA_STEM_TOO_CLOSE|TRADEMARK_HIT,SIMILARITY_MODERATE,,etlegliflozin,0.0,0.6,0.739,1.0,1.0,0.624,0.001,SGLT2 inhibitor,generic,-gliflozin,saturated,False,,
ilegliflozin,False,grammar,2,63.0,59.44,moderate,-4.44,10.56,peoniflorin,0.6779,5,INTRA_STEM_TOO_CLOSE|TRADEMARK_HIT,SIMILARITY_MODERATE,,ilegliflozin,0.0,1.0,0.763,1.0,1.0,0.731,0.0,SGLT2 inhibitor,generic,-gliflozin,saturated,False,,
odagliflozin,False,grammar,2,63.01,57.29,moderate,-2.29,12.71,acriflavine,0.6901,5,INTRA_STEM_TOO_CLOSE|TRADEMARK_HIT,SIMILARITY_MODERATE,,odagliflozin,0.0,1.0,0.763,1.0,1.0,0.731,0.001,SGLT2 inhibitor,generic,-gliflozin,saturated,False,,
zosigliflozin,False,grammar,2,53.93,65.12,moderate,-10.12,4.88,rosiglitazone,0.6822,5,INTRA_STEM_TOO_CLOSE|TRADEMARK_HIT,SIMILARITY_MODERATE,,zosigliflozin,0.0,0.6,0.763,1.0,1.0,0.624,0.0,SGLT2 inhibitor,generic,-gliflozin,saturated,False,,
ebogliflozin,False,grammar,2,63.0,63.57,moderate,-8.57,6.43,peoniflorin,0.7199,5,INTRA_STEM_TOO_CLOSE|TRADEMARK_HIT,SIMILARITY_MODERATE,,ebogliflozin,0.0,1.0,0.763,1.0,1.0,0.731,0.0,SGLT2 inhibitor,generic,-gliflozin,saturated,False,,
totogliflozin,False,grammar,2,61.94,70.54,high,-15.54,-0.54,sotagliflozin,0.7293,5,SIMILARITY_TOO_HIGH|INTRA_STEM_TOO_CLOSE|TRADEMARK_HIT,,,totogliflozin,0.0,1.0,0.763,1.0,1.0,0.624,0.001,SGLT2 inhibitor,generic,-gliflozin,saturated,False,,
edogliflozin,False,grammar,2,63.45,62.78,moderate,-7.78,7.22,zoliflodacin,0.7275,5,INTRA_STEM_TOO_CLOSE|TRADEMARK_HIT,SIMILARITY_MODERATE,,edogliflozin,0.0,1.0,0.763,1.0,1.0,0.731,0.064,SGLT2 inhibitor,generic,-gliflozin,saturated,False,,
proxyfegliflozin,True,ngram_guided,2,50.97,55.9,moderate,-0.9,14.1,proxyphylline,0.7796,6,,SIMILARITY_MODERATE,,proxyfegliflozin,0.0,0.564,0.552,1.0,1.0,0.192,0.719,SGLT2 inhibitor,generic,-gliflozin,saturated,False,,
ovegliflozin,False,ngram_guided,2,63.01,61.59,moderate,-6.59,8.41,peoniflorin,0.7132,5,INTRA_STEM_TOO_CLOSE|TRADEMARK_HIT,SIMILARITY_MODERATE,,ovegliflozin,0.0,1.0,0.763,1.0,1.0,0.731,0.001,SGLT2 inhibitor,generic,-gliflozin,saturated,False,,
vosibugliflozin,True,ngram_guided,2,55.48,54.41,low,0.59,15.59,rosiglitazone,0.6372,6,,,,vosibugliflozin,0.024,0.733,0.784,1.0,1.0,0.237,0.272,SGLT2 inhibitor,generic,-gliflozin,saturated,True,,
atogliflozin,False,ngram_guided,2,68.53,64.23,moderate,-9.23,5.77,peoniflorin,0.7301,5,INTRA_STEM_TOO_CLOSE|TRADEMARK_HIT,SIMILARITY_MODERATE,,atogliflozin,0.0,1.0,0.763,1.0,1.0,0.731,0.79,SGLT2 inhibitor,generic,-gliflozin,saturated,False,,
moxgliflozin,False,ngram_guided,2,64.33,61.87,moderate,-6.87,8.13,moxifloxacin,0.5442,4,INTRA_STEM_TOO_CLOSE|TRADEMARK_HIT,SIMILARITY_MODERATE,,moxgliflozin,0.0,1.0,0.519,1.0,1.0,0.862,0.492,SGLT2 inhibitor,generic,-gliflozin,saturated,False,,
progliflozin,False,ngram_guided,2,64.05,65.7,moderate,-10.7,4.3,peoniflorin,0.8945,4,INTRA_STEM_TOO_CLOSE|TRADEMARK_HIT,SIMILARITY_MODERATE,,progliflozin,0.0,1.0,0.648,1.0,1.0,0.862,0.194,SGLT2 inhibitor,generic,-gliflozin,saturated,False,,
nesgliflozin,False,ngram_guided,2,63.03,58.32,moderate,-3.32,11.68,peoniflorin,0.6758,4,INTRA_STEM_TOO_CLOSE|TRADEMARK_HIT,SIMILARITY_MODERATE,,nesgliflozin,0.0,1.0,0.647,1.0,1.0,0.862,0.05,SGLT2 inhibitor,generic,-gliflozin,saturated,False,,
dilgliflozin,False,ngram_guided,2,65.33,57.92,moderate,-2.92,12.08,tildipirosin,0.8132,4,INTRA_STEM_TOO_CLOSE|TRADEMARK_HIT,SIMILARITY_MODERATE,,dilgliflozin,0.0,1.0,0.647,1.0,1.0,0.862,0.38,SGLT2 inhibitor,generic,-gliflozin,saturated,False,,
sulfgliflozin,False,ngram_guided,2,51.33,60.81,moderate,-5.81,9.19,sulfasalazine,0.6232,4,INTRA_STEM_TOO_CLOSE|TRADEMARK_HIT,SIMILARITY_MODERATE,,sulfgliflozin,0.0,0.6,0.519,0.65,1.0,0.755,0.381,SGLT2 inhibitor,generic,-gliflozin,saturated,False,,
gusegliflozin,False,ngram_guided,2,54.0,56.85,moderate,-1.85,13.15,peoniflorin,0.6864,5,INTRA_STEM_TOO_CLOSE|TRADEMARK_HIT,SIMILARITY_MODERATE,,gusegliflozin,0.0,0.6,0.763,1.0,1.0,0.624,0.011,SGLT2 inhibitor,generic,-gliflozin,saturated,False,,
dezagliflozin,False,ngram_guided,2,58.88,58.0,moderate,-3.0,12.0,velagliflozin,0.6922,5,INTRA_STEM_TOO_CLOSE|TRADEMARK_HIT,SIMILARITY_MODERATE,,dezagliflozin,0.0,0.6,0.763,1.0,1.0,0.624,0.707,SGLT2 inhibitor,generic,-gliflozin,saturated,False,,
alovgliflozin,False,ngram_guided,2,53.76,61.53,moderate,-6.53,8.47,longiflorium,0.6454,5,INTRA_STEM_TOO_CLOSE|TRADEMARK_HIT,SIMILARITY_MODERATE,,alovgliflozin,0.0,0.6,0.677,1.0,1.0,0.624,0.149,SGLT2 inhibitor,generic,-gliflozin,saturated,False,,
sevabenzgliflozin,True,ngram_guided,2,49.82,49.94,low,5.06,20.06,peoniflorin,0.5884,6,,,,sevabenzgliflozin,0.202,0.4,0.579,0.65,1.0,0.168,0.76,SGLT2 inhibitor,generic,-gliflozin,saturated,False,,
marbegliflozin,False,ngram_guided,2,58.51,57.03,moderate,-2.03,12.97,marbofloxacin,0.7747,5,INTRA_STEM_TOO_CLOSE|TRADEMARK_HIT,SIMILARITY_MODERATE,,marbegliflozin,0.0,0.68,0.739,1.0,1.0,0.527,0.613,SGLT2 inhibitor,generic,-gliflozin,saturated,False,,
mirvetgliflozin,False,ngram_guided,2,53.36,53.25,low,1.75,16.75,methdilazine,0.6214,5,TRADEMARK_HIT,,,mirvetgliflozin,0.07,0.3,0.652,1.0,1.0,0.456,1.0,SGLT2 inhibitor,generic,-gliflozin,saturated,False,,
tovobutegliflozin,True,ngram_guided,2,53.22,52.26,low,2.74,17.74,lovotibeglogene,0.7122,7,,,,tovobutegliflozin,0.11,0.6,0.798,1.0,1.0,0.052,0.272,SGLT2 inhibitor,generic,-gliflozin,saturated,False,,
epregogliflozin,True,ngram_guided,2,52.21,58.37,moderate,-3.37,11.63,peoniflorin,0.7229,6,,SIMILARITY_MODERATE,,epregogliflozin,0.0,0.733,0.663,1.0,1.0,0.237,0.127,SGLT2 inhibitor,generic,-gliflozin,saturated,False,,
revumegliflozin,True,ngram_guided,2,52.35,51.87,low,3.13,18.13,revumenib,0.686,6,,,,revumegliflozin,0.125,0.3,0.784,1.0,1.0,0.237,0.714,SGLT2 inhibitor,generic,-gliflozin,saturated,False,,
acyclgliflozin,True,ngram_guided,2,49.93,53.83,low,1.17,16.17,cyclacillin,0.6425,5,,,,acyclgliflozin,0.047,0.45,0.549,0.65,1.0,0.527,0.713,SGLT2 inhibitor,generic,-gliflozin,saturated,False,,
ofagliflozin,False,ngram_guided,2,63.04,57.29,moderate,-2.29,12.71,acriflavine,0.7121,5,INTRA_STEM_TOO_CLOSE|TRADEMARK_HIT,SIMILARITY_MODERATE,,ofagliflozin,0.0,1.0,0.763,1.0,1.0,0.731,0.006,SGLT2 inhibitor,generic,-gliflozin,saturated,False,,
pitargliflozin,False,ngram_guided,2,55.35,59.37,moderate,-4.37,10.63,sitagliptin,0.7263,5,INTRA_STEM_TOO_CLOSE|TRADEMARK_HIT,SIMILARITY_MODERATE,,pitargliflozin,0.0,0.68,0.677,1.0,1.0,0.527,0.286,SGLT2 inhibitor,generic,-gliflozin,saturated,False,,
enralsidgliflozin,True,ngram_guided,2,54.02,51.23,low,3.77,18.77,teneligliptin,0.6287,6,,,,enralsidgliflozin,0.151,0.6,0.647,1.0,1.0,0.168,0.379,SGLT2 inhibitor,generic,-gliflozin,saturated,False,,
pradelgogliflozin,True,ngram_guided,2,57.25,50.89,low,4.11,19.11,trelagliptin,0.6736,6,,,,pradelgogliflozin,0.164,0.6,0.638,1.0,1.0,0.168,0.812,SGLT2 inhibitor,generic,-gliflozin,saturated,True,,
abogliflozin,False,ngram_guided+refined,2,63.02,63.57,moderate,-8.57,6.43,peoniflorin,0.747,5,INTRA_STEM_TOO_CLOSE|TRADEMARK_HIT,SIMILARITY_MODERATE,atogliflozin,atogliflozin -> abogliflozin,0.0,1.0,0.763,1.0,1.0,0.731,0.003,SGLT2 inhibitor,generic,-gliflozin,saturated,False,,
azogliflozin,False,ngram_guided+refined,2,67.48,67.57,moderate,-12.57,2.43,zoliflodacin,0.7737,5,INTRA_STEM_TOO_CLOSE|TRADEMARK_HIT,SIMILARITY_MODERATE,atogliflozin,atogliflozin -> abogliflozin -> azogliflozin,0.0,1.0,0.763,1.0,1.0,0.731,0.641,SGLT2 inhibitor,generic,-gliflozin,saturated,False,,
arogliflozin,False,ngram_guided+refined,2,63.04,61.71,moderate,-6.71,8.29,troglitazone,0.7989,5,INTRA_STEM_TOO_CLOSE|TRADEMARK_HIT,SIMILARITY_MODERATE,atogliflozin,atogliflozin -> abogliflozin -> azogliflozin -> arogliflozin,0.0,1.0,0.763,1.0,1.0,0.731,0.006,SGLT2 inhibitor,generic,-gliflozin,saturated,False,,
dulgliflozin,False,ngram_guided+refined,2,64.92,59.82,moderate,-4.82,10.18,multiflorum,0.7866,4,INTRA_STEM_TOO_CLOSE|TRADEMARK_HIT,SIMILARITY_MODERATE,dilgliflozin,dilgliflozin -> dulgliflozin,0.0,1.0,0.647,1.0,1.0,0.862,0.321,SGLT2 inhibitor,generic,-gliflozin,saturated,False,,
delgliflozin,False,ngram_guided+refined,2,65.05,63.38,moderate,-8.38,6.62,velagliflozin,0.7477,4,INTRA_STEM_TOO_CLOSE|TRADEMARK_HIT,SIMILARITY_MODERATE,dilgliflozin,dilgliflozin -> dulgliflozin -> delgliflozin,0.0,1.0,0.647,1.0,1.0,0.862,0.339,SGLT2 inhibitor,generic,-gliflozin,saturated,False,,
dolgliflozin,False,ngram_guided+refined,2,62.74,59.09,moderate,-4.09,10.91,zoliflodacin,0.7377,4,INTRA_STEM_TOO_CLOSE|TRADEMARK_HIT,SIMILARITY_MODERATE,dilgliflozin,dilgliflozin -> dulgliflozin -> delgliflozin -> dolgliflozin,0.0,1.0,0.647,1.0,1.0,0.862,0.01,SGLT2 inhibitor,generic,-gliflozin,saturated,False,,
muxgliflozin,False,ngram_guided+refined,2,60.88,58.78,moderate,-3.78,11.22,moxifloxacin,0.5272,4,INTRA_STEM_TOO_CLOSE|TRADEMARK_HIT,SIMILARITY_MODERATE,moxgliflozin,moxgliflozin -> muxgliflozin,0.0,1.0,0.519,1.0,1.0,0.862,0.0,SGLT2 inhibitor,generic,-gliflozin,saturated,False,,
mexgliflozin,False,ngram_guided+refined,2,60.95,68.14,moderate,-13.14,1.86,bexagliflozin,0.5412,4,INTRA_STEM_TOO_CLOSE|TRADEMARK_HIT,SIMILARITY_MODERATE,moxgliflozin,moxgliflozin -> muxgliflozin -> mexgliflozin,0.0,1.0,0.519,1.0,1.0,0.862,0.01,SGLT2 inhibitor,generic,-gliflozin,saturated,False,,
mixgliflozin,False,ngram_guided+refined,2,60.88,56.85,moderate,-1.85,13.15,moxifloxacin,0.5392,4,INTRA_STEM_TOO_CLOSE|TRADEMARK_HIT,SIMILARITY_MODERATE,moxgliflozin,moxgliflozin -> muxgliflozin -> mexgliflozin -> mixgliflozin,0.0,1.0,0.519,1.0,1.0,0.862,0.0,SGLT2 inhibitor,generic,-gliflozin,saturated,False,,
pxogliflozin,False,ngram_guided+refined,2,62.14,63.03,moderate,-8.03,6.97,peoniflorin,0.5826,4,INTRA_STEM_TOO_CLOSE|TRADEMARK_HIT,SIMILARITY_MODERATE|ILLEGAL_ONSET_CLUSTER,progliflozin,progliflozin -> pxogliflozin,0.0,1.0,0.609,1.0,1.0,0.862,0.0,SGLT2 inhibitor,generic,-gliflozin,saturated,False,,
ppogliflozin,False,ngram_guided+refined,2,63.54,69.36,moderate,-14.36,0.64,peoniflorin,0.6489,4,INTRA_STEM_TOO_CLOSE|TRADEMARK_HIT,SIMILARITY_MODERATE,progliflozin,progliflozin -> pxogliflozin -> ppogliflozin,0.0,1.0,0.709,1.0,1.0,0.862,0.0,SGLT2 inhibitor,generic,-gliflozin,saturated,False,,
psogliflozin,False,ngram_guided+refined,2,63.54,66.64,moderate,-11.64,3.36,peoniflorin,0.7034,4,INTRA_STEM_TOO_CLOSE|TRADEMARK_HIT,SIMILARITY_MODERATE,progliflozin,progliflozin -> pxogliflozin -> ppogliflozin -> psogliflozin,0.0,1.0,0.709,1.0,1.0,0.862,0.0,SGLT2 inhibitor,generic,-gliflozin,saturated,False,,
hiigliflozin,False,grammar+refined,2,63.0,55.66,moderate,-0.66,14.34,zoliflodacin,0.6758,5,INTRA_STEM_TOO_CLOSE|TRADEMARK_HIT,SIMILARITY_MODERATE,heigliflozin,heigliflozin -> hiigliflozin,0.0,1.0,0.763,1.0,1.0,0.731,0.0,SGLT2 inhibitor,generic,-gliflozin,saturated,False,,
hoigliflozin,False,grammar+refined,2,63.89,59.61,moderate,-4.61,10.39,zoliflodacin,0.6334,4,INTRA_STEM_TOO_CLOSE|TRADEMARK_HIT,SIMILARITY_MODERATE,heigliflozin,heigliflozin -> hiigliflozin -> hoigliflozin,0.0,1.0,0.733,1.0,1.0,0.862,0.0,SGLT2 inhibitor,generic,-gliflozin,saturated,False,,
epogliflozin,False,grammar+refined,2,63.23,65.22,moderate,-10.22,4.78,peoniflorin,0.7636,5,INTRA_STEM_TOO_CLOSE|TRADEMARK_HIT,SIMILARITY_MODERATE,edogliflozin,edogliflozin -> epogliflozin,0.0,1.0,0.763,1.0,1.0,0.731,0.033,SGLT2 inhibitor,generic,-gliflozin,saturated,False,,
enogliflozin,False,grammar+refined,2,66.81,61.22,moderate,-6.22,8.78,zoliflodacin,0.7954,5,INTRA_STEM_TOO_CLOSE|TRADEMARK_HIT,SIMILARITY_MODERATE,edogliflozin,edogliflozin -> epogliflozin -> enogliflozin,0.0,1.0,0.763,1.0,1.0,0.731,0.544,SGLT2 inhibitor,generic,-gliflozin,saturated,False,,
ejogliflozin,False,grammar+refined,2,63.0,62.94,moderate,-7.94,7.06,zoliflodacin,0.624,5,INTRA_STEM_TOO_CLOSE|TRADEMARK_HIT,SIMILARITY_MODERATE,edogliflozin,edogliflozin -> epogliflozin -> enogliflozin -> ejogliflozin,0.0,1.0,0.763,1.0,1.0,0.731,0.0,SGLT2 inhibitor,generic,-gliflozin,saturated,False,,
oyagliflozin,False,ngram_guided+refined,2,63.0,59.53,moderate,-4.53,10.47,acriflavine,0.6407,5,INTRA_STEM_TOO_CLOSE|TRADEMARK_HIT,SIMILARITY_MODERATE,ofagliflozin,ofagliflozin -> oyagliflozin,0.0,1.0,0.763,1.0,1.0,0.731,0.0,SGLT2 inhibitor,generic,-gliflozin,saturated,False,,
ovagliflozin,False,ngram_guided+refined,2,63.0,57.29,moderate,-2.29,12.71,acriflavine,0.7072,5,INTRA_STEM_TOO_CLOSE|TRADEMARK_HIT,SIMILARITY_MODERATE,ofagliflozin,ofagliflozin -> oyagliflozin -> ovagliflozin,0.0,1.0,0.763,1.0,1.0,0.731,0.0,SGLT2 inhibitor,generic,-gliflozin,saturated,False,,
olagliflozin,False,ngram_guided+refined,2,66.96,57.73,moderate,-2.73,12.27,velagliflozin,0.7455,5,INTRA_STEM_TOO_CLOSE|TRADEMARK_HIT,SIMILARITY_MODERATE,ofagliflozin,ofagliflozin -> oyagliflozin -> ovagliflozin -> olagliflozin,0.0,1.0,0.763,1.0,1.0,0.731,0.566,SGLT2 inhibitor,generic,-gliflozin,saturated,False,,
nasgliflozin,False,ngram_guided+refined,2,62.93,54.73,low,0.27,15.27,zoliflodacin,0.6453,4,INTRA_STEM_TOO_CLOSE|TRADEMARK_HIT,,nesgliflozin,nesgliflozin -> nasgliflozin,0.011,1.0,0.647,1.0,1.0,0.862,0.0,SGLT2 inhibitor,generic,-gliflozin,saturated,False,,
nusgliflozin,False,ngram_guided+refined,2,62.93,54.73,low,0.27,15.27,zoliflodacin,0.6415,4,INTRA_STEM_TOO_CLOSE|TRADEMARK_HIT,,nesgliflozin,nesgliflozin -> nasgliflozin -> nusgliflozin,0.011,1.0,0.647,1.0,1.0,0.862,0.0,SGLT2 inhibitor,generic,-gliflozin,saturated,False,,
tinegliflozin,False,grammar,3,55.83,58.33,moderate,-3.33,11.67,linagliptin,0.7847,5,INTRA_STEM_TOO_CLOSE|TRADEMARK_HIT,SIMILARITY_MODERATE,,tinegliflozin,0.0,0.6,0.763,1.0,1.0,0.624,0.272,SGLT2 inhibitor,generic,-gliflozin,saturated,False,,
belvivigliflozin,True,grammar,3,58.43,49.99,low,5.01,20.01,teneligliptin,0.7065,6,,,,belvivigliflozin,0.2,0.771,0.759,1.0,1.0,0.192,0.092,SGLT2 inhibitor,generic,-gliflozin,saturated,True,,
iftagliflozin,False,grammar,3,53.58,60.94,moderate,-5.94,9.06,sitagliptin,0.6397,5,INTRA_STEM_TOO_CLOSE|TRADEMARK_HIT,SIMILARITY_MODERATE,,iftagliflozin,0.0,0.6,0.739,1.0,1.0,0.624,0.0,SGLT2 inhibitor,generic,-gliflozin,saturated,False,,
matagliflozin,False,grammar,3,53.95,64.0,moderate,-9.0,6.0,dapagliflozin,0.7819,5,INTRA_STEM_TOO_CLOSE|TRADEMARK_HIT,SIMILARITY_MODERATE,,matagliflozin,0.0,0.6,0.763,1.0,1.0,0.624,0.003,SGLT2 inhibitor,generic,-gliflozin,saturated,False,,
idagliflozin,False,grammar,3,64.36,59.42,moderate,-4.42,10.58,sitagliptin,0.7041,5,INTRA_STEM_TOO_CLOSE|TRADEMARK_HIT,SIMILARITY_MODERATE,,idagliflozin,0.0,1.0,0.763,1.0,1.0,0.731,0.195,SGLT2 inhibitor,generic,-gliflozin,saturated,False,,
icagliflozin,False,grammar,3,63.0,59.42,moderate,-4.42,10.58,sitagliptin,0.688,5,INTRA_STEM_TOO_CLOSE|TRADEMARK_HIT,SIMILARITY_MODERATE,,icagliflozin,0.0,1.0,0.763,1.0,1.0,0.731,0.0,SGLT2 inhibitor,generic,-gliflozin,saturated,False,,
efigliflozin,False,grammar,3,63.14,57.11,moderate,-2.11,12.89,filifolium,0.6906,5,INTRA_STEM_TOO_CLOSE|TRADEMARK_HIT,SIMILARITY_MODERATE,,efigliflozin,0.0,1.0,0.763,1.0,1.0,0.731,0.02,SGLT2 inhibitor,generic,-gliflozin,saturated,False,,
nadagliflozin,False,grammar,3,54.59,62.0,moderate,-7.0,8.0,dapagliflozin,0.7307,5,INTRA_STEM_TOO_CLOSE|TRADEMARK_HIT,SIMILARITY_MODERATE,,nadagliflozin,0.0,0.6,0.763,1.0,1.0,0.624,0.094,SGLT2 inhibitor,generic,-gliflozin,saturated,False,,
bomigliflozin,False,grammar,3,61.94,56.49,moderate,-1.49,13.51,peoniflorin,0.6871,5,INTRA_STEM_TOO_CLOSE|TRADEMARK_HIT,SIMILARITY_MODERATE,,bomigliflozin,0.0,1.0,0.763,1.0,1.0,0.624,0.001,SGLT2 inhibitor,generic,-gliflozin,saturated,False,,
cadagliflozin,False,grammar,3,54.18,80.42,high,-25.42,-10.42,canagliflozin,0.7471,5,SIMILARITY_TOO_HIGH|INTRA_STEM_TOO_CLOSE|TRADEMARK_HIT,,,cadagliflozin,0.0,0.6,0.763,1.0,1.0,0.624,0.036,SGLT2 inhibitor,generic,-gliflozin,saturated,False,,
nogigliflozin,False,grammar,3,61.94,57.86,moderate,-2.86,12.14,rosiglitazone,0.7143,5,INTRA_STEM_TOO_CLOSE|TRADEMARK_HIT,SIMILARITY_MODERATE,,nogigliflozin,0.0,1.0,0.763,1.0,1.0,0.624,0.001,SGLT2 inhibitor,generic,-gliflozin,saturated,False,,
triragliflozin,False,grammar,3,62.06,62.64,moderate,-7.64,7.36,trelagliptin,0.6737,5,INTRA_STEM_TOO_CLOSE|TRADEMARK_HIT,SIMILARITY_MODERATE,,triragliflozin,0.0,1.0,0.648,1.0,1.0,0.527,0.388,SGLT2 inhibitor,generic,-gliflozin,saturated,False,,
ratragliflozin,False,grammar,3,53.41,55.06,moderate,-0.06,14.94,troglitazone,0.7704,5,INTRA_STEM_TOO_CLOSE|TRADEMARK_HIT,SIMILARITY_MODERATE,,ratragliflozin,0.0,0.68,0.648,1.0,1.0,0.527,0.066,SGLT2 inhibitor,generic,-gliflozin,saturated,False,,
tixelogliflozin,False,grammar,3,53.32,54.7,low,0.3,15.3,teneligliptin,0.688,6,INTRA_STEM_TOO_CLOSE,,,tixelogliflozin,0.012,0.733,0.784,1.0,1.0,0.237,0.003,SGLT2 inhibitor,generic,-gliflozin,saturated,False,,
cilugliflozin,False,grammar,3,63.7,58.53,moderate,-3.53,11.47,fluciclovine,0.6801,5,INTRA_STEM_TOO_CLOSE|TRADEMARK_HIT,SIMILARITY_MODERATE,,cilugliflozin,0.0,1.0,0.763,1.0,1.0,0.624,0.254,SGLT2 inhibitor,generic,-gliflozin,saturated,False,,
pemekigliflozin,False,grammar,3,55.75,58.44,moderate,-3.44,11.56,teneligliptin,0.6874,6,INTRA_STEM_TOO_CLOSE,SIMILARITY_MODERATE,,pemekigliflozin,0.0,0.733,0.784,1.0,1.0,0.237,0.391,SGLT2 inhibitor,generic,-gliflozin,saturated,False,,
sesfamtigliflozin,True,grammar,3,56.33,50.09,low,4.91,19.91,sessilifolia,0.6323,6,,,,sesfamtigliflozin,0.196,0.8,0.638,1.0,1.0,0.168,0.0,SGLT2 inhibitor,generic,-gliflozin,saturated,True,,
zoeteogliflozin,False,grammar,3,57.38,60.61,moderate,-5.61,9.39,peoniflorin,0.6322,7,INTRA_STEM_TOO_CLOSE|TRADEMARK_HIT,SIMILARITY_MODERATE,,zoeteogliflozin,0.0,1.0,0.798,1.0,1.0,0.121,0.0,SGLT2 inhibitor,generic,-gliflozin,saturated,False,,
ovigliflozin,False,grammar,3,63.01,59.39,moderate,-4.39,10.61,rosiglitazone,0.735,5,INTRA_STEM_TOO_CLOSE|TRADEMARK_HIT,SIMILARITY_MODERATE,,ovigliflozin,0.0,1.0,0.763,1.0,1.0,0.731,0.001,SGLT2 inhibitor,generic,-gliflozin,saturated,False,,
raxegliflozin,False,grammar,3,53.94,60.53,moderate,-5.53,9.47,saxagliptin,0.6866,5,INTRA_STEM_TOO_CLOSE|TRADEMARK_HIT,SIMILARITY_MODERATE,,raxegliflozin,0.0,0.6,0.763,1.0,1.0,0.624,0.001,SGLT2 inhibitor,generic,-gliflozin,saturated,False,,
olegliflozin,False,grammar,3,66.82,59.44,moderate,-4.44,10.56,peoniflorin,0.742,5,INTRA_STEM_TOO_CLOSE|TRADEMARK_HIT,SIMILARITY_MODERATE,,olegliflozin,0.0,1.0,0.763,1.0,1.0,0.731,0.546,SGLT2 inhibitor,generic,-gliflozin,saturated,False,,
pegosagliflozin,False,grammar,3,53.27,57.81,moderate,-2.81,12.19,peoniflorin,0.7855,6,INTRA_STEM_TOO_CLOSE|TRADEMARK_HIT,SIMILARITY_MODERATE,,pegosagliflozin,0.0,0.733,0.784,1.0,1.0,0.237,0.036,SGLT2 inhibitor,generic,-gliflozin,saturated,False,,
cuvogliflozin,False,grammar,3,61.93,59.6,moderate,-4.6,10.4,zoliflodacin,0.6379,5,INTRA_STEM_TOO_CLOSE|TRADEMARK_HIT,SIMILARITY_MODERATE,,cuvogliflozin,0.0,1.0,0.763,1.0,1.0,0.624,0.0,SGLT2 inhibitor,generic,-gliflozin,saturated,False,,
duftegliflozin,False,grammar,3,60.62,56.26,moderate,-1.26,13.74,peoniflorin,0.6195,5,INTRA_STEM_TOO_CLOSE|TRADEMARK_HIT,SIMILARITY_MODERATE,,duftegliflozin,0.0,1.0,0.739,1.0,1.0,0.527,0.0,SGLT2 inhibitor,generic,-gliflozin,saturated,False,,
rhugliflozin,False,ngram_guided,3,62.46,54.73,low,0.27,15.27,zoliflodacin,0.6489,4,INTRA_STEM_TOO_CLOSE|TRADEMARK_HIT,ILLEGAL_ONSET_CLUSTER,,rhugliflozin,0.011,1.0,0.609,1.0,1.0,0.862,0.009,SGLT2 inhibitor,generic,-gliflozin,saturated,False,,
isragliflozin,False,ngram_guided,3,54.45,55.44,moderate,-0.44,14.56,grandiflorum,0.6922,5,INTRA_STEM_TOO_CLOSE|TRADEMARK_HIT,SIMILARITY_MODERATE,,isragliflozin,0.0,0.6,0.739,1.0,1.0,0.624,0.124,SGLT2 inhibitor,generic,-gliflozin,saturated,False,,
cetylgliflozin,False,ngram_guided,3,46.82,62.67,moderate,-7.67,7.33,acetylglucosamine,0.8839,5,INTRA_STEM_TOO_CLOSE|TRADEMARK_HIT,SIMILARITY_MODERATE,,cetylgliflozin,0.0,0.45,0.677,1.0,0.53,0.527,0.798,SGLT2 inhibitor,generic,-gliflozin,saturated,False,,
bamlanogliflozin,False,ngram_guided,3,53.68,52.4,low,2.6,17.6,longiflorium,0.7261,6,TRADEMARK_HIT,,,bamlanogliflozin,0.104,0.357,0.759,1.0,1.0,0.192,0.927,SGLT2 inhibitor,generic,-gliflozin,saturated,False,,
domgliflozin,False,ngram_guided,3,63.39,59.7,moderate,-4.7,10.3,longiflorium,0.6493,4,INTRA_STEM_TOO_CLOSE|TRADEMARK_HIT,SIMILARITY_MODERATE,,domgliflozin,0.0,1.0,0.647,1.0,1.0,0.862,0.103,SGLT2 inhibitor,generic,-gliflozin,saturated,False,,
famisulfgliflozin,True,ngram_guided,3,49.0,48.62,low,6.38,21.38,sulfasalazine,0.598,6,,,,famisulfgliflozin,0.255,0.4,0.579,0.65,1.0,0.168,0.462,SGLT2 inhibitor,generic,-gliflozin,saturated,False,,
ategliflozin,False,ngram_guided,3,65.88,64.23,moderate,-9.23,5.77,peoniflorin,0.7643,5,INTRA_STEM_TOO_CLOSE|TRADEMARK_HIT,SIMILARITY_MODERATE,,ategliflozin,0.0,1.0,0.763,1.0,1.0,0.731,0.412,SGLT2 inhibitor,generic,-gliflozin,saturated,False,,
rhynchogliflozin,True,ngram_guided,3,40.6,58.0,moderate,-3.0,12.0,rhynchophylline,0.669,5,,SIMILARITY_MODERATE|ILLEGAL_ONSET_CLUSTER,,rhynchogliflozin,0.0,0.15,0.53,1.0,1.0,0.411,0.154,SGLT2 inhibitor,generic,-gliflozin,saturated,False,,
obigliflozin,False,ngram_guided,3,63.14,57.52,moderate,-2.52,12.48,rosiglitazone,0.7405,5,INTRA_STEM_TOO_CLOSE|TRADEMARK_HIT,SIMILARITY_MODERATE,,obigliflozin,0.0,1.0,0.763,1.0,1.0,0.731,0.02,SGLT2 inhibitor,generic,-gliflozin,saturated,False,,
fitgliflozin,False,ngram_guided,3,62.97,60.87,moderate,-5.87,9.13,sitagliptin,0.6182,4,INTRA_STEM_TOO_CLOSE|TRADEMARK_HIT,SIMILARITY_MODERATE,,fitgliflozin,0.0,1.0,0.647,1.0,1.0,0.862,0.043,SGLT2 inhibitor,generic,-gliflozin,saturated,False,,
adegliflozin,False,ngram_guided,3,63.06,62.58,moderate,-7.58,7.42,peoniflorin,0.7479,5,INTRA_STEM_TOO_CLOSE|TRADEMARK_HIT,SIMILARITY_MODERATE,,adegliflozin,0.0,1.0,0.763,1.0,1.0,0.731,0.009,SGLT2 inhibitor,generic,-gliflozin,saturated,False,,
regnengliflozin,True,ngram_guided,3,49.09,55.61,moderate,-0.61,14.39,peoniflorin,0.6444,5,,SIMILARITY_MODERATE,,regnengliflozin,0.0,0.3,0.758,1.0,1.0,0.456,0.418,SGLT2 inhibitor,generic,-gliflozin,saturated,False,,
defigliflozin,False,ngram_guided,3,58.09,55.87,moderate,-0.87,14.13,peoniflorin,0.7113,5,INTRA_STEM_TOO_CLOSE|TRADEMARK_HIT,SIMILARITY_MODERATE,,defigliflozin,0.0,0.6,0.763,1.0,1.0,0.624,0.595,SGLT2 inhibitor,generic,-gliflozin,saturated,False,,
rebgliflozin,False,ngram_guided,3,63.6,57.52,moderate,-2.52,12.48,peoniflorin,0.6725,4,INTRA_STEM_TOO_CLOSE|TRADEMARK_HIT,SIMILARITY_MODERATE,,rebgliflozin,0.0,1.0,0.647,1.0,1.0,0.862,0.133,SGLT2 inhibitor,generic,-gliflozin,saturated,False,,
tecligliflozin,False,ngram_guided,3,52.01,62.96,moderate,-7.96,7.04,teneligliptin,0.7372,5,INTRA_STEM_TOO_CLOSE|TRADEMARK_HIT,SIMILARITY_MODERATE,,tecligliflozin,0.0,0.45,0.648,1.0,1.0,0.527,0.524,SGLT2 inhibitor,generic,-gliflozin,saturated,False,,
ilunogliflozin,False,ngram_guided,3,48.93,56.57,moderate,-1.57,13.43,immunoglobulin,0.6746,6,INTRA_STEM_TOO_CLOSE,SIMILARITY_MODERATE,,ilunogliflozin,0.0,0.45,0.784,1.0,1.0,0.309,0.124,SGLT2 inhibitor,generic,-gliflozin,saturated,False,,
lutgliflozin,False,ngram_guided,3,63.34,58.56,moderate,-3.56,11.44,longiflorium,0.628,4,INTRA_STEM_TOO_CLOSE|TRADEMARK_HIT,SIMILARITY_MODERATE,,lutgliflozin,0.0,1.0,0.647,1.0,1.0,0.862,0.095,SGLT2 inhibitor,generic,-gliflozin,saturated,False,,
isatrugliflozin,False,ngram_guided,3,52.73,54.2,low,0.8,15.8,troglitazone,0.6916,6,INTRA_STEM_TOO_CLOSE|TRADEMARK_HIT,,,isatrugliflozin,0.032,0.517,0.663,1.0,1.0,0.237,0.71,SGLT2 inhibitor,generic,-gliflozin,saturated,False,,
ubrovagliflozin,False,ngram_guided,3,47.68,56.8,moderate,-1.8,13.2,urofollitropin,0.6792,6,INTRA_STEM_TOO_CLOSE|TRADEMARK_HIT,SIMILARITY_MODERATE,,ubrovagliflozin,0.0,0.517,0.663,1.0,1.0,0.237,0.098,SGLT2 inhibitor,generic,-gliflozin,saturated,False,,
nuclevobgliflozin,True,ngram_guided,3,47.82,47.37,low,7.63,22.63,longiflorium,0.6309,6,,,,nuclevobgliflozin,0.305,0.6,0.577,1.0,0.53,0.168,0.181,SGLT2 inhibitor,generic,-gliflozin,saturated,False,,
amylgliflozin,False,ngram_guided,3,58.65,56.89,moderate,-1.89,13.11,amyloglucosidase,0.8185,5,INTRA_STEM_TOO_CLOSE|TRADEMARK_HIT,SIMILARITY_MODERATE,,amylgliflozin,0.0,0.6,0.677,1.0,1.0,0.624,0.848,SGLT2 inhibitor,generic,-gliflozin,saturated,False,,
migagliflozin,False,ngram_guided,3,59.79,57.0,moderate,-2.0,13.0,sitagliptin,0.6366,5,INTRA_STEM_TOO_CLOSE|TRADEMARK_HIT,SIMILARITY_MODERATE,,migagliflozin,0.0,0.6,0.763,1.0,1.0,0.624,0.837,SGLT2 inhibitor,generic,-gliflozin,saturated,False,,
temgliflozin,False,ngram_guided,3,68.98,63.76,moderate,-8.76,6.24,peoniflorin,0.6609,4,INTRA_STEM_TOO_CLOSE|TRADEMARK_HIT,SIMILARITY_MODERATE,,temgliflozin,0.0,1.0,0.647,1.0,1.0,0.862,0.9,SGLT2 inhibitor,generic,-gliflozin,saturated,False,,
romgliflozin,False,ngram_guided,3,66.09,60.91,moderate,-5.91,9.09,longiflorium,0.6579,4,INTRA_STEM_TOO_CLOSE|TRADEMARK_HIT,SIMILARITY_MODERATE,,romgliflozin,0.0,1.0,0.647,1.0,1.0,0.862,0.489,SGLT2 inhibitor,generic,-gliflozin,saturated,False,,
tamgliflozin,False,ngram_guided+refined,3,62.7,62.81,moderate,-7.81,7.19,tamsulosin,0.7021,4,INTRA_STEM_TOO_CLOSE|TRADEMARK_HIT,SIMILARITY_MODERATE,temgliflozin,temgliflozin -> tamgliflozin,0.0,1.0,0.647,1.0,1.0,0.862,0.003,SGLT2 inhibitor,generic,-gliflozin,saturated,False,,
tumgliflozin,False,ngram_guided+refined,3,62.8,59.4,moderate,-4.4,10.6,peoniflorin,0.6955,4,INTRA_STEM_TOO_CLOSE|TRADEMARK_HIT,SIMILARITY_MODERATE,temgliflozin,temgliflozin -> tamgliflozin -> tumgliflozin,0.0,1.0,0.647,1.0,1.0,0.862,0.018,SGLT2 inhibitor,generic,-gliflozin,saturated,False,,
tomgliflozin,False,ngram_guided+refined,3,62.7,58.94,moderate,-3.94,11.06,longiflorium,0.6498,4,INTRA_STEM_TOO_CLOSE|TRADEMARK_HIT,SIMILARITY_MODERATE,temgliflozin,temgliflozin -> tamgliflozin -> tumgliflozin -> tomgliflozin,0.0,1.0,0.647,1.0,1.0,0.862,0.004,SGLT2 inhibitor,generic,-gliflozin,saturated,False,,
omegliflozin,False,grammar+refined,3,64.3,61.92,moderate,-6.92,8.08,peoniflorin,0.7235,5,INTRA_STEM_TOO_CLOSE|TRADEMARK_HIT,SIMILARITY_MODERATE,olegliflozin,olegliflozin -> omegliflozin,0.0,1.0,0.763,1.0,1.0,0.731,0.186,SGLT2 inhibitor,generic,-gliflozin,saturated,False,,
onegliflozin,False,grammar+refined,3,63.0,60.93,moderate,-5.93,9.07,peoniflorin,0.6899,5,INTRA_STEM_TOO_CLOSE|TRADEMARK_HIT,SIMILARITY_MODERATE,olegliflozin,olegliflozin -> omegliflozin -> onegliflozin,0.0,1.0,0.763,1.0,1.0,0.731,0.0,SGLT2 inhibitor,generic,-gliflozin,saturated,False,,
opegliflozin,False,grammar+refined,3,63.0,68.44,moderate,-13.44,1.56,peoniflorin,0.7366,5,INTRA_STEM_TOO_CLOSE|TRADEMARK_HIT,SIMILARITY_MODERATE,olegliflozin,olegliflozin -> omegliflozin -> onegliflozin -> opegliflozin,0.0,1.0,0.763,1.0,1.0,0.731,0.0,SGLT2 inhibitor,generic,-gliflozin,saturated,False,,
rimgliflozin,False,ngram_guided+refined,3,68.46,55.91,moderate,-0.91,14.09,riboflavin,0.6457,4,INTRA_STEM_TOO_CLOSE|TRADEMARK_HIT,SIMILARITY_MODERATE,romgliflozin,romgliflozin -> rimgliflozin,0.0,1.0,0.647,1.0,1.0,0.862,0.827,SGLT2 inhibitor,generic,-gliflozin,saturated,False,,
acegliflozin,False,ngram_guided+refined,3,65.78,62.58,moderate,-7.58,7.42,peoniflorin,0.7329,5,INTRA_STEM_TOO_CLOSE|TRADEMARK_HIT,SIMILARITY_MODERATE,ategliflozin,ategliflozin -> acegliflozin,0.0,1.0,0.763,1.0,1.0,0.731,0.398,SGLT2 inhibitor,generic,-gliflozin,saturated,False,,
apegliflozin,False,ngram_guided+refined,3,63.02,68.44,moderate,-13.44,1.56,peoniflorin,0.7662,5,INTRA_STEM_TOO_CLOSE|TRADEMARK_HIT,SIMILARITY_MODERATE,ategliflozin,ategliflozin -> acegliflozin -> apegliflozin,0.0,1.0,0.763,1.0,1.0,0.731,0.003,SGLT2 inhibitor,generic,-gliflozin,saturated,False,,
agegliflozin,False,ngram_guided+refined,3,63.0,61.09,moderate,-6.09,8.91,peoniflorin,0.6564,5,INTRA_STEM_TOO_CLOSE|TRADEMARK_HIT,SIMILARITY_MODERATE,ategliflozin,ategliflozin -> acegliflozin -> apegliflozin -> agegliflozin,0.0,1.0,0.763,1.0,1.0,0.731,0.0,SGLT2 inhibitor,generic,-gliflozin,saturated,False,,
ihagliflozin,False,grammar+refined,3,63.0,57.29,moderate,-2.29,12.71,acriflavine,0.6062,5,INTRA_STEM_TOO_CLOSE|TRADEMARK_HIT,SIMILARITY_MODERATE,idagliflozin,idagliflozin -> ihagliflozin,0.0,1.0,0.763,1.0,1.0,0.731,0.0,SGLT2 inhibitor,generic,-gliflozin,saturated,False,,
imagliflozin,False,grammar+refined,3,65.54,60.06,moderate,-5.06,9.94,linagliptin,0.7601,5,INTRA_STEM_TOO_CLOSE|TRADEMARK_HIT,SIMILARITY_MODERATE,idagliflozin,idagliflozin -> ihagliflozin -> imagliflozin,0.0,1.0,0.763,1.0,1.0,0.731,0.364,SGLT2 inhibitor,generic,-gliflozin,saturated,False,,
cizugliflozin,False,grammar+refined,3,53.93,58.34,moderate,-3.34,11.66,zoliflodacin,0.6701,5,INTRA_STEM_TOO_CLOSE|TRADEMARK_HIT,SIMILARITY_MODERATE,cilugliflozin,cilugliflozin -> cizugliflozin,0.0,0.6,0.763,1.0,1.0,0.624,0.0,SGLT2 inhibitor,generic,-gliflozin,saturated,False,,
cihugliflozin,False,grammar+refined,3,64.27,52.56,low,2.44,17.44,dihydralazine,0.6078,5,INTRA_STEM_TOO_CLOSE|TRADEMARK_HIT,,cilugliflozin,cilugliflozin -> cizugliflozin -> cihugliflozin,0.098,1.0,0.763,1.0,1.0,0.624,0.0,SGLT2 inhibitor,generic,-gliflozin,saturated,False,,
cigugliflozin,False,grammar+refined,3,55.83,53.03,low,1.97,16.97,sitagliptin,0.6731,5,INTRA_STEM_TOO_CLOSE|TRADEMARK_HIT,,cilugliflozin,cilugliflozin -> cizugliflozin -> cihugliflozin -> cigugliflozin,0.079,0.6,0.763,1.0,1.0,0.624,0.001,SGLT2 inhibitor,generic,-gliflozin,saturated,False,,
rubgliflozin,False,ngram_guided+refined,3,62.93,54.73,low,0.27,15.27,zoliflodacin,0.6771,4,INTRA_STEM_TOO_CLOSE|TRADEMARK_HIT,,rebgliflozin,rebgliflozin -> rubgliflozin,0.011,1.0,0.647,1.0,1.0,0.862,0.0,SGLT2 inhibitor,generic,-gliflozin,saturated,False,,
ribgliflozin,False,ngram_guided+refined,3,62.77,61.91,moderate,-6.91,8.09,riboflavin,0.6211,4,INTRA_STEM_TOO_CLOSE|TRADEMARK_HIT,SIMILARITY_MODERATE,rebgliflozin,rebgliflozin -> rubgliflozin -> ribgliflozin,0.0,1.0,0.647,1.0,1.0,0.862,0.014,SGLT2 inhibitor,generic,-gliflozin,saturated,False,,
dumgliflozin,False,ngram_guided+refined,3,62.67,57.8,moderate,-2.8,12.2,peoniflorin,0.6712,4,INTRA_STEM_TOO_CLOSE|TRADEMARK_HIT,SIMILARITY_MODERATE,domgliflozin,domgliflozin -> dumgliflozin,0.0,1.0,0.647,1.0,1.0,0.862,0.0,SGLT2 inhibitor,generic,-gliflozin,saturated,False,,
damgliflozin,False,ngram_guided+refined,3,63.61,60.14,moderate,-5.14,9.86,dapagliflozin,0.6836,4,INTRA_STEM_TOO_CLOSE|TRADEMARK_HIT,SIMILARITY_MODERATE,domgliflozin,domgliflozin -> dumgliflozin -> damgliflozin,0.0,1.0,0.647,1.0,1.0,0.862,0.134,SGLT2 inhibitor,generic,-gliflozin,saturated,False,,
dimgliflozin,False,ngram_guided+refined,3,69.19,57.65,moderate,-2.65,12.35,diglycerin,0.6963,4,INTRA_STEM_TOO_CLOSE|TRADEMARK_HIT,SIMILARITY_MODERATE,domgliflozin,domgliflozin -> dumgliflozin -> damgliflozin -> dimgliflozin,0.0,1.0,0.647,1.0,1.0,0.862,0.932,SGLT2 inhibitor,generic,-gliflozin,saturated,False,,
acogliflozin,False,grammar,4,63.08,62.58,moderate,-7.58,7.42,peoniflorin,0.7945,5,INTRA_STEM_TOO_CLOSE|TRADEMARK_HIT,SIMILARITY_MODERATE,,acogliflozin,0.0,1.0,0.763,1.0,1.0,0.731,0.012,SGLT2 inhibitor,generic,-gliflozin,saturated,False,,
bacigagliflozin,False,grammar,4,48.81,56.09,moderate,-1.09,13.91,sitagliptin,0.653,6,INTRA_STEM_TOO_CLOSE|TRADEMARK_HIT,SIMILARITY_MODERATE,,bacigagliflozin,0.0,0.517,0.784,1.0,1.0,0.237,0.018,SGLT2 inhibitor,generic,-gliflozin,saturated,False,,
ricegliflozin,False,grammar,4,53.93,58.41,moderate,-3.41,11.59,peoniflorin,0.6697,5,INTRA_STEM_TOO_CLOSE|TRADEMARK_HIT,SIMILARITY_MODERATE,,ricegliflozin,0.0,0.6,0.763,1.0,1.0,0.624,0.0,SGLT2 inhibitor,generic,-gliflozin,saturated,False,,
apofegliflozin,False,grammar,4,52.67,58.08,moderate,-3.08,11.92,peoniflorin,0.6687,6,INTRA_STEM_TOO_CLOSE|TRADEMARK_HIT,SIMILARITY_MODERATE,,apofegliflozin,0.0,0.68,0.784,1.0,1.0,0.309,0.001,SGLT2 inhibitor,generic,-gliflozin,saturated,False,,
qentegliflozin,False,grammar,4,54.22,57.97,moderate,-2.97,12.03,peoniflorin,0.6241,5,INTRA_STEM_TOO_CLOSE|TRADEMARK_HIT,SIMILARITY_MODERATE,,qentegliflozin,0.0,0.68,0.739,1.0,1.0,0.527,0.0,SGLT2 inhibitor,generic,-gliflozin,saturated,False,,
henigliflozin,False,grammar,4,53.94,56.48,moderate,-1.48,13.52,peoniflorin,0.8074,5,INTRA_STEM_TOO_CLOSE|TRADEMARK_HIT,SIMILARITY_MODERATE,,henigliflozin,0.0,0.6,0.763,1.0,1.0,0.624,0.001,SGLT2 inhibitor,generic,-gliflozin,saturated,False,,
netugliflozin,False,grammar,4,58.86,62.27,moderate,-7.27,7.73,ertugliflozin,0.657,5,INTRA_STEM_TOO_CLOSE|TRADEMARK_HIT,SIMILARITY_MODERATE,,netugliflozin,0.0,0.6,0.763,1.0,1.0,0.624,0.705,SGLT2 inhibitor,generic,-gliflozin,saturated,False,,
epugliflozin,False,grammar,4,63.0,63.53,moderate,-8.53,6.47,ertugliflozin,0.6101,5,INTRA_STEM_TOO_CLOSE|TRADEMARK_HIT,SIMILARITY_MODERATE,,epugliflozin,0.0,1.0,0.763,1.0,1.0,0.731,0.0,SGLT2 inhibitor,generic,-gliflozin,saturated,False,,
fitagliflozin,False,grammar,4,54.22,68.74,moderate,-13.74,1.26,sitagliptin,0.7303,5,INTRA_STEM_TOO_CLOSE|TRADEMARK_HIT,SIMILARITY_MODERATE,,fitagliflozin,0.0,0.6,0.763,1.0,1.0,0.624,0.042,SGLT2 inhibitor,generic,-gliflozin,saturated,False,,
axogliflozin,False,grammar,4,63.0,61.0,moderate,-6.0,9.0,zoliflodacin,0.7313,5,INTRA_STEM_TOO_CLOSE|TRADEMARK_HIT,SIMILARITY_MODERATE,,axogliflozin,0.0,1.0,0.763,1.0,1.0,0.731,0.0,SGLT2 inhibitor,generic,-gliflozin,saturated,False,,
asrogliflozin,False,grammar,4,61.58,61.48,moderate,-6.48,8.52,troglitazone,0.6554,5,INTRA_STEM_TOO_CLOSE|TRADEMARK_HIT,SIMILARITY_MODERATE,,asrogliflozin,0.0,1.0,0.739,1.0,1.0,0.624,0.0,SGLT2 inhibitor,generic,-gliflozin,saturated,False,,
emogliflozin,False,grammar,4,63.08,61.92,moderate,-6.92,8.08,peoniflorin,0.7369,5,INTRA_STEM_TOO_CLOSE|TRADEMARK_HIT,SIMILARITY_MODERATE,,emogliflozin,0.0,1.0,0.763,1.0,1.0,0.731,0.012,SGLT2 inhibitor,generic,-gliflozin,saturated,False,,
rutlimigliflozin,True,grammar,4,56.75,51.07,low,3.93,18.93,linagliptin,0.6345,6,,,,rutlimigliflozin,0.157,0.771,0.759,1.0,1.0,0.192,0.0,SGLT2 inhibitor,generic,-gliflozin,saturated,True,,
doavegliflozin,False,grammar,4,59.06,55.34,moderate,-0.34,14.66,zoliflodacin,0.6314,6,INTRA_STEM_TOO_CLOSE|TRADEMARK_HIT,SIMILARITY_MODERATE,,doavegliflozin,0.0,1.0,0.784,1.0,1.0,0.309,0.0,SGLT2 inhibitor,generic,-gliflozin,saturated,False,,
fexigliflozin,False,grammar,4,57.52,65.46,moderate,-10.46,4.54,bexagliflozin,0.694,5,INTRA_STEM_TOO_CLOSE|TRADEMARK_HIT,SIMILARITY_MODERATE,,fexigliflozin,0.0,0.6,0.763,1.0,1.0,0.624,0.512,SGLT2 inhibitor,generic,-gliflozin,saturated,False,,
lubasogliflozin,False,grammar,4,53.76,54.22,low,0.78,15.78,zoliflodacin,0.6849,6,TRADEMARK_HIT,,,lubasogliflozin,0.031,0.733,0.784,1.0,1.0,0.237,0.0,SGLT2 inhibitor,generic,-gliflozin,saturated,False,,
diavagliflozin,False,grammar,4,59.07,56.0,moderate,-1.0,14.0,dapagliflozin,0.6641,6,INTRA_STEM_TOO_CLOSE|TRADEMARK_HIT,SIMILARITY_MODERATE,,diavagliflozin,0.0,1.0,0.784,1.0,1.0,0.309,0.001,SGLT2 inhibitor,generic,-gliflozin,saturated,False,,
figiagliflozin,False,grammar,4,52.66,57.59,moderate,-2.59,12.41,sitagliptin,0.6519,6,INTRA_STEM_TOO_CLOSE|TRADEMARK_HIT,SIMILARITY_MODERATE,,figiagliflozin,0.0,0.68,0.784,1.0,1.0,0.309,0.0,SGLT2 inhibitor,generic,-gliflozin,saturated,False,,
eragliflozin,False,grammar,4,65.57,58.45,moderate,-3.45,11.55,grandiflorum,0.7655,5,INTRA_STEM_TOO_CLOSE|TRADEMARK_HIT,SIMILARITY_MODERATE,,eragliflozin,0.0,1.0,0.763,1.0,1.0,0.731,0.367,SGLT2 inhibitor,generic,-gliflozin,saturated,False,,
tozlaligliflozin,True,grammar,4,53.21,54.76,low,0.24,15.24,teneligliptin,0.6187,6,,,,tozlaligliflozin,0.01,0.771,0.759,1.0,1.0,0.192,0.001,SGLT2 inhibitor,generic,-gliflozin,saturated,False,,
lelfogliflozin,False,grammar,4,54.22,58.12,moderate,-3.12,11.88,peoniflorin,0.6149,5,INTRA_STEM_TOO_CLOSE,SIMILARITY_MODERATE,,lelfogliflozin,0.0,0.68,0.739,1.0,1.0,0.527,0.0,SGLT2 inhibitor,generic,-gliflozin,saturated,False,,
lollabogliflozin,True,grammar,4,54.68,53.23,low,1.77,16.77,flabellifolia,0.686,6,,,,lollabogliflozin,0.071,0.771,0.759,1.0,1.0,0.192,0.001,SGLT2 inhibitor,generic,-gliflozin,saturated,False,,
nenlilogliflozin,True,grammar,4,52.98,55.13,moderate,-0.13,14.87,teneligliptin,0.6495,6,,SIMILARITY_MODERATE,,nenlilogliflozin,0.0,0.771,0.759,1.0,1.0,0.192,0.0,SGLT2 inhibitor,generic,-gliflozin,saturated,False,,
gliqigliflozin,True,grammar,4,52.95,58.57,moderate,-3.57,11.43,lidoflazine,0.6697,5,,SIMILARITY_MODERATE,,gliqigliflozin,0.0,0.68,0.648,1.0,1.0,0.527,0.0,SGLT2 inhibitor,generic,-gliflozin,saturated,False,,
levobigliflozin,True,ngram_guided,4,44.77,55.22,moderate,-0.22,14.78,lovotibeglogene,0.7942,6,,SIMILARITY_MODERATE,,levobigliflozin,0.0,0.517,0.784,1.0,0.53,0.237,0.515,SGLT2 inhibitor,generic,-gliflozin,saturated,False,,
decagliflozin,False,ngram_guided,4,56.51,60.74,moderate,-5.74,9.26,bexagliflozin,0.7856,5,INTRA_STEM_TOO_CLOSE|TRADEMARK_HIT,SIMILARITY_MODERATE,,decagliflozin,0.0,0.6,0.763,1.0,1.0,0.624,0.368,SGLT2 inhibitor,generic,-gliflozin,saturated,False,,
imdevigliflozin,False,ngram_guided,4,50.72,53.11,low,1.89,16.89,teneligliptin,0.6435,6,TRADEMARK_HIT,,,imdevigliflozin,0.076,0.3,0.759,1.0,1.0,0.237,0.701,SGLT2 inhibitor,generic,-gliflozin,saturated,False,,
ascogliflozin,False,ngram_guided,4,52.69,58.41,moderate,-3.41,11.59,peoniflorin,0.7818,5,INTRA_STEM_TOO_CLOSE|TRADEMARK_HIT,SIMILARITY_MODERATE,,ascogliflozin,0.0,0.6,0.648,1.0,1.0,0.624,0.054,SGLT2 inhibitor,generic,-gliflozin,saturated,False,,
atomgliflozin,False,ngram_guided,4,56.86,56.69,moderate,-1.69,13.31,peoniflorin,0.6321,5,INTRA_STEM_TOO_CLOSE|TRADEMARK_HIT,SIMILARITY_MODERATE,,atomgliflozin,0.0,0.6,0.677,1.0,1.0,0.624,0.591,SGLT2 inhibitor,generic,-gliflozin,saturated,False,,
clevobigliflozin,True,ngram_guided,4,48.97,52.37,low,2.63,17.63,lovotibeglogene,0.7893,6,,,,clevobigliflozin,0.105,0.564,0.663,1.0,0.53,0.192,0.924,SGLT2 inhibitor,generic,-gliflozin,saturated,False,,
marbigliflozin,False,ngram_guided,4,61.07,55.49,moderate,-0.49,14.51,marbofloxacin,0.8338,5,INTRA_STEM_TOO_CLOSE|TRADEMARK_HIT,SIMILARITY_MODERATE,,marbigliflozin,0.0,0.68,0.739,1.0,1.0,0.527,0.979,SGLT2 inhibitor,generic,-gliflozin,saturated,False,,
repagliflozin,False,ngram_guided,4,59.98,60.45,moderate,-5.45,9.55,repaglinide,0.7673,5,INTRA_STEM_TOO_CLOSE|TRADEMARK_HIT,SIMILARITY_MODERATE,,repagliflozin,0.0,0.6,0.763,1.0,1.0,0.624,0.864,SGLT2 inhibitor,generic,-gliflozin,saturated,False,,
dextgliflozin,False,ngram_guided,4,53.03,68.48,moderate,-13.48,1.52,bexagliflozin,0.4815,4,INTRA_STEM_TOO_CLOSE|TRADEMARK_HIT,SIMILARITY_MODERATE,,dextgliflozin,0.0,0.6,0.451,0.65,1.0,0.755,0.759,SGLT2 inhibitor,generic,-gliflozin,saturated,False,,
frovagliflozin,False,ngram_guided,4,53.12,57.74,moderate,-2.74,12.26,trelagliptin,0.6984,5,INTRA_STEM_TOO_CLOSE|TRADEMARK_HIT,SIMILARITY_MODERATE,,frovagliflozin,0.0,0.45,0.648,1.0,1.0,0.527,0.682,SGLT2 inhibitor,generic,-gliflozin,saturated,False,,
trecgliflozin,False,ngram_guided,4,55.62,59.22,moderate,-4.22,10.78,troglitazone,0.6425,4,INTRA_STEM_TOO_CLOSE|TRADEMARK_HIT,SIMILARITY_MODERATE,,trecgliflozin,0.0,0.6,0.561,1.0,1.0,0.755,0.459,SGLT2 inhibitor,generic,-gliflozin,saturated,False,,
sebetgliflozin,False,ngram_guided,4,56.51,54.19,low,0.81,15.81,peoniflorin,0.639,5,INTRA_STEM_TOO_CLOSE|TRADEMARK_HIT,,,sebetgliflozin,0.032,0.45,0.677,1.0,1.0,0.527,0.997,SGLT2 inhibitor,generic,-gliflozin,saturated,False,,
chlogliflozin,False,ngram_guided,4,55.56,60.28,moderate,-5.28,9.72,alogliptin,0.9032,4,INTRA_STEM_TOO_CLOSE|TRADEMARK_HIT,SIMILARITY_MODERATE,,chlogliflozin,0.0,0.6,0.561,1.0,1.0,0.755,0.449,SGLT2 inhibitor,generic,-gliflozin,saturated,False,,
omatragliflozin,False,ngram_guided,4,55.81,51.6,low,3.4,18.4,saxagliptin,0.7437,6,INTRA_STEM_TOO_CLOSE|TRADEMARK_HIT,,,omatragliflozin,0.136,0.517,0.663,1.0,1.0,0.237,0.794,SGLT2 inhibitor,generic,-gliflozin,saturated,False,,
ledipegliflozin,False,ngram_guided,4,50.45,57.28,moderate,-2.28,12.72,peoniflorin,0.7672,6,INTRA_STEM_TOO_CLOSE|TRADEMARK_HIT,SIMILARITY_MODERATE,,ledipegliflozin,0.0,0.517,0.784,1.0,1.0,0.237,0.252,SGLT2 inhibitor,generic,-gliflozin,saturated,False,,
revabepogliflozin,False,ngram_guided,4,54.3,52.03,low,2.97,17.97,peoniflorin,0.6985,7,TRADEMARK_HIT,,,revabepogliflozin,0.119,0.6,0.798,1.0,1.0,0.052,0.394,SGLT2 inhibitor,generic,-gliflozin,saturated,False,,
bisogliflozin,False,ngram_guided,4,59.08,60.2,moderate,-5.2,9.8,zoliflodacin,0.8009,5,INTRA_STEM_TOO_CLOSE|TRADEMARK_HIT,SIMILARITY_MODERATE,,bisogliflozin,0.0,0.6,0.763,1.0,1.0,0.624,0.736,SGLT2 inhibitor,generic,-gliflozin,saturated,False,,
dromhgliflozin,False,ngram_guided,4,52.49,52.26,low,2.74,17.74,longiflorium,0.5749,4,TRADEMARK_HIT,,,dromhgliflozin,0.11,0.68,0.494,0.65,1.0,0.659,0.129,SGLT2 inhibitor,generic,-gliflozin,saturated,False,,
deuruxogliflozin,True,ngram_guided,4,46.24,65.75,moderate,-10.75,4.25,deuruxolitinib,0.704,6,,SIMILARITY_MODERATE,,deuruxogliflozin,0.0,0.15,0.784,1.0,1.0,0.192,0.764,SGLT2 inhibitor,generic,-gliflozin,saturated,False,,
zengliflozin,False,ngram_guided,4,64.38,63.45,moderate,-8.45,6.55,zoliflodacin,0.6729,4,INTRA_STEM_TOO_CLOSE|TRADEMARK_HIT,SIMILARITY_MODERATE,,zengliflozin,0.0,1.0,0.768,1.0,1.0,0.862,0.001,SGLT2 inhibitor,generic,-gliflozin,saturated,False,,
tenogliflozin,False,ngram_guided,4,56.42,63.87,moderate,-8.87,6.13,peoniflorin,0.8066,5,INTRA_STEM_TOO_CLOSE|TRADEMARK_HIT,SIMILARITY_MODERATE,,tenogliflozin,0.0,0.6,0.763,1.0,1.0,0.624,0.356,SGLT2 inhibitor,generic,-gliflozin,saturated,False,,
repogliflozin,False,ngram_guided,4,55.83,63.87,moderate,-8.87,6.13,peoniflorin,0.7761,5,INTRA_STEM_TOO_CLOSE|TRADEMARK_HIT,SIMILARITY_MODERATE,,repogliflozin,0.0,0.6,0.763,1.0,1.0,0.624,0.272,SGLT2 inhibitor,generic,-gliflozin,saturated,False,,
topogliflozin,False,ngram_guided,4,55.77,60.91,moderate,-5.91,9.09,peoniflorin,0.7734,5,INTRA_STEM_TOO_CLOSE|TRADEMARK_HIT,SIMILARITY_MODERATE,,topogliflozin,0.0,0.6,0.763,1.0,1.0,0.624,0.263,SGLT2 inhibitor,generic,-gliflozin,saturated,False,,
crogliflozin,False,ngram_guided,4,68.41,64.52,moderate,-9.52,5.48,troglitazone,0.8427,4,INTRA_STEM_TOO_CLOSE|TRADEMARK_HIT,SIMILARITY_MODERATE,,crogliflozin,0.0,1.0,0.648,1.0,1.0,0.862,0.817,SGLT2 inhibitor,generic,-gliflozin,saturated,False,,
cdogliflozin,False,ngram_guided+refined,4,62.14,61.74,moderate,-6.74,8.26,zoliflodacin,0.5656,4,INTRA_STEM_TOO_CLOSE|TRADEMARK_HIT,SIMILARITY_MODERATE|ILLEGAL_ONSET_CLUSTER,crogliflozin,crogliflozin -> cdogliflozin,0.0,1.0,0.609,1.0,1.0,0.862,0.0,SGLT2 inhibitor,generic,-gliflozin,saturated,False,,
cvogliflozin,False,ngram_guided+refined,4,62.14,62.65,moderate,-7.65,7.35,zoliflodacin,0.5913,4,INTRA_STEM_TOO_CLOSE|TRADEMARK_HIT,SIMILARITY_MODERATE|ILLEGAL_ONSET_CLUSTER,crogliflozin,crogliflozin -> cdogliflozin -> cvogliflozin,0.0,1.0,0.609,1.0,1.0,0.862,0.0,SGLT2 inhibitor,generic,-gliflozin,saturated,False,,
cyogliflozin,False,ngram_guided+refined,4,62.65,63.36,moderate,-8.36,6.64,peoniflorin,0.6737,5,INTRA_STEM_TOO_CLOSE|TRADEMARK_HIT,SIMILARITY_MODERATE,crogliflozin,crogliflozin -> cdogliflozin -> cvogliflozin -> cyogliflozin,0.0,1.0,0.739,1.0,1.0,0.731,0.0,SGLT2 inhibitor,generic,-gliflozin,saturated,False,,
egagliflozin,False,grammar+refined,4,63.0,58.61,moderate,-3.61,11.39,gatifloxacin,0.6288,5,INTRA_STEM_TOO_CLOSE|TRADEMARK_HIT,SIMILARITY_MODERATE,eragliflozin,eragliflozin -> egagliflozin,0.0,1.0,0.763,1.0,1.0,0.731,0.0,SGLT2 inhibitor,generic,-gliflozin,saturated,False,,
enagliflozin,False,grammar+refined,4,69.5,60.35,moderate,-5.35,9.65,linagliptin,0.7294,5,INTRA_STEM_TOO_CLOSE|TRADEMARK_HIT,SIMILARITY_MODERATE,eragliflozin,eragliflozin -> egagliflozin -> enagliflozin,0.0,1.0,0.763,1.0,1.0,0.731,0.928,SGLT2 inhibitor,generic,-gliflozin,saturated,False,,
ekagliflozin,False,grammar+refined,4,63.0,57.29,moderate,-2.29,12.71,acriflavine,0.6124,5,INTRA_STEM_TOO_CLOSE|TRADEMARK_HIT,SIMILARITY_MODERATE,eragliflozin,eragliflozin -> egagliflozin -> enagliflozin -> ekagliflozin,0.0,1.0,0.763,1.0,1.0,0.731,0.0,SGLT2 inhibitor,generic,-gliflozin,saturated,False,,
zangliflozin,False,ngram_guided+refined,4,68.83,61.65,moderate,-6.65,8.35,zoliflodacin,0.7084,4,INTRA_STEM_TOO_CLOSE|TRADEMARK_HIT,SIMILARITY_MODERATE,zengliflozin,zengliflozin -> zangliflozin,0.0,1.0,0.768,1.0,1.0,0.862,0.637,SGLT2 inhibitor,generic,-gliflozin,saturated,False,,
zongliflozin,False,ngram_guided+refined,4,64.38,65.63,moderate,-10.63,4.37,zoliflodacin,0.6936,4,INTRA_STEM_TOO_CLOSE|TRADEMARK_HIT,SIMILARITY_MODERATE,zengliflozin,zengliflozin -> zangliflozin -> zongliflozin,0.0,1.0,0.768,1.0,1.0,0.862,0.001,SGLT2 inhibitor,generic,-gliflozin,saturated,False,,
zungliflozin,False,ngram_guided+refined,4,64.37,63.85,moderate,-8.85,6.15,zoliflodacin,0.624,4,INTRA_STEM_TOO_CLOSE|TRADEMARK_HIT,SIMILARITY_MODERATE,zengliflozin,zengliflozin -> zangliflozin -> zongliflozin -> zungliflozin,0.0,1.0,0.768,1.0,1.0,0.862,0.0,SGLT2 inhibitor,generic,-gliflozin,saturated,False,,
apogliflozin,False,grammar+refined,4,63.02,65.22,moderate,-10.22,4.78,peoniflorin,0.7604,5,INTRA_STEM_TOO_CLOSE|TRADEMARK_HIT,SIMILARITY_MODERATE,acogliflozin,acogliflozin -> apogliflozin,0.0,1.0,0.763,1.0,1.0,0.731,0.003,SGLT2 inhibitor,generic,-gliflozin,saturated,False,,
agogliflozin,False,grammar+refined,4,63.0,61.22,moderate,-6.22,8.78,zoliflodacin,0.7615,5,INTRA_STEM_TOO_CLOSE|TRADEMARK_HIT,SIMILARITY_MODERATE,acogliflozin,acogliflozin -> apogliflozin -> agogliflozin,0.0,1.0,0.763,1.0,1.0,0.731,0.0,SGLT2 inhibitor,generic,-gliflozin,saturated,False,,
ahogliflozin,False,grammar+refined,4,63.0,59.6,moderate,-4.6,10.4,peoniflorin,0.6571,5,INTRA_STEM_TOO_CLOSE|TRADEMARK_HIT,SIMILARITY_MODERATE,acogliflozin,acogliflozin -> apogliflozin -> agogliflozin -> ahogliflozin,0.0,1.0,0.763,1.0,1.0,0.731,0.0,SGLT2 inhibitor,generic,-gliflozin,saturated,False,,
emugliflozin,False,grammar+refined,4,63.01,55.66,moderate,-0.66,14.34,zoliflodacin,0.6894,5,INTRA_STEM_TOO_CLOSE|TRADEMARK_HIT,SIMILARITY_MODERATE,epugliflozin,epugliflozin -> emugliflozin,0.0,1.0,0.763,1.0,1.0,0.731,0.001,SGLT2 inhibitor,generic,-gliflozin,saturated,False,,
ehugliflozin,False,grammar+refined,4,63.0,55.66,moderate,-0.66,14.34,zoliflodacin,0.6178,5,INTRA_STEM_TOO_CLOSE|TRADEMARK_HIT,SIMILARITY_MODERATE,epugliflozin,epugliflozin -> emugliflozin -> ehugliflozin,0.0,1.0,0.763,1.0,1.0,0.731,0.0,SGLT2 inhibitor,generic,-gliflozin,saturated,False,,
elugliflozin,False,grammar+refined,4,63.02,59.23,moderate,-4.23,10.77,fluciclovine,0.6589,5,INTRA_STEM_TOO_CLOSE|TRADEMARK_HIT,SIMILARITY_MODERATE,epugliflozin,epugliflozin -> emugliflozin -> ehugliflozin -> elugliflozin,0.0,1.0,0.763,1.0,1.0,0.731,0.003,SGLT2 inhibitor,generic,-gliflozin,saturated,False,,
ayogliflozin,False,grammar+refined,4,63.0,63.87,moderate,-8.87,6.13,peoniflorin,0.6187,5,INTRA_STEM_TOO_CLOSE|TRADEMARK_HIT,SIMILARITY_MODERATE,axogliflozin,axogliflozin -> ayogliflozin,0.0,1.0,0.763,1.0,1.0,0.731,0.0,SGLT2 inhibitor,generic,-gliflozin,saturated,False,,
askogliflozin,False,grammar+refined,4,60.31,58.41,moderate,-3.41,11.59,peoniflorin,0.6232,5,INTRA_STEM_TOO_CLOSE|TRADEMARK_HIT,SIMILARITY_MODERATE,asrogliflozin,asrogliflozin -> askogliflozin,0.0,1.0,0.648,1.0,1.0,0.624,0.0,SGLT2 inhibitor,generic,-gliflozin,saturated,False,,
asbogliflozin,False,grammar+refined,4,61.58,59.35,moderate,-4.35,10.65,peoniflorin,0.645,5,INTRA_STEM_TOO_CLOSE|TRADEMARK_HIT,SIMILARITY_MODERATE,asrogliflozin,asrogliflozin -> askogliflozin -> asbogliflozin,0.0,1.0,0.739,1.0,1.0,0.624,0.0,SGLT2 inhibitor,generic,-gliflozin,saturated,False,,
ajbogliflozin,False,grammar+refined,4,61.58,59.35,moderate,-4.35,10.65,peoniflorin,0.64,5,INTRA_STEM_TOO_CLOSE|TRADEMARK_HIT,SIMILARITY_MODERATE,asrogliflozin,asrogliflozin -> askogliflozin -> asbogliflozin -> ajbogliflozin,0.0,1.0,0.739,1.0,1.0,0.624,0.0,SGLT2 inhibitor,generic,-gliflozin,saturated,False,,
nobidaparib,True,grammar,1,61.89,62.21,moderate,-7.21,7.79,enoxaparin,0.6895,5,,SIMILARITY_MODERATE,,nobidaparib,0.0,0.733,1.0,1.0,1.0,0.821,0.001,PARP inhibitor,generic,-parib,saturated,False,,
ciszoparib,True,grammar,1,69.0,64.63,moderate,-9.63,5.37,tinzaparin,0.6211,4,,SIMILARITY_MODERATE,,ciszoparib,0.0,1.0,1.0,1.0,1.0,0.998,0.003,PARP inhibitor,generic,-parib,saturated,True,,
derfeparib,True,grammar,1,58.0,65.89,moderate,-10.89,4.11,mercenaria,0.7152,4,,SIMILARITY_MODERATE,,derfeparib,0.0,0.45,1.0,1.0,1.0,0.998,0.003,PARP inhibitor,generic,-parib,saturated,False,,
dopploparib,True,grammar,1,65.27,59.58,moderate,-4.58,10.42,semuloparin,0.6703,4,,SIMILARITY_MODERATE,,dopploparib,0.0,1.0,0.768,1.0,1.0,0.952,0.0,PARP inhibitor,generic,-parib,saturated,False,,
fapezeparib,True,grammar,1,61.88,58.97,moderate,-3.97,11.03,pazopanib,0.6449,5,,SIMILARITY_MODERATE,,fapezeparib,0.0,0.733,1.0,1.0,1.0,0.821,0.0,PARP inhibitor,generic,-parib,saturated,False,,
yliparib,False,grammar,1,64.09,63.9,moderate,-8.9,6.1,linaria,0.5927,3,INTRA_STEM_TOO_CLOSE,SIMILARITY_MODERATE|ILLEGAL_ONSET_CLUSTER,,yliparib,0.0,1.0,0.801,1.0,1.0,0.787,0.0,PARP inhibitor,generic,-parib,saturated,False,,
dinaparib,False,grammar,1,62.64,72.24,high,-17.24,-2.24,tinzaparin,0.8675,4,SIMILARITY_TOO_HIGH|INTRA_STEM_TOO_CLOSE,,,dinaparib,0.0,0.6,1.0,1.0,1.0,0.983,0.259,PARP inhibitor,generic,-parib,saturated,False,,
deniparib,False,grammar,1,67.09,76.53,high,-21.53,-6.53,bemiparin,0.7357,4,SIMILARITY_TOO_HIGH,,,deniparib,0.0,0.6,1.0,1.0,1.0,0.983,0.894,PARP inhibitor,generic,-parib,saturated,False,,
sukoparib,False,grammar,1,68.83,74.08,high,-19.08,-4.08,scoparia,0.612,4,SIMILARITY_TOO_HIGH,,,sukoparib,0.0,1.0,1.0,1.0,1.0,0.983,0.0,PARP inhibitor,generic,-parib,saturated,False,,
mofonuparib,True,grammar,1,67.9,54.28,low,0.72,15.72,mofebutazone,0.6443,5,,,,mofonuparib,0.029,1.0,1.0,1.0,1.0,0.821,0.0,PARP inhibitor,generic,-parib,saturated,True,,
donseparib,True,grammar,1,62.6,64.17,moderate,-9.17,5.83,dalteparin,0.6938,4,,SIMILARITY_MODERATE,,donseparib,0.0,0.68,1.0,1.0,1.0,0.998,0.003,PARP inhibitor,generic,-parib,saturated,False,,
feungaparib,True,grammar,1,63.19,64.56,moderate,-9.56,5.44,tinzaparin,0.6103,4,,SIMILARITY_MODERATE,,feungaparib,0.0,0.733,1.0,1.0,1.0,0.952,0.0,PARP inhibitor,generic,-parib,saturated,False,,
icuteparib,True,grammar,1,61.27,64.21,moderate,-9.21,5.79,scutellaria,0.6656,5,,SIMILARITY_MODERATE,,icuteparib,0.0,0.68,1.0,1.0,1.0,0.867,0.0,PARP inhibitor,generic,-parib,saturated,False,,
oloparib,False,grammar,1,68.13,79.84,high,-24.84,-9.84,olaparib,0.7704,4,SIMILARITY_TOO_HIGH|INTRA_STEM_TOO_CLOSE|TRADEMARK_HIT,,,oloparib,0.0,1.0,1.0,1.0,1.0,0.912,0.001,PARP inhibitor,generic,-parib,saturated,False,,
rimasaparib,True,grammar,1,62.06,62.74,moderate,-7.74,7.26,tinzaparin,0.6849,5,,SIMILARITY_MODERATE,,rimasaparib,0.0,0.733,1.0,1.0,1.0,0.821,0.026,PARP inhibitor,generic,-parib,saturated,False,,
baloparib,False,grammar,1,65.29,71.58,high,-16.58,-1.58,aloprim,0.7912,4,SIMILARITY_TOO_HIGH|TRADEMARK_HIT,,,baloparib,0.0,0.6,1.0,1.0,1.0,0.983,0.637,PARP inhibitor,generic,-parib,saturated,False,,
cirmoparib,False,grammar,1,69.0,73.69,high,-18.69,-3.69,certoparin,0.6504,4,SIMILARITY_TOO_HIGH,,,cirmoparib,0.0,1.0,1.0,1.0,1.0,0.998,0.003,PARP inhibitor,generic,-parib,saturated,False,,
geveparib,False,grammar,1,68.83,70.95,high,-15.95,-0.95,reviparin,0.6351,4,SIMILARITY_TOO_HIGH,,,geveparib,0.0,1.0,1.0,1.0,1.0,0.983,0.0,PARP inhibitor,generic,-parib,saturated,False,,
futleparib,True,grammar,1,62.59,59.38,moderate,-4.38,10.62,certoparin,0.6161,4,,SIMILARITY_MODERATE,,futleparib,0.0,0.68,1.0,1.0,1.0,0.998,0.001,PARP inhibitor,generic,-parib,saturated,False,,
maxycabaparib,True,grammar,1,57.5,58.57,moderate,-3.57,11.43,axicabtagene,0.6212,6,,SIMILARITY_MODERATE,,maxycabaparib,0.0,0.8,0.889,1.0,1.0,0.406,0.0,PARP inhibitor,generic,-parib,saturated,False,,
edonoparib,True,grammar,1,61.27,60.3,moderate,-5.3,9.7,certoparin,0.7178,5,,SIMILARITY_MODERATE,,edonoparib,0.0,0.68,1.0,1.0,1.0,0.867,0.001,PARP inhibitor,generic,-parib,saturated,False,,
claliparib,True,grammar,1,61.6,63.42,moderate,-8.42,6.58,salicaria,0.7068,4,,SIMILARITY_MODERATE,,claliparib,0.0,0.68,0.879,1.0,1.0,0.998,0.103,PARP inhibitor,generic,-parib,saturated,False,,
gonoparib,True,grammar,1,61.01,59.63,moderate,-4.63,10.37,monoferric,0.7627,4,,SIMILARITY_MODERATE,,gonoparib,0.0,0.6,1.0,1.0,1.0,0.983,0.026,PARP inhibitor,generic,-parib,saturated,False,,
pelmaparib,True,grammar,1,62.63,66.16,moderate,-11.16,3.84,parnaparin,0.6568,4,,SIMILARITY_MODERATE,,pelmaparib,0.0,0.68,1.0,1.0,1.0,0.998,0.007,PARP inhibitor,generic,-parib,saturated,False,,
decaneparib,False,ngram_guided,1,48.68,72.52,high,-17.52,-2.52,decamethrin,0.8124,5,SIMILARITY_TOO_HIGH,,,decaneparib,0.0,0.3,1.0,1.0,0.53,0.821,0.427,PARP inhibitor,generic,-parib,saturated,False,,
pentoparib,False,ngram_guided,1,52.03,71.75,high,-16.75,-1.75,certoparin,0.8774,4,SIMILARITY_TOO_HIGH,,,pentoparib,0.0,0.45,1.0,1.0,0.53,0.998,0.225,PARP inhibitor,generic,-parib,saturated,False,,
pemecloparib,True,ngram_guided,1,48.19,68.86,moderate,-13.86,1.14,semuloparin,0.771,5,,SIMILARITY_MODERATE,,pemecloparib,0.0,0.357,0.894,1.0,0.53,0.731,0.535,PARP inhibitor,generic,-parib,saturated,False,,
prastuparib,True,ngram_guided,1,59.77,60.87,moderate,-5.87,9.13,tristearin,0.6889,4,,SIMILARITY_MODERATE,,prastuparib,0.0,0.517,0.733,1.0,1.0,0.952,0.663,PARP inhibitor,generic,-parib,saturated,False,,
decandoparib,True,ngram_guided,1,48.93,60.63,moderate,-5.63,9.37,decandra,0.8813,5,,SIMILARITY_MODERATE,,decandoparib,0.0,0.357,1.0,1.0,0.53,0.731,0.429,PARP inhibitor,generic,-parib,saturated,False,,
nerparib,True,ngram_guided,1,68.78,65.3,moderate,-10.3,4.7,nectarine,0.6642,3,,SIMILARITY_MODERATE,,nerparib,0.0,1.0,1.0,1.0,1.0,0.787,0.273,PARP inhibitor,generic,-parib,saturated,True,,
thiazparib,True,ngram_guided,1,56.24,59.63,moderate,-4.63,10.37,tinzaparin,0.6285,4,,SIMILARITY_MODERATE,,thiazparib,0.0,0.45,0.975,1.0,0.53,0.998,0.876,PARP inhibitor,generic,-parib,saturated,False,,
eleparib,False,ngram_guided,1,71.86,75.7,high,-20.7,-5.7,elettaria,0.7271,4,SIMILARITY_TOO_HIGH|INTRA_STEM_TOO_CLOSE,,,eleparib,0.0,1.0,1.0,1.0,1.0,0.912,0.534,PARP inhibitor,generic,-parib,saturated,False,,
ubromoparib,False,ngram_guided,1,52.72,72.62,high,-17.62,-2.62,bromopride,0.7242,5,SIMILARITY_TOO_HIGH,,,ubromoparib,0.0,0.517,0.894,1.0,0.53,0.821,0.597,PARP inhibitor,generic,-parib,saturated,False,,
sumateriparib,True,ngram_guided,1,61.53,66.79,moderate,-11.79,3.21,sumatriptan,0.8656,6,,SIMILARITY_MODERATE,,sumateriparib,0.0,0.6,1.0,1.0,1.0,0.406,0.925,PARP inhibitor,generic,-parib,saturated,False,,
deworparib,True,ngram_guided,1,60.96,59.01,moderate,-4.01,10.99,warfarin,0.7194,4,,SIMILARITY_MODERATE,,deworparib,0.0,0.45,1.0,1.0,1.0,0.998,0.426,PARP inhibitor,generic,-parib,saturated,False,,
methioparib,False,ngram_guided,1,47.97,70.79,high,-15.79,-0.79,methocarb,0.9555,5,SIMILARITY_TOO_HIGH|TRADEMARK_HIT,,,methioparib,0.0,0.3,1.0,1.0,0.53,0.821,0.325,PARP inhibitor,generic,-parib,saturated,False,,
abciparib,True,ngram_guided,1,62.02,62.23,moderate,-7.23,7.77,aucuparia,0.6551,4,,SIMILARITY_MODERATE,,abciparib,0.0,0.6,1.0,1.0,1.0,0.983,0.171,PARP inhibitor,generic,-parib,saturated,False,,
thyparib,True,ngram_guided,1,66.27,61.97,moderate,-6.97,8.03,heparin,0.7474,3,,SIMILARITY_MODERATE,,thyparib,0.0,1.0,0.889,1.0,1.0,0.787,0.137,PARP inhibitor,generic,-parib,saturated,True,,
ramparib,True,ngram_guided,1,68.3,69.4,moderate,-14.4,0.6,amprid,0.7562,3,,SIMILARITY_MODERATE,,ramparib,0.0,1.0,1.0,1.0,1.0,0.787,0.204,PARP inhibitor,generic,-parib,saturated,True,,
albuparib,True,ngram_guided,1,64.0,63.73,moderate,-8.73,6.27,aucuparia,0.7782,4,,SIMILARITY_MODERATE,,albuparib,0.0,0.6,1.0,1.0,1.0,0.983,0.454,PARP inhibitor,generic,-parib,saturated,False,,
abiraparib,False,ngram_guided,1,62.65,69.69,moderate,-14.69,0.31,niraparib,0.707,5,INTRA_STEM_TOO_CLOSE,SIMILARITY_MODERATE,,abiraparib,0.0,0.45,1.0,1.0,1.0,0.867,0.855,PARP inhibitor,generic,-parib,saturated,False,,
chirparib,True,ngram_guided,1,60.52,63.96,moderate,-8.96,6.04,capparis,0.6335,3,,SIMILARITY_MODERATE,,chirparib,0.0,0.6,0.975,1.0,1.0,0.858,0.184,PARP inhibitor,generic,-parib,saturated,False,,
omerparib,True,ngram_guided,1,61.15,59.95,moderate,-4.95,10.05,bemiparin,0.6914,4,,SIMILARITY_MODERATE,,omerparib,0.0,0.6,1.0,1.0,1.0,0.983,0.046,PARP inhibitor,generic,-parib,saturated,False,,
dipeginiparib,True,ngram_guided,1,58.23,54.39,low,0.61,15.61,bemiparin,0.798,6,,,,dipeginiparib,0.024,0.6,1.0,1.0,1.0,0.406,0.369,PARP inhibitor,generic,-parib,saturated,False,,
mirtolparib,True,ngram_guided,1,68.04,60.43,moderate,-5.43,9.57,certoparin,0.6421,4,,SIMILARITY_MODERATE,,mirtolparib,0.0,0.733,0.975,1.0,1.0,0.952,0.742,PARP inhibitor,generic,-parib,saturated,True,,
prazparib,True,ngram_guided,1,56.15,66.16,moderate,-11.16,3.84,prepared,0.6208,3,,SIMILARITY_MODERATE,,prazparib,0.0,0.6,0.829,1.0,0.59,0.858,0.789,PARP inhibitor,generic,-parib,saturated,False,,
suaviparib,True,ngram_guided,1,59.77,64.45,moderate,-9.45,5.55,reviparin,0.688,5,,SIMILARITY_MODERATE,,suaviparib,0.0,0.45,1.0,1.0,1.0,0.867,0.444,PARP inhibitor,generic,-parib,saturated,False,,
behenoxaparib,False,ngram_guided,1,49.24,73.99,high,-18.99,-3.99,enoxaparin,0.8142,6,SIMILARITY_TOO_HIGH|TRADEMARK_HIT,,,behenoxaparib,0.0,0.4,1.0,1.0,0.53,0.406,0.814,PARP inhibitor,generic,-parib,saturated,False,,
eliparib,False,ngram_guided+refined,1,74.95,67.47,moderate,-12.47,2.53,reviparin,0.7567,4,INTRA_STEM_TOO_CLOSE,SIMILARITY_MODERATE,eleparib,eleparib -> eliparib,0.0,1.0,1.0,1.0,1.0,0.912,0.975,PARP inhibitor,generic,-parib,saturated,False,,
eyiparib,True,ngram_guided+refined,1,68.12,64.85,moderate,-9.85,5.15,reviparin,0.6045,4,,SIMILARITY_MODERATE,eleparib,eleparib -> eliparib -> eyiparib,0.0,1.0,1.0,1.0,1.0,0.912,0.0,PARP inhibitor,generic,-parib,saturated,True,,
cijmoparib,True,grammar+refined,1,68.98,62.26,moderate,-7.26,7.74,certoparin,0.6062,4,,SIMILARITY_MODERATE,cirmoparib,cirmoparib -> cijmoparib,0.0,1.0,1.0,1.0,1.0,0.998,0.0,PARP inhibitor,generic,-parib,saturated,True,,
jukoparib,True,grammar+refined,1,68.83,65.38,moderate,-10.38,4.62,scoparia,0.6114,4,,SIMILARITY_MODERATE,sukoparib,sukoparib -> jukoparib,0.0,1.0,1.0,1.0,1.0,0.983,0.0,PARP inhibitor,generic,-parib,saturated,True,,
deveparib,True,grammar+refined,1,60.83,69.88,moderate,-14.88,0.12,reviparin,0.6584,4,,SIMILARITY_MODERATE,geveparib,geveparib -> deveparib,0.0,0.6,1.0,1.0,1.0,0.983,0.001,PARP inhibitor,generic,-parib,saturated,False,,
opoparib,True,grammar+refined,1,68.12,66.98,moderate,-11.98,3.02,scoparia,0.6765,4,,SIMILARITY_MODERATE,oloparib,oloparib -> opoparib,0.0,1.0,1.0,1.0,1.0,0.912,0.0,PARP inhibitor,generic,-parib,saturated,True,,
degiparib,False,grammar+refined,1,60.83,72.49,high,-17.49,-2.49,bemiparin,0.655,4,SIMILARITY_TOO_HIGH,,deniparib,deniparib -> degiparib,0.0,0.6,1.0,1.0,1.0,0.983,0.001,PARP inhibitor,generic,-parib,saturated,False,,
dediparib,False,grammar+refined,1,68.83,74.41,high,-19.41,-4.41,bemiparin,0.7109,4,SIMILARITY_TOO_HIGH,,deniparib,deniparib -> degiparib -> dediparib,0.0,1.0,1.0,1.0,1.0,0.983,0.0,PARP inhibitor,generic,-parib,saturated,False,,
pediparib,False,grammar+refined,1,60.83,73.55,high,-18.55,-3.55,bemiparin,0.8047,4,SIMILARITY_TOO_HIGH|TRADEMARK_HIT,,deniparib,deniparib -> degiparib -> dediparib -> pediparib,0.0,0.6,1.0,1.0,1.0,0.983,0.0,PARP inhibitor,generic,-parib,saturated,False,,
maloparib,False,grammar+refined,1,60.85,71.58,high,-16.58,-1.58,aloprim,0.8243,4,SIMILARITY_TOO_HIGH|TRADEMARK_HIT,,baloparib,baloparib -> maloparib,0.0,0.6,1.0,1.0,1.0,0.983,0.003,PARP inhibitor,generic,-parib,saturated,False,,
meloparib,False,grammar+refined,1,63.48,70.87,high,-15.87,-0.87,melothria,0.8285,4,SIMILARITY_TOO_HIGH,,baloparib,baloparib -> maloparib -> meloparib,0.0,0.6,1.0,1.0,1.0,0.983,0.379,PARP inhibitor,generic,-parib,saturated,False,,
meluparib,True,grammar+refined,1,60.92,66.14,moderate,-11.14,3.86,militaris,0.7398,4,,SIMILARITY_MODERATE,baloparib,baloparib -> maloparib -> meloparib -> meluparib,0.0,0.6,1.0,1.0,1.0,0.983,0.014,PARP inhibitor,generic,-parib,saturated,False,,
yziparib,True,grammar+refined,1,64.09,65.17,moderate,-10.17,4.83,reviparin,0.5381,3,,SIMILARITY_MODERATE|ILLEGAL_ONSET_CLUSTER,yliparib,yliparib -> yziparib,0.0,1.0,0.801,1.0,1.0,0.787,0.0,PARP inhibitor,generic,-parib,saturated,False,,
ruxmio,True,grammar,1,62.95,61.47,moderate,-6.47,8.53,fexmid,0.6004,3,,SIMILARITY_MODERATE,,ruxmio,0.0,1.0,0.854,1.0,,,0.0,"proprietary mark, cardiovascular",brand,,brand,True,1.0,0.8
iorore,True,grammar,1,62.02,57.73,moderate,-2.73,12.27,fiore,0.603,3,,SIMILARITY_MODERATE,,iorore,0.0,0.733,1.0,1.0,,,0.0,"proprietary mark, cardiovascular",brand,,brand,False,1.0,0.85
pruolaspo,True,grammar,1,55.03,69.62,moderate,-14.62,0.38,prolastin,0.6004,4,,SIMILARITY_MODERATE,,pruolaspo,0.0,0.628,0.779,1.0,,,0.0,"proprietary mark, cardiovascular",brand,,brand,False,1.0,0.69
gariczo,False,grammar,1,60.78,71.25,high,-16.25,-1.25,agaric,0.6519,3,SIMILARITY_TOO_HIGH|TRADEMARK_HIT,,,gariczo,0.0,0.564,1.0,1.0,,,0.0,"proprietary mark, cardiovascular",brand,,brand,False,1.0,0.925
neftano,False,grammar,1,63.67,71.16,high,-16.16,-1.16,jevtana,0.6072,3,SIMILARITY_TOO_HIGH|TRADEMARK_HIT,,,neftano,0.0,0.771,1.0,1.0,,,0.0,"proprietary mark, cardiovascular",brand,,brand,False,1.0,0.925
stouwa,True,grammar,1,60.5,61.3,moderate,-6.3,8.7,stona,0.6001,2,,SIMILARITY_MODERATE,,stouwa,0.0,1.0,0.803,1.0,,,0.0,"proprietary mark, cardiovascular",brand,,brand,False,1.0,0.683
meissita,True,grammar,1,63.81,66.16,moderate,-11.16,3.84,melissa,0.6108,3,,SIMILARITY_MODERATE,,meissita,0.0,0.8,1.0,1.0,,,0.022,"proprietary mark, cardiovascular",brand,,brand,True,1.0,0.895
venneffe,False,grammar,1,61.61,70.29,high,-15.29,-0.29,venofer,0.6868,2,SIMILARITY_TOO_HIGH|TRADEMARK_HIT,,,venneffe,0.0,0.8,0.975,1.0,,,0.009,"proprietary mark, cardiovascular",brand,,brand,False,1.0,0.779
pansio,False,grammar,1,61.87,72.76,high,-17.76,-2.76,tansy,0.7882,3,SIMILARITY_TOO_HIGH|TRADEMARK_HIT,,,pansio,0.0,0.733,1.0,1.0,,,0.076,"proprietary mark, cardiovascular",brand,,brand,False,1.0,0.8
itiaco,True,grammar,1,60.27,61.7,moderate,-6.7,8.3,niacor,0.6083,4,,SIMILARITY_MODERATE,,itiaco,0.0,0.733,1.0,1.0,,,0.0,"proprietary mark, cardiovascular",brand,,brand,False,1.0,0.733
bazapa,False,grammar,1,62.77,72.5,high,-17.5,-2.5,jalapa,0.6763,3,SIMILARITY_TOO_HIGH|TRADEMARK_HIT,,,bazapa,0.0,0.733,1.0,1.0,,,0.0,"proprietary mark, cardiovascular",brand,,brand,False,1.0,0.9
telafa,False,grammar,1,62.82,71.67,high,-16.67,-1.67,tela,0.6153,3,SIMILARITY_TOO_HIGH,,,telafa,0.0,0.733,1.0,1.0,,,0.006,"proprietary mark, cardiovascular",brand,,brand,False,1.0,0.9
beoca,True,grammar,1,60.08,68.45,moderate,-13.45,1.55,avoca,0.6207,3,,SIMILARITY_MODERATE,,beoca,0.0,0.68,1.0,1.0,,,0.0,"proprietary mark, cardiovascular",brand,,brand,False,1.0,0.771
zapviso,False,grammar,1,63.67,71.54,high,-16.54,-1.54,apriso,0.6053,3,SIMILARITY_TOO_HIGH|TRADEMARK_HIT,,,zapviso,0.0,0.771,1.0,1.0,,,0.0,"proprietary mark, cardiovascular",brand,,brand,False,1.0,0.925
yexcio,True,grammar,1,63.59,64.76,moderate,-9.76,5.24,elrexfio,0.6003,3,,SIMILARITY_MODERATE,,yexcio,0.0,1.0,0.899,1.0,,,0.0,"proprietary mark, cardiovascular",brand,,brand,True,1.0,0.8
fafasti,True,grammar,1,59.36,68.79,moderate,-13.79,1.21,avastin,0.609,3,,SIMILARITY_MODERATE|IMPLIED_CLAIM,,fafasti,0.0,0.564,0.899,1.0,,,0.0,"proprietary mark, cardiovascular",brand,,brand,False,1.0,0.925
misduade,True,grammar,1,66.43,56.47,moderate,-1.47,13.53,bestmade,0.7323,3,,SIMILARITY_MODERATE,,misduade,0.0,1.0,1.0,1.0,,,0.0,"proprietary mark, cardiovascular",brand,,brand,True,1.0,0.895
dhecosto,True,grammar,1,56.29,60.99,moderate,-5.99,9.01,costa,0.546,3,,SIMILARITY_MODERATE|ILLEGAL_ONSET_CLUSTER,,dhecosto,0.0,0.6,0.676,1.0,,,0.0,"proprietary mark, cardiovascular",brand,,brand,False,1.0,0.895
gritodva,True,grammar,1,58.43,64.41,moderate,-9.41,5.59,britovi,0.6108,3,,SIMILARITY_MODERATE,,gritodva,0.0,0.6,0.829,1.0,,,0.0,"proprietary mark, cardiovascular",brand,,brand,False,1.0,0.895
cerlamea,True,grammar,1,63.63,66.57,moderate,-11.57,3.43,derladie,0.6374,3,,SIMILARITY_MODERATE,,cerlamea,0.0,0.8,1.0,1.0,,,0.0,"proprietary mark, cardiovascular",brand,,brand,True,1.0,0.895
crumasa,True,grammar,1,61.66,69.43,moderate,-14.43,0.57,crudad,0.7085,3,,SIMILARITY_MODERATE,,crumasa,0.0,0.771,0.854,1.0,,,0.004,"proprietary mark, cardiovascular",brand,,brand,False,1.0,0.925
trurafo,True,grammar,1,61.63,64.18,moderate,-9.18,5.82,truqap,0.6008,3,,SIMILARITY_MODERATE,,trurafo,0.0,0.771,0.854,1.0,,,0.0,"proprietary mark, cardiovascular",brand,,brand,False,1.0,0.925
boujo,True,grammar,1,62.81,66.78,moderate,-11.78,3.22,toujeo,0.6016,2,,SIMILARITY_MODERATE,,boujo,0.0,1.0,1.0,1.0,,,0.0,"proprietary mark, cardiovascular",brand,,brand,False,1.0,0.654
utugy,True,grammar,1,65.17,54.37,low,0.63,15.63,tube,0.6001,3,,,,utugy,0.025,1.0,1.0,1.0,,,0.0,"proprietary mark, cardiovascular",brand,,brand,True,1.0,0.771
relstra,False,ngram_guided,1,54.94,72.15,high,-17.15,-2.15,trelstar,0.8281,2,SIMILARITY_TOO_HIGH|TRADEMARK_HIT,,,relstra,0.0,0.564,0.67,0.65,,,0.617,"proprietary mark, cardiovascular",brand,,brand,False,1.0,0.725
enhistatin,False,ngram_guided,1,40.6,77.02,high,-22.02,-7.02,nystatin,0.8411,4,SIMILARITY_TOO_HIGH|STEM_MISUSE_IN_BRAND|TRADEMARK_HIT,,,enhistatin,0.0,0.46,0.854,1.0,,,0.311,"proprietary mark, cardiovascular",brand,,brand,False,0.05,0.661
janutring,True,ngram_guided,1,66.4,66.63,moderate,-11.63,3.37,nutrient,0.9255,3,,SIMILARITY_MODERATE,,janutring,0.0,0.628,0.874,1.0,,,0.976,"proprietary mark, cardiovascular",brand,,brand,True,1.0,0.838
livmar,False,ngram_guided,1,57.44,80.2,high,-25.2,-10.2,livmarli,0.7019,2,SIMILARITY_TOO_HIGH|TRADEMARK_HIT,,,livmar,0.0,0.3,1.0,1.0,,,0.405,"proprietary mark, cardiovascular",brand,,brand,False,1.0,0.733
hextenziq,False,ngram_guided,1,61.13,80.32,high,-25.32,-10.32,hextend,0.7086,3,SIMILARITY_TOO_HIGH|TRADEMARK_HIT,,,hextenziq,0.0,0.433,0.829,1.0,,,0.738,"proprietary mark, cardiovascular",brand,,brand,False,1.0,0.838
vithotrolir,True,ngram_guided,1,58.7,64.49,moderate,-9.49,5.51,vivitrol,0.7895,4,,SIMILARITY_MODERATE,,vithotrolir,0.0,0.482,0.854,1.0,,,0.75,"proprietary mark, cardiovascular",brand,,brand,False,1.0,0.6
omnyxofleci,True,ngram_guided,1,55.16,54.33,low,0.67,15.67,myoflex,0.6012,5,,,,omnyxofleci,0.027,0.855,0.783,1.0,,,0.012,"proprietary mark, cardiovascular",brand,,brand,False,1.0,0.433
jevia,False,ngram_guided,1,62.14,81.88,high,-26.88,-11.88,fevia,0.7978,3,SIMILARITY_TOO_HIGH|TRADEMARK_HIT,,,jevia,0.0,0.68,1.0,1.0,,,0.257,"proprietary mark, cardiovascular",brand,,brand,False,1.0,0.771
halate,False,ngram_guided,1,58.54,80.37,high,-25.37,-10.37,malate,0.9542,2,SIMILARITY_TOO_HIGH|TRADEMARK_HIT,,,halate,0.0,0.3,1.0,1.0,,,0.449,"proprietary mark, cardiovascular",brand,,brand,False,1.0,0.783
spectine,False,ngram_guided,1,49.04,81.34,high,-26.34,-11.34,pectin,0.9993,2,SIMILARITY_TOO_HIGH|TRADEMARK_HIT,STEM_EMBEDDED_IN_BRAND,,spectine,0.0,0.2,0.779,1.0,,,0.233,"proprietary mark, cardiovascular",brand,,brand,False,0.8,0.779
sovalbicnup,True,ngram_guided,1,57.55,62.67,moderate,-7.67,7.33,sovaldi,0.6273,4,,SIMILARITY_MODERATE,,sovalbicnup,0.0,0.668,0.975,1.0,,,0.067,"proprietary mark, cardiovascular",brand,,brand,False,1.0,0.6
humazepzimh,True,ngram_guided,1,59.45,55.16,moderate,-0.16,14.84,temazepam,0.6311,4,,SIMILARITY_MODERATE,,humazepzimh,0.0,0.668,0.9,1.0,,,0.438,"proprietary mark, cardiovascular",brand,,brand,False,1.0,0.6
algrel,True,ngram_guided,1,58.57,68.96,moderate,-13.96,1.04,algal,0.8249,2,,SIMILARITY_MODERATE,,algrel,0.0,0.517,0.737,1.0,,,0.72,"proprietary mark, cardiovascular",brand,,brand,False,1.0,0.683
thicoecitin,True,ngram_guided,1,54.97,65.97,moderate,-10.97,4.03,micomitin,0.6147,5,,SIMILARITY_MODERATE,,thicoecitin,0.0,0.482,1.0,1.0,,,0.247,"proprietary mark, cardiovascular",brand,,brand,False,1.0,0.483
zunvey,False,ngram_guided,1,54.72,86.52,high,-31.52,-16.52,zunveyl,0.6085,2,SIMILARITY_TOO_HIGH|TRADEMARK_HIT,,,zunvey,0.0,0.3,1.0,1.0,,,0.065,"proprietary mark, cardiovascular",brand,,brand,False,1.0,0.733
enesuranil,True,ngram_guided,1,58.13,69.14,moderate,-14.14,0.86,anafranil,0.6877,5,,SIMILARITY_MODERATE,,enesuranil,0.0,0.65,1.0,1.0,,,0.129,"proprietary mark, cardiovascular",brand,,brand,False,1.0,0.6
danadobutak,True,ngram_guided,1,58.94,61.31,moderate,-6.31,8.69,aminobutan,0.6468,5,,SIMILARITY_MODERATE,,danadobutak,0.0,0.482,1.0,1.0,,,0.649,"proprietary mark, cardiovascular",brand,,brand,False,1.0,0.533
cibix,False,ngram_guided,1,59.11,71.25,high,-16.25,-1.25,cimex,0.6086,2,SIMILARITY_TOO_HIGH,,,cibix,0.0,0.68,0.849,1.0,,,0.244,"proprietary mark, cardiovascular",brand,,brand,False,1.0,0.717
trypert,False,ngram_guided,1,59.44,75.21,high,-20.21,-5.21,tripper,0.8601,2,SIMILARITY_TOO_HIGH|TRADEMARK_HIT,,,trypert,0.0,0.564,0.692,1.0,,,0.826,"proprietary mark, cardiovascular",brand,,brand,False,1.0,0.683
pance,False,ngram_guided,1,50.37,72.6,high,-17.6,-2.6,avance,0.9242,1,SIMILARITY_TOO_HIGH|TRADEMARK_HIT,,,pance,0.0,0.45,0.652,1.0,,,0.234,"proprietary mark, cardiovascular",brand,,brand,False,1.0,0.537
brexubiclin,True,ngram_guided,1,61.82,57.9,moderate,-2.9,12.1,varenicline,0.8434,4,,SIMILARITY_MODERATE,,brexubiclin,0.0,0.668,0.779,1.0,,,0.946,"proprietary mark, cardiovascular",brand,,brand,False,1.0,0.6
otuli,False,ngram_guided,1,58.13,70.16,high,-15.16,-0.16,tula,0.6074,3,SIMILARITY_TOO_HIGH|TRADEMARK_HIT,,,otuli,0.0,0.45,1.0,1.0,,,0.042,"proprietary mark, cardiovascular",brand,,brand,False,1.0,0.833
azontin,False,ngram_guided,1,68.33,76.85,high,-21.85,-6.85,zarontin,0.9619,3,SIMILARITY_TOO_HIGH|TRADEMARK_HIT,,,azontin,0.0,0.564,1.0,1.0,,,0.945,"proprietary mark, cardiovascular",brand,,brand,False,1.0,0.925
desero,False,ngram_guided,1,65.89,77.19,high,-22.19,-7.19,desert,0.7578,3,SIMILARITY_TOO_HIGH|TRADEMARK_HIT,,,desero,0.0,0.517,1.0,1.0,,,0.769,"proprietary mark, cardiovascular",brand,,brand,False,1.0,0.9
azintin,True,ngram_guided+refined,1,65.85,67.16,moderate,-12.16,2.84,amineptin,0.9561,3,,SIMILARITY_MODERATE,azontin,azontin -> azintin,0.0,0.564,1.0,1.0,,,0.635,"proprietary mark, cardiovascular",brand,,brand,True,1.0,0.925
desedo,False,ngram_guided+refined,1,61.67,76.8,high,-21.8,-6.8,desert,0.6561,3,SIMILARITY_TOO_HIGH|TRADEMARK_HIT,,desero,desero -> desedo,0.0,0.517,1.0,1.0,,,0.242,"proprietary mark, cardiovascular",brand,,brand,False,1.0,0.9
desebo,False,ngram_guided+refined,1,67.36,74.69,high,-19.69,-4.69,desert,0.7116,3,SIMILARITY_TOO_HIGH|TRADEMARK_HIT,,desero,desero -> desedo -> desebo,0.0,0.733,1.0,1.0,,,0.575,"proprietary mark, cardiovascular",brand,,brand,False,1.0,0.9
desejo,False,ngram_guided+refined,1,62.99,73.64,high,-18.64,-3.64,desert,0.605,3,SIMILARITY_TOO_HIGH|TRADEMARK_HIT,,desero,desero -> desedo -> desebo -> desejo,0.0,0.733,1.0,1.0,,,0.028,"proprietary mark, cardiovascular",brand,,brand,False,1.0,0.9
nentano,False,grammar+refined,1,57.94,76.53,high,-21.53,-6.53,centany,0.6545,3,SIMILARITY_TOO_HIGH|TRADEMARK_HIT,,neftano,neftano -> nentano,0.0,0.357,1.0,1.0,,,0.008,"proprietary mark, cardiovascular",brand,,brand,False,1.0,0.925
nantano,False,grammar+refined,1,60.89,77.27,high,-22.27,-7.27,lantana,0.7007,3,SIMILARITY_TOO_HIGH|TRADEMARK_HIT,,neftano,neftano -> nentano -> nantano,0.0,0.564,1.0,1.0,,,0.014,"proprietary mark, cardiovascular",brand,,brand,False,1.0,0.925
navtano,False,grammar+refined,1,60.81,70.82,high,-15.82,-0.82,jevtana,0.6231,3,SIMILARITY_TOO_HIGH|TRADEMARK_HIT,,neftano,neftano -> nentano -> nantano -> navtano,0.0,0.564,1.0,1.0,,,0.004,"proprietary mark, cardiovascular",brand,,brand,False,1.0,0.925
zapwiso,False,grammar+refined,1,66.88,73.93,high,-18.93,-3.93,apriso,0.6009,3,SIMILARITY_TOO_HIGH|TRADEMARK_HIT,,zapviso,zapviso -> zapwiso,0.0,1.0,1.0,1.0,,,0.0,"proprietary mark, cardiovascular",brand,,brand,False,1.0,0.925
zaqwiso,True,grammar+refined,1,66.88,56.55,moderate,-1.55,13.45,swiss,0.6007,3,,SIMILARITY_MODERATE,zapviso,zapviso -> zapwiso -> zaqwiso,0.0,1.0,1.0,1.0,,,0.0,"proprietary mark, cardiovascular",brand,,brand,True,1.0,0.925
telafe,False,grammar+refined,1,58.18,70.35,high,-15.35,-0.35,chelate,0.6304,2,SIMILARITY_TOO_HIGH,,telafa,telafa -> telafe,0.0,0.517,1.0,1.0,,,0.024,"proprietary mark, cardiovascular",brand,,brand,False,1.0,0.783
bizapa,True,grammar+refined,1,62.77,66.75,moderate,-11.75,3.25,bisac,0.6451,3,,SIMILARITY_MODERATE,bazapa,bazapa -> bizapa,0.0,0.733,1.0,1.0,,,0.0,"proprietary mark, cardiovascular",brand,,brand,False,1.0,0.9
juvia,False,ngram_guided+refined,1,60.2,71.49,high,-16.49,-1.49,dubia,0.8941,3,SIMILARITY_TOO_HIGH|TRADEMARK_HIT,,jevia,jevia -> juvia,0.0,0.68,1.0,1.0,,,0.014,"proprietary mark, cardiovascular",brand,,brand,False,1.0,0.771
jovia,False,ngram_guided+refined,1,60.09,70.39,high,-15.39,-0.39,toviaz,0.727,3,SIMILARITY_TOO_HIGH|TRADEMARK_HIT,,jevia,jevia -> juvia -> jovia,0.0,0.68,1.0,1.0,,,0.001,"proprietary mark, cardiovascular",brand,,brand,False,1.0,0.771
jovio,False,ngram_guided+refined,1,60.09,70.39,high,-15.39,-0.39,xpovio,0.6459,3,SIMILARITY_TOO_HIGH|TRADEMARK_HIT,,jevia,jevia -> juvia -> jovia -> jovio,0.0,0.68,1.0,1.0,,,0.001,"proprietary mark, cardiovascular",brand,,brand,False,1.0,0.771
panfio,True,grammar+refined,1,65.05,65.25,moderate,-10.25,4.75,danio,0.6158,3,,SIMILARITY_MODERATE,pansio,pansio -> panfio,0.0,1.0,1.0,1.0,,,0.006,"proprietary mark, cardiovascular",brand,,brand,True,1.0,0.8
ruxmio,True,grammar,1,62.95,61.47,moderate,-6.47,8.53,fexmid,0.6004,3,,SIMILARITY_MODERATE,,ruxmio,0.0,1.0,0.854,1.0,,,0.0,"proprietary mark, oncology",brand,,brand,True,1.0,0.8
iorore,True,grammar,1,62.02,57.73,moderate,-2.73,12.27,fiore,0.603,3,,SIMILARITY_MODERATE,,iorore,0.0,0.733,1.0,1.0,,,0.0,"proprietary mark, oncology",brand,,brand,False,1.0,0.85
pruolaspo,True,grammar,1,55.03,69.62,moderate,-14.62,0.38,prolastin,0.6004,4,,SIMILARITY_MODERATE,,pruolaspo,0.0,0.628,0.779,1.0,,,0.0,"proprietary mark, oncology",brand,,brand,False,1.0,0.69
gariczo,False,grammar,1,60.78,71.25,high,-16.25,-1.25,agaric,0.6519,3,SIMILARITY_TOO_HIGH|TRADEMARK_HIT,,,gariczo,0.0,0.564,1.0,1.0,,,0.0,"proprietary mark, oncology",brand,,brand,False,1.0,0.925
neftano,False,grammar,1,63.67,71.16,high,-16.16,-1.16,jevtana,0.6072,3,SIMILARITY_TOO_HIGH|TRADEMARK_HIT,,,neftano,0.0,0.771,1.0,1.0,,,0.0,"proprietary mark, oncology",brand,,brand,False,1.0,0.925
stouwa,True,grammar,1,60.5,61.3,moderate,-6.3,8.7,stona,0.6001,2,,SIMILARITY_MODERATE,,stouwa,0.0,1.0,0.803,1.0,,,0.0,"proprietary mark, oncology",brand,,brand,False,1.0,0.683
meissita,True,grammar,1,63.81,66.16,moderate,-11.16,3.84,melissa,0.6108,3,,SIMILARITY_MODERATE,,meissita,0.0,0.8,1.0,1.0,,,0.022,"proprietary mark, oncology",brand,,brand,True,1.0,0.895
venneffe,False,grammar,1,61.61,70.29,high,-15.29,-0.29,venofer,0.6868,2,SIMILARITY_TOO_HIGH|TRADEMARK_HIT,,,venneffe,0.0,0.8,0.975,1.0,,,0.009,"proprietary mark, oncology",brand,,brand,False,1.0,0.779
pansio,False,grammar,1,61.87,72.76,high,-17.76,-2.76,tansy,0.7882,3,SIMILARITY_TOO_HIGH|TRADEMARK_HIT,,,pansio,0.0,0.733,1.0,1.0,,,0.076,"proprietary mark, oncology",brand,,brand,False,1.0,0.8
itiaco,True,grammar,1,60.27,61.7,moderate,-6.7,8.3,niacor,0.6083,4,,SIMILARITY_MODERATE,,itiaco,0.0,0.733,1.0,1.0,,,0.0,"proprietary mark, oncology",brand,,brand,False,1.0,0.733
bazapa,False,grammar,1,62.77,72.5,high,-17.5,-2.5,jalapa,0.6763,3,SIMILARITY_TOO_HIGH|TRADEMARK_HIT,,,bazapa,0.0,0.733,1.0,1.0,,,0.0,"proprietary mark, oncology",brand,,brand,False,1.0,0.9
telafa,False,grammar,1,62.82,71.67,high,-16.67,-1.67,tela,0.6153,3,SIMILARITY_TOO_HIGH,,,telafa,0.0,0.733,1.0,1.0,,,0.006,"proprietary mark, oncology",brand,,brand,False,1.0,0.9
beoca,True,grammar,1,60.08,68.45,moderate,-13.45,1.55,avoca,0.6207,3,,SIMILARITY_MODERATE,,beoca,0.0,0.68,1.0,1.0,,,0.0,"proprietary mark, oncology",brand,,brand,False,1.0,0.771
zapviso,False,grammar,1,63.67,71.54,high,-16.54,-1.54,apriso,0.6053,3,SIMILARITY_TOO_HIGH|TRADEMARK_HIT,,,zapviso,0.0,0.771,1.0,1.0,,,0.0,"proprietary mark, oncology",brand,,brand,False,1.0,0.925
yexcio,True,grammar,1,63.59,64.76,moderate,-9.76,5.24,elrexfio,0.6003,3,,SIMILARITY_MODERATE,,yexcio,0.0,1.0,0.899,1.0,,,0.0,"proprietary mark, oncology",brand,,brand,True,1.0,0.8
fafasti,True,grammar,1,59.36,68.79,moderate,-13.79,1.21,avastin,0.609,3,,SIMILARITY_MODERATE|IMPLIED_CLAIM,,fafasti,0.0,0.564,0.899,1.0,,,0.0,"proprietary mark, oncology",brand,,brand,False,1.0,0.925
misduade,True,grammar,1,66.43,56.47,moderate,-1.47,13.53,bestmade,0.7323,3,,SIMILARITY_MODERATE,,misduade,0.0,1.0,1.0,1.0,,,0.0,"proprietary mark, oncology",brand,,brand,True,1.0,0.895
dhecosto,True,grammar,1,56.29,60.99,moderate,-5.99,9.01,costa,0.546,3,,SIMILARITY_MODERATE|ILLEGAL_ONSET_CLUSTER,,dhecosto,0.0,0.6,0.676,1.0,,,0.0,"proprietary mark, oncology",brand,,brand,False,1.0,0.895
gritodva,True,grammar,1,58.43,64.41,moderate,-9.41,5.59,britovi,0.6108,3,,SIMILARITY_MODERATE,,gritodva,0.0,0.6,0.829,1.0,,,0.0,"proprietary mark, oncology",brand,,brand,False,1.0,0.895
cerlamea,True,grammar,1,63.63,66.57,moderate,-11.57,3.43,derladie,0.6374,3,,SIMILARITY_MODERATE,,cerlamea,0.0,0.8,1.0,1.0,,,0.0,"proprietary mark, oncology",brand,,brand,True,1.0,0.895
crumasa,True,grammar,1,61.66,69.43,moderate,-14.43,0.57,crudad,0.7085,3,,SIMILARITY_MODERATE,,crumasa,0.0,0.771,0.854,1.0,,,0.004,"proprietary mark, oncology",brand,,brand,False,1.0,0.925
trurafo,True,grammar,1,61.63,64.18,moderate,-9.18,5.82,truqap,0.6008,3,,SIMILARITY_MODERATE,,trurafo,0.0,0.771,0.854,1.0,,,0.0,"proprietary mark, oncology",brand,,brand,False,1.0,0.925
boujo,True,grammar,1,62.81,66.78,moderate,-11.78,3.22,toujeo,0.6016,2,,SIMILARITY_MODERATE,,boujo,0.0,1.0,1.0,1.0,,,0.0,"proprietary mark, oncology",brand,,brand,False,1.0,0.654
utugy,True,grammar,1,65.17,54.37,low,0.63,15.63,tube,0.6001,3,,,,utugy,0.025,1.0,1.0,1.0,,,0.0,"proprietary mark, oncology",brand,,brand,True,1.0,0.771
relstra,False,ngram_guided,1,54.94,72.15,high,-17.15,-2.15,trelstar,0.8281,2,SIMILARITY_TOO_HIGH|TRADEMARK_HIT,,,relstra,0.0,0.564,0.67,0.65,,,0.617,"proprietary mark, oncology",brand,,brand,False,1.0,0.725
enhistatin,False,ngram_guided,1,40.6,77.02,high,-22.02,-7.02,nystatin,0.8411,4,SIMILARITY_TOO_HIGH|STEM_MISUSE_IN_BRAND|TRADEMARK_HIT,,,enhistatin,0.0,0.46,0.854,1.0,,,0.311,"proprietary mark, oncology",brand,,brand,False,0.05,0.661
janutring,True,ngram_guided,1,66.4,66.63,moderate,-11.63,3.37,nutrient,0.9255,3,,SIMILARITY_MODERATE,,janutring,0.0,0.628,0.874,1.0,,,0.976,"proprietary mark, oncology",brand,,brand,True,1.0,0.838
livmar,False,ngram_guided,1,57.44,80.2,high,-25.2,-10.2,livmarli,0.7019,2,SIMILARITY_TOO_HIGH|TRADEMARK_HIT,,,livmar,0.0,0.3,1.0,1.0,,,0.405,"proprietary mark, oncology",brand,,brand,False,1.0,0.733
hextenziq,False,ngram_guided,1,61.13,80.32,high,-25.32,-10.32,hextend,0.7086,3,SIMILARITY_TOO_HIGH|TRADEMARK_HIT,,,hextenziq,0.0,0.433,0.829,1.0,,,0.738,"proprietary mark, oncology",brand,,brand,False,1.0,0.838
vithotrolir,True,ngram_guided,1,58.7,64.49,moderate,-9.49,5.51,vivitrol,0.7895,4,,SIMILARITY_MODERATE,,vithotrolir,0.0,0.482,0.854,1.0,,,0.75,"proprietary mark, oncology",brand,,brand,False,1.0,0.6
omnyxofleci,True,ngram_guided,1,55.16,54.33,low,0.67,15.67,myoflex,0.6012,5,,,,omnyxofleci,0.027,0.855,0.783,1.0,,,0.012,"proprietary mark, oncology",brand,,brand,False,1.0,0.433
jevia,False,ngram_guided,1,62.14,81.88,high,-26.88,-11.88,fevia,0.7978,3,SIMILARITY_TOO_HIGH|TRADEMARK_HIT,,,jevia,0.0,0.68,1.0,1.0,,,0.257,"proprietary mark, oncology",brand,,brand,False,1.0,0.771
halate,False,ngram_guided,1,58.54,80.37,high,-25.37,-10.37,malate,0.9542,2,SIMILARITY_TOO_HIGH|TRADEMARK_HIT,,,halate,0.0,0.3,1.0,1.0,,,0.449,"proprietary mark, oncology",brand,,brand,False,1.0,0.783
spectine,False,ngram_guided,1,49.04,81.34,high,-26.34,-11.34,pectin,0.9993,2,SIMILARITY_TOO_HIGH|TRADEMARK_HIT,STEM_EMBEDDED_IN_BRAND,,spectine,0.0,0.2,0.779,1.0,,,0.233,"proprietary mark, oncology",brand,,brand,False,0.8,0.779
sovalbicnup,True,ngram_guided,1,57.55,62.67,moderate,-7.67,7.33,sovaldi,0.6273,4,,SIMILARITY_MODERATE,,sovalbicnup,0.0,0.668,0.975,1.0,,,0.067,"proprietary mark, oncology",brand,,brand,False,1.0,0.6
humazepzimh,True,ngram_guided,1,59.45,55.16,moderate,-0.16,14.84,temazepam,0.6311,4,,SIMILARITY_MODERATE,,humazepzimh,0.0,0.668,0.9,1.0,,,0.438,"proprietary mark, oncology",brand,,brand,False,1.0,0.6
algrel,True,ngram_guided,1,58.57,68.96,moderate,-13.96,1.04,algal,0.8249,2,,SIMILARITY_MODERATE,,algrel,0.0,0.517,0.737,1.0,,,0.72,"proprietary mark, oncology",brand,,brand,False,1.0,0.683
thicoecitin,True,ngram_guided,1,54.97,65.97,moderate,-10.97,4.03,micomitin,0.6147,5,,SIMILARITY_MODERATE,,thicoecitin,0.0,0.482,1.0,1.0,,,0.247,"proprietary mark, oncology",brand,,brand,False,1.0,0.483
zunvey,False,ngram_guided,1,54.72,86.52,high,-31.52,-16.52,zunveyl,0.6085,2,SIMILARITY_TOO_HIGH|TRADEMARK_HIT,,,zunvey,0.0,0.3,1.0,1.0,,,0.065,"proprietary mark, oncology",brand,,brand,False,1.0,0.733
enesuranil,True,ngram_guided,1,58.13,69.14,moderate,-14.14,0.86,anafranil,0.6877,5,,SIMILARITY_MODERATE,,enesuranil,0.0,0.65,1.0,1.0,,,0.129,"proprietary mark, oncology",brand,,brand,False,1.0,0.6
danadobutak,True,ngram_guided,1,58.94,61.31,moderate,-6.31,8.69,aminobutan,0.6468,5,,SIMILARITY_MODERATE,,danadobutak,0.0,0.482,1.0,1.0,,,0.649,"proprietary mark, oncology",brand,,brand,False,1.0,0.533
cibix,False,ngram_guided,1,59.11,71.25,high,-16.25,-1.25,cimex,0.6086,2,SIMILARITY_TOO_HIGH,,,cibix,0.0,0.68,0.849,1.0,,,0.244,"proprietary mark, oncology",brand,,brand,False,1.0,0.717
trypert,False,ngram_guided,1,59.44,75.21,high,-20.21,-5.21,tripper,0.8601,2,SIMILARITY_TOO_HIGH|TRADEMARK_HIT,,,trypert,0.0,0.564,0.692,1.0,,,0.826,"proprietary mark, oncology",brand,,brand,False,1.0,0.683
pance,False,ngram_guided,1,50.37,72.6,high,-17.6,-2.6,avance,0.9242,1,SIMILARITY_TOO_HIGH|TRADEMARK_HIT,,,pance,0.0,0.45,0.652,1.0,,,0.234,"proprietary mark, oncology",brand,,brand,False,1.0,0.537
brexubiclin,True,ngram_guided,1,61.82,57.9,moderate,-2.9,12.1,varenicline,0.8434,4,,SIMILARITY_MODERATE,,brexubiclin,0.0,0.668,0.779,1.0,,,0.946,"proprietary mark, oncology",brand,,brand,False,1.0,0.6
otuli,False,ngram_guided,1,58.13,70.16,high,-15.16,-0.16,tula,0.6074,3,SIMILARITY_TOO_HIGH|TRADEMARK_HIT,,,otuli,0.0,0.45,1.0,1.0,,,0.042,"proprietary mark, oncology",brand,,brand,False,1.0,0.833
azontin,False,ngram_guided,1,68.33,76.85,high,-21.85,-6.85,zarontin,0.9619,3,SIMILARITY_TOO_HIGH|TRADEMARK_HIT,,,azontin,0.0,0.564,1.0,1.0,,,0.945,"proprietary mark, oncology",brand,,brand,False,1.0,0.925
desero,False,ngram_guided,1,65.89,77.19,high,-22.19,-7.19,desert,0.7578,3,SIMILARITY_TOO_HIGH|TRADEMARK_HIT,,,desero,0.0,0.517,1.0,1.0,,,0.769,"proprietary mark, oncology",brand,,brand,False,1.0,0.9
azintin,True,ngram_guided+refined,1,65.85,67.16,moderate,-12.16,2.84,amineptin,0.9561,3,,SIMILARITY_MODERATE,azontin,azontin -> azintin,0.0,0.564,1.0,1.0,,,0.635,"proprietary mark, oncology",brand,,brand,True,1.0,0.925
desedo,False,ngram_guided+refined,1,61.67,76.8,high,-21.8,-6.8,desert,0.6561,3,SIMILARITY_TOO_HIGH|TRADEMARK_HIT,,desero,desero -> desedo,0.0,0.517,1.0,1.0,,,0.242,"proprietary mark, oncology",brand,,brand,False,1.0,0.9
desebo,False,ngram_guided+refined,1,67.36,74.69,high,-19.69,-4.69,desert,0.7116,3,SIMILARITY_TOO_HIGH|TRADEMARK_HIT,,desero,desero -> desedo -> desebo,0.0,0.733,1.0,1.0,,,0.575,"proprietary mark, oncology",brand,,brand,False,1.0,0.9
desejo,False,ngram_guided+refined,1,62.99,73.64,high,-18.64,-3.64,desert,0.605,3,SIMILARITY_TOO_HIGH|TRADEMARK_HIT,,desero,desero -> desedo -> desebo -> desejo,0.0,0.733,1.0,1.0,,,0.028,"proprietary mark, oncology",brand,,brand,False,1.0,0.9
nentano,False,grammar+refined,1,57.94,76.53,high,-21.53,-6.53,centany,0.6545,3,SIMILARITY_TOO_HIGH|TRADEMARK_HIT,,neftano,neftano -> nentano,0.0,0.357,1.0,1.0,,,0.008,"proprietary mark, oncology",brand,,brand,False,1.0,0.925
nantano,False,grammar+refined,1,60.89,77.27,high,-22.27,-7.27,lantana,0.7007,3,SIMILARITY_TOO_HIGH|TRADEMARK_HIT,,neftano,neftano -> nentano -> nantano,0.0,0.564,1.0,1.0,,,0.014,"proprietary mark, oncology",brand,,brand,False,1.0,0.925
navtano,False,grammar+refined,1,60.81,70.82,high,-15.82,-0.82,jevtana,0.6231,3,SIMILARITY_TOO_HIGH|TRADEMARK_HIT,,neftano,neftano -> nentano -> nantano -> navtano,0.0,0.564,1.0,1.0,,,0.004,"proprietary mark, oncology",brand,,brand,False,1.0,0.925
zapwiso,False,grammar+refined,1,66.88,73.93,high,-18.93,-3.93,apriso,0.6009,3,SIMILARITY_TOO_HIGH|TRADEMARK_HIT,,zapviso,zapviso -> zapwiso,0.0,1.0,1.0,1.0,,,0.0,"proprietary mark, oncology",brand,,brand,False,1.0,0.925
zaqwiso,True,grammar+refined,1,66.88,56.55,moderate,-1.55,13.45,swiss,0.6007,3,,SIMILARITY_MODERATE,zapviso,zapviso -> zapwiso -> zaqwiso,0.0,1.0,1.0,1.0,,,0.0,"proprietary mark, oncology",brand,,brand,True,1.0,0.925
telafe,False,grammar+refined,1,58.18,70.35,high,-15.35,-0.35,chelate,0.6304,2,SIMILARITY_TOO_HIGH,,telafa,telafa -> telafe,0.0,0.517,1.0,1.0,,,0.024,"proprietary mark, oncology",brand,,brand,False,1.0,0.783
bizapa,True,grammar+refined,1,62.77,66.75,moderate,-11.75,3.25,bisac,0.6451,3,,SIMILARITY_MODERATE,bazapa,bazapa -> bizapa,0.0,0.733,1.0,1.0,,,0.0,"proprietary mark, oncology",brand,,brand,False,1.0,0.9
juvia,False,ngram_guided+refined,1,60.2,71.49,high,-16.49,-1.49,dubia,0.8941,3,SIMILARITY_TOO_HIGH|TRADEMARK_HIT,,jevia,jevia -> juvia,0.0,0.68,1.0,1.0,,,0.014,"proprietary mark, oncology",brand,,brand,False,1.0,0.771
jovia,False,ngram_guided+refined,1,60.09,70.39,high,-15.39,-0.39,toviaz,0.727,3,SIMILARITY_TOO_HIGH|TRADEMARK_HIT,,jevia,jevia -> juvia -> jovia,0.0,0.68,1.0,1.0,,,0.001,"proprietary mark, oncology",brand,,brand,False,1.0,0.771
jovio,False,ngram_guided+refined,1,60.09,70.39,high,-15.39,-0.39,xpovio,0.6459,3,SIMILARITY_TOO_HIGH|TRADEMARK_HIT,,jevia,jevia -> juvia -> jovia -> jovio,0.0,0.68,1.0,1.0,,,0.001,"proprietary mark, oncology",brand,,brand,False,1.0,0.771
panfio,True,grammar+refined,1,65.05,65.25,moderate,-10.25,4.75,danio,0.6158,3,,SIMILARITY_MODERATE,pansio,pansio -> panfio,0.0,1.0,1.0,1.0,,,0.006,"proprietary mark, oncology",brand,,brand,True,1.0,0.8
ruxmio,True,grammar,1,62.95,61.47,moderate,-6.47,8.53,fexmid,0.6004,3,,SIMILARITY_MODERATE,,ruxmio,0.0,1.0,0.854,1.0,,,0.0,"proprietary mark, CNS / neurology",brand,,brand,True,1.0,0.8
iorore,True,grammar,1,62.02,57.73,moderate,-2.73,12.27,fiore,0.603,3,,SIMILARITY_MODERATE,,iorore,0.0,0.733,1.0,1.0,,,0.0,"proprietary mark, CNS / neurology",brand,,brand,False,1.0,0.85
pruolaspo,True,grammar,1,55.03,69.62,moderate,-14.62,0.38,prolastin,0.6004,4,,SIMILARITY_MODERATE,,pruolaspo,0.0,0.628,0.779,1.0,,,0.0,"proprietary mark, CNS / neurology",brand,,brand,False,1.0,0.69
gariczo,False,grammar,1,60.78,71.25,high,-16.25,-1.25,agaric,0.6519,3,SIMILARITY_TOO_HIGH|TRADEMARK_HIT,,,gariczo,0.0,0.564,1.0,1.0,,,0.0,"proprietary mark, CNS / neurology",brand,,brand,False,1.0,0.925
neftano,False,grammar,1,63.67,71.16,high,-16.16,-1.16,jevtana,0.6072,3,SIMILARITY_TOO_HIGH|TRADEMARK_HIT,,,neftano,0.0,0.771,1.0,1.0,,,0.0,"proprietary mark, CNS / neurology",brand,,brand,False,1.0,0.925
stouwa,True,grammar,1,60.5,61.3,moderate,-6.3,8.7,stona,0.6001,2,,SIMILARITY_MODERATE,,stouwa,0.0,1.0,0.803,1.0,,,0.0,"proprietary mark, CNS / neurology",brand,,brand,False,1.0,0.683
meissita,True,grammar,1,63.81,66.16,moderate,-11.16,3.84,melissa,0.6108,3,,SIMILARITY_MODERATE,,meissita,0.0,0.8,1.0,1.0,,,0.022,"proprietary mark, CNS / neurology",brand,,brand,True,1.0,0.895
venneffe,False,grammar,1,61.61,70.29,high,-15.29,-0.29,venofer,0.6868,2,SIMILARITY_TOO_HIGH|TRADEMARK_HIT,,,venneffe,0.0,0.8,0.975,1.0,,,0.009,"proprietary mark, CNS / neurology",brand,,brand,False,1.0,0.779
pansio,False,grammar,1,61.87,72.76,high,-17.76,-2.76,tansy,0.7882,3,SIMILARITY_TOO_HIGH|TRADEMARK_HIT,,,pansio,0.0,0.733,1.0,1.0,,,0.076,"proprietary mark, CNS / neurology",brand,,brand,False,1.0,0.8
itiaco,True,grammar,1,60.27,61.7,moderate,-6.7,8.3,niacor,0.6083,4,,SIMILARITY_MODERATE,,itiaco,0.0,0.733,1.0,1.0,,,0.0,"proprietary mark, CNS / neurology",brand,,brand,False,1.0,0.733
bazapa,False,grammar,1,62.77,72.5,high,-17.5,-2.5,jalapa,0.6763,3,SIMILARITY_TOO_HIGH|TRADEMARK_HIT,,,bazapa,0.0,0.733,1.0,1.0,,,0.0,"proprietary mark, CNS / neurology",brand,,brand,False,1.0,0.9
telafa,False,grammar,1,62.82,71.67,high,-16.67,-1.67,tela,0.6153,3,SIMILARITY_TOO_HIGH,,,telafa,0.0,0.733,1.0,1.0,,,0.006,"proprietary mark, CNS / neurology",brand,,brand,False,1.0,0.9
beoca,True,grammar,1,60.08,68.45,moderate,-13.45,1.55,avoca,0.6207,3,,SIMILARITY_MODERATE,,beoca,0.0,0.68,1.0,1.0,,,0.0,"proprietary mark, CNS / neurology",brand,,brand,False,1.0,0.771
zapviso,False,grammar,1,63.67,71.54,high,-16.54,-1.54,apriso,0.6053,3,SIMILARITY_TOO_HIGH|TRADEMARK_HIT,,,zapviso,0.0,0.771,1.0,1.0,,,0.0,"proprietary mark, CNS / neurology",brand,,brand,False,1.0,0.925
yexcio,True,grammar,1,63.59,64.76,moderate,-9.76,5.24,elrexfio,0.6003,3,,SIMILARITY_MODERATE,,yexcio,0.0,1.0,0.899,1.0,,,0.0,"proprietary mark, CNS / neurology",brand,,brand,True,1.0,0.8
fafasti,True,grammar,1,59.36,68.79,moderate,-13.79,1.21,avastin,0.609,3,,SIMILARITY_MODERATE|IMPLIED_CLAIM,,fafasti,0.0,0.564,0.899,1.0,,,0.0,"proprietary mark, CNS / neurology",brand,,brand,False,1.0,0.925
misduade,True,grammar,1,66.43,56.47,moderate,-1.47,13.53,bestmade,0.7323,3,,SIMILARITY_MODERATE,,misduade,0.0,1.0,1.0,1.0,,,0.0,"proprietary mark, CNS / neurology",brand,,brand,True,1.0,0.895
dhecosto,True,grammar,1,56.29,60.99,moderate,-5.99,9.01,costa,0.546,3,,SIMILARITY_MODERATE|ILLEGAL_ONSET_CLUSTER,,dhecosto,0.0,0.6,0.676,1.0,,,0.0,"proprietary mark, CNS / neurology",brand,,brand,False,1.0,0.895
gritodva,True,grammar,1,58.43,64.41,moderate,-9.41,5.59,britovi,0.6108,3,,SIMILARITY_MODERATE,,gritodva,0.0,0.6,0.829,1.0,,,0.0,"proprietary mark, CNS / neurology",brand,,brand,False,1.0,0.895
cerlamea,True,grammar,1,63.63,66.57,moderate,-11.57,3.43,derladie,0.6374,3,,SIMILARITY_MODERATE,,cerlamea,0.0,0.8,1.0,1.0,,,0.0,"proprietary mark, CNS / neurology",brand,,brand,True,1.0,0.895
crumasa,True,grammar,1,61.66,69.43,moderate,-14.43,0.57,crudad,0.7085,3,,SIMILARITY_MODERATE,,crumasa,0.0,0.771,0.854,1.0,,,0.004,"proprietary mark, CNS / neurology",brand,,brand,False,1.0,0.925
trurafo,True,grammar,1,61.63,64.18,moderate,-9.18,5.82,truqap,0.6008,3,,SIMILARITY_MODERATE,,trurafo,0.0,0.771,0.854,1.0,,,0.0,"proprietary mark, CNS / neurology",brand,,brand,False,1.0,0.925
boujo,True,grammar,1,62.81,66.78,moderate,-11.78,3.22,toujeo,0.6016,2,,SIMILARITY_MODERATE,,boujo,0.0,1.0,1.0,1.0,,,0.0,"proprietary mark, CNS / neurology",brand,,brand,False,1.0,0.654
utugy,True,grammar,1,65.17,54.37,low,0.63,15.63,tube,0.6001,3,,,,utugy,0.025,1.0,1.0,1.0,,,0.0,"proprietary mark, CNS / neurology",brand,,brand,True,1.0,0.771
relstra,False,ngram_guided,1,54.94,72.15,high,-17.15,-2.15,trelstar,0.8281,2,SIMILARITY_TOO_HIGH|TRADEMARK_HIT,,,relstra,0.0,0.564,0.67,0.65,,,0.617,"proprietary mark, CNS / neurology",brand,,brand,False,1.0,0.725
enhistatin,False,ngram_guided,1,40.6,77.02,high,-22.02,-7.02,nystatin,0.8411,4,SIMILARITY_TOO_HIGH|STEM_MISUSE_IN_BRAND|TRADEMARK_HIT,,,enhistatin,0.0,0.46,0.854,1.0,,,0.311,"proprietary mark, CNS / neurology",brand,,brand,False,0.05,0.661
janutring,True,ngram_guided,1,66.4,66.63,moderate,-11.63,3.37,nutrient,0.9255,3,,SIMILARITY_MODERATE,,janutring,0.0,0.628,0.874,1.0,,,0.976,"proprietary mark, CNS / neurology",brand,,brand,True,1.0,0.838
livmar,False,ngram_guided,1,57.44,80.2,high,-25.2,-10.2,livmarli,0.7019,2,SIMILARITY_TOO_HIGH|TRADEMARK_HIT,,,livmar,0.0,0.3,1.0,1.0,,,0.405,"proprietary mark, CNS / neurology",brand,,brand,False,1.0,0.733
hextenziq,False,ngram_guided,1,61.13,80.32,high,-25.32,-10.32,hextend,0.7086,3,SIMILARITY_TOO_HIGH|TRADEMARK_HIT,,,hextenziq,0.0,0.433,0.829,1.0,,,0.738,"proprietary mark, CNS / neurology",brand,,brand,False,1.0,0.838
vithotrolir,True,ngram_guided,1,58.7,64.49,moderate,-9.49,5.51,vivitrol,0.7895,4,,SIMILARITY_MODERATE,,vithotrolir,0.0,0.482,0.854,1.0,,,0.75,"proprietary mark, CNS / neurology",brand,,brand,False,1.0,0.6
omnyxofleci,True,ngram_guided,1,55.16,54.33,low,0.67,15.67,myoflex,0.6012,5,,,,omnyxofleci,0.027,0.855,0.783,1.0,,,0.012,"proprietary mark, CNS / neurology",brand,,brand,False,1.0,0.433
jevia,False,ngram_guided,1,62.14,81.88,high,-26.88,-11.88,fevia,0.7978,3,SIMILARITY_TOO_HIGH|TRADEMARK_HIT,,,jevia,0.0,0.68,1.0,1.0,,,0.257,"proprietary mark, CNS / neurology",brand,,brand,False,1.0,0.771
halate,False,ngram_guided,1,58.54,80.37,high,-25.37,-10.37,malate,0.9542,2,SIMILARITY_TOO_HIGH|TRADEMARK_HIT,,,halate,0.0,0.3,1.0,1.0,,,0.449,"proprietary mark, CNS / neurology",brand,,brand,False,1.0,0.783
spectine,False,ngram_guided,1,49.04,81.34,high,-26.34,-11.34,pectin,0.9993,2,SIMILARITY_TOO_HIGH|TRADEMARK_HIT,STEM_EMBEDDED_IN_BRAND,,spectine,0.0,0.2,0.779,1.0,,,0.233,"proprietary mark, CNS / neurology",brand,,brand,False,0.8,0.779
sovalbicnup,True,ngram_guided,1,57.55,62.67,moderate,-7.67,7.33,sovaldi,0.6273,4,,SIMILARITY_MODERATE,,sovalbicnup,0.0,0.668,0.975,1.0,,,0.067,"proprietary mark, CNS / neurology",brand,,brand,False,1.0,0.6
humazepzimh,True,ngram_guided,1,59.45,55.16,moderate,-0.16,14.84,temazepam,0.6311,4,,SIMILARITY_MODERATE,,humazepzimh,0.0,0.668,0.9,1.0,,,0.438,"proprietary mark, CNS / neurology",brand,,brand,False,1.0,0.6
algrel,True,ngram_guided,1,58.57,68.96,moderate,-13.96,1.04,algal,0.8249,2,,SIMILARITY_MODERATE,,algrel,0.0,0.517,0.737,1.0,,,0.72,"proprietary mark, CNS / neurology",brand,,brand,False,1.0,0.683
thicoecitin,True,ngram_guided,1,54.97,65.97,moderate,-10.97,4.03,micomitin,0.6147,5,,SIMILARITY_MODERATE,,thicoecitin,0.0,0.482,1.0,1.0,,,0.247,"proprietary mark, CNS / neurology",brand,,brand,False,1.0,0.483
zunvey,False,ngram_guided,1,54.72,86.52,high,-31.52,-16.52,zunveyl,0.6085,2,SIMILARITY_TOO_HIGH|TRADEMARK_HIT,,,zunvey,0.0,0.3,1.0,1.0,,,0.065,"proprietary mark, CNS / neurology",brand,,brand,False,1.0,0.733
enesuranil,True,ngram_guided,1,58.13,69.14,moderate,-14.14,0.86,anafranil,0.6877,5,,SIMILARITY_MODERATE,,enesuranil,0.0,0.65,1.0,1.0,,,0.129,"proprietary mark, CNS / neurology",brand,,brand,False,1.0,0.6
danadobutak,True,ngram_guided,1,58.94,61.31,moderate,-6.31,8.69,aminobutan,0.6468,5,,SIMILARITY_MODERATE,,danadobutak,0.0,0.482,1.0,1.0,,,0.649,"proprietary mark, CNS / neurology",brand,,brand,False,1.0,0.533
cibix,False,ngram_guided,1,59.11,71.25,high,-16.25,-1.25,cimex,0.6086,2,SIMILARITY_TOO_HIGH,,,cibix,0.0,0.68,0.849,1.0,,,0.244,"proprietary mark, CNS / neurology",brand,,brand,False,1.0,0.717
trypert,False,ngram_guided,1,59.44,75.21,high,-20.21,-5.21,tripper,0.8601,2,SIMILARITY_TOO_HIGH|TRADEMARK_HIT,,,trypert,0.0,0.564,0.692,1.0,,,0.826,"proprietary mark, CNS / neurology",brand,,brand,False,1.0,0.683
pance,False,ngram_guided,1,50.37,72.6,high,-17.6,-2.6,avance,0.9242,1,SIMILARITY_TOO_HIGH|TRADEMARK_HIT,,,pance,0.0,0.45,0.652,1.0,,,0.234,"proprietary mark, CNS / neurology",brand,,brand,False,1.0,0.537
brexubiclin,True,ngram_guided,1,61.82,57.9,moderate,-2.9,12.1,varenicline,0.8434,4,,SIMILARITY_MODERATE,,brexubiclin,0.0,0.668,0.779,1.0,,,0.946,"proprietary mark, CNS / neurology",brand,,brand,False,1.0,0.6
otuli,False,ngram_guided,1,58.13,70.16,high,-15.16,-0.16,tula,0.6074,3,SIMILARITY_TOO_HIGH|TRADEMARK_HIT,,,otuli,0.0,0.45,1.0,1.0,,,0.042,"proprietary mark, CNS / neurology",brand,,brand,False,1.0,0.833
azontin,False,ngram_guided,1,68.33,76.85,high,-21.85,-6.85,zarontin,0.9619,3,SIMILARITY_TOO_HIGH|TRADEMARK_HIT,,,azontin,0.0,0.564,1.0,1.0,,,0.945,"proprietary mark, CNS / neurology",brand,,brand,False,1.0,0.925
desero,False,ngram_guided,1,65.89,77.19,high,-22.19,-7.19,desert,0.7578,3,SIMILARITY_TOO_HIGH|TRADEMARK_HIT,,,desero,0.0,0.517,1.0,1.0,,,0.769,"proprietary mark, CNS / neurology",brand,,brand,False,1.0,0.9
azintin,True,ngram_guided+refined,1,65.85,67.16,moderate,-12.16,2.84,amineptin,0.9561,3,,SIMILARITY_MODERATE,azontin,azontin -> azintin,0.0,0.564,1.0,1.0,,,0.635,"proprietary mark, CNS / neurology",brand,,brand,True,1.0,0.925
desedo,False,ngram_guided+refined,1,61.67,76.8,high,-21.8,-6.8,desert,0.6561,3,SIMILARITY_TOO_HIGH|TRADEMARK_HIT,,desero,desero -> desedo,0.0,0.517,1.0,1.0,,,0.242,"proprietary mark, CNS / neurology",brand,,brand,False,1.0,0.9
desebo,False,ngram_guided+refined,1,67.36,74.69,high,-19.69,-4.69,desert,0.7116,3,SIMILARITY_TOO_HIGH|TRADEMARK_HIT,,desero,desero -> desedo -> desebo,0.0,0.733,1.0,1.0,,,0.575,"proprietary mark, CNS / neurology",brand,,brand,False,1.0,0.9
desejo,False,ngram_guided+refined,1,62.99,73.64,high,-18.64,-3.64,desert,0.605,3,SIMILARITY_TOO_HIGH|TRADEMARK_HIT,,desero,desero -> desedo -> desebo -> desejo,0.0,0.733,1.0,1.0,,,0.028,"proprietary mark, CNS / neurology",brand,,brand,False,1.0,0.9
nentano,False,grammar+refined,1,57.94,76.53,high,-21.53,-6.53,centany,0.6545,3,SIMILARITY_TOO_HIGH|TRADEMARK_HIT,,neftano,neftano -> nentano,0.0,0.357,1.0,1.0,,,0.008,"proprietary mark, CNS / neurology",brand,,brand,False,1.0,0.925
nantano,False,grammar+refined,1,60.89,77.27,high,-22.27,-7.27,lantana,0.7007,3,SIMILARITY_TOO_HIGH|TRADEMARK_HIT,,neftano,neftano -> nentano -> nantano,0.0,0.564,1.0,1.0,,,0.014,"proprietary mark, CNS / neurology",brand,,brand,False,1.0,0.925
navtano,False,grammar+refined,1,60.81,70.82,high,-15.82,-0.82,jevtana,0.6231,3,SIMILARITY_TOO_HIGH|TRADEMARK_HIT,,neftano,neftano -> nentano -> nantano -> navtano,0.0,0.564,1.0,1.0,,,0.004,"proprietary mark, CNS / neurology",brand,,brand,False,1.0,0.925
zapwiso,False,grammar+refined,1,66.88,73.93,high,-18.93,-3.93,apriso,0.6009,3,SIMILARITY_TOO_HIGH|TRADEMARK_HIT,,zapviso,zapviso -> zapwiso,0.0,1.0,1.0,1.0,,,0.0,"proprietary mark, CNS / neurology",brand,,brand,False,1.0,0.925
zaqwiso,True,grammar+refined,1,66.88,56.55,moderate,-1.55,13.45,swiss,0.6007,3,,SIMILARITY_MODERATE,zapviso,zapviso -> zapwiso -> zaqwiso,0.0,1.0,1.0,1.0,,,0.0,"proprietary mark, CNS / neurology",brand,,brand,True,1.0,0.925
telafe,False,grammar+refined,1,58.18,70.35,high,-15.35,-0.35,chelate,0.6304,2,SIMILARITY_TOO_HIGH,,telafa,telafa -> telafe,0.0,0.517,1.0,1.0,,,0.024,"proprietary mark, CNS / neurology",brand,,brand,False,1.0,0.783
bizapa,True,grammar+refined,1,62.77,66.75,moderate,-11.75,3.25,bisac,0.6451,3,,SIMILARITY_MODERATE,bazapa,bazapa -> bizapa,0.0,0.733,1.0,1.0,,,0.0,"proprietary mark, CNS / neurology",brand,,brand,False,1.0,0.9
juvia,False,ngram_guided+refined,1,60.2,71.49,high,-16.49,-1.49,dubia,0.8941,3,SIMILARITY_TOO_HIGH|TRADEMARK_HIT,,jevia,jevia -> juvia,0.0,0.68,1.0,1.0,,,0.014,"proprietary mark, CNS / neurology",brand,,brand,False,1.0,0.771
jovia,False,ngram_guided+refined,1,60.09,70.39,high,-15.39,-0.39,toviaz,0.727,3,SIMILARITY_TOO_HIGH|TRADEMARK_HIT,,jevia,jevia -> juvia -> jovia,0.0,0.68,1.0,1.0,,,0.001,"proprietary mark, CNS / neurology",brand,,brand,False,1.0,0.771
jovio,False,ngram_guided+refined,1,60.09,70.39,high,-15.39,-0.39,xpovio,0.6459,3,SIMILARITY_TOO_HIGH|TRADEMARK_HIT,,jevia,jevia -> juvia -> jovia -> jovio,0.0,0.68,1.0,1.0,,,0.001,"proprietary mark, CNS / neurology",brand,,brand,False,1.0,0.771
panfio,True,grammar+refined,1,65.05,65.25,moderate,-10.25,4.75,danio,0.6158,3,,SIMILARITY_MODERATE,pansio,pansio -> panfio,0.0,1.0,1.0,1.0,,,0.006,"proprietary mark, CNS / neurology",brand,,brand,True,1.0,0.8
ruxmio,True,grammar,1,62.95,61.47,moderate,-6.47,8.53,fexmid,0.6004,3,,SIMILARITY_MODERATE,,ruxmio,0.0,1.0,0.854,1.0,,,0.0,"proprietary mark, anti-infective",brand,,brand,True,1.0,0.8
iorore,True,grammar,1,62.02,57.73,moderate,-2.73,12.27,fiore,0.603,3,,SIMILARITY_MODERATE,,iorore,0.0,0.733,1.0,1.0,,,0.0,"proprietary mark, anti-infective",brand,,brand,False,1.0,0.85
pruolaspo,True,grammar,1,55.03,69.62,moderate,-14.62,0.38,prolastin,0.6004,4,,SIMILARITY_MODERATE,,pruolaspo,0.0,0.628,0.779,1.0,,,0.0,"proprietary mark, anti-infective",brand,,brand,False,1.0,0.69
gariczo,False,grammar,1,60.78,71.25,high,-16.25,-1.25,agaric,0.6519,3,SIMILARITY_TOO_HIGH|TRADEMARK_HIT,,,gariczo,0.0,0.564,1.0,1.0,,,0.0,"proprietary mark, anti-infective",brand,,brand,False,1.0,0.925
neftano,False,grammar,1,63.67,71.16,high,-16.16,-1.16,jevtana,0.6072,3,SIMILARITY_TOO_HIGH|TRADEMARK_HIT,,,neftano,0.0,0.771,1.0,1.0,,,0.0,"proprietary mark, anti-infective",brand,,brand,False,1.0,0.925
stouwa,True,grammar,1,60.5,61.3,moderate,-6.3,8.7,stona,0.6001,2,,SIMILARITY_MODERATE,,stouwa,0.0,1.0,0.803,1.0,,,0.0,"proprietary mark, anti-infective",brand,,brand,False,1.0,0.683
meissita,True,grammar,1,63.81,66.16,moderate,-11.16,3.84,melissa,0.6108,3,,SIMILARITY_MODERATE,,meissita,0.0,0.8,1.0,1.0,,,0.022,"proprietary mark, anti-infective",brand,,brand,True,1.0,0.895
venneffe,False,grammar,1,61.61,70.29,high,-15.29,-0.29,venofer,0.6868,2,SIMILARITY_TOO_HIGH|TRADEMARK_HIT,,,venneffe,0.0,0.8,0.975,1.0,,,0.009,"proprietary mark, anti-infective",brand,,brand,False,1.0,0.779
pansio,False,grammar,1,61.87,72.76,high,-17.76,-2.76,tansy,0.7882,3,SIMILARITY_TOO_HIGH|TRADEMARK_HIT,,,pansio,0.0,0.733,1.0,1.0,,,0.076,"proprietary mark, anti-infective",brand,,brand,False,1.0,0.8
itiaco,True,grammar,1,60.27,61.7,moderate,-6.7,8.3,niacor,0.6083,4,,SIMILARITY_MODERATE,,itiaco,0.0,0.733,1.0,1.0,,,0.0,"proprietary mark, anti-infective",brand,,brand,False,1.0,0.733
bazapa,False,grammar,1,62.77,72.5,high,-17.5,-2.5,jalapa,0.6763,3,SIMILARITY_TOO_HIGH|TRADEMARK_HIT,,,bazapa,0.0,0.733,1.0,1.0,,,0.0,"proprietary mark, anti-infective",brand,,brand,False,1.0,0.9
telafa,False,grammar,1,62.82,71.67,high,-16.67,-1.67,tela,0.6153,3,SIMILARITY_TOO_HIGH,,,telafa,0.0,0.733,1.0,1.0,,,0.006,"proprietary mark, anti-infective",brand,,brand,False,1.0,0.9
beoca,True,grammar,1,60.08,68.45,moderate,-13.45,1.55,avoca,0.6207,3,,SIMILARITY_MODERATE,,beoca,0.0,0.68,1.0,1.0,,,0.0,"proprietary mark, anti-infective",brand,,brand,False,1.0,0.771
zapviso,False,grammar,1,63.67,71.54,high,-16.54,-1.54,apriso,0.6053,3,SIMILARITY_TOO_HIGH|TRADEMARK_HIT,,,zapviso,0.0,0.771,1.0,1.0,,,0.0,"proprietary mark, anti-infective",brand,,brand,False,1.0,0.925
yexcio,True,grammar,1,63.59,64.76,moderate,-9.76,5.24,elrexfio,0.6003,3,,SIMILARITY_MODERATE,,yexcio,0.0,1.0,0.899,1.0,,,0.0,"proprietary mark, anti-infective",brand,,brand,True,1.0,0.8
fafasti,True,grammar,1,59.36,68.79,moderate,-13.79,1.21,avastin,0.609,3,,SIMILARITY_MODERATE|IMPLIED_CLAIM,,fafasti,0.0,0.564,0.899,1.0,,,0.0,"proprietary mark, anti-infective",brand,,brand,False,1.0,0.925
misduade,True,grammar,1,66.43,56.47,moderate,-1.47,13.53,bestmade,0.7323,3,,SIMILARITY_MODERATE,,misduade,0.0,1.0,1.0,1.0,,,0.0,"proprietary mark, anti-infective",brand,,brand,True,1.0,0.895
dhecosto,True,grammar,1,56.29,60.99,moderate,-5.99,9.01,costa,0.546,3,,SIMILARITY_MODERATE|ILLEGAL_ONSET_CLUSTER,,dhecosto,0.0,0.6,0.676,1.0,,,0.0,"proprietary mark, anti-infective",brand,,brand,False,1.0,0.895
gritodva,True,grammar,1,58.43,64.41,moderate,-9.41,5.59,britovi,0.6108,3,,SIMILARITY_MODERATE,,gritodva,0.0,0.6,0.829,1.0,,,0.0,"proprietary mark, anti-infective",brand,,brand,False,1.0,0.895
cerlamea,True,grammar,1,63.63,66.57,moderate,-11.57,3.43,derladie,0.6374,3,,SIMILARITY_MODERATE,,cerlamea,0.0,0.8,1.0,1.0,,,0.0,"proprietary mark, anti-infective",brand,,brand,True,1.0,0.895
crumasa,True,grammar,1,61.66,69.43,moderate,-14.43,0.57,crudad,0.7085,3,,SIMILARITY_MODERATE,,crumasa,0.0,0.771,0.854,1.0,,,0.004,"proprietary mark, anti-infective",brand,,brand,False,1.0,0.925
trurafo,True,grammar,1,61.63,64.18,moderate,-9.18,5.82,truqap,0.6008,3,,SIMILARITY_MODERATE,,trurafo,0.0,0.771,0.854,1.0,,,0.0,"proprietary mark, anti-infective",brand,,brand,False,1.0,0.925
boujo,True,grammar,1,62.81,66.78,moderate,-11.78,3.22,toujeo,0.6016,2,,SIMILARITY_MODERATE,,boujo,0.0,1.0,1.0,1.0,,,0.0,"proprietary mark, anti-infective",brand,,brand,False,1.0,0.654
utugy,True,grammar,1,65.17,54.37,low,0.63,15.63,tube,0.6001,3,,,,utugy,0.025,1.0,1.0,1.0,,,0.0,"proprietary mark, anti-infective",brand,,brand,True,1.0,0.771
relstra,False,ngram_guided,1,54.94,72.15,high,-17.15,-2.15,trelstar,0.8281,2,SIMILARITY_TOO_HIGH|TRADEMARK_HIT,,,relstra,0.0,0.564,0.67,0.65,,,0.617,"proprietary mark, anti-infective",brand,,brand,False,1.0,0.725
enhistatin,False,ngram_guided,1,40.6,77.02,high,-22.02,-7.02,nystatin,0.8411,4,SIMILARITY_TOO_HIGH|STEM_MISUSE_IN_BRAND|TRADEMARK_HIT,,,enhistatin,0.0,0.46,0.854,1.0,,,0.311,"proprietary mark, anti-infective",brand,,brand,False,0.05,0.661
janutring,True,ngram_guided,1,66.4,66.63,moderate,-11.63,3.37,nutrient,0.9255,3,,SIMILARITY_MODERATE,,janutring,0.0,0.628,0.874,1.0,,,0.976,"proprietary mark, anti-infective",brand,,brand,True,1.0,0.838
livmar,False,ngram_guided,1,57.44,80.2,high,-25.2,-10.2,livmarli,0.7019,2,SIMILARITY_TOO_HIGH|TRADEMARK_HIT,,,livmar,0.0,0.3,1.0,1.0,,,0.405,"proprietary mark, anti-infective",brand,,brand,False,1.0,0.733
hextenziq,False,ngram_guided,1,61.13,80.32,high,-25.32,-10.32,hextend,0.7086,3,SIMILARITY_TOO_HIGH|TRADEMARK_HIT,,,hextenziq,0.0,0.433,0.829,1.0,,,0.738,"proprietary mark, anti-infective",brand,,brand,False,1.0,0.838
vithotrolir,True,ngram_guided,1,58.7,64.49,moderate,-9.49,5.51,vivitrol,0.7895,4,,SIMILARITY_MODERATE,,vithotrolir,0.0,0.482,0.854,1.0,,,0.75,"proprietary mark, anti-infective",brand,,brand,False,1.0,0.6
omnyxofleci,True,ngram_guided,1,55.16,54.33,low,0.67,15.67,myoflex,0.6012,5,,,,omnyxofleci,0.027,0.855,0.783,1.0,,,0.012,"proprietary mark, anti-infective",brand,,brand,False,1.0,0.433
jevia,False,ngram_guided,1,62.14,81.88,high,-26.88,-11.88,fevia,0.7978,3,SIMILARITY_TOO_HIGH|TRADEMARK_HIT,,,jevia,0.0,0.68,1.0,1.0,,,0.257,"proprietary mark, anti-infective",brand,,brand,False,1.0,0.771
halate,False,ngram_guided,1,58.54,80.37,high,-25.37,-10.37,malate,0.9542,2,SIMILARITY_TOO_HIGH|TRADEMARK_HIT,,,halate,0.0,0.3,1.0,1.0,,,0.449,"proprietary mark, anti-infective",brand,,brand,False,1.0,0.783
spectine,False,ngram_guided,1,49.04,81.34,high,-26.34,-11.34,pectin,0.9993,2,SIMILARITY_TOO_HIGH|TRADEMARK_HIT,STEM_EMBEDDED_IN_BRAND,,spectine,0.0,0.2,0.779,1.0,,,0.233,"proprietary mark, anti-infective",brand,,brand,False,0.8,0.779
sovalbicnup,True,ngram_guided,1,57.55,62.67,moderate,-7.67,7.33,sovaldi,0.6273,4,,SIMILARITY_MODERATE,,sovalbicnup,0.0,0.668,0.975,1.0,,,0.067,"proprietary mark, anti-infective",brand,,brand,False,1.0,0.6
humazepzimh,True,ngram_guided,1,59.45,55.16,moderate,-0.16,14.84,temazepam,0.6311,4,,SIMILARITY_MODERATE,,humazepzimh,0.0,0.668,0.9,1.0,,,0.438,"proprietary mark, anti-infective",brand,,brand,False,1.0,0.6
algrel,True,ngram_guided,1,58.57,68.96,moderate,-13.96,1.04,algal,0.8249,2,,SIMILARITY_MODERATE,,algrel,0.0,0.517,0.737,1.0,,,0.72,"proprietary mark, anti-infective",brand,,brand,False,1.0,0.683
thicoecitin,True,ngram_guided,1,54.97,65.97,moderate,-10.97,4.03,micomitin,0.6147,5,,SIMILARITY_MODERATE,,thicoecitin,0.0,0.482,1.0,1.0,,,0.247,"proprietary mark, anti-infective",brand,,brand,False,1.0,0.483
zunvey,False,ngram_guided,1,54.72,86.52,high,-31.52,-16.52,zunveyl,0.6085,2,SIMILARITY_TOO_HIGH|TRADEMARK_HIT,,,zunvey,0.0,0.3,1.0,1.0,,,0.065,"proprietary mark, anti-infective",brand,,brand,False,1.0,0.733
enesuranil,True,ngram_guided,1,58.13,69.14,moderate,-14.14,0.86,anafranil,0.6877,5,,SIMILARITY_MODERATE,,enesuranil,0.0,0.65,1.0,1.0,,,0.129,"proprietary mark, anti-infective",brand,,brand,False,1.0,0.6
danadobutak,True,ngram_guided,1,58.94,61.31,moderate,-6.31,8.69,aminobutan,0.6468,5,,SIMILARITY_MODERATE,,danadobutak,0.0,0.482,1.0,1.0,,,0.649,"proprietary mark, anti-infective",brand,,brand,False,1.0,0.533
cibix,False,ngram_guided,1,59.11,71.25,high,-16.25,-1.25,cimex,0.6086,2,SIMILARITY_TOO_HIGH,,,cibix,0.0,0.68,0.849,1.0,,,0.244,"proprietary mark, anti-infective",brand,,brand,False,1.0,0.717
trypert,False,ngram_guided,1,59.44,75.21,high,-20.21,-5.21,tripper,0.8601,2,SIMILARITY_TOO_HIGH|TRADEMARK_HIT,,,trypert,0.0,0.564,0.692,1.0,,,0.826,"proprietary mark, anti-infective",brand,,brand,False,1.0,0.683
pance,False,ngram_guided,1,50.37,72.6,high,-17.6,-2.6,avance,0.9242,1,SIMILARITY_TOO_HIGH|TRADEMARK_HIT,,,pance,0.0,0.45,0.652,1.0,,,0.234,"proprietary mark, anti-infective",brand,,brand,False,1.0,0.537
brexubiclin,True,ngram_guided,1,61.82,57.9,moderate,-2.9,12.1,varenicline,0.8434,4,,SIMILARITY_MODERATE,,brexubiclin,0.0,0.668,0.779,1.0,,,0.946,"proprietary mark, anti-infective",brand,,brand,False,1.0,0.6
otuli,False,ngram_guided,1,58.13,70.16,high,-15.16,-0.16,tula,0.6074,3,SIMILARITY_TOO_HIGH|TRADEMARK_HIT,,,otuli,0.0,0.45,1.0,1.0,,,0.042,"proprietary mark, anti-infective",brand,,brand,False,1.0,0.833
azontin,False,ngram_guided,1,68.33,76.85,high,-21.85,-6.85,zarontin,0.9619,3,SIMILARITY_TOO_HIGH|TRADEMARK_HIT,,,azontin,0.0,0.564,1.0,1.0,,,0.945,"proprietary mark, anti-infective",brand,,brand,False,1.0,0.925
desero,False,ngram_guided,1,65.89,77.19,high,-22.19,-7.19,desert,0.7578,3,SIMILARITY_TOO_HIGH|TRADEMARK_HIT,,,desero,0.0,0.517,1.0,1.0,,,0.769,"proprietary mark, anti-infective",brand,,brand,False,1.0,0.9
azintin,True,ngram_guided+refined,1,65.85,67.16,moderate,-12.16,2.84,amineptin,0.9561,3,,SIMILARITY_MODERATE,azontin,azontin -> azintin,0.0,0.564,1.0,1.0,,,0.635,"proprietary mark, anti-infective",brand,,brand,True,1.0,0.925
desedo,False,ngram_guided+refined,1,61.67,76.8,high,-21.8,-6.8,desert,0.6561,3,SIMILARITY_TOO_HIGH|TRADEMARK_HIT,,desero,desero -> desedo,0.0,0.517,1.0,1.0,,,0.242,"proprietary mark, anti-infective",brand,,brand,False,1.0,0.9
desebo,False,ngram_guided+refined,1,67.36,74.69,high,-19.69,-4.69,desert,0.7116,3,SIMILARITY_TOO_HIGH|TRADEMARK_HIT,,desero,desero -> desedo -> desebo,0.0,0.733,1.0,1.0,,,0.575,"proprietary mark, anti-infective",brand,,brand,False,1.0,0.9
desejo,False,ngram_guided+refined,1,62.99,73.64,high,-18.64,-3.64,desert,0.605,3,SIMILARITY_TOO_HIGH|TRADEMARK_HIT,,desero,desero -> desedo -> desebo -> desejo,0.0,0.733,1.0,1.0,,,0.028,"proprietary mark, anti-infective",brand,,brand,False,1.0,0.9
nentano,False,grammar+refined,1,57.94,76.53,high,-21.53,-6.53,centany,0.6545,3,SIMILARITY_TOO_HIGH|TRADEMARK_HIT,,neftano,neftano -> nentano,0.0,0.357,1.0,1.0,,,0.008,"proprietary mark, anti-infective",brand,,brand,False,1.0,0.925
nantano,False,grammar+refined,1,60.89,77.27,high,-22.27,-7.27,lantana,0.7007,3,SIMILARITY_TOO_HIGH|TRADEMARK_HIT,,neftano,neftano -> nentano -> nantano,0.0,0.564,1.0,1.0,,,0.014,"proprietary mark, anti-infective",brand,,brand,False,1.0,0.925
navtano,False,grammar+refined,1,60.81,70.82,high,-15.82,-0.82,jevtana,0.6231,3,SIMILARITY_TOO_HIGH|TRADEMARK_HIT,,neftano,neftano -> nentano -> nantano -> navtano,0.0,0.564,1.0,1.0,,,0.004,"proprietary mark, anti-infective",brand,,brand,False,1.0,0.925
zapwiso,False,grammar+refined,1,66.88,73.93,high,-18.93,-3.93,apriso,0.6009,3,SIMILARITY_TOO_HIGH|TRADEMARK_HIT,,zapviso,zapviso -> zapwiso,0.0,1.0,1.0,1.0,,,0.0,"proprietary mark, anti-infective",brand,,brand,False,1.0,0.925
zaqwiso,True,grammar+refined,1,66.88,56.55,moderate,-1.55,13.45,swiss,0.6007,3,,SIMILARITY_MODERATE,zapviso,zapviso -> zapwiso -> zaqwiso,0.0,1.0,1.0,1.0,,,0.0,"proprietary mark, anti-infective",brand,,brand,True,1.0,0.925
telafe,False,grammar+refined,1,58.18,70.35,high,-15.35,-0.35,chelate,0.6304,2,SIMILARITY_TOO_HIGH,,telafa,telafa -> telafe,0.0,0.517,1.0,1.0,,,0.024,"proprietary mark, anti-infective",brand,,brand,False,1.0,0.783
bizapa,True,grammar+refined,1,62.77,66.75,moderate,-11.75,3.25,bisac,0.6451,3,,SIMILARITY_MODERATE,bazapa,bazapa -> bizapa,0.0,0.733,1.0,1.0,,,0.0,"proprietary mark, anti-infective",brand,,brand,False,1.0,0.9
juvia,False,ngram_guided+refined,1,60.2,71.49,high,-16.49,-1.49,dubia,0.8941,3,SIMILARITY_TOO_HIGH|TRADEMARK_HIT,,jevia,jevia -> juvia,0.0,0.68,1.0,1.0,,,0.014,"proprietary mark, anti-infective",brand,,brand,False,1.0,0.771
jovia,False,ngram_guided+refined,1,60.09,70.39,high,-15.39,-0.39,toviaz,0.727,3,SIMILARITY_TOO_HIGH|TRADEMARK_HIT,,jevia,jevia -> juvia -> jovia,0.0,0.68,1.0,1.0,,,0.001,"proprietary mark, anti-infective",brand,,brand,False,1.0,0.771
jovio,False,ngram_guided+refined,1,60.09,70.39,high,-15.39,-0.39,xpovio,0.6459,3,SIMILARITY_TOO_HIGH|TRADEMARK_HIT,,jevia,jevia -> juvia -> jovia -> jovio,0.0,0.68,1.0,1.0,,,0.001,"proprietary mark, anti-infective",brand,,brand,False,1.0,0.771
panfio,True,grammar+refined,1,65.05,65.25,moderate,-10.25,4.75,danio,0.6158,3,,SIMILARITY_MODERATE,pansio,pansio -> panfio,0.0,1.0,1.0,1.0,,,0.006,"proprietary mark, anti-infective",brand,,brand,True,1.0,0.8
ruxmio,True,grammar,1,62.95,61.47,moderate,-6.47,8.53,fexmid,0.6004,3,,SIMILARITY_MODERATE,,ruxmio,0.0,1.0,0.854,1.0,,,0.0,"proprietary mark, respiratory",brand,,brand,True,1.0,0.8
iorore,True,grammar,1,62.02,57.73,moderate,-2.73,12.27,fiore,0.603,3,,SIMILARITY_MODERATE,,iorore,0.0,0.733,1.0,1.0,,,0.0,"proprietary mark, respiratory",brand,,brand,False,1.0,0.85
pruolaspo,True,grammar,1,55.03,69.62,moderate,-14.62,0.38,prolastin,0.6004,4,,SIMILARITY_MODERATE,,pruolaspo,0.0,0.628,0.779,1.0,,,0.0,"proprietary mark, respiratory",brand,,brand,False,1.0,0.69
gariczo,False,grammar,1,60.78,71.25,high,-16.25,-1.25,agaric,0.6519,3,SIMILARITY_TOO_HIGH|TRADEMARK_HIT,,,gariczo,0.0,0.564,1.0,1.0,,,0.0,"proprietary mark, respiratory",brand,,brand,False,1.0,0.925
neftano,False,grammar,1,63.67,71.16,high,-16.16,-1.16,jevtana,0.6072,3,SIMILARITY_TOO_HIGH|TRADEMARK_HIT,,,neftano,0.0,0.771,1.0,1.0,,,0.0,"proprietary mark, respiratory",brand,,brand,False,1.0,0.925
stouwa,True,grammar,1,60.5,61.3,moderate,-6.3,8.7,stona,0.6001,2,,SIMILARITY_MODERATE,,stouwa,0.0,1.0,0.803,1.0,,,0.0,"proprietary mark, respiratory",brand,,brand,False,1.0,0.683
meissita,True,grammar,1,63.81,66.16,moderate,-11.16,3.84,melissa,0.6108,3,,SIMILARITY_MODERATE,,meissita,0.0,0.8,1.0,1.0,,,0.022,"proprietary mark, respiratory",brand,,brand,True,1.0,0.895
venneffe,False,grammar,1,61.61,70.29,high,-15.29,-0.29,venofer,0.6868,2,SIMILARITY_TOO_HIGH|TRADEMARK_HIT,,,venneffe,0.0,0.8,0.975,1.0,,,0.009,"proprietary mark, respiratory",brand,,brand,False,1.0,0.779
pansio,False,grammar,1,61.87,72.76,high,-17.76,-2.76,tansy,0.7882,3,SIMILARITY_TOO_HIGH|TRADEMARK_HIT,,,pansio,0.0,0.733,1.0,1.0,,,0.076,"proprietary mark, respiratory",brand,,brand,False,1.0,0.8
itiaco,True,grammar,1,60.27,61.7,moderate,-6.7,8.3,niacor,0.6083,4,,SIMILARITY_MODERATE,,itiaco,0.0,0.733,1.0,1.0,,,0.0,"proprietary mark, respiratory",brand,,brand,False,1.0,0.733
bazapa,False,grammar,1,62.77,72.5,high,-17.5,-2.5,jalapa,0.6763,3,SIMILARITY_TOO_HIGH|TRADEMARK_HIT,,,bazapa,0.0,0.733,1.0,1.0,,,0.0,"proprietary mark, respiratory",brand,,brand,False,1.0,0.9
telafa,False,grammar,1,62.82,71.67,high,-16.67,-1.67,tela,0.6153,3,SIMILARITY_TOO_HIGH,,,telafa,0.0,0.733,1.0,1.0,,,0.006,"proprietary mark, respiratory",brand,,brand,False,1.0,0.9
beoca,True,grammar,1,60.08,68.45,moderate,-13.45,1.55,avoca,0.6207,3,,SIMILARITY_MODERATE,,beoca,0.0,0.68,1.0,1.0,,,0.0,"proprietary mark, respiratory",brand,,brand,False,1.0,0.771
zapviso,False,grammar,1,63.67,71.54,high,-16.54,-1.54,apriso,0.6053,3,SIMILARITY_TOO_HIGH|TRADEMARK_HIT,,,zapviso,0.0,0.771,1.0,1.0,,,0.0,"proprietary mark, respiratory",brand,,brand,False,1.0,0.925
yexcio,True,grammar,1,63.59,64.76,moderate,-9.76,5.24,elrexfio,0.6003,3,,SIMILARITY_MODERATE,,yexcio,0.0,1.0,0.899,1.0,,,0.0,"proprietary mark, respiratory",brand,,brand,True,1.0,0.8
fafasti,True,grammar,1,59.36,68.79,moderate,-13.79,1.21,avastin,0.609,3,,SIMILARITY_MODERATE|IMPLIED_CLAIM,,fafasti,0.0,0.564,0.899,1.0,,,0.0,"proprietary mark, respiratory",brand,,brand,False,1.0,0.925
misduade,True,grammar,1,66.43,56.47,moderate,-1.47,13.53,bestmade,0.7323,3,,SIMILARITY_MODERATE,,misduade,0.0,1.0,1.0,1.0,,,0.0,"proprietary mark, respiratory",brand,,brand,True,1.0,0.895
dhecosto,True,grammar,1,56.29,60.99,moderate,-5.99,9.01,costa,0.546,3,,SIMILARITY_MODERATE|ILLEGAL_ONSET_CLUSTER,,dhecosto,0.0,0.6,0.676,1.0,,,0.0,"proprietary mark, respiratory",brand,,brand,False,1.0,0.895
gritodva,True,grammar,1,58.43,64.41,moderate,-9.41,5.59,britovi,0.6108,3,,SIMILARITY_MODERATE,,gritodva,0.0,0.6,0.829,1.0,,,0.0,"proprietary mark, respiratory",brand,,brand,False,1.0,0.895
cerlamea,True,grammar,1,63.63,66.57,moderate,-11.57,3.43,derladie,0.6374,3,,SIMILARITY_MODERATE,,cerlamea,0.0,0.8,1.0,1.0,,,0.0,"proprietary mark, respiratory",brand,,brand,True,1.0,0.895
crumasa,True,grammar,1,61.66,69.43,moderate,-14.43,0.57,crudad,0.7085,3,,SIMILARITY_MODERATE,,crumasa,0.0,0.771,0.854,1.0,,,0.004,"proprietary mark, respiratory",brand,,brand,False,1.0,0.925
trurafo,True,grammar,1,61.63,64.18,moderate,-9.18,5.82,truqap,0.6008,3,,SIMILARITY_MODERATE,,trurafo,0.0,0.771,0.854,1.0,,,0.0,"proprietary mark, respiratory",brand,,brand,False,1.0,0.925
boujo,True,grammar,1,62.81,66.78,moderate,-11.78,3.22,toujeo,0.6016,2,,SIMILARITY_MODERATE,,boujo,0.0,1.0,1.0,1.0,,,0.0,"proprietary mark, respiratory",brand,,brand,False,1.0,0.654
utugy,True,grammar,1,65.17,54.37,low,0.63,15.63,tube,0.6001,3,,,,utugy,0.025,1.0,1.0,1.0,,,0.0,"proprietary mark, respiratory",brand,,brand,True,1.0,0.771
relstra,False,ngram_guided,1,54.94,72.15,high,-17.15,-2.15,trelstar,0.8281,2,SIMILARITY_TOO_HIGH|TRADEMARK_HIT,,,relstra,0.0,0.564,0.67,0.65,,,0.617,"proprietary mark, respiratory",brand,,brand,False,1.0,0.725
enhistatin,False,ngram_guided,1,40.6,77.02,high,-22.02,-7.02,nystatin,0.8411,4,SIMILARITY_TOO_HIGH|STEM_MISUSE_IN_BRAND|TRADEMARK_HIT,,,enhistatin,0.0,0.46,0.854,1.0,,,0.311,"proprietary mark, respiratory",brand,,brand,False,0.05,0.661
janutring,True,ngram_guided,1,66.4,66.63,moderate,-11.63,3.37,nutrient,0.9255,3,,SIMILARITY_MODERATE,,janutring,0.0,0.628,0.874,1.0,,,0.976,"proprietary mark, respiratory",brand,,brand,True,1.0,0.838
livmar,False,ngram_guided,1,57.44,80.2,high,-25.2,-10.2,livmarli,0.7019,2,SIMILARITY_TOO_HIGH|TRADEMARK_HIT,,,livmar,0.0,0.3,1.0,1.0,,,0.405,"proprietary mark, respiratory",brand,,brand,False,1.0,0.733
hextenziq,False,ngram_guided,1,61.13,80.32,high,-25.32,-10.32,hextend,0.7086,3,SIMILARITY_TOO_HIGH|TRADEMARK_HIT,,,hextenziq,0.0,0.433,0.829,1.0,,,0.738,"proprietary mark, respiratory",brand,,brand,False,1.0,0.838
vithotrolir,True,ngram_guided,1,58.7,64.49,moderate,-9.49,5.51,vivitrol,0.7895,4,,SIMILARITY_MODERATE,,vithotrolir,0.0,0.482,0.854,1.0,,,0.75,"proprietary mark, respiratory",brand,,brand,False,1.0,0.6
omnyxofleci,True,ngram_guided,1,55.16,54.33,low,0.67,15.67,myoflex,0.6012,5,,,,omnyxofleci,0.027,0.855,0.783,1.0,,,0.012,"proprietary mark, respiratory",brand,,brand,False,1.0,0.433
jevia,False,ngram_guided,1,62.14,81.88,high,-26.88,-11.88,fevia,0.7978,3,SIMILARITY_TOO_HIGH|TRADEMARK_HIT,,,jevia,0.0,0.68,1.0,1.0,,,0.257,"proprietary mark, respiratory",brand,,brand,False,1.0,0.771
halate,False,ngram_guided,1,58.54,80.37,high,-25.37,-10.37,malate,0.9542,2,SIMILARITY_TOO_HIGH|TRADEMARK_HIT,,,halate,0.0,0.3,1.0,1.0,,,0.449,"proprietary mark, respiratory",brand,,brand,False,1.0,0.783
spectine,False,ngram_guided,1,49.04,81.34,high,-26.34,-11.34,pectin,0.9993,2,SIMILARITY_TOO_HIGH|TRADEMARK_HIT,STEM_EMBEDDED_IN_BRAND,,spectine,0.0,0.2,0.779,1.0,,,0.233,"proprietary mark, respiratory",brand,,brand,False,0.8,0.779
sovalbicnup,True,ngram_guided,1,57.55,62.67,moderate,-7.67,7.33,sovaldi,0.6273,4,,SIMILARITY_MODERATE,,sovalbicnup,0.0,0.668,0.975,1.0,,,0.067,"proprietary mark, respiratory",brand,,brand,False,1.0,0.6
humazepzimh,True,ngram_guided,1,59.45,55.16,moderate,-0.16,14.84,temazepam,0.6311,4,,SIMILARITY_MODERATE,,humazepzimh,0.0,0.668,0.9,1.0,,,0.438,"proprietary mark, respiratory",brand,,brand,False,1.0,0.6
algrel,True,ngram_guided,1,58.57,68.96,moderate,-13.96,1.04,algal,0.8249,2,,SIMILARITY_MODERATE,,algrel,0.0,0.517,0.737,1.0,,,0.72,"proprietary mark, respiratory",brand,,brand,False,1.0,0.683
thicoecitin,True,ngram_guided,1,54.97,65.97,moderate,-10.97,4.03,micomitin,0.6147,5,,SIMILARITY_MODERATE,,thicoecitin,0.0,0.482,1.0,1.0,,,0.247,"proprietary mark, respiratory",brand,,brand,False,1.0,0.483
zunvey,False,ngram_guided,1,54.72,86.52,high,-31.52,-16.52,zunveyl,0.6085,2,SIMILARITY_TOO_HIGH|TRADEMARK_HIT,,,zunvey,0.0,0.3,1.0,1.0,,,0.065,"proprietary mark, respiratory",brand,,brand,False,1.0,0.733
enesuranil,True,ngram_guided,1,58.13,69.14,moderate,-14.14,0.86,anafranil,0.6877,5,,SIMILARITY_MODERATE,,enesuranil,0.0,0.65,1.0,1.0,,,0.129,"proprietary mark, respiratory",brand,,brand,False,1.0,0.6
danadobutak,True,ngram_guided,1,58.94,61.31,moderate,-6.31,8.69,aminobutan,0.6468,5,,SIMILARITY_MODERATE,,danadobutak,0.0,0.482,1.0,1.0,,,0.649,"proprietary mark, respiratory",brand,,brand,False,1.0,0.533
cibix,False,ngram_guided,1,59.11,71.25,high,-16.25,-1.25,cimex,0.6086,2,SIMILARITY_TOO_HIGH,,,cibix,0.0,0.68,0.849,1.0,,,0.244,"proprietary mark, respiratory",brand,,brand,False,1.0,0.717
trypert,False,ngram_guided,1,59.44,75.21,high,-20.21,-5.21,tripper,0.8601,2,SIMILARITY_TOO_HIGH|TRADEMARK_HIT,,,trypert,0.0,0.564,0.692,1.0,,,0.826,"proprietary mark, respiratory",brand,,brand,False,1.0,0.683
pance,False,ngram_guided,1,50.37,72.6,high,-17.6,-2.6,avance,0.9242,1,SIMILARITY_TOO_HIGH|TRADEMARK_HIT,,,pance,0.0,0.45,0.652,1.0,,,0.234,"proprietary mark, respiratory",brand,,brand,False,1.0,0.537
brexubiclin,True,ngram_guided,1,61.82,57.9,moderate,-2.9,12.1,varenicline,0.8434,4,,SIMILARITY_MODERATE,,brexubiclin,0.0,0.668,0.779,1.0,,,0.946,"proprietary mark, respiratory",brand,,brand,False,1.0,0.6
otuli,False,ngram_guided,1,58.13,70.16,high,-15.16,-0.16,tula,0.6074,3,SIMILARITY_TOO_HIGH|TRADEMARK_HIT,,,otuli,0.0,0.45,1.0,1.0,,,0.042,"proprietary mark, respiratory",brand,,brand,False,1.0,0.833
azontin,False,ngram_guided,1,68.33,76.85,high,-21.85,-6.85,zarontin,0.9619,3,SIMILARITY_TOO_HIGH|TRADEMARK_HIT,,,azontin,0.0,0.564,1.0,1.0,,,0.945,"proprietary mark, respiratory",brand,,brand,False,1.0,0.925
desero,False,ngram_guided,1,65.89,77.19,high,-22.19,-7.19,desert,0.7578,3,SIMILARITY_TOO_HIGH|TRADEMARK_HIT,,,desero,0.0,0.517,1.0,1.0,,,0.769,"proprietary mark, respiratory",brand,,brand,False,1.0,0.9
azintin,True,ngram_guided+refined,1,65.85,67.16,moderate,-12.16,2.84,amineptin,0.9561,3,,SIMILARITY_MODERATE,azontin,azontin -> azintin,0.0,0.564,1.0,1.0,,,0.635,"proprietary mark, respiratory",brand,,brand,True,1.0,0.925
desedo,False,ngram_guided+refined,1,61.67,76.8,high,-21.8,-6.8,desert,0.6561,3,SIMILARITY_TOO_HIGH|TRADEMARK_HIT,,desero,desero -> desedo,0.0,0.517,1.0,1.0,,,0.242,"proprietary mark, respiratory",brand,,brand,False,1.0,0.9
desebo,False,ngram_guided+refined,1,67.36,74.69,high,-19.69,-4.69,desert,0.7116,3,SIMILARITY_TOO_HIGH|TRADEMARK_HIT,,desero,desero -> desedo -> desebo,0.0,0.733,1.0,1.0,,,0.575,"proprietary mark, respiratory",brand,,brand,False,1.0,0.9
desejo,False,ngram_guided+refined,1,62.99,73.64,high,-18.64,-3.64,desert,0.605,3,SIMILARITY_TOO_HIGH|TRADEMARK_HIT,,desero,desero -> desedo -> desebo -> desejo,0.0,0.733,1.0,1.0,,,0.028,"proprietary mark, respiratory",brand,,brand,False,1.0,0.9
nentano,False,grammar+refined,1,57.94,76.53,high,-21.53,-6.53,centany,0.6545,3,SIMILARITY_TOO_HIGH|TRADEMARK_HIT,,neftano,neftano -> nentano,0.0,0.357,1.0,1.0,,,0.008,"proprietary mark, respiratory",brand,,brand,False,1.0,0.925
nantano,False,grammar+refined,1,60.89,77.27,high,-22.27,-7.27,lantana,0.7007,3,SIMILARITY_TOO_HIGH|TRADEMARK_HIT,,neftano,neftano -> nentano -> nantano,0.0,0.564,1.0,1.0,,,0.014,"proprietary mark, respiratory",brand,,brand,False,1.0,0.925
navtano,False,grammar+refined,1,60.81,70.82,high,-15.82,-0.82,jevtana,0.6231,3,SIMILARITY_TOO_HIGH|TRADEMARK_HIT,,neftano,neftano -> nentano -> nantano -> navtano,0.0,0.564,1.0,1.0,,,0.004,"proprietary mark, respiratory",brand,,brand,False,1.0,0.925
zapwiso,False,grammar+refined,1,66.88,73.93,high,-18.93,-3.93,apriso,0.6009,3,SIMILARITY_TOO_HIGH|TRADEMARK_HIT,,zapviso,zapviso -> zapwiso,0.0,1.0,1.0,1.0,,,0.0,"proprietary mark, respiratory",brand,,brand,False,1.0,0.925
zaqwiso,True,grammar+refined,1,66.88,56.55,moderate,-1.55,13.45,swiss,0.6007,3,,SIMILARITY_MODERATE,zapviso,zapviso -> zapwiso -> zaqwiso,0.0,1.0,1.0,1.0,,,0.0,"proprietary mark, respiratory",brand,,brand,True,1.0,0.925
telafe,False,grammar+refined,1,58.18,70.35,high,-15.35,-0.35,chelate,0.6304,2,SIMILARITY_TOO_HIGH,,telafa,telafa -> telafe,0.0,0.517,1.0,1.0,,,0.024,"proprietary mark, respiratory",brand,,brand,False,1.0,0.783
bizapa,True,grammar+refined,1,62.77,66.75,moderate,-11.75,3.25,bisac,0.6451,3,,SIMILARITY_MODERATE,bazapa,bazapa -> bizapa,0.0,0.733,1.0,1.0,,,0.0,"proprietary mark, respiratory",brand,,brand,False,1.0,0.9
juvia,False,ngram_guided+refined,1,60.2,71.49,high,-16.49,-1.49,dubia,0.8941,3,SIMILARITY_TOO_HIGH|TRADEMARK_HIT,,jevia,jevia -> juvia,0.0,0.68,1.0,1.0,,,0.014,"proprietary mark, respiratory",brand,,brand,False,1.0,0.771
jovia,False,ngram_guided+refined,1,60.09,70.39,high,-15.39,-0.39,toviaz,0.727,3,SIMILARITY_TOO_HIGH|TRADEMARK_HIT,,jevia,jevia -> juvia -> jovia,0.0,0.68,1.0,1.0,,,0.001,"proprietary mark, respiratory",brand,,brand,False,1.0,0.771
jovio,False,ngram_guided+refined,1,60.09,70.39,high,-15.39,-0.39,xpovio,0.6459,3,SIMILARITY_TOO_HIGH|TRADEMARK_HIT,,jevia,jevia -> juvia -> jovia -> jovio,0.0,0.68,1.0,1.0,,,0.001,"proprietary mark, respiratory",brand,,brand,False,1.0,0.771
panfio,True,grammar+refined,1,65.05,65.25,moderate,-10.25,4.75,danio,0.6158,3,,SIMILARITY_MODERATE,pansio,pansio -> panfio,0.0,1.0,1.0,1.0,,,0.006,"proprietary mark, respiratory",brand,,brand,True,1.0,0.8
ruxmio,True,grammar,1,62.95,61.47,moderate,-6.47,8.53,fexmid,0.6004,3,,SIMILARITY_MODERATE,,ruxmio,0.0,1.0,0.854,1.0,,,0.0,"proprietary mark, dermatology",brand,,brand,True,1.0,0.8
iorore,True,grammar,1,62.02,57.73,moderate,-2.73,12.27,fiore,0.603,3,,SIMILARITY_MODERATE,,iorore,0.0,0.733,1.0,1.0,,,0.0,"proprietary mark, dermatology",brand,,brand,False,1.0,0.85
pruolaspo,True,grammar,1,55.03,69.62,moderate,-14.62,0.38,prolastin,0.6004,4,,SIMILARITY_MODERATE,,pruolaspo,0.0,0.628,0.779,1.0,,,0.0,"proprietary mark, dermatology",brand,,brand,False,1.0,0.69
gariczo,False,grammar,1,60.78,71.25,high,-16.25,-1.25,agaric,0.6519,3,SIMILARITY_TOO_HIGH|TRADEMARK_HIT,,,gariczo,0.0,0.564,1.0,1.0,,,0.0,"proprietary mark, dermatology",brand,,brand,False,1.0,0.925
neftano,False,grammar,1,63.67,71.16,high,-16.16,-1.16,jevtana,0.6072,3,SIMILARITY_TOO_HIGH|TRADEMARK_HIT,,,neftano,0.0,0.771,1.0,1.0,,,0.0,"proprietary mark, dermatology",brand,,brand,False,1.0,0.925
stouwa,True,grammar,1,60.5,61.3,moderate,-6.3,8.7,stona,0.6001,2,,SIMILARITY_MODERATE,,stouwa,0.0,1.0,0.803,1.0,,,0.0,"proprietary mark, dermatology",brand,,brand,False,1.0,0.683
meissita,True,grammar,1,63.81,66.16,moderate,-11.16,3.84,melissa,0.6108,3,,SIMILARITY_MODERATE,,meissita,0.0,0.8,1.0,1.0,,,0.022,"proprietary mark, dermatology",brand,,brand,True,1.0,0.895
venneffe,False,grammar,1,61.61,70.29,high,-15.29,-0.29,venofer,0.6868,2,SIMILARITY_TOO_HIGH|TRADEMARK_HIT,,,venneffe,0.0,0.8,0.975,1.0,,,0.009,"proprietary mark, dermatology",brand,,brand,False,1.0,0.779
pansio,False,grammar,1,61.87,72.76,high,-17.76,-2.76,tansy,0.7882,3,SIMILARITY_TOO_HIGH|TRADEMARK_HIT,,,pansio,0.0,0.733,1.0,1.0,,,0.076,"proprietary mark, dermatology",brand,,brand,False,1.0,0.8
itiaco,True,grammar,1,60.27,61.7,moderate,-6.7,8.3,niacor,0.6083,4,,SIMILARITY_MODERATE,,itiaco,0.0,0.733,1.0,1.0,,,0.0,"proprietary mark, dermatology",brand,,brand,False,1.0,0.733
bazapa,False,grammar,1,62.77,72.5,high,-17.5,-2.5,jalapa,0.6763,3,SIMILARITY_TOO_HIGH|TRADEMARK_HIT,,,bazapa,0.0,0.733,1.0,1.0,,,0.0,"proprietary mark, dermatology",brand,,brand,False,1.0,0.9
telafa,False,grammar,1,62.82,71.67,high,-16.67,-1.67,tela,0.6153,3,SIMILARITY_TOO_HIGH,,,telafa,0.0,0.733,1.0,1.0,,,0.006,"proprietary mark, dermatology",brand,,brand,False,1.0,0.9
beoca,True,grammar,1,60.08,68.45,moderate,-13.45,1.55,avoca,0.6207,3,,SIMILARITY_MODERATE,,beoca,0.0,0.68,1.0,1.0,,,0.0,"proprietary mark, dermatology",brand,,brand,False,1.0,0.771
zapviso,False,grammar,1,63.67,71.54,high,-16.54,-1.54,apriso,0.6053,3,SIMILARITY_TOO_HIGH|TRADEMARK_HIT,,,zapviso,0.0,0.771,1.0,1.0,,,0.0,"proprietary mark, dermatology",brand,,brand,False,1.0,0.925
yexcio,True,grammar,1,63.59,64.76,moderate,-9.76,5.24,elrexfio,0.6003,3,,SIMILARITY_MODERATE,,yexcio,0.0,1.0,0.899,1.0,,,0.0,"proprietary mark, dermatology",brand,,brand,True,1.0,0.8
fafasti,True,grammar,1,59.36,68.79,moderate,-13.79,1.21,avastin,0.609,3,,SIMILARITY_MODERATE|IMPLIED_CLAIM,,fafasti,0.0,0.564,0.899,1.0,,,0.0,"proprietary mark, dermatology",brand,,brand,False,1.0,0.925
misduade,True,grammar,1,66.43,56.47,moderate,-1.47,13.53,bestmade,0.7323,3,,SIMILARITY_MODERATE,,misduade,0.0,1.0,1.0,1.0,,,0.0,"proprietary mark, dermatology",brand,,brand,True,1.0,0.895
dhecosto,True,grammar,1,56.29,60.99,moderate,-5.99,9.01,costa,0.546,3,,SIMILARITY_MODERATE|ILLEGAL_ONSET_CLUSTER,,dhecosto,0.0,0.6,0.676,1.0,,,0.0,"proprietary mark, dermatology",brand,,brand,False,1.0,0.895
gritodva,True,grammar,1,58.43,64.41,moderate,-9.41,5.59,britovi,0.6108,3,,SIMILARITY_MODERATE,,gritodva,0.0,0.6,0.829,1.0,,,0.0,"proprietary mark, dermatology",brand,,brand,False,1.0,0.895
cerlamea,True,grammar,1,63.63,66.57,moderate,-11.57,3.43,derladie,0.6374,3,,SIMILARITY_MODERATE,,cerlamea,0.0,0.8,1.0,1.0,,,0.0,"proprietary mark, dermatology",brand,,brand,True,1.0,0.895
crumasa,True,grammar,1,61.66,69.43,moderate,-14.43,0.57,crudad,0.7085,3,,SIMILARITY_MODERATE,,crumasa,0.0,0.771,0.854,1.0,,,0.004,"proprietary mark, dermatology",brand,,brand,False,1.0,0.925
trurafo,True,grammar,1,61.63,64.18,moderate,-9.18,5.82,truqap,0.6008,3,,SIMILARITY_MODERATE,,trurafo,0.0,0.771,0.854,1.0,,,0.0,"proprietary mark, dermatology",brand,,brand,False,1.0,0.925
boujo,True,grammar,1,62.81,66.78,moderate,-11.78,3.22,toujeo,0.6016,2,,SIMILARITY_MODERATE,,boujo,0.0,1.0,1.0,1.0,,,0.0,"proprietary mark, dermatology",brand,,brand,False,1.0,0.654
utugy,True,grammar,1,65.17,54.37,low,0.63,15.63,tube,0.6001,3,,,,utugy,0.025,1.0,1.0,1.0,,,0.0,"proprietary mark, dermatology",brand,,brand,True,1.0,0.771
relstra,False,ngram_guided,1,54.94,72.15,high,-17.15,-2.15,trelstar,0.8281,2,SIMILARITY_TOO_HIGH|TRADEMARK_HIT,,,relstra,0.0,0.564,0.67,0.65,,,0.617,"proprietary mark, dermatology",brand,,brand,False,1.0,0.725
enhistatin,False,ngram_guided,1,40.6,77.02,high,-22.02,-7.02,nystatin,0.8411,4,SIMILARITY_TOO_HIGH|STEM_MISUSE_IN_BRAND|TRADEMARK_HIT,,,enhistatin,0.0,0.46,0.854,1.0,,,0.311,"proprietary mark, dermatology",brand,,brand,False,0.05,0.661
janutring,True,ngram_guided,1,66.4,66.63,moderate,-11.63,3.37,nutrient,0.9255,3,,SIMILARITY_MODERATE,,janutring,0.0,0.628,0.874,1.0,,,0.976,"proprietary mark, dermatology",brand,,brand,True,1.0,0.838
livmar,False,ngram_guided,1,57.44,80.2,high,-25.2,-10.2,livmarli,0.7019,2,SIMILARITY_TOO_HIGH|TRADEMARK_HIT,,,livmar,0.0,0.3,1.0,1.0,,,0.405,"proprietary mark, dermatology",brand,,brand,False,1.0,0.733
hextenziq,False,ngram_guided,1,61.13,80.32,high,-25.32,-10.32,hextend,0.7086,3,SIMILARITY_TOO_HIGH|TRADEMARK_HIT,,,hextenziq,0.0,0.433,0.829,1.0,,,0.738,"proprietary mark, dermatology",brand,,brand,False,1.0,0.838
vithotrolir,True,ngram_guided,1,58.7,64.49,moderate,-9.49,5.51,vivitrol,0.7895,4,,SIMILARITY_MODERATE,,vithotrolir,0.0,0.482,0.854,1.0,,,0.75,"proprietary mark, dermatology",brand,,brand,False,1.0,0.6
omnyxofleci,True,ngram_guided,1,55.16,54.33,low,0.67,15.67,myoflex,0.6012,5,,,,omnyxofleci,0.027,0.855,0.783,1.0,,,0.012,"proprietary mark, dermatology",brand,,brand,False,1.0,0.433
jevia,False,ngram_guided,1,62.14,81.88,high,-26.88,-11.88,fevia,0.7978,3,SIMILARITY_TOO_HIGH|TRADEMARK_HIT,,,jevia,0.0,0.68,1.0,1.0,,,0.257,"proprietary mark, dermatology",brand,,brand,False,1.0,0.771
halate,False,ngram_guided,1,58.54,80.37,high,-25.37,-10.37,malate,0.9542,2,SIMILARITY_TOO_HIGH|TRADEMARK_HIT,,,halate,0.0,0.3,1.0,1.0,,,0.449,"proprietary mark, dermatology",brand,,brand,False,1.0,0.783
spectine,False,ngram_guided,1,49.04,81.34,high,-26.34,-11.34,pectin,0.9993,2,SIMILARITY_TOO_HIGH|TRADEMARK_HIT,STEM_EMBEDDED_IN_BRAND,,spectine,0.0,0.2,0.779,1.0,,,0.233,"proprietary mark, dermatology",brand,,brand,False,0.8,0.779
sovalbicnup,True,ngram_guided,1,57.55,62.67,moderate,-7.67,7.33,sovaldi,0.6273,4,,SIMILARITY_MODERATE,,sovalbicnup,0.0,0.668,0.975,1.0,,,0.067,"proprietary mark, dermatology",brand,,brand,False,1.0,0.6
humazepzimh,True,ngram_guided,1,59.45,55.16,moderate,-0.16,14.84,temazepam,0.6311,4,,SIMILARITY_MODERATE,,humazepzimh,0.0,0.668,0.9,1.0,,,0.438,"proprietary mark, dermatology",brand,,brand,False,1.0,0.6
algrel,True,ngram_guided,1,58.57,68.96,moderate,-13.96,1.04,algal,0.8249,2,,SIMILARITY_MODERATE,,algrel,0.0,0.517,0.737,1.0,,,0.72,"proprietary mark, dermatology",brand,,brand,False,1.0,0.683
thicoecitin,True,ngram_guided,1,54.97,65.97,moderate,-10.97,4.03,micomitin,0.6147,5,,SIMILARITY_MODERATE,,thicoecitin,0.0,0.482,1.0,1.0,,,0.247,"proprietary mark, dermatology",brand,,brand,False,1.0,0.483
zunvey,False,ngram_guided,1,54.72,86.52,high,-31.52,-16.52,zunveyl,0.6085,2,SIMILARITY_TOO_HIGH|TRADEMARK_HIT,,,zunvey,0.0,0.3,1.0,1.0,,,0.065,"proprietary mark, dermatology",brand,,brand,False,1.0,0.733
enesuranil,True,ngram_guided,1,58.13,69.14,moderate,-14.14,0.86,anafranil,0.6877,5,,SIMILARITY_MODERATE,,enesuranil,0.0,0.65,1.0,1.0,,,0.129,"proprietary mark, dermatology",brand,,brand,False,1.0,0.6
danadobutak,True,ngram_guided,1,58.94,61.31,moderate,-6.31,8.69,aminobutan,0.6468,5,,SIMILARITY_MODERATE,,danadobutak,0.0,0.482,1.0,1.0,,,0.649,"proprietary mark, dermatology",brand,,brand,False,1.0,0.533
cibix,False,ngram_guided,1,59.11,71.25,high,-16.25,-1.25,cimex,0.6086,2,SIMILARITY_TOO_HIGH,,,cibix,0.0,0.68,0.849,1.0,,,0.244,"proprietary mark, dermatology",brand,,brand,False,1.0,0.717
trypert,False,ngram_guided,1,59.44,75.21,high,-20.21,-5.21,tripper,0.8601,2,SIMILARITY_TOO_HIGH|TRADEMARK_HIT,,,trypert,0.0,0.564,0.692,1.0,,,0.826,"proprietary mark, dermatology",brand,,brand,False,1.0,0.683
pance,False,ngram_guided,1,50.37,72.6,high,-17.6,-2.6,avance,0.9242,1,SIMILARITY_TOO_HIGH|TRADEMARK_HIT,,,pance,0.0,0.45,0.652,1.0,,,0.234,"proprietary mark, dermatology",brand,,brand,False,1.0,0.537
brexubiclin,True,ngram_guided,1,61.82,57.9,moderate,-2.9,12.1,varenicline,0.8434,4,,SIMILARITY_MODERATE,,brexubiclin,0.0,0.668,0.779,1.0,,,0.946,"proprietary mark, dermatology",brand,,brand,False,1.0,0.6
otuli,False,ngram_guided,1,58.13,70.16,high,-15.16,-0.16,tula,0.6074,3,SIMILARITY_TOO_HIGH|TRADEMARK_HIT,,,otuli,0.0,0.45,1.0,1.0,,,0.042,"proprietary mark, dermatology",brand,,brand,False,1.0,0.833
azontin,False,ngram_guided,1,68.33,76.85,high,-21.85,-6.85,zarontin,0.9619,3,SIMILARITY_TOO_HIGH|TRADEMARK_HIT,,,azontin,0.0,0.564,1.0,1.0,,,0.945,"proprietary mark, dermatology",brand,,brand,False,1.0,0.925
desero,False,ngram_guided,1,65.89,77.19,high,-22.19,-7.19,desert,0.7578,3,SIMILARITY_TOO_HIGH|TRADEMARK_HIT,,,desero,0.0,0.517,1.0,1.0,,,0.769,"proprietary mark, dermatology",brand,,brand,False,1.0,0.9
azintin,True,ngram_guided+refined,1,65.85,67.16,moderate,-12.16,2.84,amineptin,0.9561,3,,SIMILARITY_MODERATE,azontin,azontin -> azintin,0.0,0.564,1.0,1.0,,,0.635,"proprietary mark, dermatology",brand,,brand,True,1.0,0.925
desedo,False,ngram_guided+refined,1,61.67,76.8,high,-21.8,-6.8,desert,0.6561,3,SIMILARITY_TOO_HIGH|TRADEMARK_HIT,,desero,desero -> desedo,0.0,0.517,1.0,1.0,,,0.242,"proprietary mark, dermatology",brand,,brand,False,1.0,0.9
desebo,False,ngram_guided+refined,1,67.36,74.69,high,-19.69,-4.69,desert,0.7116,3,SIMILARITY_TOO_HIGH|TRADEMARK_HIT,,desero,desero -> desedo -> desebo,0.0,0.733,1.0,1.0,,,0.575,"proprietary mark, dermatology",brand,,brand,False,1.0,0.9
desejo,False,ngram_guided+refined,1,62.99,73.64,high,-18.64,-3.64,desert,0.605,3,SIMILARITY_TOO_HIGH|TRADEMARK_HIT,,desero,desero -> desedo -> desebo -> desejo,0.0,0.733,1.0,1.0,,,0.028,"proprietary mark, dermatology",brand,,brand,False,1.0,0.9
nentano,False,grammar+refined,1,57.94,76.53,high,-21.53,-6.53,centany,0.6545,3,SIMILARITY_TOO_HIGH|TRADEMARK_HIT,,neftano,neftano -> nentano,0.0,0.357,1.0,1.0,,,0.008,"proprietary mark, dermatology",brand,,brand,False,1.0,0.925
nantano,False,grammar+refined,1,60.89,77.27,high,-22.27,-7.27,lantana,0.7007,3,SIMILARITY_TOO_HIGH|TRADEMARK_HIT,,neftano,neftano -> nentano -> nantano,0.0,0.564,1.0,1.0,,,0.014,"proprietary mark, dermatology",brand,,brand,False,1.0,0.925
navtano,False,grammar+refined,1,60.81,70.82,high,-15.82,-0.82,jevtana,0.6231,3,SIMILARITY_TOO_HIGH|TRADEMARK_HIT,,neftano,neftano -> nentano -> nantano -> navtano,0.0,0.564,1.0,1.0,,,0.004,"proprietary mark, dermatology",brand,,brand,False,1.0,0.925
zapwiso,False,grammar+refined,1,66.88,73.93,high,-18.93,-3.93,apriso,0.6009,3,SIMILARITY_TOO_HIGH|TRADEMARK_HIT,,zapviso,zapviso -> zapwiso,0.0,1.0,1.0,1.0,,,0.0,"proprietary mark, dermatology",brand,,brand,False,1.0,0.925
zaqwiso,True,grammar+refined,1,66.88,56.55,moderate,-1.55,13.45,swiss,0.6007,3,,SIMILARITY_MODERATE,zapviso,zapviso -> zapwiso -> zaqwiso,0.0,1.0,1.0,1.0,,,0.0,"proprietary mark, dermatology",brand,,brand,True,1.0,0.925
telafe,False,grammar+refined,1,58.18,70.35,high,-15.35,-0.35,chelate,0.6304,2,SIMILARITY_TOO_HIGH,,telafa,telafa -> telafe,0.0,0.517,1.0,1.0,,,0.024,"proprietary mark, dermatology",brand,,brand,False,1.0,0.783
bizapa,True,grammar+refined,1,62.77,66.75,moderate,-11.75,3.25,bisac,0.6451,3,,SIMILARITY_MODERATE,bazapa,bazapa -> bizapa,0.0,0.733,1.0,1.0,,,0.0,"proprietary mark, dermatology",brand,,brand,False,1.0,0.9
juvia,False,ngram_guided+refined,1,60.2,71.49,high,-16.49,-1.49,dubia,0.8941,3,SIMILARITY_TOO_HIGH|TRADEMARK_HIT,,jevia,jevia -> juvia,0.0,0.68,1.0,1.0,,,0.014,"proprietary mark, dermatology",brand,,brand,False,1.0,0.771
jovia,False,ngram_guided+refined,1,60.09,70.39,high,-15.39,-0.39,toviaz,0.727,3,SIMILARITY_TOO_HIGH|TRADEMARK_HIT,,jevia,jevia -> juvia -> jovia,0.0,0.68,1.0,1.0,,,0.001,"proprietary mark, dermatology",brand,,brand,False,1.0,0.771
jovio,False,ngram_guided+refined,1,60.09,70.39,high,-15.39,-0.39,xpovio,0.6459,3,SIMILARITY_TOO_HIGH|TRADEMARK_HIT,,jevia,jevia -> juvia -> jovia -> jovio,0.0,0.68,1.0,1.0,,,0.001,"proprietary mark, dermatology",brand,,brand,False,1.0,0.771
panfio,True,grammar+refined,1,65.05,65.25,moderate,-10.25,4.75,danio,0.6158,3,,SIMILARITY_MODERATE,pansio,pansio -> panfio,0.0,1.0,1.0,1.0,,,0.006,"proprietary mark, dermatology",brand,,brand,True,1.0,0.8
