candidate_name,accepted,proposer,round,quality_total,composite_risk_score,risk_band,margin_to_review,margin_to_reject,nearest_match,pronounceability,syllables,failure_codes,warning_codes,refined_from,lineage,q_distinctiveness,q_novelty,q_pronounceability,q_seam,q_morpheme_hygiene,q_shape,q_typicality,sweep_target,target_type,target_stem,difficulty,in_shortlist,q_stem_avoidance,q_memorability
maxopril,False,grammar,1,65.47,67.8,moderate,-12.8,2.2,maxitrol,0.6607,3,TRADEMARK_HIT,SIMILARITY_MODERATE,,maxopril,0.0,1.0,0.899,1.0,1.0,0.787,0.001,ACE inhibitor,generic,-pril,roomy,False,,
murofupril,True,grammar,1,63.84,53.69,low,1.31,16.31,brinsupri,0.6254,4,,,,murofupril,0.052,0.733,0.924,1.0,1.0,0.998,0.0,ACE inhibitor,generic,-pril,roomy,True,,
purzeprupril,True,grammar,1,62.84,52.22,low,2.78,17.78,bepridil,0.6423,4,,,,purzeprupril,0.111,0.8,0.754,1.0,1.0,0.862,0.0,ACE inhibitor,generic,-pril,roomy,False,,
ebopril,True,grammar,1,64.44,66.52,moderate,-11.52,3.48,baytril,0.6413,3,,SIMILARITY_MODERATE,,ebopril,0.0,1.0,0.899,1.0,1.0,0.685,0.0,ACE inhibitor,generic,-pril,roomy,True,,
cyxonopril,True,grammar,1,66.37,63.96,moderate,-8.96,6.04,cyclomydril,0.6089,4,,SIMILARITY_MODERATE,,cyxonopril,0.0,1.0,0.813,1.0,1.0,0.998,0.001,ACE inhibitor,generic,-pril,roomy,True,,
mulopril,True,grammar,1,57.55,66.83,moderate,-11.83,3.17,zyloprim,0.7379,3,,SIMILARITY_MODERATE,,mulopril,0.0,0.6,0.899,1.0,1.0,0.787,0.013,ACE inhibitor,generic,-pril,roomy,False,,
metuvopril,True,grammar,1,62.64,60.69,moderate,-5.69,9.31,metoprolol,0.6489,4,,SIMILARITY_MODERATE,,metuvopril,0.0,0.733,0.924,1.0,1.0,0.998,0.007,ACE inhibitor,generic,-pril,roomy,False,,
basamepril,False,grammar,1,62.59,59.86,moderate,-4.86,10.14,ramiprilat,0.6492,4,TRADEMARK_HIT,SIMILARITY_MODERATE,,basamepril,0.0,0.733,0.924,1.0,1.0,0.998,0.0,ACE inhibitor,generic,-pril,roomy,False,,
liolsodupril,True,grammar,1,62.65,53.4,low,1.6,16.6,colfosceril,0.6085,5,,,,liolsodupril,0.064,0.8,0.915,1.0,1.0,0.731,0.0,ACE inhibitor,generic,-pril,roomy,False,,
tocepril,True,grammar,1,61.74,64.72,moderate,-9.72,5.28,boceprevir,0.6841,3,,SIMILARITY_MODERATE,,tocepril,0.0,0.6,0.899,1.0,1.0,0.787,0.611,ACE inhibitor,generic,-pril,roomy,False,,
axaapril,False,grammar,1,67.06,73.87,high,-18.87,-3.87,exaprin,0.6015,4,SIMILARITY_TOO_HIGH|TRADEMARK_HIT,,,axaapril,0.0,1.0,0.924,1.0,1.0,0.912,0.0,ACE inhibitor,generic,-pril,roomy,False,,
decubapril,True,grammar,1,62.59,69.21,moderate,-14.21,0.79,sacubitril,0.6517,4,,SIMILARITY_MODERATE,,decubapril,0.0,0.733,0.924,1.0,1.0,0.998,0.001,ACE inhibitor,generic,-pril,roomy,False,,
pamimlepril,True,grammar,1,62.55,56.31,moderate,-1.31,13.69,familiaris,0.6293,4,,SIMILARITY_MODERATE,,pamimlepril,0.0,0.771,0.9,1.0,1.0,0.952,0.0,ACE inhibitor,generic,-pril,roomy,False,,
nerfepril,True,grammar,1,59.43,66.11,moderate,-11.11,3.89,nyvepria,0.6302,3,,SIMILARITY_MODERATE,,nerfepril,0.0,0.68,0.874,1.0,1.0,0.858,0.001,ACE inhibitor,generic,-pril,roomy,False,,
sirnopril,False,grammar,1,65.82,65.51,moderate,-10.51,4.49,fosinoprilat,0.607,3,INTRA_STEM_TOO_CLOSE|TRADEMARK_HIT,SIMILARITY_MODERATE,,sirnopril,0.0,1.0,0.874,1.0,1.0,0.858,0.0,ACE inhibitor,generic,-pril,roomy,False,,
zitrupril,True,grammar,1,57.37,64.32,moderate,-9.32,5.68,citrucel,0.6141,3,,SIMILARITY_MODERATE,,zitrupril,0.0,0.68,0.728,1.0,1.0,0.858,0.0,ACE inhibitor,generic,-pril,roomy,False,,
noturdipril,True,grammar,1,62.55,58.1,moderate,-3.1,11.9,moexiprilat,0.669,4,,SIMILARITY_MODERATE,,noturdipril,0.0,0.771,0.9,1.0,1.0,0.952,0.0,ACE inhibitor,generic,-pril,roomy,False,,
igitropril,True,grammar,1,60.55,66.93,moderate,-11.93,3.07,dinitropropyl,0.6888,4,,SIMILARITY_MODERATE,,igitropril,0.0,0.733,0.779,1.0,1.0,0.998,0.0,ACE inhibitor,generic,-pril,roomy,False,,
bapiipril,False,grammar,1,67.77,71.47,high,-16.47,-1.47,gabitril,0.601,4,SIMILARITY_TOO_HIGH|TRADEMARK_HIT,,,bapiipril,0.0,1.0,0.924,1.0,1.0,0.983,0.0,ACE inhibitor,generic,-pril,roomy,False,,
emlavapril,False,grammar,1,62.26,63.77,moderate,-8.77,6.23,enalaprilat,0.6288,4,INTRA_STEM_TOO_CLOSE|TRADEMARK_HIT,SIMILARITY_MODERATE,,emlavapril,0.0,0.733,0.9,1.0,1.0,0.998,0.003,ACE inhibitor,generic,-pril,roomy,False,,
ixopril,True,grammar,1,64.44,65.38,moderate,-10.38,4.62,exaprin,0.6228,3,,SIMILARITY_MODERATE,,ixopril,0.0,1.0,0.899,1.0,1.0,0.685,0.0,ACE inhibitor,generic,-pril,roomy,True,,
lidadepril,True,grammar,1,62.59,59.49,moderate,-4.49,10.51,lidoderm,0.6397,4,,SIMILARITY_MODERATE,,lidadepril,0.0,0.733,0.924,1.0,1.0,0.998,0.0,ACE inhibitor,generic,-pril,roomy,False,,
pixopril,True,grammar,1,65.46,61.64,moderate,-6.64,8.36,nexobrid,0.627,3,,SIMILARITY_MODERATE,,pixopril,0.0,1.0,0.899,1.0,1.0,0.787,0.0,ACE inhibitor,generic,-pril,roomy,True,,
hecrapril,True,grammar,1,63.77,62.47,moderate,-7.47,7.53,capryl,0.6363,3,,SIMILARITY_MODERATE,,hecrapril,0.0,1.0,0.728,1.0,1.0,0.858,0.0,ACE inhibitor,generic,-pril,roomy,True,,
trapril,False,ngram_guided,1,61.06,74.96,high,-19.96,-4.96,trapidil,0.8328,2,SIMILARITY_TOO_HIGH,,,trapril,0.0,1.0,0.673,1.0,1.0,0.466,0.283,ACE inhibitor,generic,-pril,roomy,False,,
testpril,False,ngram_guided,1,51.77,79.08,high,-24.08,-9.08,zestril,0.5144,2,SIMILARITY_TOO_HIGH|TRADEMARK_HIT,,,testpril,0.0,0.6,0.519,0.65,1.0,0.568,0.711,ACE inhibitor,generic,-pril,roomy,False,,
neparvopril,True,ngram_guided,1,52.6,66.59,moderate,-11.59,3.41,neparvovec,0.6517,4,,SIMILARITY_MODERATE,,neparvopril,0.0,0.15,0.9,1.0,1.0,0.952,0.354,ACE inhibitor,generic,-pril,roomy,False,,
sotpril,True,ngram_guided,1,65.23,65.92,moderate,-10.92,4.08,sabril,0.6025,2,,SIMILARITY_MODERATE,,sotpril,0.0,1.0,0.737,1.0,1.0,0.466,0.75,ACE inhibitor,generic,-pril,roomy,True,,
zuralapril,False,ngram_guided,1,58.58,63.22,moderate,-8.22,6.78,enalaprilat,0.6446,4,TRADEMARK_HIT,SIMILARITY_MODERATE,,zuralapril,0.0,0.517,0.924,1.0,1.0,0.998,0.046,ACE inhibitor,generic,-pril,roomy,False,,
bacapril,False,ngram_guided,1,62.21,76.17,high,-21.17,-6.17,dcapryl,0.8026,3,SIMILARITY_TOO_HIGH|TRADEMARK_HIT,,,bacapril,0.0,0.6,0.899,1.0,1.0,0.787,0.678,ACE inhibitor,generic,-pril,roomy,False,,
ibupril,False,ngram_guided,1,68.77,77.16,high,-22.16,-7.16,isuprel,0.6501,3,SIMILARITY_TOO_HIGH|TRADEMARK_HIT,,,ibupril,0.0,1.0,0.899,1.0,1.0,0.685,0.618,ACE inhibitor,generic,-pril,roomy,False,,
ensaribopril,True,ngram_guided,1,62.27,61.12,moderate,-6.12,8.88,riboprine,0.6696,5,,SIMILARITY_MODERATE,,ensaribopril,0.0,0.6,0.915,1.0,1.0,0.731,0.736,ACE inhibitor,generic,-pril,roomy,False,,
imexpril,False,ngram_guided,1,55.14,65.96,moderate,-10.96,4.04,moexiprilat,0.5359,3,INTRA_STEM_TOO_CLOSE|TRADEMARK_HIT,SIMILARITY_MODERATE,,imexpril,0.0,0.6,0.72,1.0,1.0,0.787,0.026,ACE inhibitor,generic,-pril,roomy,False,,
ramilopril,False,ngram_guided,1,55.88,71.67,high,-16.67,-1.67,ramipril,0.7587,4,SIMILARITY_TOO_HIGH|INTRA_STEM_TOO_CLOSE|TRADEMARK_HIT,,,ramilopril,0.0,0.517,0.924,1.0,0.53,0.998,0.735,ACE inhibitor,generic,-pril,roomy,False,,
odropril,True,ngram_guided,1,56.22,65.09,moderate,-10.09,4.91,proprinal,0.7222,3,,SIMILARITY_MODERATE,,odropril,0.0,0.6,0.728,1.0,1.0,0.787,0.165,ACE inhibitor,generic,-pril,roomy,False,,
gefibrikpril,True,ngram_guided,1,55.63,59.7,moderate,-4.7,10.3,gemfibrozil,0.604,4,,SIMILARITY_MODERATE,,gefibrikpril,0.0,0.6,0.692,1.0,1.0,0.862,0.046,ACE inhibitor,generic,-pril,roomy,False,,
degapril,False,ngram_guided,1,60.49,75.08,high,-20.08,-5.08,dicapryl,0.6613,3,SIMILARITY_TOO_HIGH|TRADEMARK_HIT,,,degapril,0.0,0.6,0.899,1.0,1.0,0.787,0.432,ACE inhibitor,generic,-pril,roomy,False,,
nilvapril,False,ngram_guided,1,58.18,68.29,moderate,-13.29,1.71,anisacril,0.643,3,INTRA_STEM_TOO_CLOSE|TRADEMARK_HIT,SIMILARITY_MODERATE,,nilvapril,0.0,0.45,0.874,1.0,1.0,0.858,0.48,ACE inhibitor,generic,-pril,roomy,False,,
lidotpril,False,ngram_guided,1,54.33,75.37,high,-20.37,-5.37,lidotral,0.6048,3,SIMILARITY_TOO_HIGH|TRADEMARK_HIT,,,lidotpril,0.0,0.45,0.788,1.0,1.0,0.858,0.103,ACE inhibitor,generic,-pril,roomy,False,,
propril,False,ngram_guided,1,60.43,77.19,high,-22.19,-7.19,propyl,0.9218,2,SIMILARITY_TOO_HIGH|TRADEMARK_HIT,,,propril,0.0,1.0,0.673,1.0,1.0,0.466,0.194,ACE inhibitor,generic,-pril,roomy,False,,
panilopril,True,ngram_guided,1,69.58,63.89,moderate,-8.89,6.11,anisacril,0.7607,4,,SIMILARITY_MODERATE,,panilopril,0.0,0.733,0.924,1.0,1.0,0.998,0.999,ACE inhibitor,generic,-pril,roomy,True,,
josampipril,True,ngram_guided,1,59.21,59.06,moderate,-4.06,10.94,ramiprilat,0.6701,4,,SIMILARITY_MODERATE,,josampipril,0.0,0.564,0.9,1.0,1.0,0.952,0.114,ACE inhibitor,generic,-pril,roomy,False,,
temapril,False,ngram_guided,1,61.27,84.73,high,-29.73,-14.73,temaril,0.6743,3,SIMILARITY_TOO_HIGH|TRADEMARK_HIT,,,temapril,0.0,0.6,0.899,1.0,1.0,0.787,0.543,ACE inhibitor,generic,-pril,roomy,False,,
pralmepril,False,ngram_guided,1,57.46,66.13,moderate,-11.13,3.87,palmeri,0.7211,3,TRADEMARK_HIT,SIMILARITY_MODERATE,,pralmepril,0.0,0.517,0.704,1.0,1.0,0.873,0.506,ACE inhibitor,generic,-pril,roomy,False,,
fluocinapril,True,ngram_guided,1,41.98,63.74,moderate,-8.74,6.26,fluocinonide,0.8234,5,,SIMILARITY_MODERATE,,fluocinapril,0.0,0.2,0.809,1.0,0.53,0.731,0.266,ACE inhibitor,generic,-pril,roomy,False,,
tovobinepril,True,ngram_guided,1,61.74,61.6,moderate,-6.6,8.4,fosinoprilat,0.6446,5,,SIMILARITY_MODERATE,,tovobinepril,0.0,0.6,0.94,1.0,1.0,0.731,0.611,ACE inhibitor,generic,-pril,roomy,False,,
palomiplpril,True,ngram_guided,1,54.24,56.58,moderate,-1.58,13.42,palmidrol,0.5332,4,,SIMILARITY_MODERATE,,palomiplpril,0.0,0.6,0.67,0.65,1.0,0.862,0.341,ACE inhibitor,generic,-pril,roomy,False,,
ozanitapril,True,ngram_guided,1,59.78,69.18,moderate,-14.18,0.82,anisacril,0.6999,5,,SIMILARITY_MODERATE,,ozanitapril,0.0,0.564,0.94,1.0,1.0,0.821,0.305,ACE inhibitor,generic,-pril,roomy,False,,
icupril,False,ngram_guided+refined,1,64.44,74.64,high,-19.64,-4.64,cupric,0.6478,3,SIMILARITY_TOO_HIGH|TRADEMARK_HIT,,ibupril,ibupril -> icupril,0.0,1.0,0.899,1.0,1.0,0.685,0.0,ACE inhibitor,generic,-pril,roomy,False,,
icopril,False,ngram_guided+refined,1,64.44,74.64,high,-19.64,-4.64,xcopri,0.6659,3,SIMILARITY_TOO_HIGH|TRADEMARK_HIT,,ibupril,ibupril -> icupril -> icopril,0.0,1.0,0.899,1.0,1.0,0.685,0.0,ACE inhibitor,generic,-pril,roomy,False,,
acopril,False,ngram_guided+refined,1,64.52,74.64,high,-19.64,-4.64,xcopri,0.7432,3,SIMILARITY_TOO_HIGH|TRADEMARK_HIT,,ibupril,ibupril -> icupril -> icopril -> acopril,0.0,1.0,0.899,1.0,1.0,0.685,0.012,ACE inhibitor,generic,-pril,roomy,False,,
bopiipril,False,grammar+refined,1,61.38,62.88,moderate,-7.88,7.12,moexiprilat,0.6013,4,TRADEMARK_HIT,SIMILARITY_MODERATE,bapiipril,bapiipril -> bopiipril,0.0,0.68,0.924,1.0,1.0,0.983,0.001,ACE inhibitor,generic,-pril,roomy,False,,
bopaipril,True,grammar+refined,1,59.77,64.31,moderate,-9.31,5.69,baytril,0.6081,3,,SIMILARITY_MODERATE,bapiipril,bapiipril -> bopiipril -> bopaipril,0.0,0.68,0.899,1.0,1.0,0.858,0.0,ACE inhibitor,generic,-pril,roomy,False,,
oxaapril,False,grammar+refined,1,67.09,73.92,high,-18.92,-3.92,exaprin,0.6069,4,SIMILARITY_TOO_HIGH|TRADEMARK_HIT,,axaapril,axaapril -> oxaapril,0.0,1.0,0.924,1.0,1.0,0.912,0.003,ACE inhibitor,generic,-pril,roomy,False,,
oxoapril,True,grammar+refined,1,59.06,67.74,moderate,-12.74,2.26,exaprin,0.6083,4,,SIMILARITY_MODERATE,axaapril,axaapril -> oxaapril -> oxoapril,0.0,0.6,0.924,1.0,1.0,0.912,0.0,ACE inhibitor,generic,-pril,roomy,False,,
sornopril,False,grammar+refined,1,59.47,65.49,moderate,-10.49,4.51,fosinoprilat,0.6834,3,INTRA_STEM_TOO_CLOSE|TRADEMARK_HIT,SIMILARITY_MODERATE,sirnopril,sirnopril -> sornopril,0.0,0.68,0.874,1.0,1.0,0.858,0.007,ACE inhibitor,generic,-pril,roomy,False,,
sorjopril,True,grammar+refined,1,65.83,57.83,moderate,-2.83,12.17,fosinoprilat,0.6098,3,,SIMILARITY_MODERATE,sirnopril,sirnopril -> sornopril -> sorjopril,0.0,1.0,0.874,1.0,1.0,0.858,0.001,ACE inhibitor,generic,-pril,roomy,True,,
malopril,False,grammar+refined,1,57.49,75.43,high,-20.43,-5.43,aloprim,0.7635,3,SIMILARITY_TOO_HIGH|INTRA_STEM_TOO_CLOSE|TRADEMARK_HIT,,maxopril,maxopril -> malopril,0.0,0.6,0.899,1.0,1.0,0.787,0.003,ACE inhibitor,generic,-pril,roomy,False,,
milopril,True,grammar+refined,1,63.7,69.62,moderate,-14.62,0.38,zyloprim,0.7103,3,,SIMILARITY_MODERATE,maxopril,maxopril -> malopril -> milopril,0.0,0.6,0.899,1.0,1.0,0.787,0.891,ACE inhibitor,generic,-pril,roomy,False,,
bajamepril,False,grammar+refined,1,67.92,58.94,moderate,-3.94,11.06,ramiprilat,0.6196,4,TRADEMARK_HIT,SIMILARITY_MODERATE,basamepril,basamepril -> bajamepril,0.0,1.0,0.924,1.0,1.0,0.998,0.0,ACE inhibitor,generic,-pril,roomy,False,,
bahamepril,True,grammar+refined,1,62.59,58.33,moderate,-3.33,11.67,baytril,0.6192,4,,SIMILARITY_MODERATE,basamepril,basamepril -> bajamepril -> bahamepril,0.0,0.733,0.924,1.0,1.0,0.998,0.0,ACE inhibitor,generic,-pril,roomy,False,,
emjavapril,False,grammar+refined,1,62.26,63.95,moderate,-8.95,6.05,enalaprilat,0.609,4,TRADEMARK_HIT,SIMILARITY_MODERATE,emlavapril,emlavapril -> emjavapril,0.0,0.733,0.9,1.0,1.0,0.998,0.003,ACE inhibitor,generic,-pril,roomy,False,,
empavapril,False,grammar+refined,1,58.01,63.77,moderate,-8.77,6.23,enalaprilat,0.6444,4,TRADEMARK_HIT,SIMILARITY_MODERATE,emlavapril,emlavapril -> emjavapril -> empavapril,0.0,0.517,0.9,1.0,1.0,0.998,0.015,ACE inhibitor,generic,-pril,roomy,False,,
emtavapril,False,grammar+refined,1,62.32,63.77,moderate,-8.77,6.23,enalaprilat,0.6218,4,TRADEMARK_HIT,SIMILARITY_MODERATE,emlavapril,emlavapril -> emjavapril -> empavapril -> emtavapril,0.0,0.733,0.9,1.0,1.0,0.998,0.012,ACE inhibitor,generic,-pril,roomy,False,,
pacapril,False,ngram_guided+refined,1,58.05,73.81,high,-18.81,-3.81,dcapryl,0.7392,3,SIMILARITY_TOO_HIGH|TRADEMARK_HIT,,bacapril,bacapril -> pacapril,0.0,0.6,0.899,1.0,1.0,0.787,0.083,ACE inhibitor,generic,-pril,roomy,False,,
pacipril,False,ngram_guided+refined,1,60.3,68.51,moderate,-13.51,1.49,gabitril,0.6836,3,TRADEMARK_HIT,SIMILARITY_MODERATE,bacapril,bacapril -> pacapril -> pacipril,0.0,0.6,0.899,1.0,1.0,0.787,0.405,ACE inhibitor,generic,-pril,roomy,False,,
pucipril,True,ngram_guided+refined,1,65.46,61.33,moderate,-6.33,8.67,uniprim,0.6308,3,,SIMILARITY_MODERATE,bacapril,bacapril -> pacapril -> pacipril -> pucipril,0.0,1.0,0.899,1.0,1.0,0.787,0.0,ACE inhibitor,generic,-pril,roomy,True,,
maxosartan,False,grammar,1,68.99,63.37,moderate,-8.37,6.63,losortan,0.6741,4,TRADEMARK_HIT,SIMILARITY_MODERATE,,maxosartan,0.0,1.0,1.0,1.0,1.0,0.998,0.001,angiotensin II receptor antagonist,generic,-sartan,roomy,False,,
tatusartan,False,grammar,1,60.99,62.1,moderate,-7.1,7.9,prexxartan,0.7255,4,TRADEMARK_HIT,SIMILARITY_MODERATE,,tatusartan,0.0,0.6,1.0,1.0,1.0,0.998,0.001,angiotensin II receptor antagonist,generic,-sartan,roomy,False,,
purzeprusartan,True,grammar,1,58.1,60.24,moderate,-5.24,9.76,prexxartan,0.6694,5,,SIMILARITY_MODERATE,,purzeprusartan,0.0,0.8,0.845,1.0,1.0,0.527,0.0,angiotensin II receptor antagonist,generic,-sartan,roomy,False,,
ebosartan,False,grammar,1,68.83,70.94,high,-15.94,-0.94,losortan,0.6617,4,SIMILARITY_TOO_HIGH|INTRA_STEM_TOO_CLOSE|TRADEMARK_HIT,,,ebosartan,0.0,1.0,1.0,1.0,1.0,0.983,0.0,angiotensin II receptor antagonist,generic,-sartan,roomy,False,,
cyxonosartan,True,grammar,1,64.76,55.16,moderate,-0.16,14.84,conivaptan,0.6181,5,,SIMILARITY_MODERATE,,cyxonosartan,0.0,1.0,0.889,1.0,1.0,0.731,0.001,angiotensin II receptor antagonist,generic,-sartan,roomy,True,,
mulosartan,False,grammar,1,61.07,75.75,high,-20.75,-5.75,losortan,0.7535,4,SIMILARITY_TOO_HIGH|INTRA_STEM_TOO_CLOSE|TRADEMARK_HIT,,,mulosartan,0.0,0.6,1.0,1.0,1.0,0.998,0.013,angiotensin II receptor antagonist,generic,-sartan,roomy,False,,
vilosartan,False,grammar,1,67.97,75.75,high,-20.75,-5.75,losortan,0.7314,4,SIMILARITY_TOO_HIGH|INTRA_STEM_TOO_CLOSE|TRADEMARK_HIT,,,vilosartan,0.0,0.6,1.0,1.0,1.0,0.998,0.999,angiotensin II receptor antagonist,generic,-sartan,roomy,False,,
larrasartan,True,grammar,1,61.8,62.47,moderate,-7.47,7.53,prexxartan,0.6671,4,,SIMILARITY_MODERATE,,larrasartan,0.0,0.68,0.975,1.0,1.0,0.952,0.003,angiotensin II receptor antagonist,generic,-sartan,roomy,False,,
coneclesartan,False,grammar,1,58.84,55.79,moderate,-0.79,14.21,olmesartran,0.6974,5,TRADEMARK_HIT,SIMILARITY_MODERATE,,coneclesartan,0.0,0.771,0.869,1.0,1.0,0.624,0.0,angiotensin II receptor antagonist,generic,-sartan,roomy,False,,
tocesartan,False,grammar,1,65.25,63.13,moderate,-8.13,6.87,prexxartan,0.6558,4,INTRA_STEM_TOO_CLOSE|TRADEMARK_HIT,SIMILARITY_MODERATE,,tocesartan,0.0,0.6,1.0,1.0,1.0,0.998,0.611,angiotensin II receptor antagonist,generic,-sartan,roomy,False,,
gidisartan,False,grammar,1,68.98,59.56,moderate,-4.56,10.44,gigartina,0.6446,4,TRADEMARK_HIT,SIMILARITY_MODERATE,,gidisartan,0.0,1.0,1.0,1.0,1.0,0.998,0.0,angiotensin II receptor antagonist,generic,-sartan,roomy,False,,
samisartan,False,grammar,1,64.17,73.46,high,-18.46,-3.46,samidorphan,0.7446,4,SIMILARITY_TOO_HIGH|INTRA_STEM_TOO_CLOSE|TRADEMARK_HIT,,,samisartan,0.0,0.6,1.0,1.0,1.0,0.998,0.456,angiotensin II receptor antagonist,generic,-sartan,roomy,False,,
intucasartan,True,grammar,1,61.05,55.21,moderate,-0.21,14.79,instacort,0.6235,5,,SIMILARITY_MODERATE,,intucasartan,0.0,0.733,0.975,1.0,1.0,0.731,0.06,angiotensin II receptor antagonist,generic,-sartan,roomy,False,,
nerfesartan,False,grammar,1,61.79,62.21,moderate,-7.21,7.79,prexxartan,0.6341,4,INTRA_STEM_TOO_CLOSE|TRADEMARK_HIT,SIMILARITY_MODERATE,,nerfesartan,0.0,0.68,0.975,1.0,1.0,0.952,0.001,angiotensin II receptor antagonist,generic,-sartan,roomy,False,,
sirnosartan,False,grammar,1,68.18,61.83,moderate,-6.83,8.17,losortan,0.6159,4,INTRA_STEM_TOO_CLOSE|TRADEMARK_HIT,SIMILARITY_MODERATE,,sirnosartan,0.0,1.0,0.975,1.0,1.0,0.952,0.0,angiotensin II receptor antagonist,generic,-sartan,roomy,False,,
zitrusartan,True,grammar,1,60.08,61.33,moderate,-6.33,8.67,prexxartan,0.6353,4,,SIMILARITY_MODERATE,,zitrusartan,0.0,0.68,0.854,1.0,1.0,0.952,0.0,angiotensin II receptor antagonist,generic,-sartan,roomy,False,,
noresartan,False,grammar,1,61.01,70.56,high,-15.56,-0.56,prexxartan,0.6732,4,SIMILARITY_TOO_HIGH|TRADEMARK_HIT,,,noresartan,0.0,0.6,1.0,1.0,1.0,0.998,0.004,angiotensin II receptor antagonist,generic,-sartan,roomy,False,,
semnisartan,False,grammar,1,63.14,60.23,moderate,-5.23,9.77,olmesartran,0.6518,4,INTRA_STEM_TOO_CLOSE|TRADEMARK_HIT,SIMILARITY_MODERATE,,semnisartan,0.0,0.68,0.975,1.0,1.0,0.952,0.195,angiotensin II receptor antagonist,generic,-sartan,roomy,False,,
bapiisartan,True,grammar,1,67.21,64.52,moderate,-9.52,5.48,bafiertam,0.6111,5,,SIMILARITY_MODERATE,,bapiisartan,0.0,1.0,1.0,1.0,1.0,0.821,0.0,angiotensin II receptor antagonist,generic,-sartan,roomy,True,,
kilfisartan,False,grammar,1,61.78,60.07,moderate,-5.07,9.93,olmesartran,0.6048,4,INTRA_STEM_TOO_CLOSE|TRADEMARK_HIT,SIMILARITY_MODERATE,,kilfisartan,0.0,0.68,0.975,1.0,1.0,0.952,0.0,angiotensin II receptor antagonist,generic,-sartan,roomy,False,,
ixosartan,False,grammar,1,68.83,69.31,moderate,-14.31,0.69,losortan,0.6362,4,INTRA_STEM_TOO_CLOSE|TRADEMARK_HIT,SIMILARITY_MODERATE,,ixosartan,0.0,1.0,1.0,1.0,1.0,0.983,0.0,angiotensin II receptor antagonist,generic,-sartan,roomy,False,,
lidadesartan,False,grammar,1,60.98,57.51,moderate,-2.51,12.49,olmesartran,0.684,5,TRADEMARK_HIT,SIMILARITY_MODERATE,,lidadesartan,0.0,0.733,1.0,1.0,1.0,0.731,0.0,angiotensin II receptor antagonist,generic,-sartan,roomy,False,,
pixosartan,False,grammar,1,68.98,67.59,moderate,-12.59,2.41,prexxartan,0.6396,4,TRADEMARK_HIT,SIMILARITY_MODERATE,,pixosartan,0.0,1.0,1.0,1.0,1.0,0.998,0.0,angiotensin II receptor antagonist,generic,-sartan,roomy,False,,
hecrasartan,False,grammar,1,66.48,61.71,moderate,-6.71,8.29,prexxartan,0.6359,4,INTRA_STEM_TOO_CLOSE,SIMILARITY_MODERATE,,hecrasartan,0.0,1.0,0.854,1.0,1.0,0.952,0.0,angiotensin II receptor antagonist,generic,-sartan,roomy,False,,
trasartan,False,ngram_guided,1,67.17,76.37,high,-21.37,-6.37,travatan,0.7788,3,SIMILARITY_TOO_HIGH|INTRA_STEM_TOO_CLOSE|TRADEMARK_HIT,,,trasartan,0.0,1.0,0.829,1.0,1.0,0.858,0.283,angiotensin II receptor antagonist,generic,-sartan,roomy,False,,
testsartan,False,ngram_guided,1,61.74,65.54,moderate,-10.54,4.46,prexxartan,0.6117,3,TRADEMARK_HIT,SIMILARITY_MODERATE,,testsartan,0.0,0.6,0.788,1.0,1.0,0.873,0.711,angiotensin II receptor antagonist,generic,-sartan,roomy,False,,
neparvosartan,False,ngram_guided,1,50.37,61.8,moderate,-6.8,8.2,neparvovec,0.6856,5,INTRA_STEM_TOO_CLOSE,SIMILARITY_MODERATE,,neparvosartan,0.0,0.15,0.975,1.0,1.0,0.624,0.354,angiotensin II receptor antagonist,generic,-sartan,roomy,False,,
sotsartan,False,ngram_guided,1,72.48,64.66,moderate,-9.66,5.34,losortan,0.6144,3,TRADEMARK_HIT,SIMILARITY_MODERATE,,sotsartan,0.0,1.0,0.975,1.0,1.0,0.858,0.75,angiotensin II receptor antagonist,generic,-sartan,roomy,False,,
zuralasartan,False,ngram_guided,1,56.96,57.47,moderate,-2.47,12.53,losortan,0.6454,5,TRADEMARK_HIT,SIMILARITY_MODERATE,,zuralasartan,0.0,0.517,1.0,1.0,1.0,0.731,0.046,angiotensin II receptor antagonist,generic,-sartan,roomy,False,,
bacasartan,False,ngram_guided,1,65.73,63.17,moderate,-8.17,6.83,prexxartan,0.7033,4,TRADEMARK_HIT,SIMILARITY_MODERATE,,bacasartan,0.0,0.6,1.0,1.0,1.0,0.998,0.678,angiotensin II receptor antagonist,generic,-sartan,roomy,False,,
ibusartan,False,ngram_guided,1,73.15,62.29,moderate,-7.29,7.71,losortan,0.6345,4,INTRA_STEM_TOO_CLOSE|TRADEMARK_HIT,SIMILARITY_MODERATE,,ibusartan,0.0,1.0,1.0,1.0,1.0,0.983,0.618,angiotensin II receptor antagonist,generic,-sartan,roomy,False,,
ensaribosartan,True,ngram_guided,1,59.73,54.13,low,0.87,15.87,prexxartan,0.6839,6,,,,ensaribosartan,0.035,0.6,0.975,1.0,1.0,0.309,0.736,angiotensin II receptor antagonist,generic,-sartan,roomy,False,,
imexsartan,False,ngram_guided,1,59.75,75.05,high,-20.05,-5.05,prexxartan,0.6491,4,SIMILARITY_TOO_HIGH|INTRA_STEM_TOO_CLOSE|TRADEMARK_HIT,,,imexsartan,0.0,0.6,0.9,1.0,1.0,0.998,0.026,angiotensin II receptor antagonist,generic,-sartan,roomy,False,,
ramilosartan,False,ngram_guided,1,54.27,65.95,moderate,-10.95,4.05,losortan,0.7694,5,INTRA_STEM_TOO_CLOSE|TRADEMARK_HIT,SIMILARITY_MODERATE,,ramilosartan,0.0,0.517,1.0,1.0,0.53,0.731,0.735,angiotensin II receptor antagonist,generic,-sartan,roomy,False,,
odrosartan,False,ngram_guided,1,60.09,67.37,moderate,-12.37,2.63,losortan,0.7039,4,INTRA_STEM_TOO_CLOSE|TRADEMARK_HIT,SIMILARITY_MODERATE,,odrosartan,0.0,0.6,0.854,1.0,1.0,0.998,0.165,angiotensin II receptor antagonist,generic,-sartan,roomy,False,,
gefibriksartan,True,ngram_guided,1,54.42,60.81,moderate,-5.81,9.19,prexxartan,0.6079,5,,SIMILARITY_MODERATE,,gefibriksartan,0.0,0.6,0.845,1.0,1.0,0.527,0.046,angiotensin II receptor antagonist,generic,-sartan,roomy,False,,
degasartan,False,ngram_guided,1,64.0,65.1,moderate,-10.1,4.9,prexxartan,0.6739,4,TRADEMARK_HIT,SIMILARITY_MODERATE,,degasartan,0.0,0.6,1.0,1.0,1.0,0.998,0.432,angiotensin II receptor antagonist,generic,-sartan,roomy,False,,
nilvasartan,False,ngram_guided,1,60.54,61.71,moderate,-6.71,8.29,olmesartran,0.6498,4,TRADEMARK_HIT,SIMILARITY_MODERATE,,nilvasartan,0.0,0.45,0.975,1.0,1.0,0.952,0.48,angiotensin II receptor antagonist,generic,-sartan,roomy,False,,
lidotsartan,True,ngram_guided,1,57.9,67.94,moderate,-12.94,2.06,lidotran,0.6203,4,,SIMILARITY_MODERATE,,lidotsartan,0.0,0.45,0.975,1.0,1.0,0.952,0.103,angiotensin II receptor antagonist,generic,-sartan,roomy,False,,
prosartan,False,ngram_guided,1,66.54,81.36,high,-26.36,-11.36,eprosartan,0.8662,3,SIMILARITY_TOO_HIGH|INTRA_STEM_TOO_CLOSE|TRADEMARK_HIT,,,prosartan,0.0,1.0,0.829,1.0,1.0,0.858,0.194,angiotensin II receptor antagonist,generic,-sartan,roomy,False,,
panilosartan,False,ngram_guided,1,67.97,65.95,moderate,-10.95,4.05,losortan,0.7709,5,INTRA_STEM_TOO_CLOSE|TRADEMARK_HIT,SIMILARITY_MODERATE,,panilosartan,0.0,0.733,1.0,1.0,1.0,0.731,0.999,angiotensin II receptor antagonist,generic,-sartan,roomy,False,,
josampisartan,True,ngram_guided,1,56.98,56.56,moderate,-1.56,13.44,samidorphan,0.6476,5,,SIMILARITY_MODERATE,,josampisartan,0.0,0.564,0.975,1.0,1.0,0.624,0.114,angiotensin II receptor antagonist,generic,-sartan,roomy,False,,
temasartan,False,ngram_guided,1,64.78,66.62,moderate,-11.62,3.38,dermasarra,0.6739,4,INTRA_STEM_TOO_CLOSE|TRADEMARK_HIT,SIMILARITY_MODERATE,,temasartan,0.0,0.6,1.0,1.0,1.0,0.998,0.543,angiotensin II receptor antagonist,generic,-sartan,roomy,False,,
pralmesartan,False,ngram_guided,1,59.11,72.48,high,-17.48,-2.48,olmesartran,0.708,4,SIMILARITY_TOO_HIGH|INTRA_STEM_TOO_CLOSE|TRADEMARK_HIT,,,pralmesartan,0.0,0.517,0.83,1.0,1.0,0.862,0.506,angiotensin II receptor antagonist,generic,-sartan,roomy,False,,
fluocinasartan,True,ngram_guided,1,38.75,62.41,moderate,-7.41,7.59,lucinactant,0.7621,6,,SIMILARITY_MODERATE,,fluocinasartan,0.0,0.2,0.879,1.0,0.53,0.309,0.266,angiotensin II receptor antagonist,generic,-sartan,roomy,False,,
tovobinesartan,True,ngram_guided,1,58.37,56.5,moderate,-1.5,13.5,volanesorsen,0.6603,6,,SIMILARITY_MODERATE,,tovobinesartan,0.0,0.6,1.0,1.0,1.0,0.309,0.611,angiotensin II receptor antagonist,generic,-sartan,roomy,False,,
palomiplsartan,True,ngram_guided,1,57.23,53.99,low,1.01,16.01,olmesartran,0.633,5,,,,palomiplsartan,0.04,0.6,0.828,1.0,1.0,0.527,0.341,angiotensin II receptor antagonist,generic,-sartan,roomy,False,,
ozanitasartan,True,ngram_guided,1,56.48,60.19,moderate,-5.19,9.81,zanidatamab,0.6833,6,,SIMILARITY_MODERATE,,ozanitasartan,0.0,0.564,1.0,1.0,1.0,0.406,0.305,angiotensin II receptor antagonist,generic,-sartan,roomy,False,,
icusartan,False,ngram_guided+refined,1,68.83,62.86,moderate,-7.86,7.14,prexxartan,0.6615,4,TRADEMARK_HIT,SIMILARITY_MODERATE,ibusartan,ibusartan -> icusartan,0.0,1.0,1.0,1.0,1.0,0.983,0.0,angiotensin II receptor antagonist,generic,-sartan,roomy,False,,
ikusartan,False,ngram_guided+refined,1,68.83,62.86,moderate,-7.86,7.14,prexxartan,0.6052,4,TRADEMARK_HIT,SIMILARITY_MODERATE,ibusartan,ibusartan -> icusartan -> ikusartan,0.0,1.0,1.0,1.0,1.0,0.983,0.0,angiotensin II receptor antagonist,generic,-sartan,roomy,False,,
igusartan,False,ngram_guided+refined,1,68.83,62.29,moderate,-7.29,7.71,losortan,0.621,4,TRADEMARK_HIT,SIMILARITY_MODERATE,ibusartan,ibusartan -> icusartan -> ikusartan -> igusartan,0.0,1.0,1.0,1.0,1.0,0.983,0.0,angiotensin II receptor antagonist,generic,-sartan,roomy,False,,
satsartan,False,ngram_guided+refined,1,67.31,63.12,moderate,-8.12,6.88,prexxartan,0.6111,3,INTRA_STEM_TOO_CLOSE|TRADEMARK_HIT,SIMILARITY_MODERATE,sotsartan,sotsartan -> satsartan,0.0,1.0,0.975,1.0,1.0,0.858,0.011,angiotensin II receptor antagonist,generic,-sartan,roomy,False,,
marosartan,False,grammar+refined,1,66.96,69.09,moderate,-14.09,0.91,macrocarpon,0.7595,4,INTRA_STEM_TOO_CLOSE|TRADEMARK_HIT,SIMILARITY_MODERATE,maxosartan,maxosartan -> marosartan,0.0,0.6,1.0,1.0,1.0,0.998,0.855,angiotensin II receptor antagonist,generic,-sartan,roomy,False,,
mirosartan,False,grammar+refined,1,64.92,67.37,moderate,-12.37,2.63,losortan,0.6991,4,INTRA_STEM_TOO_CLOSE|TRADEMARK_HIT,SIMILARITY_MODERATE,maxosartan,maxosartan -> marosartan -> mirosartan,0.0,0.6,1.0,1.0,1.0,0.998,0.564,angiotensin II receptor antagonist,generic,-sartan,roomy,False,,
milosartan,False,grammar+refined,1,67.22,75.75,high,-20.75,-5.75,losortan,0.7293,4,SIMILARITY_TOO_HIGH|INTRA_STEM_TOO_CLOSE|TRADEMARK_HIT,,maxosartan,maxosartan -> marosartan -> mirosartan -> milosartan,0.0,0.6,1.0,1.0,1.0,0.998,0.891,angiotensin II receptor antagonist,generic,-sartan,roomy,False,,
godisartan,False,grammar+refined,1,60.99,60.27,moderate,-5.27,9.73,losortan,0.6698,4,TRADEMARK_HIT,SIMILARITY_MODERATE,gidisartan,gidisartan -> godisartan,0.0,0.6,1.0,1.0,1.0,0.998,0.001,angiotensin II receptor antagonist,generic,-sartan,roomy,False,,
gadisartan,False,grammar+refined,1,68.99,61.85,moderate,-6.85,8.15,gamastan,0.7264,4,INTRA_STEM_TOO_CLOSE|TRADEMARK_HIT,SIMILARITY_MODERATE,gidisartan,gidisartan -> godisartan -> gadisartan,0.0,1.0,1.0,1.0,1.0,0.998,0.001,angiotensin II receptor antagonist,generic,-sartan,roomy,False,,
gudisartan,False,grammar+refined,1,68.98,57.76,moderate,-2.76,12.24,bistorta,0.627,4,TRADEMARK_HIT,SIMILARITY_MODERATE,gidisartan,gidisartan -> godisartan -> gadisartan -> gudisartan,0.0,1.0,1.0,1.0,1.0,0.998,0.0,angiotensin II receptor antagonist,generic,-sartan,roomy,False,,
paxosartan,False,grammar+refined,1,61.0,67.59,moderate,-12.59,2.41,prexxartan,0.673,4,TRADEMARK_HIT,SIMILARITY_MODERATE,pixosartan,pixosartan -> paxosartan,0.0,0.6,1.0,1.0,1.0,0.998,0.003,angiotensin II receptor antagonist,generic,-sartan,roomy,False,,
pexosartan,False,grammar+refined,1,61.82,73.37,high,-18.37,-3.37,prexxartan,0.6667,4,SIMILARITY_TOO_HIGH|INTRA_STEM_TOO_CLOSE|TRADEMARK_HIT,,pixosartan,pixosartan -> paxosartan -> pexosartan,0.0,0.6,1.0,1.0,1.0,0.998,0.12,angiotensin II receptor antagonist,generic,-sartan,roomy,False,,
gexosartan,False,grammar+refined,1,69.0,68.01,moderate,-13.01,1.99,prexxartan,0.6144,4,INTRA_STEM_TOO_CLOSE|TRADEMARK_HIT,SIMILARITY_MODERATE,pixosartan,pixosartan -> paxosartan -> pexosartan -> gexosartan,0.0,1.0,1.0,1.0,1.0,0.998,0.003,angiotensin II receptor antagonist,generic,-sartan,roomy,False,,
evosartan,False,grammar+refined,1,69.08,73.36,high,-18.36,-3.36,losortan,0.7036,4,SIMILARITY_TOO_HIGH|INTRA_STEM_TOO_CLOSE|TRADEMARK_HIT,,ebosartan,ebosartan -> evosartan,0.0,1.0,1.0,1.0,1.0,0.983,0.036,angiotensin II receptor antagonist,generic,-sartan,roomy,False,,
avosartan,False,grammar+refined,1,68.83,73.36,high,-18.36,-3.36,losortan,0.7121,4,SIMILARITY_TOO_HIGH|INTRA_STEM_TOO_CLOSE|TRADEMARK_HIT,,ebosartan,ebosartan -> evosartan -> avosartan,0.0,1.0,1.0,1.0,1.0,0.983,0.001,angiotensin II receptor antagonist,generic,-sartan,roomy,False,,
avisartan,False,grammar+refined,1,70.84,68.29,moderate,-13.29,1.71,vitaran,0.7135,4,INTRA_STEM_TOO_CLOSE|TRADEMARK_HIT,SIMILARITY_MODERATE,ebosartan,ebosartan -> evosartan -> avosartan -> avisartan,0.0,1.0,1.0,1.0,1.0,0.983,0.288,angiotensin II receptor antagonist,generic,-sartan,roomy,False,,
ivosartan,False,grammar+refined,1,68.92,73.36,high,-18.36,-3.36,losortan,0.6489,4,SIMILARITY_TOO_HIGH|INTRA_STEM_TOO_CLOSE|TRADEMARK_HIT,,ixosartan,ixosartan -> ivosartan,0.0,1.0,1.0,1.0,1.0,0.983,0.013,angiotensin II receptor antagonist,generic,-sartan,roomy,False,,
ivisartan,False,grammar+refined,1,68.88,68.29,moderate,-13.29,1.71,vitaran,0.6447,4,INTRA_STEM_TOO_CLOSE|TRADEMARK_HIT,SIMILARITY_MODERATE,ixosartan,ixosartan -> ivosartan -> ivisartan,0.0,1.0,1.0,1.0,1.0,0.983,0.007,angiotensin II receptor antagonist,generic,-sartan,roomy,False,,
itisartan,False,grammar+refined,1,68.83,61.74,moderate,-6.74,8.26,losortan,0.6463,4,INTRA_STEM_TOO_CLOSE|TRADEMARK_HIT,SIMILARITY_MODERATE,ixosartan,ixosartan -> ivosartan -> ivisartan -> itisartan,0.0,1.0,1.0,1.0,1.0,0.983,0.0,angiotensin II receptor antagonist,generic,-sartan,roomy,False,,
sirxosartan,False,grammar+refined,1,68.18,63.17,moderate,-8.17,6.83,prexxartan,0.6103,4,TRADEMARK_HIT,SIMILARITY_MODERATE,sirnosartan,sirnosartan -> sirxosartan,0.0,1.0,0.975,1.0,1.0,0.952,0.0,angiotensin II receptor antagonist,generic,-sartan,roomy,False,,
sifxosartan,True,grammar+refined,1,67.12,58.41,moderate,-3.41,11.59,losortan,0.6106,4,,SIMILARITY_MODERATE,sirnosartan,sirnosartan -> sirxosartan -> sifxosartan,0.0,1.0,0.9,1.0,1.0,0.952,0.0,angiotensin II receptor antagonist,generic,-sartan,roomy,True,,
lembisartan,False,grammar,2,62.02,63.68,moderate,-8.68,6.32,olmesartran,0.6887,4,INTRA_STEM_TOO_CLOSE|TRADEMARK_HIT,SIMILARITY_MODERATE,,lembisartan,0.0,0.68,0.975,1.0,1.0,0.952,0.034,angiotensin II receptor antagonist,generic,-sartan,roomy,False,,
futosartan,False,grammar,2,69.1,64.72,moderate,-9.72,5.28,losortan,0.6619,4,TRADEMARK_HIT,SIMILARITY_MODERATE,,futosartan,0.0,1.0,1.0,1.0,1.0,0.998,0.017,angiotensin II receptor antagonist,generic,-sartan,roomy,False,,
azisartan,False,grammar,2,75.31,74.81,high,-19.81,-4.81,azilsartan,0.6414,4,SIMILARITY_TOO_HIGH|INTRA_STEM_TOO_CLOSE|TRADEMARK_HIT,,,azisartan,0.0,1.0,1.0,1.0,1.0,0.983,0.926,angiotensin II receptor antagonist,generic,-sartan,roomy,False,,
felmosartan,False,grammar,2,61.96,73.01,high,-18.01,-3.01,telmisartan,0.6706,4,SIMILARITY_TOO_HIGH|INTRA_STEM_TOO_CLOSE|TRADEMARK_HIT,,,felmosartan,0.0,0.68,0.975,1.0,1.0,0.952,0.026,angiotensin II receptor antagonist,generic,-sartan,roomy,False,,
arvesartan,False,grammar,2,60.66,67.38,moderate,-12.38,2.62,prexxartan,0.685,4,INTRA_STEM_TOO_CLOSE|TRADEMARK_HIT,SIMILARITY_MODERATE,,arvesartan,0.0,0.6,0.975,1.0,1.0,0.998,0.003,angiotensin II receptor antagonist,generic,-sartan,roomy,False,,
sucosartan,False,grammar,2,68.99,64.72,moderate,-9.72,5.28,losortan,0.8379,4,TRADEMARK_HIT,SIMILARITY_MODERATE,,sucosartan,0.0,1.0,1.0,1.0,1.0,0.998,0.001,angiotensin II receptor antagonist,generic,-sartan,roomy,False,,
cegisartan,False,grammar,2,68.98,63.13,moderate,-8.13,6.87,prexxartan,0.6149,4,INTRA_STEM_TOO_CLOSE|TRADEMARK_HIT,SIMILARITY_MODERATE,,cegisartan,0.0,1.0,1.0,1.0,1.0,0.998,0.0,angiotensin II receptor antagonist,generic,-sartan,roomy,False,,
phopasartan,True,grammar,2,61.85,61.14,moderate,-6.14,8.86,prexxartan,0.7144,4,,SIMILARITY_MODERATE,,phopasartan,0.0,0.68,0.975,1.0,1.0,0.952,0.011,angiotensin II receptor antagonist,generic,-sartan,roomy,False,,
inasartan,False,grammar,2,73.45,62.19,moderate,-7.19,7.81,onsart,0.6804,4,INTRA_STEM_TOO_CLOSE|TRADEMARK_HIT,SIMILARITY_MODERATE,,inasartan,0.0,1.0,1.0,1.0,1.0,0.983,0.66,angiotensin II receptor antagonist,generic,-sartan,roomy,False,,
elasartan,False,grammar,2,75.14,72.18,high,-17.18,-2.18,losortan,0.6794,4,SIMILARITY_TOO_HIGH|INTRA_STEM_TOO_CLOSE|TRADEMARK_HIT,,,elasartan,0.0,1.0,1.0,1.0,1.0,0.983,0.902,angiotensin II receptor antagonist,generic,-sartan,roomy,False,,
asveosartan,False,grammar,2,66.87,62.78,moderate,-7.78,7.22,losortan,0.6677,5,TRADEMARK_HIT,SIMILARITY_MODERATE,,asveosartan,0.0,1.0,0.975,1.0,1.0,0.821,0.0,angiotensin II receptor antagonist,generic,-sartan,roomy,False,,
basomusartan,True,grammar,2,60.98,56.42,moderate,-1.42,13.58,olmesartran,0.6586,5,,SIMILARITY_MODERATE,,basomusartan,0.0,0.733,1.0,1.0,1.0,0.731,0.0,angiotensin II receptor antagonist,generic,-sartan,roomy,False,,
edisartan,False,grammar,2,68.83,63.14,moderate,-8.14,6.86,bistorta,0.6802,4,INTRA_STEM_TOO_CLOSE|TRADEMARK_HIT,SIMILARITY_MODERATE,,edisartan,0.0,1.0,1.0,1.0,1.0,0.983,0.0,angiotensin II receptor antagonist,generic,-sartan,roomy,False,,
elamasartan,False,grammar,2,61.13,68.39,moderate,-13.39,1.61,olmesartran,0.6777,5,INTRA_STEM_TOO_CLOSE|TRADEMARK_HIT,SIMILARITY_MODERATE,,elamasartan,0.0,0.68,1.0,1.0,1.0,0.821,0.046,angiotensin II receptor antagonist,generic,-sartan,roomy,False,,
atakisartan,True,grammar,2,67.29,60.48,moderate,-5.48,9.52,prexxartan,0.639,5,,SIMILARITY_MODERATE,,atakisartan,0.0,1.0,1.0,1.0,1.0,0.821,0.012,angiotensin II receptor antagonist,generic,-sartan,roomy,True,,
tarosartan,False,grammar,2,65.48,67.37,moderate,-12.37,2.63,losortan,0.7116,4,INTRA_STEM_TOO_CLOSE|TRADEMARK_HIT,SIMILARITY_MODERATE,,tarosartan,0.0,0.6,1.0,1.0,1.0,0.998,0.643,angiotensin II receptor antagonist,generic,-sartan,roomy,False,,
agosartan,False,grammar,2,68.83,70.94,high,-15.94,-0.94,losortan,0.7404,4,SIMILARITY_TOO_HIGH|INTRA_STEM_TOO_CLOSE|TRADEMARK_HIT,,,agosartan,0.0,1.0,1.0,1.0,1.0,0.983,0.0,angiotensin II receptor antagonist,generic,-sartan,roomy,False,,
cotesartan,False,grammar,2,60.99,63.13,moderate,-8.13,6.87,prexxartan,0.6968,4,INTRA_STEM_TOO_CLOSE|TRADEMARK_HIT,SIMILARITY_MODERATE,,cotesartan,0.0,0.6,1.0,1.0,1.0,0.998,0.001,angiotensin II receptor antagonist,generic,-sartan,roomy,False,,
pilasartan,False,grammar,2,69.05,65.93,moderate,-10.93,4.07,losortan,0.6911,4,INTRA_STEM_TOO_CLOSE|TRADEMARK_HIT,SIMILARITY_MODERATE,,pilasartan,0.0,1.0,1.0,1.0,1.0,0.998,0.01,angiotensin II receptor antagonist,generic,-sartan,roomy,False,,
octfutosartan,True,grammar,2,65.46,52.34,low,2.66,17.66,losortan,0.6117,5,,,,octfutosartan,0.106,1.0,0.828,1.0,1.0,0.624,0.01,angiotensin II receptor antagonist,generic,-sartan,roomy,True,,
covasartan,False,grammar,2,61.02,61.03,moderate,-6.03,8.97,losortan,0.6771,4,INTRA_STEM_TOO_CLOSE|TRADEMARK_HIT,SIMILARITY_MODERATE,,covasartan,0.0,0.6,1.0,1.0,1.0,0.998,0.006,angiotensin II receptor antagonist,generic,-sartan,roomy,False,,
tovasartan,False,grammar,2,61.34,61.03,moderate,-6.03,8.97,losortan,0.6521,4,INTRA_STEM_TOO_CLOSE|TRADEMARK_HIT,SIMILARITY_MODERATE,,tovasartan,0.0,0.6,1.0,1.0,1.0,0.998,0.051,angiotensin II receptor antagonist,generic,-sartan,roomy,False,,
boctisartan,True,grammar,2,61.78,61.51,moderate,-6.51,8.49,octisalate,0.7039,4,,SIMILARITY_MODERATE,,boctisartan,0.0,0.68,0.975,1.0,1.0,0.952,0.0,angiotensin II receptor antagonist,generic,-sartan,roomy,False,,
oqesartan,False,grammar,2,68.83,67.89,moderate,-12.89,2.11,losortan,0.6011,4,INTRA_STEM_TOO_CLOSE|TRADEMARK_HIT,SIMILARITY_MODERATE,,oqesartan,0.0,1.0,1.0,1.0,1.0,0.983,0.0,angiotensin II receptor antagonist,generic,-sartan,roomy,False,,
omivisartan,True,ngram_guided,2,61.41,65.56,moderate,-10.56,4.44,pemivibart,0.6452,5,,SIMILARITY_MODERATE,,omivisartan,0.0,0.45,1.0,1.0,1.0,0.821,0.742,angiotensin II receptor antagonist,generic,-sartan,roomy,False,,
cyprosartan,False,ngram_guided,2,51.29,68.39,moderate,-13.39,1.61,eprosartan,0.8213,4,INTRA_STEM_TOO_CLOSE,SIMILARITY_MODERATE,,cyprosartan,0.0,0.45,0.768,1.0,0.53,0.952,0.649,angiotensin II receptor antagonist,generic,-sartan,roomy,False,,
etosartan,False,ngram_guided,2,72.07,70.94,high,-15.94,-0.94,losortan,0.7568,4,SIMILARITY_TOO_HIGH|INTRA_STEM_TOO_CLOSE|TRADEMARK_HIT,,,etosartan,0.0,1.0,1.0,1.0,1.0,0.983,0.463,angiotensin II receptor antagonist,generic,-sartan,roomy,False,,
noglusartan,False,ngram_guided,2,56.94,62.56,moderate,-7.56,7.44,losortan,0.7177,4,TRADEMARK_HIT,SIMILARITY_MODERATE,,noglusartan,0.0,0.45,0.854,1.0,1.0,0.952,0.207,angiotensin II receptor antagonist,generic,-sartan,roomy,False,,
phosartan,False,ngram_guided,2,72.26,72.43,high,-17.43,-2.43,losortan,0.8563,3,SIMILARITY_TOO_HIGH|INTRA_STEM_TOO_CLOSE|TRADEMARK_HIT,,,phosartan,0.0,1.0,0.975,1.0,1.0,0.858,0.719,angiotensin II receptor antagonist,generic,-sartan,roomy,False,,
pacrivsartan,True,ngram_guided,2,60.24,64.34,moderate,-9.34,5.66,acrisorcin,0.6114,4,,SIMILARITY_MODERATE,,pacrivsartan,0.0,0.517,0.83,1.0,1.0,0.862,0.667,angiotensin II receptor antagonist,generic,-sartan,roomy,False,,
sebesartan,False,ngram_guided,2,66.56,67.65,moderate,-12.65,2.35,sebestena,0.6519,4,INTRA_STEM_TOO_CLOSE|TRADEMARK_HIT,SIMILARITY_MODERATE,,sebesartan,0.0,0.6,1.0,1.0,1.0,0.998,0.798,angiotensin II receptor antagonist,generic,-sartan,roomy,False,,
infigrasartan,True,ngram_guided,2,49.94,61.31,moderate,-6.31,8.69,infigratinib,0.6235,5,,SIMILARITY_MODERATE,,infigrasartan,0.0,0.15,0.845,1.0,1.0,0.624,0.553,angiotensin II receptor antagonist,generic,-sartan,roomy,False,,
fitumsartan,True,ngram_guided,2,67.57,61.75,moderate,-6.75,8.25,fitusiran,0.6151,4,,SIMILARITY_MODERATE,,fitumsartan,0.0,0.68,0.975,1.0,1.0,0.952,0.827,angiotensin II receptor antagonist,generic,-sartan,roomy,True,,
abacsartan,False,ngram_guided,2,63.59,64.96,moderate,-9.96,5.04,prexxartan,0.6054,4,TRADEMARK_HIT,SIMILARITY_MODERATE,,abacsartan,0.0,0.6,0.975,1.0,1.0,0.998,0.422,angiotensin II receptor antagonist,generic,-sartan,roomy,False,,
ozersartan,False,ngram_guided,2,61.02,65.42,moderate,-10.42,4.58,prexxartan,0.635,4,INTRA_STEM_TOO_CLOSE|TRADEMARK_HIT,SIMILARITY_MODERATE,,ozersartan,0.0,0.6,0.975,1.0,1.0,0.998,0.056,angiotensin II receptor antagonist,generic,-sartan,roomy,False,,
hemosartan,False,ngram_guided,2,65.86,70.9,high,-15.9,-0.9,hemostat,0.7753,4,SIMILARITY_TOO_HIGH|TRADEMARK_HIT,,,hemosartan,0.0,0.6,1.0,1.0,1.0,0.998,0.697,angiotensin II receptor antagonist,generic,-sartan,roomy,False,,
duvetsartan,True,ngram_guided,2,63.37,65.71,moderate,-10.71,4.29,prexxartan,0.6039,4,,SIMILARITY_MODERATE,,duvetsartan,0.0,0.68,0.975,1.0,1.0,0.952,0.227,angiotensin II receptor antagonist,generic,-sartan,roomy,True,,
citisartan,True,ngram_guided,2,62.12,60.31,moderate,-5.31,9.69,prexxartan,0.7303,4,,SIMILARITY_MODERATE,,citisartan,0.0,0.6,1.0,1.0,1.0,0.998,0.163,angiotensin II receptor antagonist,generic,-sartan,roomy,True,,
rivsartan,False,ngram_guided,2,68.76,67.38,moderate,-12.38,2.62,prexxartan,0.6043,3,INTRA_STEM_TOO_CLOSE|TRADEMARK_HIT,SIMILARITY_MODERATE,,rivsartan,0.0,1.0,0.975,1.0,1.0,0.858,0.218,angiotensin II receptor antagonist,generic,-sartan,roomy,False,,
ibutosartan,True,ngram_guided,2,61.17,61.73,moderate,-6.73,8.27,butobarbital,0.7263,5,,SIMILARITY_MODERATE,,ibutosartan,0.0,0.45,1.0,1.0,1.0,0.821,0.708,angiotensin II receptor antagonist,generic,-sartan,roomy,False,,
etiprsartan,False,ngram_guided,2,60.33,63.34,moderate,-8.34,6.66,prexxartan,0.6107,4,INTRA_STEM_TOO_CLOSE,SIMILARITY_MODERATE,,etiprsartan,0.0,0.45,0.813,1.0,1.0,0.952,0.775,angiotensin II receptor antagonist,generic,-sartan,roomy,False,,
budessartan,False,ngram_guided,2,58.9,61.85,moderate,-6.85,8.15,prexxartan,0.6871,4,TRADEMARK_HIT,SIMILARITY_MODERATE,,budessartan,0.0,0.45,0.975,0.75,1.0,0.952,0.568,angiotensin II receptor antagonist,generic,-sartan,roomy,False,,
fondosartan,False,ngram_guided,2,65.77,63.29,moderate,-8.29,6.71,sandostatin,0.6947,4,INTRA_STEM_TOO_CLOSE|TRADEMARK_HIT,SIMILARITY_MODERATE,,fondosartan,0.0,0.68,0.975,1.0,1.0,0.952,0.57,angiotensin II receptor antagonist,generic,-sartan,roomy,False,,
lulsartan,False,ngram_guided,2,67.49,71.29,high,-16.29,-1.29,losortan,0.6444,3,SIMILARITY_TOO_HIGH|INTRA_STEM_TOO_CLOSE|TRADEMARK_HIT,,,lulsartan,0.0,1.0,0.975,1.0,1.0,0.858,0.036,angiotensin II receptor antagonist,generic,-sartan,roomy,False,,
lascosartan,False,ngram_guided,2,56.96,62.75,moderate,-7.75,7.25,losortan,0.7684,4,TRADEMARK_HIT,SIMILARITY_MODERATE,,lascosartan,0.0,0.45,0.854,1.0,1.0,0.952,0.211,angiotensin II receptor antagonist,generic,-sartan,roomy,False,,
nadrotisartan,True,ngram_guided,2,59.42,61.61,moderate,-6.61,8.39,nadroparin,0.7228,5,,SIMILARITY_MODERATE,,nadrotisartan,0.0,0.564,0.869,1.0,1.0,0.624,0.675,angiotensin II receptor antagonist,generic,-sartan,roomy,False,,
diflunogsartan,True,ngram_guided,2,45.48,57.65,moderate,-2.65,12.35,diflunisal,0.6482,5,,SIMILARITY_MODERATE,,diflunogsartan,0.0,0.4,0.845,1.0,0.53,0.527,0.414,angiotensin II receptor antagonist,generic,-sartan,roomy,False,,
nedosartan,False,ngram_guided,2,66.59,74.74,high,-19.74,-4.74,nedosiran,0.6675,4,SIMILARITY_TOO_HIGH|INTRA_STEM_TOO_CLOSE|TRADEMARK_HIT,,,nedosartan,0.0,0.6,1.0,1.0,1.0,0.998,0.801,angiotensin II receptor antagonist,generic,-sartan,roomy,False,,
azesartan,False,grammar+refined,2,69.08,66.09,moderate,-11.09,3.91,prexxartan,0.6114,4,INTRA_STEM_TOO_CLOSE|TRADEMARK_HIT,SIMILARITY_MODERATE,azisartan,azisartan -> azesartan,0.0,1.0,1.0,1.0,1.0,0.983,0.036,angiotensin II receptor antagonist,generic,-sartan,roomy,False,,
axesartan,False,grammar+refined,2,68.83,65.46,moderate,-10.46,4.54,prexxartan,0.6052,4,TRADEMARK_HIT,SIMILARITY_MODERATE,azisartan,azisartan -> azesartan -> axesartan,0.0,1.0,1.0,1.0,1.0,0.983,0.0,angiotensin II receptor antagonist,generic,-sartan,roomy,False,,
avesartan,False,grammar+refined,2,69.01,65.33,moderate,-10.33,4.67,prexxartan,0.6824,4,INTRA_STEM_TOO_CLOSE|TRADEMARK_HIT,SIMILARITY_MODERATE,azisartan,azisartan -> azesartan -> axesartan -> avesartan,0.0,1.0,1.0,1.0,1.0,0.983,0.026,angiotensin II receptor antagonist,generic,-sartan,roomy,False,,
ehasartan,False,grammar+refined,2,68.83,62.01,moderate,-7.01,7.99,aspartame,0.6139,4,TRADEMARK_HIT,SIMILARITY_MODERATE,elasartan,elasartan -> ehasartan,0.0,1.0,1.0,1.0,1.0,0.983,0.0,angiotensin II receptor antagonist,generic,-sartan,roomy,False,,
ebasartan,False,grammar+refined,2,68.83,64.73,moderate,-9.73,5.27,bafiertam,0.6452,4,INTRA_STEM_TOO_CLOSE|TRADEMARK_HIT,SIMILARITY_MODERATE,elasartan,elasartan -> ehasartan -> ebasartan,0.0,1.0,1.0,1.0,1.0,0.983,0.0,angiotensin II receptor antagonist,generic,-sartan,roomy,False,,
evasartan,False,grammar+refined,2,68.83,62.57,moderate,-7.57,7.43,losortan,0.6572,4,INTRA_STEM_TOO_CLOSE|TRADEMARK_HIT,SIMILARITY_MODERATE,elasartan,elasartan -> ehasartan -> ebasartan -> evasartan,0.0,1.0,1.0,1.0,1.0,0.983,0.0,angiotensin II receptor antagonist,generic,-sartan,roomy,False,,
isasartan,False,grammar+refined,2,67.7,63.45,moderate,-8.45,6.55,losortan,0.6375,4,INTRA_STEM_TOO_CLOSE|TRADEMARK_HIT,SIMILARITY_MODERATE,inasartan,inasartan -> isasartan,0.0,1.0,1.0,0.8,1.0,0.983,0.096,angiotensin II receptor antagonist,generic,-sartan,roomy,False,,
igasartan,False,grammar+refined,2,68.83,64.1,moderate,-9.1,5.9,gamastan,0.627,4,INTRA_STEM_TOO_CLOSE|TRADEMARK_HIT,SIMILARITY_MODERATE,inasartan,inasartan -> isasartan -> igasartan,0.0,1.0,1.0,1.0,1.0,0.983,0.0,angiotensin II receptor antagonist,generic,-sartan,roomy,False,,
ifasartan,False,grammar+refined,2,68.83,62.01,moderate,-7.01,7.99,aspartame,0.6154,4,INTRA_STEM_TOO_CLOSE|TRADEMARK_HIT,SIMILARITY_MODERATE,inasartan,inasartan -> isasartan -> igasartan -> ifasartan,0.0,1.0,1.0,1.0,1.0,0.983,0.0,angiotensin II receptor antagonist,generic,-sartan,roomy,False,,
phasartan,False,ngram_guided+refined,2,67.23,63.55,moderate,-8.55,6.45,prexxartan,0.7132,3,INTRA_STEM_TOO_CLOSE|TRADEMARK_HIT,SIMILARITY_MODERATE,phosartan,phosartan -> phasartan,0.0,1.0,0.975,1.0,1.0,0.858,0.0,angiotensin II receptor antagonist,generic,-sartan,roomy,False,,
pgasartan,False,ngram_guided+refined,2,64.45,65.59,moderate,-10.59,4.41,prexxartan,0.5327,3,TRADEMARK_HIT,SIMILARITY_MODERATE|ILLEGAL_ONSET_CLUSTER,phosartan,phosartan -> phasartan -> pgasartan,0.0,1.0,0.776,1.0,1.0,0.858,0.0,angiotensin II receptor antagonist,generic,-sartan,roomy,False,,
psasartan,False,ngram_guided+refined,2,65.43,63.21,moderate,-8.21,6.79,aspartame,0.6227,3,INTRA_STEM_TOO_CLOSE|TRADEMARK_HIT,SIMILARITY_MODERATE,phosartan,phosartan -> phasartan -> pgasartan -> psasartan,0.0,1.0,0.975,0.8,1.0,0.858,0.0,angiotensin II receptor antagonist,generic,-sartan,roomy,False,,
fujosartan,False,grammar+refined,2,68.98,65.94,moderate,-10.94,4.06,losortan,0.6732,4,TRADEMARK_HIT,SIMILARITY_MODERATE,futosartan,futosartan -> fujosartan,0.0,1.0,1.0,1.0,1.0,0.998,0.0,angiotensin II receptor antagonist,generic,-sartan,roomy,False,,
fijosartan,False,grammar+refined,2,68.98,65.94,moderate,-10.94,4.06,losortan,0.6145,4,TRADEMARK_HIT,SIMILARITY_MODERATE,futosartan,futosartan -> fujosartan -> fijosartan,0.0,1.0,1.0,1.0,1.0,0.998,0.0,angiotensin II receptor antagonist,generic,-sartan,roomy,False,,
fihosartan,False,grammar+refined,2,68.98,64.72,moderate,-9.72,5.28,losortan,0.6176,4,TRADEMARK_HIT,SIMILARITY_MODERATE,futosartan,futosartan -> fujosartan -> fijosartan -> fihosartan,0.0,1.0,1.0,1.0,1.0,0.998,0.0,angiotensin II receptor antagonist,generic,-sartan,roomy,False,,
palasartan,False,grammar+refined,2,66.41,65.93,moderate,-10.93,4.07,losortan,0.7194,4,INTRA_STEM_TOO_CLOSE|TRADEMARK_HIT,SIMILARITY_MODERATE,pilasartan,pilasartan -> palasartan,0.0,0.6,1.0,1.0,1.0,0.998,0.775,angiotensin II receptor antagonist,generic,-sartan,roomy,False,,
pulasartan,False,grammar+refined,2,60.98,65.93,moderate,-10.93,4.07,losortan,0.7256,4,TRADEMARK_HIT,SIMILARITY_MODERATE,pilasartan,pilasartan -> palasartan -> pulasartan,0.0,0.6,1.0,1.0,1.0,0.998,0.0,angiotensin II receptor antagonist,generic,-sartan,roomy,False,,
sacosartan,False,grammar+refined,2,61.44,64.72,moderate,-9.72,5.28,losortan,0.7679,4,TRADEMARK_HIT,SIMILARITY_MODERATE,sucosartan,sucosartan -> sacosartan,0.0,0.6,1.0,1.0,1.0,0.998,0.066,angiotensin II receptor antagonist,generic,-sartan,roomy,False,,
socosartan,False,grammar+refined,2,60.98,64.72,moderate,-9.72,5.28,losortan,0.7686,4,TRADEMARK_HIT,SIMILARITY_MODERATE,sucosartan,sucosartan -> sacosartan -> socosartan,0.0,0.6,1.0,1.0,1.0,0.998,0.0,angiotensin II receptor antagonist,generic,-sartan,roomy,False,,
solosartan,False,grammar+refined,2,60.99,75.75,high,-20.75,-5.75,losortan,0.7635,4,SIMILARITY_TOO_HIGH|INTRA_STEM_TOO_CLOSE|TRADEMARK_HIT,,sucosartan,sucosartan -> sacosartan -> socosartan -> solosartan,0.0,0.6,1.0,1.0,1.0,0.998,0.001,angiotensin II receptor antagonist,generic,-sartan,roomy,False,,
tetesartan,False,grammar,3,69.54,66.88,moderate,-11.88,3.12,prexxartan,0.657,4,INTRA_STEM_TOO_CLOSE|TRADEMARK_HIT,SIMILARITY_MODERATE,,tetesartan,0.0,1.0,1.0,1.0,1.0,0.998,0.08,angiotensin II receptor antagonist,generic,-sartan,roomy,False,,
samtosartan,False,grammar,3,68.18,63.28,moderate,-8.28,6.72,camptosar,0.7037,4,TRADEMARK_HIT,SIMILARITY_MODERATE,,samtosartan,0.0,1.0,0.975,1.0,1.0,0.952,0.0,angiotensin II receptor antagonist,generic,-sartan,roomy,False,,
fevosartan,False,grammar,3,69.0,66.96,moderate,-11.96,3.04,losortan,0.6693,4,INTRA_STEM_TOO_CLOSE|TRADEMARK_HIT,SIMILARITY_MODERATE,,fevosartan,0.0,1.0,1.0,1.0,1.0,0.998,0.003,angiotensin II receptor antagonist,generic,-sartan,roomy,False,,
pontibasartan,True,grammar,3,56.27,55.53,moderate,-0.53,14.47,pentagastrin,0.6662,5,,SIMILARITY_MODERATE,,pontibasartan,0.0,0.564,0.975,1.0,1.0,0.624,0.013,angiotensin II receptor antagonist,generic,-sartan,roomy,False,,
orosartan,False,grammar,3,68.87,73.8,high,-18.8,-3.8,losortan,0.7473,4,SIMILARITY_TOO_HIGH|INTRA_STEM_TOO_CLOSE|TRADEMARK_HIT,,,orosartan,0.0,1.0,1.0,1.0,1.0,0.983,0.006,angiotensin II receptor antagonist,generic,-sartan,roomy,False,,
nelasartan,False,grammar,3,62.07,65.93,moderate,-10.93,4.07,losortan,0.6519,4,TRADEMARK_HIT,SIMILARITY_MODERATE,,nelasartan,0.0,0.6,1.0,1.0,1.0,0.998,0.156,angiotensin II receptor antagonist,generic,-sartan,roomy,False,,
ipisartan,False,grammar,3,68.83,62.34,moderate,-7.34,7.66,prexxartan,0.6447,4,INTRA_STEM_TOO_CLOSE|TRADEMARK_HIT,SIMILARITY_MODERATE,,ipisartan,0.0,1.0,1.0,1.0,1.0,0.983,0.0,angiotensin II receptor antagonist,generic,-sartan,roomy,False,,
fesodesartan,False,grammar,3,60.98,57.51,moderate,-2.51,12.49,olmesartran,0.6697,5,TRADEMARK_HIT,SIMILARITY_MODERATE,,fesodesartan,0.0,0.733,1.0,1.0,1.0,0.731,0.001,angiotensin II receptor antagonist,generic,-sartan,roomy,False,,
mampasartan,False,grammar,3,61.78,60.9,moderate,-5.9,9.1,gamastan,0.6446,4,TRADEMARK_HIT,SIMILARITY_MODERATE,,mampasartan,0.0,0.68,0.975,1.0,1.0,0.952,0.0,angiotensin II receptor antagonist,generic,-sartan,roomy,False,,
ecesartan,False,grammar,3,68.83,66.47,moderate,-11.47,3.53,prexxartan,0.6339,4,INTRA_STEM_TOO_CLOSE|TRADEMARK_HIT,SIMILARITY_MODERATE,,ecesartan,0.0,1.0,1.0,1.0,1.0,0.983,0.0,angiotensin II receptor antagonist,generic,-sartan,roomy,False,,
levasartan,False,grammar,3,66.46,68.91,moderate,-13.91,1.09,levallorphan,0.7099,4,INTRA_STEM_TOO_CLOSE|TRADEMARK_HIT,SIMILARITY_MODERATE,,levasartan,0.0,0.6,1.0,1.0,1.0,0.998,0.783,angiotensin II receptor antagonist,generic,-sartan,roomy,False,,
vocosartan,False,grammar,3,68.98,64.72,moderate,-9.72,5.28,losortan,0.7187,4,TRADEMARK_HIT,SIMILARITY_MODERATE,,vocosartan,0.0,1.0,1.0,1.0,1.0,0.998,0.0,angiotensin II receptor antagonist,generic,-sartan,roomy,False,,
casatasartan,False,grammar,3,61.06,56.53,moderate,-1.53,13.47,casanthranol,0.6795,5,TRADEMARK_HIT,SIMILARITY_MODERATE,,casatasartan,0.0,0.733,1.0,1.0,1.0,0.731,0.012,angiotensin II receptor antagonist,generic,-sartan,roomy,False,,
bruoxisartan,True,grammar,3,64.5,66.41,moderate,-11.41,3.59,prexxartan,0.6136,5,,SIMILARITY_MODERATE,,bruoxisartan,0.0,1.0,0.869,1.0,1.0,0.731,0.003,angiotensin II receptor antagonist,generic,-sartan,roomy,True,,
iposartan,False,grammar,3,68.83,70.94,high,-15.94,-0.94,losortan,0.6583,4,SIMILARITY_TOO_HIGH|INTRA_STEM_TOO_CLOSE|TRADEMARK_HIT,,,iposartan,0.0,1.0,1.0,1.0,1.0,0.983,0.0,angiotensin II receptor antagonist,generic,-sartan,roomy,False,,
buntresartan,False,grammar,3,59.09,65.21,moderate,-10.21,4.79,prexxartan,0.6468,4,TRADEMARK_HIT,SIMILARITY_MODERATE,,buntresartan,0.0,0.733,0.768,1.0,1.0,0.862,0.009,angiotensin II receptor antagonist,generic,-sartan,roomy,False,,
menzosartan,False,grammar,3,61.86,62.99,moderate,-7.99,7.01,menostar,0.8159,4,TRADEMARK_HIT,SIMILARITY_MODERATE,,menzosartan,0.0,0.68,0.975,1.0,1.0,0.952,0.012,angiotensin II receptor antagonist,generic,-sartan,roomy,False,,
odrorlasartan,True,grammar,3,59.81,53.65,low,1.35,16.35,prolastin,0.6129,5,,,,odrorlasartan,0.054,0.771,0.845,1.0,1.0,0.624,0.003,angiotensin II receptor antagonist,generic,-sartan,roomy,False,,
enesartan,False,grammar,3,68.85,67.41,moderate,-12.41,2.59,ensartinib,0.6801,4,INTRA_STEM_TOO_CLOSE|TRADEMARK_HIT,SIMILARITY_MODERATE,,enesartan,0.0,1.0,1.0,1.0,1.0,0.983,0.003,angiotensin II receptor antagonist,generic,-sartan,roomy,False,,
lolmisartan,False,grammar,3,61.85,76.07,high,-21.07,-6.07,olmesartran,0.6425,4,SIMILARITY_TOO_HIGH|INTRA_STEM_TOO_CLOSE|TRADEMARK_HIT,,,lolmisartan,0.0,0.68,0.975,1.0,1.0,0.952,0.011,angiotensin II receptor antagonist,generic,-sartan,roomy,False,,
bornisartan,False,grammar,3,61.86,61.84,moderate,-6.84,8.16,prexxartan,0.7301,4,TRADEMARK_HIT,SIMILARITY_MODERATE,,bornisartan,0.0,0.68,0.975,1.0,1.0,0.952,0.012,angiotensin II receptor antagonist,generic,-sartan,roomy,False,,
covegisartan,True,grammar,3,60.98,58.93,moderate,-3.93,11.07,prexxartan,0.6302,5,,SIMILARITY_MODERATE,,covegisartan,0.0,0.733,1.0,1.0,1.0,0.731,0.0,angiotensin II receptor antagonist,generic,-sartan,roomy,False,,
nantesartan,False,grammar,3,61.8,63.96,moderate,-8.96,6.04,candesartan,0.6743,4,INTRA_STEM_TOO_CLOSE|TRADEMARK_HIT,SIMILARITY_MODERATE,,nantesartan,0.0,0.68,0.975,1.0,1.0,0.952,0.003,angiotensin II receptor antagonist,generic,-sartan,roomy,False,,
ibtasartan,False,grammar,3,60.63,58.93,moderate,-3.93,11.07,prexxartan,0.6208,4,INTRA_STEM_TOO_CLOSE|TRADEMARK_HIT,SIMILARITY_MODERATE,,ibtasartan,0.0,0.6,0.975,1.0,1.0,0.998,0.0,angiotensin II receptor antagonist,generic,-sartan,roomy,False,,
ibrusartan,False,ngram_guided,3,60.04,65.55,moderate,-10.55,4.45,prexxartan,0.6693,4,INTRA_STEM_TOO_CLOSE|TRADEMARK_HIT,SIMILARITY_MODERATE,,ibrusartan,0.0,0.6,0.854,1.0,1.0,0.998,0.157,angiotensin II receptor antagonist,generic,-sartan,roomy,False,,
cerisartan,False,ngram_guided,3,63.55,67.67,moderate,-12.67,2.33,reassortant,0.7696,4,INTRA_STEM_TOO_CLOSE|TRADEMARK_HIT,SIMILARITY_MODERATE,,cerisartan,0.0,0.6,1.0,1.0,1.0,0.998,0.368,angiotensin II receptor antagonist,generic,-sartan,roomy,False,,
avusartan,False,ngram_guided,3,69.43,64.71,moderate,-9.71,5.29,losortan,0.6503,4,INTRA_STEM_TOO_CLOSE|TRADEMARK_HIT,SIMILARITY_MODERATE,,avusartan,0.0,1.0,1.0,1.0,1.0,0.983,0.086,angiotensin II receptor antagonist,generic,-sartan,roomy,False,,
amdinutusartan,True,ngram_guided,3,54.96,55.74,moderate,-0.74,14.26,aminobutan,0.637,6,,SIMILARITY_MODERATE,,amdinutusartan,0.0,0.4,0.975,1.0,1.0,0.309,0.744,angiotensin II receptor antagonist,generic,-sartan,roomy,False,,
ribosartan,False,ngram_guided,3,67.53,64.72,moderate,-9.72,5.28,losortan,0.6738,4,INTRA_STEM_TOO_CLOSE|TRADEMARK_HIT,SIMILARITY_MODERATE,,ribosartan,0.0,0.6,1.0,1.0,1.0,0.998,0.936,angiotensin II receptor antagonist,generic,-sartan,roomy,False,,
droxsartan,False,ngram_guided,3,61.73,78.73,high,-23.73,-8.73,prexxartan,0.7456,3,SIMILARITY_TOO_HIGH|TRADEMARK_HIT,,,droxsartan,0.0,0.6,0.804,1.0,1.0,0.873,0.677,angiotensin II receptor antagonist,generic,-sartan,roomy,False,,
fluoxysartan,True,ngram_guided,3,51.37,62.02,moderate,-7.02,7.98,fluocortin,0.8149,5,,SIMILARITY_MODERATE,,fluoxysartan,0.0,0.3,0.758,1.0,1.0,0.731,0.35,angiotensin II receptor antagonist,generic,-sartan,roomy,False,,
autolsartan,False,ngram_guided,3,61.61,67.62,moderate,-12.62,2.38,tolvaptan,0.6467,4,TRADEMARK_HIT,SIMILARITY_MODERATE,,autolsartan,0.0,0.45,0.975,1.0,1.0,0.952,0.633,angiotensin II receptor antagonist,generic,-sartan,roomy,False,,
vedosartan,False,ngram_guided,3,65.95,66.1,moderate,-11.1,3.9,nedosiran,0.6817,4,INTRA_STEM_TOO_CLOSE|TRADEMARK_HIT,SIMILARITY_MODERATE,,vedosartan,0.0,0.6,1.0,1.0,1.0,0.998,0.71,angiotensin II receptor antagonist,generic,-sartan,roomy,False,,
erisartan,False,ngram_guided,3,72.9,69.3,moderate,-14.3,0.7,reassortant,0.7198,4,INTRA_STEM_TOO_CLOSE|TRADEMARK_HIT,SIMILARITY_MODERATE,,erisartan,0.0,1.0,1.0,1.0,1.0,0.983,0.582,angiotensin II receptor antagonist,generic,-sartan,roomy,False,,
sevetsartan,False,ngram_guided,3,67.12,65.71,moderate,-10.71,4.29,prexxartan,0.6072,4,TRADEMARK_HIT,SIMILARITY_MODERATE,,sevetsartan,0.0,0.68,0.975,1.0,1.0,0.952,0.763,angiotensin II receptor antagonist,generic,-sartan,roomy,False,,
hissartan,False,ngram_guided,3,65.25,67.7,moderate,-12.7,2.3,histastat,0.6705,3,TRADEMARK_HIT,SIMILARITY_MODERATE,,hissartan,0.0,1.0,0.975,0.75,1.0,0.858,0.037,angiotensin II receptor antagonist,generic,-sartan,roomy,False,,
segersartan,False,ngram_guided,3,63.87,62.74,moderate,-7.74,7.26,prexxartan,0.666,4,TRADEMARK_HIT,SIMILARITY_MODERATE,,segersartan,0.0,0.68,0.975,1.0,1.0,0.952,0.299,angiotensin II receptor antagonist,generic,-sartan,roomy,False,,
erysartan,False,ngram_guided,3,67.61,69.3,moderate,-14.3,0.7,reassortant,0.7043,4,INTRA_STEM_TOO_CLOSE|TRADEMARK_HIT,SIMILARITY_MODERATE,,erysartan,0.0,1.0,0.889,1.0,1.0,0.983,0.049,angiotensin II receptor antagonist,generic,-sartan,roomy,False,,
sultosartan,False,ngram_guided,3,61.87,66.56,moderate,-11.56,3.44,losortan,0.8288,4,TRADEMARK_HIT,SIMILARITY_MODERATE,,sultosartan,0.0,0.45,0.975,1.0,1.0,0.952,0.671,angiotensin II receptor antagonist,generic,-sartan,roomy,False,,
thensartan,False,ngram_guided,3,64.71,67.16,moderate,-12.16,2.84,prexxartan,0.7644,3,TRADEMARK_HIT,SIMILARITY_MODERATE,,thensartan,0.0,0.6,0.951,1.0,1.0,0.873,0.811,angiotensin II receptor antagonist,generic,-sartan,roomy,False,,
thiasartan,False,ngram_guided,3,64.5,61.01,moderate,-6.01,8.99,thiafentanil,0.6923,4,TRADEMARK_HIT,SIMILARITY_MODERATE,,thiasartan,0.0,0.6,0.975,1.0,1.0,0.998,0.552,angiotensin II receptor antagonist,generic,-sartan,roomy,False,,
bacitusartan,True,ngram_guided,3,62.61,60.97,moderate,-5.97,9.03,macitentan,0.7357,5,,SIMILARITY_MODERATE,,bacitusartan,0.0,0.517,1.0,1.0,1.0,0.731,0.852,angiotensin II receptor antagonist,generic,-sartan,roomy,True,,
omosartan,False,ngram_guided,3,70.58,70.94,high,-15.94,-0.94,losortan,0.6924,4,SIMILARITY_TOO_HIGH|INTRA_STEM_TOO_CLOSE|TRADEMARK_HIT,,,omosartan,0.0,1.0,1.0,1.0,1.0,0.983,0.25,angiotensin II receptor antagonist,generic,-sartan,roomy,False,,
sibutsartan,False,ngram_guided,3,58.77,60.01,moderate,-5.01,9.99,prexxartan,0.6072,4,TRADEMARK_HIT,SIMILARITY_MODERATE,,sibutsartan,0.0,0.45,0.975,1.0,1.0,0.952,0.228,angiotensin II receptor antagonist,generic,-sartan,roomy,False,,
zafisartan,False,ngram_guided,3,61.48,67.53,moderate,-12.53,2.47,bafiertam,0.6493,4,TRADEMARK_HIT,SIMILARITY_MODERATE,,zafisartan,0.0,0.6,1.0,1.0,1.0,0.998,0.072,angiotensin II receptor antagonist,generic,-sartan,roomy,False,,
zopisartan,False,ngram_guided,3,67.81,62.31,moderate,-7.31,7.69,losortan,0.64,4,TRADEMARK_HIT,SIMILARITY_MODERATE,,zopisartan,0.0,0.6,1.0,1.0,1.0,0.998,0.977,angiotensin II receptor antagonist,generic,-sartan,roomy,False,,
dulsartan,False,ngram_guided,3,69.48,65.58,moderate,-10.58,4.42,losortan,0.6724,3,INTRA_STEM_TOO_CLOSE|TRADEMARK_HIT,SIMILARITY_MODERATE,,dulsartan,0.0,1.0,0.975,1.0,1.0,0.858,0.321,angiotensin II receptor antagonist,generic,-sartan,roomy,False,,
cucursartan,True,ngram_guided,3,58.81,60.02,moderate,-5.02,9.98,prexxartan,0.6535,4,,SIMILARITY_MODERATE,,cucursartan,0.0,0.45,0.975,1.0,1.0,0.952,0.233,angiotensin II receptor antagonist,generic,-sartan,roomy,False,,
emisartan,False,ngram_guided+refined,3,69.82,65.86,moderate,-10.86,4.14,olmesartran,0.6669,4,INTRA_STEM_TOO_CLOSE|TRADEMARK_HIT,SIMILARITY_MODERATE,erisartan,erisartan -> emisartan,0.0,1.0,1.0,1.0,1.0,0.983,0.142,angiotensin II receptor antagonist,generic,-sartan,roomy,False,,
ehisartan,False,ngram_guided+refined,3,68.83,62.32,moderate,-7.32,7.68,histastat,0.6044,4,TRADEMARK_HIT,SIMILARITY_MODERATE,erisartan,erisartan -> emisartan -> ehisartan,0.0,1.0,1.0,1.0,1.0,0.983,0.0,angiotensin II receptor antagonist,generic,-sartan,roomy,False,,
ecisartan,False,ngram_guided+refined,3,68.83,63.67,moderate,-8.67,6.33,citrtae,0.6385,4,TRADEMARK_HIT,SIMILARITY_MODERATE,erisartan,erisartan -> emisartan -> ehisartan -> ecisartan,0.0,1.0,1.0,1.0,1.0,0.983,0.0,angiotensin II receptor antagonist,generic,-sartan,roomy,False,,
omesartan,False,ngram_guided+refined,3,70.13,74.99,high,-19.99,-4.99,olmesartran,0.6539,4,SIMILARITY_TOO_HIGH|INTRA_STEM_TOO_CLOSE|TRADEMARK_HIT,,omosartan,omosartan -> omesartan,0.0,1.0,1.0,1.0,1.0,0.983,0.186,angiotensin II receptor antagonist,generic,-sartan,roomy,False,,
umesartan,False,ngram_guided+refined,3,68.83,72.72,high,-17.72,-2.72,olmesartran,0.6162,4,SIMILARITY_TOO_HIGH|INTRA_STEM_TOO_CLOSE|TRADEMARK_HIT,,omosartan,omosartan -> omesartan -> umesartan,0.0,1.0,1.0,1.0,1.0,0.983,0.0,angiotensin II receptor antagonist,generic,-sartan,roomy,False,,
uvesartan,False,ngram_guided+refined,3,68.83,65.33,moderate,-10.33,4.67,prexxartan,0.6081,4,INTRA_STEM_TOO_CLOSE|TRADEMARK_HIT,SIMILARITY_MODERATE,omosartan,omosartan -> omesartan -> umesartan -> uvesartan,0.0,1.0,1.0,1.0,1.0,0.983,0.0,angiotensin II receptor antagonist,generic,-sartan,roomy,False,,
teqesartan,False,grammar+refined,3,60.98,66.63,moderate,-11.63,3.37,prexxartan,0.6048,4,INTRA_STEM_TOO_CLOSE|TRADEMARK_HIT,SIMILARITY_MODERATE,tetesartan,tetesartan -> teqesartan,0.0,0.6,1.0,1.0,1.0,0.998,0.0,angiotensin II receptor antagonist,generic,-sartan,roomy,False,,
tegesartan,False,grammar+refined,3,61.13,64.92,moderate,-9.92,5.08,prexxartan,0.6802,4,INTRA_STEM_TOO_CLOSE|TRADEMARK_HIT,SIMILARITY_MODERATE,tetesartan,tetesartan -> teqesartan -> tegesartan,0.0,0.6,1.0,1.0,1.0,0.998,0.021,angiotensin II receptor antagonist,generic,-sartan,roomy,False,,
tigesartan,False,grammar+refined,3,62.43,63.85,moderate,-8.85,6.15,prexxartan,0.6881,4,INTRA_STEM_TOO_CLOSE|TRADEMARK_HIT,SIMILARITY_MODERATE,tetesartan,tetesartan -> teqesartan -> tegesartan -> tigesartan,0.0,0.6,1.0,1.0,1.0,0.998,0.207,angiotensin II receptor antagonist,generic,-sartan,roomy,False,,
dolsartan,False,ngram_guided+refined,3,67.3,69.92,moderate,-14.92,0.08,losortan,0.6909,3,INTRA_STEM_TOO_CLOSE|TRADEMARK_HIT,SIMILARITY_MODERATE,dulsartan,dulsartan -> dolsartan,0.0,1.0,0.975,1.0,1.0,0.858,0.01,angiotensin II receptor antagonist,generic,-sartan,roomy,False,,
delsartan,False,ngram_guided+refined,3,69.61,65.58,moderate,-10.58,4.42,losortan,0.6957,3,INTRA_STEM_TOO_CLOSE|TRADEMARK_HIT,SIMILARITY_MODERATE,dulsartan,dulsartan -> dolsartan -> delsartan,0.0,1.0,0.975,1.0,1.0,0.858,0.339,angiotensin II receptor antagonist,generic,-sartan,roomy,False,,
dalsartan,False,ngram_guided+refined,3,73.2,77.18,high,-22.18,-7.18,valsartan,0.6985,3,SIMILARITY_TOO_HIGH|INTRA_STEM_TOO_CLOSE|TRADEMARK_HIT,,dulsartan,dulsartan -> dolsartan -> delsartan -> dalsartan,0.0,1.0,0.975,1.0,1.0,0.858,0.852,angiotensin II receptor antagonist,generic,-sartan,roomy,False,,
afusartan,False,ngram_guided+refined,3,68.83,62.87,moderate,-7.87,7.13,aspartame,0.6417,4,TRADEMARK_HIT,SIMILARITY_MODERATE,avusartan,avusartan -> afusartan,0.0,1.0,1.0,1.0,1.0,0.983,0.0,angiotensin II receptor antagonist,generic,-sartan,roomy,False,,
atusartan,False,ngram_guided+refined,3,68.88,62.29,moderate,-7.29,7.71,losortan,0.6806,4,TRADEMARK_HIT,SIMILARITY_MODERATE,avusartan,avusartan -> afusartan -> atusartan,0.0,1.0,1.0,1.0,1.0,0.983,0.007,angiotensin II receptor antagonist,generic,-sartan,roomy,False,,
agusartan,False,ngram_guided+refined,3,68.83,62.29,moderate,-7.29,7.71,losortan,0.6667,4,TRADEMARK_HIT,SIMILARITY_MODERATE,avusartan,avusartan -> afusartan -> atusartan -> agusartan,0.0,1.0,1.0,1.0,1.0,0.983,0.0,angiotensin II receptor antagonist,generic,-sartan,roomy,False,,
fovosartan,False,grammar+refined,3,68.99,66.96,moderate,-11.96,3.04,losortan,0.6663,4,INTRA_STEM_TOO_CLOSE|TRADEMARK_HIT,SIMILARITY_MODERATE,fevosartan,fevosartan -> fovosartan,0.0,1.0,1.0,1.0,1.0,0.998,0.001,angiotensin II receptor antagonist,generic,-sartan,roomy,False,,
fokosartan,False,grammar+refined,3,68.98,64.72,moderate,-9.72,5.28,losortan,0.6139,4,TRADEMARK_HIT,SIMILARITY_MODERATE,fevosartan,fevosartan -> fovosartan -> fokosartan,0.0,1.0,1.0,1.0,1.0,0.998,0.0,angiotensin II receptor antagonist,generic,-sartan,roomy,False,,
fozosartan,False,grammar+refined,3,69.0,67.78,moderate,-12.78,2.22,losortan,0.6263,4,INTRA_STEM_TOO_CLOSE|TRADEMARK_HIT,SIMILARITY_MODERATE,fevosartan,fevosartan -> fovosartan -> fokosartan -> fozosartan,0.0,1.0,1.0,1.0,1.0,0.998,0.003,angiotensin II receptor antagonist,generic,-sartan,roomy,False,,
vecosartan,False,grammar+refined,3,69.06,66.88,moderate,-11.88,3.12,prexxartan,0.7392,4,INTRA_STEM_TOO_CLOSE|TRADEMARK_HIT,SIMILARITY_MODERATE,vocosartan,vocosartan -> vecosartan,0.0,1.0,1.0,1.0,1.0,0.998,0.012,angiotensin II receptor antagonist,generic,-sartan,roomy,False,,
veposartan,False,grammar+refined,3,68.98,64.72,moderate,-9.72,5.28,losortan,0.6552,4,INTRA_STEM_TOO_CLOSE|TRADEMARK_HIT,SIMILARITY_MODERATE,vocosartan,vocosartan -> vecosartan -> veposartan,0.0,1.0,1.0,1.0,1.0,0.998,0.0,angiotensin II receptor antagonist,generic,-sartan,roomy,False,,
vaposartan,False,grammar+refined,3,60.99,64.72,moderate,-9.72,5.28,losortan,0.6694,4,INTRA_STEM_TOO_CLOSE|TRADEMARK_HIT,SIMILARITY_MODERATE,vocosartan,vocosartan -> vecosartan -> veposartan -> vaposartan,0.0,0.6,1.0,1.0,1.0,0.998,0.001,angiotensin II receptor antagonist,generic,-sartan,roomy,False,,
orisartan,False,grammar+refined,3,70.04,68.13,moderate,-13.13,1.87,prexxartan,0.7057,4,TRADEMARK_HIT,SIMILARITY_MODERATE,orosartan,orosartan -> orisartan,0.0,1.0,1.0,1.0,1.0,0.983,0.173,angiotensin II receptor antagonist,generic,-sartan,roomy,False,,
onisartan,False,grammar+refined,3,68.83,68.37,moderate,-13.37,1.63,conivaptan,0.6571,4,TRADEMARK_HIT,SIMILARITY_MODERATE,orosartan,orosartan -> orisartan -> onisartan,0.0,1.0,1.0,1.0,1.0,0.983,0.0,angiotensin II receptor antagonist,generic,-sartan,roomy,False,,
ojisartan,False,grammar+refined,3,68.83,61.74,moderate,-6.74,8.26,losortan,0.6052,4,TRADEMARK_HIT,SIMILARITY_MODERATE,orosartan,orosartan -> orisartan -> onisartan -> ojisartan,0.0,1.0,1.0,1.0,1.0,0.983,0.0,angiotensin II receptor antagonist,generic,-sartan,roomy,False,,
maxovaptan,True,grammar,1,68.99,55.43,moderate,-0.43,14.57,travatan,0.6135,4,,SIMILARITY_MODERATE,,maxovaptan,0.0,1.0,1.0,1.0,1.0,0.998,0.001,vasopressin receptor antagonist,generic,-vaptan,roomy,True,,
tatuvaptan,False,grammar,1,60.99,59.95,moderate,-4.95,10.05,travatan,0.6489,4,TRADEMARK_HIT,SIMILARITY_MODERATE,,tatuvaptan,0.0,0.6,1.0,1.0,1.0,0.998,0.001,vasopressin receptor antagonist,generic,-vaptan,roomy,False,,
purzepruvaptan,True,grammar,1,58.1,55.28,moderate,-0.28,14.72,eprosartan,0.6535,5,,SIMILARITY_MODERATE,,purzepruvaptan,0.0,0.8,0.845,1.0,1.0,0.527,0.0,vasopressin receptor antagonist,generic,-vaptan,roomy,False,,
ebovaptan,False,grammar,1,68.83,71.79,high,-16.79,-1.79,obovata,0.6323,4,SIMILARITY_TOO_HIGH|TRADEMARK_HIT,,,ebovaptan,0.0,1.0,1.0,1.0,1.0,0.983,0.0,vasopressin receptor antagonist,generic,-vaptan,roomy,False,,
cyxonovaptan,True,grammar,1,67.49,52.15,low,2.85,17.85,obovata,0.6061,5,,,,cyxonovaptan,0.114,1.0,0.889,1.0,1.0,0.731,0.001,vasopressin receptor antagonist,generic,-vaptan,roomy,True,,
mulovaptan,False,grammar,1,61.07,61.85,moderate,-6.85,8.15,lovastatin,0.6741,4,TRADEMARK_HIT,SIMILARITY_MODERATE,,mulovaptan,0.0,0.6,1.0,1.0,1.0,0.998,0.013,vasopressin receptor antagonist,generic,-vaptan,roomy,False,,
vilovaptan,False,grammar,1,67.97,65.33,moderate,-10.33,4.67,ilomastat,0.6607,4,TRADEMARK_HIT,SIMILARITY_MODERATE,,vilovaptan,0.0,0.6,1.0,1.0,1.0,0.998,0.999,vasopressin receptor antagonist,generic,-vaptan,roomy,False,,
larravaptan,True,grammar,1,61.8,68.81,moderate,-13.81,1.19,travatan,0.6589,4,,SIMILARITY_MODERATE,,larravaptan,0.0,0.68,0.975,1.0,1.0,0.952,0.003,vasopressin receptor antagonist,generic,-vaptan,roomy,False,,
coneclevaptan,True,grammar,1,59.8,54.0,low,1.0,16.0,conivaptan,0.7078,5,,,,coneclevaptan,0.04,0.771,0.869,1.0,1.0,0.624,0.0,vasopressin receptor antagonist,generic,-vaptan,roomy,False,,
tocevaptan,False,grammar,1,65.25,62.35,moderate,-7.35,7.65,travatan,0.6233,4,INTRA_STEM_TOO_CLOSE|TRADEMARK_HIT,SIMILARITY_MODERATE,,tocevaptan,0.0,0.6,1.0,1.0,1.0,0.998,0.611,vasopressin receptor antagonist,generic,-vaptan,roomy,False,,
gidivaptan,False,grammar,1,68.98,59.67,moderate,-4.67,10.33,zioptan,0.6259,4,INTRA_STEM_TOO_CLOSE,SIMILARITY_MODERATE,,gidivaptan,0.0,1.0,1.0,1.0,1.0,0.998,0.0,vasopressin receptor antagonist,generic,-vaptan,roomy,False,,
samivaptan,False,grammar,1,64.17,66.46,moderate,-11.46,3.54,amivantamab,0.7353,4,INTRA_STEM_TOO_CLOSE,SIMILARITY_MODERATE,,samivaptan,0.0,0.6,1.0,1.0,1.0,0.998,0.456,vasopressin receptor antagonist,generic,-vaptan,roomy,False,,
intucavaptan,True,grammar,1,61.05,59.34,moderate,-4.34,10.66,anticavity,0.6177,5,,SIMILARITY_MODERATE,,intucavaptan,0.0,0.733,0.975,1.0,1.0,0.731,0.06,vasopressin receptor antagonist,generic,-vaptan,roomy,False,,
nerfevaptan,True,grammar,1,61.79,59.39,moderate,-4.39,10.61,surfactant,0.6208,4,,SIMILARITY_MODERATE,,nerfevaptan,0.0,0.68,0.975,1.0,1.0,0.952,0.001,vasopressin receptor antagonist,generic,-vaptan,roomy,False,,
sirnovaptan,True,grammar,1,68.18,57.85,moderate,-2.85,12.15,simvastatin,0.605,4,,SIMILARITY_MODERATE,,sirnovaptan,0.0,1.0,0.975,1.0,1.0,0.952,0.0,vasopressin receptor antagonist,generic,-vaptan,roomy,True,,
zitruvaptan,True,grammar,1,60.08,65.71,moderate,-10.71,4.29,travatan,0.624,4,,SIMILARITY_MODERATE,,zitruvaptan,0.0,0.68,0.854,1.0,1.0,0.952,0.0,vasopressin receptor antagonist,generic,-vaptan,roomy,False,,
norevaptan,False,grammar,1,61.01,66.18,moderate,-11.18,3.82,travatan,0.658,4,TRADEMARK_HIT,SIMILARITY_MODERATE,,norevaptan,0.0,0.6,1.0,1.0,1.0,0.998,0.004,vasopressin receptor antagonist,generic,-vaptan,roomy,False,,
semnivaptan,False,grammar,1,63.14,56.57,moderate,-1.57,13.43,sumatriptan,0.6381,4,INTRA_STEM_TOO_CLOSE,SIMILARITY_MODERATE,,semnivaptan,0.0,0.68,0.975,1.0,1.0,0.952,0.195,vasopressin receptor antagonist,generic,-vaptan,roomy,False,,
bapiivaptan,True,grammar,1,67.21,60.52,moderate,-5.52,9.48,avacincaptad,0.6021,5,,SIMILARITY_MODERATE,,bapiivaptan,0.0,1.0,1.0,1.0,1.0,0.821,0.0,vasopressin receptor antagonist,generic,-vaptan,roomy,True,,
kilfivaptan,True,grammar,1,61.78,56.89,moderate,-1.89,13.11,calfactant,0.6027,4,,SIMILARITY_MODERATE,,kilfivaptan,0.0,0.68,0.975,1.0,1.0,0.952,0.0,vasopressin receptor antagonist,generic,-vaptan,roomy,False,,
ixovaptan,False,grammar,1,68.83,59.77,moderate,-4.77,10.23,captan,0.6046,4,TRADEMARK_HIT,SIMILARITY_MODERATE,,ixovaptan,0.0,1.0,1.0,1.0,1.0,0.983,0.0,vasopressin receptor antagonist,generic,-vaptan,roomy,False,,
lidadevaptan,True,grammar,1,60.98,60.63,moderate,-5.63,9.37,zidebactam,0.6396,5,,SIMILARITY_MODERATE,,lidadevaptan,0.0,0.733,1.0,1.0,1.0,0.731,0.0,vasopressin receptor antagonist,generic,-vaptan,roomy,False,,
pixovaptan,True,grammar,1,68.98,59.36,moderate,-4.36,10.64,pitavastatin,0.606,4,,SIMILARITY_MODERATE,,pixovaptan,0.0,1.0,1.0,1.0,1.0,0.998,0.0,vasopressin receptor antagonist,generic,-vaptan,roomy,True,,
hecravaptan,False,grammar,1,66.48,71.67,high,-16.67,-1.67,travatan,0.6311,4,SIMILARITY_TOO_HIGH|TRADEMARK_HIT,,,hecravaptan,0.0,1.0,0.854,1.0,1.0,0.952,0.0,vasopressin receptor antagonist,generic,-vaptan,roomy,False,,
travaptan,False,ngram_guided,1,67.17,89.69,high,-34.69,-19.69,travatan,0.7605,3,SIMILARITY_TOO_HIGH|INTRA_STEM_TOO_CLOSE|TRADEMARK_HIT,,,travaptan,0.0,1.0,0.829,1.0,1.0,0.858,0.283,vasopressin receptor antagonist,generic,-vaptan,roomy,False,,
testvaptan,False,ngram_guided,1,61.74,64.82,moderate,-9.82,5.18,testolactone,0.6081,3,TRADEMARK_HIT,SIMILARITY_MODERATE,,testvaptan,0.0,0.6,0.788,1.0,1.0,0.873,0.711,vasopressin receptor antagonist,generic,-vaptan,roomy,False,,
neparvovaptan,True,ngram_guided,1,50.37,69.85,moderate,-14.85,0.15,neparvovec,0.6732,5,,SIMILARITY_MODERATE,,neparvovaptan,0.0,0.15,0.975,1.0,1.0,0.624,0.354,vasopressin receptor antagonist,generic,-vaptan,roomy,False,,
sotvaptan,False,ngram_guided,1,72.48,63.25,moderate,-8.25,6.75,captan,0.6048,3,INTRA_STEM_TOO_CLOSE|TRADEMARK_HIT,SIMILARITY_MODERATE,,sotvaptan,0.0,1.0,0.975,1.0,1.0,0.858,0.75,vasopressin receptor antagonist,generic,-vaptan,roomy,False,,
zuralavaptan,True,ngram_guided,1,56.96,60.44,moderate,-5.44,9.56,travatan,0.6468,5,,SIMILARITY_MODERATE,,zuralavaptan,0.0,0.517,1.0,1.0,1.0,0.731,0.046,vasopressin receptor antagonist,generic,-vaptan,roomy,False,,
bacavaptan,True,ngram_guided,1,65.73,63.38,moderate,-8.38,6.62,travatan,0.6787,4,,SIMILARITY_MODERATE,,bacavaptan,0.0,0.6,1.0,1.0,1.0,0.998,0.678,vasopressin receptor antagonist,generic,-vaptan,roomy,True,,
ibuvaptan,True,ngram_guided,1,73.15,61.76,moderate,-6.76,8.24,obovata,0.6226,4,,SIMILARITY_MODERATE,,ibuvaptan,0.0,1.0,1.0,1.0,1.0,0.983,0.618,vasopressin receptor antagonist,generic,-vaptan,roomy,True,,
ensaribovaptan,True,ngram_guided,1,60.46,53.37,low,1.63,16.63,naratriptan,0.6562,6,,,,ensaribovaptan,0.065,0.6,0.975,1.0,1.0,0.309,0.736,vasopressin receptor antagonist,generic,-vaptan,roomy,False,,
imexvaptan,True,ngram_guided,1,59.75,59.31,moderate,-4.31,10.69,prexxartan,0.6039,4,,SIMILARITY_MODERATE,,imexvaptan,0.0,0.6,0.9,1.0,1.0,0.998,0.026,vasopressin receptor antagonist,generic,-vaptan,roomy,False,,
ramilovaptan,True,ngram_guided,1,54.27,58.4,moderate,-3.4,11.6,amiloxate,0.6951,5,,SIMILARITY_MODERATE,,ramilovaptan,0.0,0.517,1.0,1.0,0.53,0.731,0.735,vasopressin receptor antagonist,generic,-vaptan,roomy,False,,
odrovaptan,True,ngram_guided,1,60.09,68.02,moderate,-13.02,1.98,travatan,0.6354,4,,SIMILARITY_MODERATE,,odrovaptan,0.0,0.6,0.854,1.0,1.0,0.998,0.165,vasopressin receptor antagonist,generic,-vaptan,roomy,False,,
gefibrikvaptan,True,ngram_guided,1,56.8,52.52,low,2.48,17.48,fimbriata,0.606,5,,,,gefibrikvaptan,0.099,0.6,0.845,1.0,1.0,0.527,0.046,vasopressin receptor antagonist,generic,-vaptan,roomy,False,,
degavaptan,True,ngram_guided,1,64.0,66.03,moderate,-11.03,3.97,gamastan,0.6496,4,,SIMILARITY_MODERATE,,degavaptan,0.0,0.6,1.0,1.0,1.0,0.998,0.432,vasopressin receptor antagonist,generic,-vaptan,roomy,True,,
nilvavaptan,True,ngram_guided,1,58.74,65.64,moderate,-10.64,4.36,nilvadipine,0.6108,4,,SIMILARITY_MODERATE,,nilvavaptan,0.0,0.45,0.975,0.8,1.0,0.952,0.48,vasopressin receptor antagonist,generic,-vaptan,roomy,False,,
lidotvaptan,True,ngram_guided,1,57.9,63.0,moderate,-8.0,7.0,rizatriptan,0.6083,4,,SIMILARITY_MODERATE,,lidotvaptan,0.0,0.45,0.975,1.0,1.0,0.952,0.103,vasopressin receptor antagonist,generic,-vaptan,roomy,False,,
provaptan,False,ngram_guided,1,66.54,73.5,high,-18.5,-3.5,travatan,0.7263,3,SIMILARITY_TOO_HIGH|TRADEMARK_HIT,,,provaptan,0.0,1.0,0.829,1.0,1.0,0.858,0.194,vasopressin receptor antagonist,generic,-vaptan,roomy,False,,
panilovaptan,True,ngram_guided,1,67.97,58.35,moderate,-3.35,11.65,azilsartan,0.6964,5,,SIMILARITY_MODERATE,,panilovaptan,0.0,0.733,1.0,1.0,1.0,0.731,0.999,vasopressin receptor antagonist,generic,-vaptan,roomy,True,,
josampivaptan,True,ngram_guided,1,56.98,56.37,moderate,-1.37,13.63,fosaprepitant,0.6622,5,,SIMILARITY_MODERATE,,josampivaptan,0.0,0.564,0.975,1.0,1.0,0.624,0.114,vasopressin receptor antagonist,generic,-vaptan,roomy,False,,
temavaptan,False,ngram_guided,1,64.78,71.51,high,-16.51,-1.51,temazepam,0.6701,4,SIMILARITY_TOO_HIGH|TRADEMARK_HIT,,,temavaptan,0.0,0.6,1.0,1.0,1.0,0.998,0.543,vasopressin receptor antagonist,generic,-vaptan,roomy,False,,
pralmevaptan,True,ngram_guided,1,59.11,62.22,moderate,-7.22,7.78,olmesartan,0.6569,4,,SIMILARITY_MODERATE,,pralmevaptan,0.0,0.517,0.83,1.0,1.0,0.862,0.506,vasopressin receptor antagonist,generic,-vaptan,roomy,False,,
fluocinavaptan,True,ngram_guided,1,38.75,63.01,moderate,-8.01,6.99,lucinactant,0.7565,6,,SIMILARITY_MODERATE,,fluocinavaptan,0.0,0.2,0.879,1.0,0.53,0.309,0.266,vasopressin receptor antagonist,generic,-vaptan,roomy,False,,
tovobinevaptan,True,ngram_guided,1,58.37,55.35,moderate,-0.35,14.65,avacincaptad,0.6312,6,,SIMILARITY_MODERATE,,tovobinevaptan,0.0,0.6,1.0,1.0,1.0,0.309,0.611,vasopressin receptor antagonist,generic,-vaptan,roomy,False,,
palomiplvaptan,True,ngram_guided,1,56.26,56.4,moderate,-1.4,13.6,zolmitriptan,0.6295,5,,SIMILARITY_MODERATE,,palomiplvaptan,0.0,0.6,0.828,1.0,1.0,0.527,0.341,vasopressin receptor antagonist,generic,-vaptan,roomy,False,,
ozanitavaptan,True,ngram_guided,1,56.48,60.07,moderate,-5.07,9.93,zanidatamab,0.6627,6,,SIMILARITY_MODERATE,,ozanitavaptan,0.0,0.564,1.0,1.0,1.0,0.406,0.305,vasopressin receptor antagonist,generic,-vaptan,roomy,False,,
satvaptan,False,ngram_guided+refined,1,67.31,63.25,moderate,-8.25,6.75,captan,0.6041,3,TRADEMARK_HIT,SIMILARITY_MODERATE,sotvaptan,sotvaptan -> satvaptan,0.0,1.0,0.975,1.0,1.0,0.858,0.011,vasopressin receptor antagonist,generic,-vaptan,roomy,False,,
gudivaptan,False,grammar+refined,1,68.98,59.67,moderate,-4.67,10.33,zioptan,0.6151,4,INTRA_STEM_TOO_CLOSE,SIMILARITY_MODERATE,gidivaptan,gidivaptan -> gudivaptan,0.0,1.0,1.0,1.0,1.0,0.998,0.0,vasopressin receptor antagonist,generic,-vaptan,roomy,False,,
gadivaptan,False,grammar+refined,1,68.99,63.17,moderate,-8.17,6.83,gamastan,0.6818,4,INTRA_STEM_TOO_CLOSE,SIMILARITY_MODERATE,gidivaptan,gidivaptan -> gudivaptan -> gadivaptan,0.0,1.0,1.0,1.0,1.0,0.998,0.001,vasopressin receptor antagonist,generic,-vaptan,roomy,False,,
godivaptan,False,grammar+refined,1,60.99,65.0,moderate,-10.0,5.0,conivaptan,0.6428,4,INTRA_STEM_TOO_CLOSE,SIMILARITY_MODERATE,gidivaptan,gidivaptan -> gudivaptan -> gadivaptan -> godivaptan,0.0,0.6,1.0,1.0,1.0,0.998,0.001,vasopressin receptor antagonist,generic,-vaptan,roomy,False,,
erovaptan,False,grammar+refined,1,68.91,68.94,moderate,-13.94,1.06,travatan,0.6464,4,TRADEMARK_HIT,SIMILARITY_MODERATE,ebovaptan,ebovaptan -> erovaptan,0.0,1.0,1.0,1.0,1.0,0.983,0.012,vasopressin receptor antagonist,generic,-vaptan,roomy,False,,
elovaptan,False,grammar+refined,1,70.77,66.96,moderate,-11.96,3.04,losartan,0.6475,4,INTRA_STEM_TOO_CLOSE|TRADEMARK_HIT,SIMILARITY_MODERATE,ebovaptan,ebovaptan -> erovaptan -> elovaptan,0.0,1.0,1.0,1.0,1.0,0.983,0.277,vasopressin receptor antagonist,generic,-vaptan,roomy,False,,
esovaptan,False,grammar+refined,1,69.75,61.89,moderate,-6.89,8.11,obovata,0.6215,4,TRADEMARK_HIT,SIMILARITY_MODERATE,ebovaptan,ebovaptan -> erovaptan -> elovaptan -> esovaptan,0.0,1.0,1.0,1.0,1.0,0.983,0.132,vasopressin receptor antagonist,generic,-vaptan,roomy,False,,
ilovaptan,False,grammar+refined,1,72.7,71.51,high,-16.51,-1.51,ilomastat,0.6303,4,SIMILARITY_TOO_HIGH|INTRA_STEM_TOO_CLOSE|TRADEMARK_HIT,,ixovaptan,ixovaptan -> ilovaptan,0.0,1.0,1.0,1.0,1.0,0.983,0.553,vasopressin receptor antagonist,generic,-vaptan,roomy,False,,
ilivaptan,False,grammar+refined,1,68.88,63.37,moderate,-8.37,6.63,zioptan,0.6381,4,INTRA_STEM_TOO_CLOSE|TRADEMARK_HIT,SIMILARITY_MODERATE,ixovaptan,ixovaptan -> ilovaptan -> ilivaptan,0.0,1.0,1.0,1.0,1.0,0.983,0.007,vasopressin receptor antagonist,generic,-vaptan,roomy,False,,
ijivaptan,False,grammar+refined,1,68.83,65.75,moderate,-10.75,4.25,zioptan,0.6098,4,INTRA_STEM_TOO_CLOSE,SIMILARITY_MODERATE,ixovaptan,ixovaptan -> ilovaptan -> ilivaptan -> ijivaptan,0.0,1.0,1.0,1.0,1.0,0.983,0.0,vasopressin receptor antagonist,generic,-vaptan,roomy,False,,
valovaptan,False,grammar+refined,1,66.47,68.98,moderate,-13.98,1.02,valsartan,0.6801,4,TRADEMARK_HIT,SIMILARITY_MODERATE,vilovaptan,vilovaptan -> valovaptan,0.0,0.6,1.0,1.0,1.0,0.998,0.784,vasopressin receptor antagonist,generic,-vaptan,roomy,False,,
vulovaptan,False,grammar+refined,1,68.98,61.85,moderate,-6.85,8.15,lovastatin,0.6425,4,TRADEMARK_HIT,SIMILARITY_MODERATE,vilovaptan,vilovaptan -> valovaptan -> vulovaptan,0.0,1.0,1.0,1.0,1.0,0.998,0.0,vasopressin receptor antagonist,generic,-vaptan,roomy,False,,
volovaptan,False,grammar+refined,1,61.0,61.85,moderate,-6.85,8.15,lovastatin,0.6434,4,INTRA_STEM_TOO_CLOSE|TRADEMARK_HIT,SIMILARITY_MODERATE,vilovaptan,vilovaptan -> valovaptan -> vulovaptan -> volovaptan,0.0,0.6,1.0,1.0,1.0,0.998,0.003,vasopressin receptor antagonist,generic,-vaptan,roomy,False,,
truvaptan,False,ngram_guided+refined,1,65.26,76.47,high,-21.47,-6.47,travatan,0.686,3,SIMILARITY_TOO_HIGH|INTRA_STEM_TOO_CLOSE|TRADEMARK_HIT,,travaptan,travaptan -> truvaptan,0.0,1.0,0.829,1.0,1.0,0.858,0.011,vasopressin receptor antagonist,generic,-vaptan,roomy,False,,
twuvaptan,False,ngram_guided+refined,1,65.19,66.78,moderate,-11.78,3.22,travatan,0.6091,3,INTRA_STEM_TOO_CLOSE|TRADEMARK_HIT,SIMILARITY_MODERATE,travaptan,travaptan -> truvaptan -> twuvaptan,0.0,1.0,0.829,1.0,1.0,0.858,0.0,vasopressin receptor antagonist,generic,-vaptan,roomy,False,,
tfuvaptan,False,ngram_guided+refined,1,64.45,62.99,moderate,-7.99,7.01,travatan,0.5318,3,TRADEMARK_HIT,SIMILARITY_MODERATE|ILLEGAL_ONSET_CLUSTER,travaptan,travaptan -> truvaptan -> twuvaptan -> tfuvaptan,0.0,1.0,0.776,1.0,1.0,0.858,0.0,vasopressin receptor antagonist,generic,-vaptan,roomy,False,,
pravaptan,False,ngram_guided+refined,1,67.46,84.09,high,-29.09,-14.09,travatan,0.7195,3,SIMILARITY_TOO_HIGH|TRADEMARK_HIT,,provaptan,provaptan -> pravaptan,0.0,1.0,0.829,1.0,1.0,0.858,0.325,vasopressin receptor antagonist,generic,-vaptan,roomy,False,,
privaptan,False,ngram_guided+refined,1,69.0,73.45,high,-18.45,-3.45,travatan,0.7025,3,SIMILARITY_TOO_HIGH|TRADEMARK_HIT,,provaptan,provaptan -> pravaptan -> privaptan,0.0,1.0,0.829,1.0,1.0,0.858,0.545,vasopressin receptor antagonist,generic,-vaptan,roomy,False,,
prevaptan,False,ngram_guided+refined,1,67.92,75.82,high,-20.82,-5.82,travatan,0.714,3,SIMILARITY_TOO_HIGH|TRADEMARK_HIT,,provaptan,provaptan -> pravaptan -> privaptan -> prevaptan,0.0,1.0,0.829,1.0,1.0,0.858,0.391,vasopressin receptor antagonist,generic,-vaptan,roomy,False,,
hecjavaptan,True,grammar+refined,1,68.18,61.76,moderate,-6.76,8.24,travatan,0.6085,4,,SIMILARITY_MODERATE,hecravaptan,hecravaptan -> hecjavaptan,0.0,1.0,0.975,1.0,1.0,0.952,0.0,vasopressin receptor antagonist,generic,-vaptan,roomy,True,,
maxodipine,False,grammar,1,68.99,75.23,high,-20.23,-5.23,moxonidine,0.8036,4,SIMILARITY_TOO_HIGH|TRADEMARK_HIT,,,maxodipine,0.0,1.0,1.0,1.0,1.0,0.998,0.001,dihydropyridine calcium channel blocker,generic,-dipine,roomy,False,,
tatudipine,False,grammar,1,60.99,64.09,moderate,-9.09,5.91,captodiamine,0.7236,4,INTRA_STEM_TOO_CLOSE,SIMILARITY_MODERATE,,tatudipine,0.0,0.6,1.0,1.0,1.0,0.998,0.001,dihydropyridine calcium channel blocker,generic,-dipine,roomy,False,,
purzeprudipine,True,grammar,1,58.45,58.44,moderate,-3.44,11.56,suzetrigine,0.7868,5,,SIMILARITY_MODERATE,,purzeprudipine,0.0,0.8,0.869,1.0,1.0,0.527,0.0,dihydropyridine calcium channel blocker,generic,-dipine,roomy,False,,
ebodipine,False,grammar,1,68.83,72.24,high,-17.24,-2.24,evodiamine,0.7477,4,SIMILARITY_TOO_HIGH|INTRA_STEM_TOO_CLOSE|TRADEMARK_HIT,,,ebodipine,0.0,1.0,1.0,1.0,1.0,0.983,0.0,dihydropyridine calcium channel blocker,generic,-dipine,roomy,False,,
cyxonodipine,True,grammar,1,64.76,60.54,moderate,-5.54,9.46,moxonidine,0.6487,5,,SIMILARITY_MODERATE,,cyxonodipine,0.0,1.0,0.889,1.0,1.0,0.731,0.001,dihydropyridine calcium channel blocker,generic,-dipine,roomy,False,,
mulodipine,False,grammar,1,61.07,65.22,moderate,-10.22,4.78,clonidine,0.8859,4,INTRA_STEM_TOO_CLOSE|TRADEMARK_HIT,SIMILARITY_MODERATE,,mulodipine,0.0,0.6,1.0,1.0,1.0,0.998,0.013,dihydropyridine calcium channel blocker,generic,-dipine,roomy,False,,
vilodipine,False,grammar,1,67.97,66.89,moderate,-11.89,3.11,viloxazine,0.8641,4,INTRA_STEM_TOO_CLOSE|TRADEMARK_HIT,SIMILARITY_MODERATE,,vilodipine,0.0,0.6,1.0,1.0,1.0,0.998,0.999,dihydropyridine calcium channel blocker,generic,-dipine,roomy,False,,
larradipine,False,grammar,1,62.15,70.81,high,-15.81,-0.81,loratidine,0.8323,4,SIMILARITY_TOO_HIGH|INTRA_STEM_TOO_CLOSE,,,larradipine,0.0,0.68,1.0,1.0,1.0,0.952,0.003,dihydropyridine calcium channel blocker,generic,-dipine,roomy,False,,
conecledipine,True,grammar,1,59.19,59.08,moderate,-4.08,10.92,umeclidinium,0.8232,5,,SIMILARITY_MODERATE,,conecledipine,0.0,0.771,0.894,1.0,1.0,0.624,0.0,dihydropyridine calcium channel blocker,generic,-dipine,roomy,False,,
tocedipine,False,grammar,1,65.25,65.17,moderate,-10.17,4.83,octenidine,0.8475,4,INTRA_STEM_TOO_CLOSE|TRADEMARK_HIT,SIMILARITY_MODERATE,,tocedipine,0.0,0.6,1.0,1.0,1.0,0.998,0.611,dihydropyridine calcium channel blocker,generic,-dipine,roomy,False,,
axaadipine,True,grammar,1,67.67,67.01,moderate,-12.01,2.99,roxatidine,0.6493,5,,SIMILARITY_MODERATE,,axaadipine,0.0,1.0,1.0,1.0,1.0,0.867,0.0,dihydropyridine calcium channel blocker,generic,-dipine,roomy,True,,
samidipine,False,grammar,1,64.17,70.55,high,-15.55,-0.55,famotidine,0.9713,4,SIMILARITY_TOO_HIGH|INTRA_STEM_TOO_CLOSE|TRADEMARK_HIT,,,samidipine,0.0,0.6,1.0,1.0,1.0,0.998,0.456,dihydropyridine calcium channel blocker,generic,-dipine,roomy,False,,
intucadipine,True,grammar,1,61.39,59.94,moderate,-4.94,10.06,intralipid,0.6924,5,,SIMILARITY_MODERATE,,intucadipine,0.0,0.733,1.0,1.0,1.0,0.731,0.06,dihydropyridine calcium channel blocker,generic,-dipine,roomy,False,,
nerfedipine,False,grammar,1,62.13,70.15,high,-15.15,-0.15,nifedipine,0.7697,4,SIMILARITY_TOO_HIGH|INTRA_STEM_TOO_CLOSE|TRADEMARK_HIT,,,nerfedipine,0.0,0.68,1.0,1.0,1.0,0.952,0.001,dihydropyridine calcium channel blocker,generic,-dipine,roomy,False,,
sirnodipine,False,grammar,1,68.52,61.82,moderate,-6.82,8.18,famotidine,0.6473,4,INTRA_STEM_TOO_CLOSE|TRADEMARK_HIT,SIMILARITY_MODERATE,,sirnodipine,0.0,1.0,1.0,1.0,1.0,0.952,0.0,dihydropyridine calcium channel blocker,generic,-dipine,roomy,False,,
zitrudipine,False,grammar,1,60.43,64.39,moderate,-9.39,5.61,nitrendipine,0.7443,4,INTRA_STEM_TOO_CLOSE|TRADEMARK_HIT,SIMILARITY_MODERATE,,zitrudipine,0.0,0.68,0.879,1.0,1.0,0.952,0.0,dihydropyridine calcium channel blocker,generic,-dipine,roomy,False,,
noredipine,False,grammar,1,61.01,70.07,high,-15.07,-0.07,toremifene,0.8487,4,SIMILARITY_TOO_HIGH|INTRA_STEM_TOO_CLOSE|TRADEMARK_HIT,,,noredipine,0.0,0.6,1.0,1.0,1.0,0.998,0.004,dihydropyridine calcium channel blocker,generic,-dipine,roomy,False,,
semnidipine,False,grammar,1,63.49,63.13,moderate,-8.13,6.87,fendiline,0.8096,4,INTRA_STEM_TOO_CLOSE,SIMILARITY_MODERATE,,semnidipine,0.0,0.68,1.0,1.0,1.0,0.952,0.195,dihydropyridine calcium channel blocker,generic,-dipine,roomy,False,,
bapiidipine,False,grammar,1,67.21,66.54,moderate,-11.54,3.46,bamipine,0.6092,5,INTRA_STEM_TOO_CLOSE,SIMILARITY_MODERATE,,bapiidipine,0.0,1.0,1.0,1.0,1.0,0.821,0.0,dihydropyridine calcium channel blocker,generic,-dipine,roomy,False,,
kilfidipine,False,grammar,1,62.12,62.9,moderate,-7.9,7.1,clinidine,0.635,4,INTRA_STEM_TOO_CLOSE|TRADEMARK_HIT,SIMILARITY_MODERATE,,kilfidipine,0.0,0.68,1.0,1.0,1.0,0.952,0.0,dihydropyridine calcium channel blocker,generic,-dipine,roomy,False,,
ixodipine,False,grammar,1,68.83,68.69,moderate,-13.69,1.31,moxonidine,0.7355,4,TRADEMARK_HIT,SIMILARITY_MODERATE,,ixodipine,0.0,1.0,1.0,1.0,1.0,0.983,0.0,dihydropyridine calcium channel blocker,generic,-dipine,roomy,False,,
lidadedipine,True,grammar,1,60.98,68.68,moderate,-13.68,1.32,lidamidine,0.7449,5,,SIMILARITY_MODERATE,,lidadedipine,0.0,0.733,1.0,1.0,1.0,0.731,0.0,dihydropyridine calcium channel blocker,generic,-dipine,roomy,False,,
pixodipine,False,grammar,1,68.98,67.64,moderate,-12.64,2.36,moxonidine,0.7313,4,TRADEMARK_HIT,SIMILARITY_MODERATE,,pixodipine,0.0,1.0,1.0,1.0,1.0,0.998,0.0,dihydropyridine calcium channel blocker,generic,-dipine,roomy,False,,
hecradipine,False,grammar,1,66.83,69.06,moderate,-14.06,0.94,hexamidine,0.7593,4,INTRA_STEM_TOO_CLOSE,SIMILARITY_MODERATE,,hecradipine,0.0,1.0,0.879,1.0,1.0,0.952,0.0,dihydropyridine calcium channel blocker,generic,-dipine,roomy,False,,
tradipine,False,ngram_guided,1,67.52,73.35,high,-18.35,-3.35,tradipitant,0.9648,3,SIMILARITY_TOO_HIGH|INTRA_STEM_TOO_CLOSE,,,tradipine,0.0,1.0,0.854,1.0,1.0,0.858,0.283,dihydropyridine calcium channel blocker,generic,-dipine,roomy,False,,
testdipine,True,ngram_guided,1,61.74,62.16,moderate,-7.16,7.84,cysteamine,0.6776,3,,SIMILARITY_MODERATE,,testdipine,0.0,0.6,0.788,1.0,1.0,0.873,0.711,dihydropyridine calcium channel blocker,generic,-dipine,roomy,False,,
neparvodipine,False,ngram_guided,1,50.72,66.82,moderate,-11.82,3.18,neparvovec,0.8048,5,INTRA_STEM_TOO_CLOSE|TRADEMARK_HIT,SIMILARITY_MODERATE,,neparvodipine,0.0,0.15,1.0,1.0,1.0,0.624,0.354,dihydropyridine calcium channel blocker,generic,-dipine,roomy,False,,
sotdipine,True,ngram_guided,1,72.83,69.97,moderate,-14.97,0.03,zotepine,0.6248,3,,SIMILARITY_MODERATE,,sotdipine,0.0,1.0,1.0,1.0,1.0,0.858,0.75,dihydropyridine calcium channel blocker,generic,-dipine,roomy,True,,
zuraladipine,True,ngram_guided,1,56.96,60.63,moderate,-5.63,9.37,furadantin,0.7708,5,,SIMILARITY_MODERATE,,zuraladipine,0.0,0.517,1.0,1.0,1.0,0.731,0.046,dihydropyridine calcium channel blocker,generic,-dipine,roomy,False,,
bacadipine,False,ngram_guided,1,65.73,69.64,moderate,-14.64,0.36,bamipine,0.8784,4,TRADEMARK_HIT,SIMILARITY_MODERATE,,bacadipine,0.0,0.6,1.0,1.0,1.0,0.998,0.678,dihydropyridine calcium channel blocker,generic,-dipine,roomy,False,,
ibudipine,False,ngram_guided,1,73.15,72.64,high,-17.64,-2.64,budipine,0.7694,4,SIMILARITY_TOO_HIGH|INTRA_STEM_TOO_CLOSE,,,ibudipine,0.0,1.0,1.0,1.0,1.0,0.983,0.618,dihydropyridine calcium channel blocker,generic,-dipine,roomy,False,,
ensaribodipine,True,ngram_guided,1,59.24,57.89,moderate,-2.89,12.11,brimonidine,0.7468,6,,SIMILARITY_MODERATE,,ensaribodipine,0.0,0.6,1.0,1.0,1.0,0.309,0.736,dihydropyridine calcium channel blocker,generic,-dipine,roomy,False,,
imexdipine,False,ngram_guided,1,60.1,65.53,moderate,-10.53,4.47,medicine,0.6208,4,TRADEMARK_HIT,SIMILARITY_MODERATE,,imexdipine,0.0,0.6,0.924,1.0,1.0,0.998,0.026,dihydropyridine calcium channel blocker,generic,-dipine,roomy,False,,
ramilodipine,False,ngram_guided,1,54.27,65.17,moderate,-10.17,4.83,amlodipine,0.8819,5,INTRA_STEM_TOO_CLOSE|TRADEMARK_HIT,SIMILARITY_MODERATE,,ramilodipine,0.0,0.517,1.0,1.0,0.53,0.731,0.735,dihydropyridine calcium channel blocker,generic,-dipine,roomy,False,,
odrodipine,False,ngram_guided,1,60.44,68.32,moderate,-13.32,1.68,terodiline,0.8236,4,TRADEMARK_HIT,SIMILARITY_MODERATE,,odrodipine,0.0,0.6,0.879,1.0,1.0,0.998,0.165,dihydropyridine calcium channel blocker,generic,-dipine,roomy,False,,
gefibrikdipine,True,ngram_guided,1,54.77,57.6,moderate,-2.6,12.4,defibrotide,0.6265,5,,SIMILARITY_MODERATE,,gefibrikdipine,0.0,0.6,0.869,1.0,1.0,0.527,0.046,dihydropyridine calcium channel blocker,generic,-dipine,roomy,False,,
degadipine,False,ngram_guided,1,64.0,71.07,high,-16.07,-1.07,decadiene,0.8821,4,SIMILARITY_TOO_HIGH,,,degadipine,0.0,0.6,1.0,1.0,1.0,0.998,0.432,dihydropyridine calcium channel blocker,generic,-dipine,roomy,False,,
nilvadipine,False,ngram_guided,1,60.89,100.0,high,-45.0,-30.0,nilvadipine,0.7587,4,EXACT_NAME_COLLISION|INTRA_STEM_TOO_CLOSE|TRADEMARK_HIT,,,nilvadipine,0.0,0.45,1.0,1.0,1.0,0.952,0.48,dihydropyridine calcium channel blocker,generic,-dipine,roomy,False,,
lidotdipine,True,ngram_guided,1,58.24,67.69,moderate,-12.69,2.31,lidamidine,0.6315,4,,SIMILARITY_MODERATE,,lidotdipine,0.0,0.45,1.0,1.0,1.0,0.952,0.103,dihydropyridine calcium channel blocker,generic,-dipine,roomy,False,,
prodipine,False,ngram_guided,1,66.89,70.36,high,-15.36,-0.36,protamine,0.964,3,SIMILARITY_TOO_HIGH|INTRA_STEM_TOO_CLOSE|TRADEMARK_HIT,,,prodipine,0.0,1.0,0.854,1.0,1.0,0.858,0.194,dihydropyridine calcium channel blocker,generic,-dipine,roomy,False,,
panilodipine,False,ngram_guided,1,67.97,68.28,moderate,-13.28,1.72,anileridine,0.8831,5,INTRA_STEM_TOO_CLOSE|TRADEMARK_HIT,SIMILARITY_MODERATE,,panilodipine,0.0,0.733,1.0,1.0,1.0,0.731,0.999,dihydropyridine calcium channel blocker,generic,-dipine,roomy,False,,
josampidipine,True,ngram_guided,1,57.33,59.11,moderate,-4.11,10.89,josamycin,0.7844,5,,SIMILARITY_MODERATE,,josampidipine,0.0,0.564,1.0,1.0,1.0,0.624,0.114,dihydropyridine calcium channel blocker,generic,-dipine,roomy,False,,
temadipine,True,ngram_guided,1,64.78,68.13,moderate,-13.13,1.87,bamipine,0.8721,4,,SIMILARITY_MODERATE,,temadipine,0.0,0.6,1.0,1.0,1.0,0.998,0.543,dihydropyridine calcium channel blocker,generic,-dipine,roomy,True,,
pralmedipine,False,ngram_guided,1,59.46,71.1,high,-16.1,-1.1,rilmenidine,0.8889,4,SIMILARITY_TOO_HIGH,,,pralmedipine,0.0,0.517,0.854,1.0,1.0,0.862,0.506,dihydropyridine calcium channel blocker,generic,-dipine,roomy,False,,
fluocinadipine,True,ngram_guided,1,39.09,65.37,moderate,-10.37,4.63,fluocinonide,0.9127,6,,SIMILARITY_MODERATE,,fluocinadipine,0.0,0.2,0.904,1.0,0.53,0.309,0.266,dihydropyridine calcium channel blocker,generic,-dipine,roomy,False,,
tovobinedipine,True,ngram_guided,1,58.37,59.09,moderate,-4.09,10.91,propanediamine,0.7789,6,,SIMILARITY_MODERATE,,tovobinedipine,0.0,0.6,1.0,1.0,1.0,0.309,0.611,dihydropyridine calcium channel blocker,generic,-dipine,roomy,False,,
palomipldipine,True,ngram_guided,1,56.26,59.69,moderate,-4.69,10.31,clomipramine,0.7552,5,,SIMILARITY_MODERATE,,palomipldipine,0.0,0.6,0.828,1.0,1.0,0.527,0.341,dihydropyridine calcium channel blocker,generic,-dipine,roomy,False,,
ozanitadipine,True,ngram_guided,1,56.48,64.09,moderate,-9.09,5.91,ranitidine,0.8445,6,,SIMILARITY_MODERATE,,ozanitadipine,0.0,0.564,1.0,1.0,1.0,0.406,0.305,dihydropyridine calcium channel blocker,generic,-dipine,roomy,False,,
icudipine,False,ngram_guided+refined,1,68.83,68.14,moderate,-13.14,1.86,cubicin,0.6642,4,INTRA_STEM_TOO_CLOSE,SIMILARITY_MODERATE,ibudipine,ibudipine -> icudipine,0.0,1.0,1.0,1.0,1.0,0.983,0.0,dihydropyridine calcium channel blocker,generic,-dipine,roomy,False,,
ikudipine,False,ngram_guided+refined,1,68.83,59.92,moderate,-4.92,10.08,guanidine,0.6274,4,INTRA_STEM_TOO_CLOSE,SIMILARITY_MODERATE,ibudipine,ibudipine -> icudipine -> ikudipine,0.0,1.0,1.0,1.0,1.0,0.983,0.0,dihydropyridine calcium channel blocker,generic,-dipine,roomy,False,,
igudipine,False,ngram_guided+refined,1,68.83,66.76,moderate,-11.76,3.24,guanidine,0.6376,4,INTRA_STEM_TOO_CLOSE,SIMILARITY_MODERATE,ibudipine,ibudipine -> icudipine -> ikudipine -> igudipine,0.0,1.0,1.0,1.0,1.0,0.983,0.0,dihydropyridine calcium channel blocker,generic,-dipine,roomy,False,,
muxodipine,False,grammar+refined,1,68.98,77.04,high,-22.04,-7.04,moxonidine,0.6988,4,SIMILARITY_TOO_HIGH|TRADEMARK_HIT,,maxodipine,maxodipine -> muxodipine,0.0,1.0,1.0,1.0,1.0,0.998,0.0,dihydropyridine calcium channel blocker,generic,-dipine,roomy,False,,
fuxodipine,False,grammar+refined,1,68.98,67.22,moderate,-12.22,2.78,moxonidine,0.7052,4,TRADEMARK_HIT,SIMILARITY_MODERATE,maxodipine,maxodipine -> muxodipine -> fuxodipine,0.0,1.0,1.0,1.0,1.0,0.998,0.0,dihydropyridine calcium channel blocker,generic,-dipine,roomy,False,,
furodipine,False,grammar+refined,1,61.38,67.79,moderate,-12.79,2.21,terodiline,0.9137,4,INTRA_STEM_TOO_CLOSE|TRADEMARK_HIT,SIMILARITY_MODERATE,maxodipine,maxodipine -> muxodipine -> fuxodipine -> furodipine,0.0,0.6,1.0,1.0,1.0,0.998,0.058,dihydropyridine calcium channel blocker,generic,-dipine,roomy,False,,
poxodipine,False,grammar+refined,1,61.0,77.04,high,-22.04,-7.04,moxonidine,0.869,4,SIMILARITY_TOO_HIGH,,pixodipine,pixodipine -> poxodipine,0.0,0.6,1.0,1.0,1.0,0.998,0.003,dihydropyridine calcium channel blocker,generic,-dipine,roomy,False,,
polodipine,False,grammar+refined,1,61.66,68.36,moderate,-13.36,1.64,polydecene,0.941,4,INTRA_STEM_TOO_CLOSE|TRADEMARK_HIT,SIMILARITY_MODERATE,pixodipine,pixodipine -> poxodipine -> polodipine,0.0,0.6,1.0,1.0,1.0,0.998,0.097,dihydropyridine calcium channel blocker,generic,-dipine,roomy,False,,
pilodipine,False,grammar+refined,1,61.02,70.38,high,-15.38,-0.38,pilocarpine,0.8686,4,SIMILARITY_TOO_HIGH|INTRA_STEM_TOO_CLOSE|TRADEMARK_HIT,,pixodipine,pixodipine -> poxodipine -> polodipine -> pilodipine,0.0,0.6,1.0,1.0,1.0,0.998,0.006,dihydropyridine calcium channel blocker,generic,-dipine,roomy,False,,
abodipine,False,grammar+refined,1,68.85,70.41,high,-15.41,-0.41,bamipine,0.7845,4,SIMILARITY_TOO_HIGH|INTRA_STEM_TOO_CLOSE|TRADEMARK_HIT,,ebodipine,ebodipine -> abodipine,0.0,1.0,1.0,1.0,1.0,0.983,0.003,dihydropyridine calcium channel blocker,generic,-dipine,roomy,False,,
ubodipine,False,grammar+refined,1,68.83,70.41,high,-15.41,-0.41,bamipine,0.7017,4,SIMILARITY_TOO_HIGH|INTRA_STEM_TOO_CLOSE|TRADEMARK_HIT,,ebodipine,ebodipine -> abodipine -> ubodipine,0.0,1.0,1.0,1.0,1.0,0.983,0.0,dihydropyridine calcium channel blocker,generic,-dipine,roomy,False,,
ubadipine,False,grammar+refined,1,68.83,82.09,high,-27.09,-12.09,bamipine,0.7806,4,SIMILARITY_TOO_HIGH|INTRA_STEM_TOO_CLOSE,,ebodipine,ebodipine -> abodipine -> ubodipine -> ubadipine,0.0,1.0,1.0,1.0,1.0,0.983,0.0,dihydropyridine calcium channel blocker,generic,-dipine,roomy,False,,
irodipine,False,grammar+refined,1,68.85,68.37,moderate,-13.37,1.63,terodiline,0.8135,4,INTRA_STEM_TOO_CLOSE|TRADEMARK_HIT,SIMILARITY_MODERATE,ixodipine,ixodipine -> irodipine,0.0,1.0,1.0,1.0,1.0,0.983,0.003,dihydropyridine calcium channel blocker,generic,-dipine,roomy,False,,
icodipine,False,grammar+refined,1,68.83,76.1,high,-21.1,-6.1,aconitine,0.8331,4,SIMILARITY_TOO_HIGH|INTRA_STEM_TOO_CLOSE|TRADEMARK_HIT,,ixodipine,ixodipine -> irodipine -> icodipine,0.0,1.0,1.0,1.0,1.0,0.983,0.0,dihydropyridine calcium channel blocker,generic,-dipine,roomy,False,,
ocodipine,False,grammar+refined,1,68.83,76.1,high,-21.1,-6.1,aconitine,0.9173,4,SIMILARITY_TOO_HIGH|TRADEMARK_HIT,,ixodipine,ixodipine -> irodipine -> icodipine -> ocodipine,0.0,1.0,1.0,1.0,1.0,0.983,0.001,dihydropyridine calcium channel blocker,generic,-dipine,roomy,False,,
siknodipine,True,grammar+refined,1,68.52,62.2,moderate,-7.2,7.8,ticlopidine,0.6323,4,,SIMILARITY_MODERATE,sirnodipine,sirnodipine -> siknodipine,0.0,1.0,1.0,1.0,1.0,0.952,0.0,dihydropyridine calcium channel blocker,generic,-dipine,roomy,True,,
volodipine,False,grammar+refined,1,61.0,65.22,moderate,-10.22,4.78,clonidine,0.8253,4,INTRA_STEM_TOO_CLOSE|TRADEMARK_HIT,SIMILARITY_MODERATE,vilodipine,vilodipine -> volodipine,0.0,0.6,1.0,1.0,1.0,0.998,0.003,dihydropyridine calcium channel blocker,generic,-dipine,roomy,False,,
vovodipine,False,grammar+refined,1,68.98,68.39,moderate,-13.39,1.61,evodiamine,0.8226,4,INTRA_STEM_TOO_CLOSE|TRADEMARK_HIT,SIMILARITY_MODERATE,vilodipine,vilodipine -> volodipine -> vovodipine,0.0,1.0,1.0,1.0,1.0,0.998,0.0,dihydropyridine calcium channel blocker,generic,-dipine,roomy,False,,
vopodipine,False,grammar+refined,1,68.98,65.79,moderate,-10.79,4.21,povidine,0.759,4,TRADEMARK_HIT,SIMILARITY_MODERATE,vilodipine,vilodipine -> volodipine -> vovodipine -> vopodipine,0.0,1.0,1.0,1.0,1.0,0.998,0.0,dihydropyridine calcium channel blocker,generic,-dipine,roomy,False,,
panolodipine,False,ngram_guided+refined,1,56.75,60.41,moderate,-5.41,9.59,ranolazine,0.9361,5,INTRA_STEM_TOO_CLOSE|TRADEMARK_HIT,SIMILARITY_MODERATE,panilodipine,panilodipine -> panolodipine,0.0,0.517,1.0,1.0,1.0,0.731,0.015,dihydropyridine calcium channel blocker,generic,-dipine,roomy,False,,
panulodipine,False,ngram_guided+refined,1,56.9,61.63,moderate,-6.63,8.37,anileridine,0.8445,5,INTRA_STEM_TOO_CLOSE|TRADEMARK_HIT,SIMILARITY_MODERATE,panilodipine,panilodipine -> panolodipine -> panulodipine,0.0,0.517,1.0,1.0,1.0,0.731,0.036,dihydropyridine calcium channel blocker,generic,-dipine,roomy,False,,
palulodipine,False,ngram_guided+refined,1,56.82,61.61,moderate,-6.61,8.39,paltusotine,0.8286,5,TRADEMARK_HIT,SIMILARITY_MODERATE,panilodipine,panilodipine -> panolodipine -> panulodipine -> palulodipine,0.0,0.517,1.0,1.0,1.0,0.731,0.026,dihydropyridine calcium channel blocker,generic,-dipine,roomy,False,,
fovidipine,False,grammar,2,61.05,71.98,high,-16.98,-1.98,povidine,0.8669,4,SIMILARITY_TOO_HIGH|TRADEMARK_HIT,,,fovidipine,0.0,0.6,1.0,1.0,1.0,0.998,0.011,dihydropyridine calcium channel blocker,generic,-dipine,roomy,False,,
axindudipine,True,grammar,2,61.55,54.4,low,0.6,15.6,vindesine,0.6771,5,,,,axindudipine,0.024,0.733,1.0,1.0,1.0,0.731,0.0,dihydropyridine calcium channel blocker,generic,-dipine,roomy,False,,
futodipine,False,grammar,2,69.1,63.36,moderate,-8.36,6.64,detomidine,0.7334,4,INTRA_STEM_TOO_CLOSE|TRADEMARK_HIT,SIMILARITY_MODERATE,,futodipine,0.0,1.0,1.0,1.0,1.0,0.998,0.017,dihydropyridine calcium channel blocker,generic,-dipine,roomy,False,,
azidipine,False,grammar,2,75.31,66.1,moderate,-11.1,3.9,azacitidine,0.9288,4,INTRA_STEM_TOO_CLOSE,SIMILARITY_MODERATE,,azidipine,0.0,1.0,1.0,1.0,1.0,0.983,0.926,dihydropyridine calcium channel blocker,generic,-dipine,roomy,False,,
enitadipine,False,grammar,2,57.48,69.88,moderate,-14.88,0.12,nizatidine,0.884,5,INTRA_STEM_TOO_CLOSE|TRADEMARK_HIT,SIMILARITY_MODERATE,,enitadipine,0.0,0.45,1.0,1.0,1.0,0.821,0.182,dihydropyridine calcium channel blocker,generic,-dipine,roomy,False,,
sucodipine,True,grammar,2,68.99,69.13,moderate,-14.13,0.87,aconitine,0.9397,4,,SIMILARITY_MODERATE,,sucodipine,0.0,1.0,1.0,1.0,1.0,0.998,0.001,dihydropyridine calcium channel blocker,generic,-dipine,roomy,True,,
cegidipine,False,grammar,2,68.98,67.78,moderate,-12.78,2.22,cetirizine,0.7098,4,INTRA_STEM_TOO_CLOSE|TRADEMARK_HIT,SIMILARITY_MODERATE,,cegidipine,0.0,1.0,1.0,1.0,1.0,0.998,0.0,dihydropyridine calcium channel blocker,generic,-dipine,roomy,False,,
buctidipine,False,grammar,2,62.12,72.16,high,-17.16,-2.16,bactimicina,0.8706,4,SIMILARITY_TOO_HIGH|TRADEMARK_HIT,,,buctidipine,0.0,0.68,1.0,1.0,1.0,0.952,0.0,dihydropyridine calcium channel blocker,generic,-dipine,roomy,False,,
inadipine,False,grammar,2,73.45,73.59,high,-18.59,-3.59,bamipine,0.8987,4,SIMILARITY_TOO_HIGH|INTRA_STEM_TOO_CLOSE,,,inadipine,0.0,1.0,1.0,1.0,1.0,0.983,0.66,dihydropyridine calcium channel blocker,generic,-dipine,roomy,False,,
eladipine,False,grammar,2,75.14,70.43,high,-15.43,-0.43,cladribine,0.8869,4,SIMILARITY_TOO_HIGH|INTRA_STEM_TOO_CLOSE|TRADEMARK_HIT,,,eladipine,0.0,1.0,1.0,1.0,1.0,0.983,0.902,dihydropyridine calcium channel blocker,generic,-dipine,roomy,False,,
conadipine,True,grammar,2,61.66,66.84,moderate,-11.84,3.16,conditioner,0.9438,4,,SIMILARITY_MODERATE,,conadipine,0.0,0.6,1.0,1.0,1.0,0.998,0.097,dihydropyridine calcium channel blocker,generic,-dipine,roomy,False,,
asveodipine,False,grammar,2,67.21,65.77,moderate,-10.77,4.23,asenapine,0.7879,5,TRADEMARK_HIT,SIMILARITY_MODERATE,,asveodipine,0.0,1.0,1.0,1.0,1.0,0.821,0.0,dihydropyridine calcium channel blocker,generic,-dipine,roomy,False,,
basomudipine,True,grammar,2,60.98,61.15,moderate,-6.15,8.85,bamipine,0.7257,5,,SIMILARITY_MODERATE,,basomudipine,0.0,0.733,1.0,1.0,1.0,0.731,0.0,dihydropyridine calcium channel blocker,generic,-dipine,roomy,False,,
edidipine,False,grammar,2,67.03,67.36,moderate,-12.36,2.64,didecene,0.8295,4,INTRA_STEM_TOO_CLOSE,SIMILARITY_MODERATE,,edidipine,0.0,1.0,1.0,0.8,1.0,0.983,0.0,dihydropyridine calcium channel blocker,generic,-dipine,roomy,False,,
atakidipine,True,grammar,2,67.29,67.71,moderate,-12.71,2.29,azacitidine,0.7049,5,,SIMILARITY_MODERATE,,atakidipine,0.0,1.0,1.0,1.0,1.0,0.821,0.012,dihydropyridine calcium channel blocker,generic,-dipine,roomy,True,,
amimidipine,False,grammar,2,67.51,62.4,moderate,-7.4,7.6,medicine,0.8977,5,INTRA_STEM_TOO_CLOSE|TRADEMARK_HIT,SIMILARITY_MODERATE,,amimidipine,0.0,1.0,1.0,1.0,1.0,0.821,0.043,dihydropyridine calcium channel blocker,generic,-dipine,roomy,False,,
fortodipine,False,grammar,2,62.36,64.97,moderate,-9.97,5.03,fortifying,0.851,4,TRADEMARK_HIT,SIMILARITY_MODERATE,,fortodipine,0.0,0.68,1.0,1.0,1.0,0.952,0.033,dihydropyridine calcium channel blocker,generic,-dipine,roomy,False,,
agodipine,False,grammar,2,68.83,68.67,moderate,-13.67,1.33,dodicin,0.8703,4,INTRA_STEM_TOO_CLOSE|TRADEMARK_HIT,SIMILARITY_MODERATE,,agodipine,0.0,1.0,1.0,1.0,1.0,0.983,0.0,dihydropyridine calcium channel blocker,generic,-dipine,roomy,False,,
piladipine,False,grammar,2,69.05,69.21,moderate,-14.21,0.79,tizanidine,0.884,4,INTRA_STEM_TOO_CLOSE|TRADEMARK_HIT,SIMILARITY_MODERATE,,piladipine,0.0,1.0,1.0,1.0,1.0,0.998,0.01,dihydropyridine calcium channel blocker,generic,-dipine,roomy,False,,
octfutodipine,True,grammar,2,62.9,60.61,moderate,-5.61,9.39,captodiamine,0.6256,5,,SIMILARITY_MODERATE,,octfutodipine,0.0,1.0,0.828,1.0,1.0,0.624,0.01,dihydropyridine calcium channel blocker,generic,-dipine,roomy,False,,
lairlonodipine,True,grammar,2,61.24,54.18,low,0.82,15.82,klonopin,0.7177,5,,,,lairlonodipine,0.033,0.8,1.0,1.0,1.0,0.527,0.026,dihydropyridine calcium channel blocker,generic,-dipine,roomy,False,,
covadipine,True,grammar,2,61.02,68.65,moderate,-13.65,1.35,bovadine,0.8243,4,,SIMILARITY_MODERATE,,covadipine,0.0,0.6,1.0,1.0,1.0,0.998,0.006,dihydropyridine calcium channel blocker,generic,-dipine,roomy,False,,
boctidipine,False,grammar,2,62.12,71.32,high,-16.32,-1.32,octenidine,0.8915,4,SIMILARITY_TOO_HIGH|TRADEMARK_HIT,,,boctidipine,0.0,0.68,1.0,1.0,1.0,0.952,0.0,dihydropyridine calcium channel blocker,generic,-dipine,roomy,False,,
dompodipine,False,grammar,2,62.13,65.82,moderate,-10.82,4.18,domperidone,0.7886,4,TRADEMARK_HIT,SIMILARITY_MODERATE,,dompodipine,0.0,0.68,1.0,1.0,1.0,0.952,0.001,dihydropyridine calcium channel blocker,generic,-dipine,roomy,False,,
crovidipine,False,ngram_guided,2,66.17,68.87,moderate,-13.87,1.13,clevipidine,0.8675,4,INTRA_STEM_TOO_CLOSE,SIMILARITY_MODERATE,,crovidipine,0.0,0.68,0.879,1.0,1.0,0.952,0.819,dihydropyridine calcium channel blocker,generic,-dipine,roomy,False,,
donidipine,False,ngram_guided,2,67.33,64.11,moderate,-9.11,5.89,ranitidine,0.9327,4,INTRA_STEM_TOO_CLOSE,SIMILARITY_MODERATE,,donidipine,0.0,0.6,1.0,1.0,1.0,0.998,0.907,dihydropyridine calcium channel blocker,generic,-dipine,roomy,False,,
cyprodipine,False,ngram_guided,2,51.29,70.68,high,-15.68,-0.68,dipropizine,0.9219,4,SIMILARITY_TOO_HIGH|INTRA_STEM_TOO_CLOSE,,,cyprodipine,0.0,0.45,0.768,1.0,0.53,0.952,0.649,dihydropyridine calcium channel blocker,generic,-dipine,roomy,False,,
etodipine,False,ngram_guided,2,72.07,72.79,high,-17.79,-2.79,detomidine,0.8661,4,SIMILARITY_TOO_HIGH|INTRA_STEM_TOO_CLOSE|TRADEMARK_HIT,,,etodipine,0.0,1.0,1.0,1.0,1.0,0.983,0.463,dihydropyridine calcium channel blocker,generic,-dipine,roomy,False,,
nogludipine,True,ngram_guided,2,57.28,64.38,moderate,-9.38,5.62,glulisine,0.8721,4,,SIMILARITY_MODERATE,,nogludipine,0.0,0.45,0.879,1.0,1.0,0.952,0.207,dihydropyridine calcium channel blocker,generic,-dipine,roomy,False,,
phodipine,False,ngram_guided,2,72.61,69.38,moderate,-14.38,0.62,povidine,0.9486,3,TRADEMARK_HIT,SIMILARITY_MODERATE,,phodipine,0.0,1.0,1.0,1.0,1.0,0.858,0.719,dihydropyridine calcium channel blocker,generic,-dipine,roomy,False,,
palbidipine,True,ngram_guided,2,69.05,69.34,moderate,-14.34,0.66,palmitamine,0.8735,4,,SIMILARITY_MODERATE,,palbidipine,0.0,0.68,1.0,1.0,1.0,0.952,0.989,dihydropyridine calcium channel blocker,generic,-dipine,roomy,True,,
predipine,False,ngram_guided,2,68.27,69.08,moderate,-14.08,0.92,reserpine,0.9365,3,INTRA_STEM_TOO_CLOSE|TRADEMARK_HIT,SIMILARITY_MODERATE,,predipine,0.0,1.0,0.854,1.0,1.0,0.858,0.391,dihydropyridine calcium channel blocker,generic,-dipine,roomy,False,,
fostachydipine,True,ngram_guided,2,49.86,59.53,moderate,-4.53,10.47,fostamatinib,0.8501,5,,SIMILARITY_MODERATE,,fostachydipine,0.0,0.2,0.783,1.0,1.0,0.527,0.661,dihydropyridine calcium channel blocker,generic,-dipine,roomy,False,,
ceridipine,False,ngram_guided,2,63.55,68.91,moderate,-13.91,1.09,terodiline,0.947,4,INTRA_STEM_TOO_CLOSE|TRADEMARK_HIT,SIMILARITY_MODERATE,,ceridipine,0.0,0.6,1.0,1.0,1.0,0.998,0.368,dihydropyridine calcium channel blocker,generic,-dipine,roomy,False,,
miglucerdipine,True,ngram_guided,2,45.41,62.15,moderate,-7.15,7.85,imiglucerase,0.8082,5,,SIMILARITY_MODERATE,,miglucerdipine,0.0,0.0,0.869,1.0,1.0,0.527,0.423,dihydropyridine calcium channel blocker,generic,-dipine,roomy,False,,
ozerdipine,False,ngram_guided,2,61.37,65.58,moderate,-10.58,4.42,zotepine,0.7271,4,TRADEMARK_HIT,SIMILARITY_MODERATE,,ozerdipine,0.0,0.6,1.0,1.0,1.0,0.998,0.056,dihydropyridine calcium channel blocker,generic,-dipine,roomy,False,,
hemodipine,False,ngram_guided,2,65.86,66.51,moderate,-11.51,3.49,medicine,0.9214,4,INTRA_STEM_TOO_CLOSE|TRADEMARK_HIT,SIMILARITY_MODERATE,,hemodipine,0.0,0.6,1.0,1.0,1.0,0.998,0.697,dihydropyridine calcium channel blocker,generic,-dipine,roomy,False,,
duvetdipine,False,ngram_guided,2,63.71,69.44,moderate,-14.44,0.56,etuvetidigene,0.618,4,TRADEMARK_HIT,SIMILARITY_MODERATE,,duvetdipine,0.0,0.68,1.0,1.0,1.0,0.952,0.227,dihydropyridine calcium channel blocker,generic,-dipine,roomy,False,,
cholealkdipine,True,ngram_guided,2,48.02,57.57,moderate,-2.57,12.43,olealkonium,0.7225,4,,SIMILARITY_MODERATE,,cholealkdipine,0.0,0.4,0.813,1.0,0.53,0.659,0.653,dihydropyridine calcium channel blocker,generic,-dipine,roomy,False,,
abemadipine,True,ngram_guided,2,62.61,66.54,moderate,-11.54,3.46,memantine,0.7911,5,,SIMILARITY_MODERATE,,abemadipine,0.0,0.45,1.0,1.0,1.0,0.821,0.914,dihydropyridine calcium channel blocker,generic,-dipine,roomy,False,,
asemadipine,False,ngram_guided,2,63.09,73.1,high,-18.1,-3.1,asenapine,0.8623,5,SIMILARITY_TOO_HIGH|TRADEMARK_HIT,,,asemadipine,0.0,0.68,1.0,1.0,1.0,0.821,0.325,dihydropyridine calcium channel blocker,generic,-dipine,roomy,False,,
ethyldipine,False,ngram_guided,2,53.09,69.16,moderate,-14.16,0.84,methyldpamine,0.983,4,TRADEMARK_HIT,SIMILARITY_MODERATE,,ethyldipine,0.0,0.45,0.889,1.0,0.53,0.952,0.663,dihydropyridine calcium channel blocker,generic,-dipine,roomy,False,,
atomdipine,True,ngram_guided,2,65.12,65.97,moderate,-10.97,4.03,bamipine,0.6644,4,,SIMILARITY_MODERATE,,atomdipine,0.0,0.6,1.0,1.0,1.0,0.998,0.591,dihydropyridine calcium channel blocker,generic,-dipine,roomy,True,,
cycldipine,False,ngram_guided,2,61.16,76.79,high,-21.79,-6.79,cyclizine,0.9079,3,SIMILARITY_TOO_HIGH,,,cycldipine,0.0,0.6,0.788,1.0,1.0,0.873,0.629,dihydropyridine calcium channel blocker,generic,-dipine,roomy,False,,
asunvosedipine,True,ngram_guided,2,55.57,65.43,moderate,-10.43,4.57,sunvozertinib,0.6833,6,,SIMILARITY_MODERATE,,asunvosedipine,0.0,0.6,1.0,1.0,1.0,0.309,0.211,dihydropyridine calcium channel blocker,generic,-dipine,roomy,False,,
thiodipine,False,ngram_guided,2,67.07,65.43,moderate,-10.43,4.57,ethiodized,0.9572,4,INTRA_STEM_TOO_CLOSE|TRADEMARK_HIT,SIMILARITY_MODERATE,,thiodipine,0.0,0.6,1.0,1.0,1.0,0.998,0.871,dihydropyridine calcium channel blocker,generic,-dipine,roomy,False,,
darucidipine,True,ngram_guided,2,58.01,61.79,moderate,-6.79,8.21,idarubicin,0.8193,5,,SIMILARITY_MODERATE,,darucidipine,0.0,0.3,1.0,1.0,1.0,0.731,0.814,dihydropyridine calcium channel blocker,generic,-dipine,roomy,False,,
naxdipine,False,ngram_guided,2,67.92,71.03,high,-16.03,-1.03,naftifine,0.7005,3,SIMILARITY_TOO_HIGH|TRADEMARK_HIT,,,naxdipine,0.0,1.0,0.899,1.0,1.0,0.858,0.25,dihydropyridine calcium channel blocker,generic,-dipine,roomy,False,,
afidipine,False,grammar+refined,2,68.83,65.94,moderate,-10.94,4.06,naftifine,0.8721,4,INTRA_STEM_TOO_CLOSE|TRADEMARK_HIT,SIMILARITY_MODERATE,azidipine,azidipine -> afidipine,0.0,1.0,1.0,1.0,1.0,0.983,0.001,dihydropyridine calcium channel blocker,generic,-dipine,roomy,False,,
aqidipine,False,grammar+refined,2,68.83,64.94,moderate,-9.94,5.06,bamipine,0.6853,4,INTRA_STEM_TOO_CLOSE,SIMILARITY_MODERATE,azidipine,azidipine -> afidipine -> aqidipine,0.0,1.0,1.0,1.0,1.0,0.983,0.0,dihydropyridine calcium channel blocker,generic,-dipine,roomy,False,,
apidipine,False,grammar+refined,2,69.71,65.54,moderate,-10.54,4.46,epicriptine,0.8905,4,INTRA_STEM_TOO_CLOSE,SIMILARITY_MODERATE,azidipine,azidipine -> afidipine -> aqidipine -> apidipine,0.0,1.0,1.0,1.0,1.0,0.983,0.126,dihydropyridine calcium channel blocker,generic,-dipine,roomy,False,,
elodipine,False,grammar+refined,2,70.77,74.81,high,-19.81,-4.81,felodipine,0.8585,4,SIMILARITY_TOO_HIGH|INTRA_STEM_TOO_CLOSE|TRADEMARK_HIT,,eladipine,eladipine -> elodipine,0.0,1.0,1.0,1.0,1.0,0.983,0.277,dihydropyridine calcium channel blocker,generic,-dipine,roomy,False,,
ilodipine,False,grammar+refined,2,72.7,71.71,high,-16.71,-1.71,clonidine,0.8105,4,SIMILARITY_TOO_HIGH|INTRA_STEM_TOO_CLOSE|TRADEMARK_HIT,,eladipine,eladipine -> elodipine -> ilodipine,0.0,1.0,1.0,1.0,1.0,0.983,0.553,dihydropyridine calcium channel blocker,generic,-dipine,roomy,False,,
ibodipine,False,grammar+refined,2,68.86,70.41,high,-15.41,-0.41,bamipine,0.7567,4,SIMILARITY_TOO_HIGH|INTRA_STEM_TOO_CLOSE|TRADEMARK_HIT,,eladipine,eladipine -> elodipine -> ilodipine -> ibodipine,0.0,1.0,1.0,1.0,1.0,0.983,0.004,dihydropyridine calcium channel blocker,generic,-dipine,roomy,False,,
inedipine,False,grammar+refined,2,70.44,76.19,high,-21.19,-6.19,medicine,0.9255,4,SIMILARITY_TOO_HIGH|INTRA_STEM_TOO_CLOSE|TRADEMARK_HIT,,inadipine,inadipine -> inedipine,0.0,1.0,1.0,1.0,1.0,0.983,0.231,dihydropyridine calcium channel blocker,generic,-dipine,roomy,False,,
ibedipine,False,grammar+refined,2,68.83,75.15,high,-20.15,-5.15,medicine,0.7659,4,SIMILARITY_TOO_HIGH|INTRA_STEM_TOO_CLOSE|TRADEMARK_HIT,,inadipine,inadipine -> inedipine -> ibedipine,0.0,1.0,1.0,1.0,1.0,0.983,0.0,dihydropyridine calcium channel blocker,generic,-dipine,roomy,False,,
ebedipine,False,grammar+refined,2,68.83,75.15,high,-20.15,-5.15,medicine,0.7325,4,SIMILARITY_TOO_HIGH|INTRA_STEM_TOO_CLOSE|TRADEMARK_HIT,,inadipine,inadipine -> inedipine -> ibedipine -> ebedipine,0.0,1.0,1.0,1.0,1.0,0.983,0.0,dihydropyridine calcium channel blocker,generic,-dipine,roomy,False,,
pvodipine,False,ngram_guided+refined,2,64.8,71.19,high,-16.19,-1.19,evodiamine,0.613,3,SIMILARITY_TOO_HIGH|TRADEMARK_HIT,ILLEGAL_ONSET_CLUSTER,phodipine,phodipine -> pvodipine,0.0,1.0,0.801,1.0,1.0,0.858,0.0,dihydropyridine calcium channel blocker,generic,-dipine,roomy,False,,
pvidipine,True,ngram_guided+refined,2,64.8,68.42,moderate,-13.42,1.58,povidine,0.5964,3,,SIMILARITY_MODERATE|ILLEGAL_ONSET_CLUSTER,phodipine,phodipine -> pvodipine -> pvidipine,0.0,1.0,0.801,1.0,1.0,0.858,0.0,dihydropyridine calcium channel blocker,generic,-dipine,roomy,True,,
enodipine,False,ngram_guided+refined,2,72.64,69.35,moderate,-14.35,0.65,evodiamine,0.8869,4,INTRA_STEM_TOO_CLOSE|TRADEMARK_HIT,SIMILARITY_MODERATE,etodipine,etodipine -> enodipine,0.0,1.0,1.0,1.0,1.0,0.983,0.544,dihydropyridine calcium channel blocker,generic,-dipine,roomy,False,,
egodipine,False,ngram_guided+refined,2,68.83,69.35,moderate,-14.35,0.65,evodiamine,0.7578,4,INTRA_STEM_TOO_CLOSE|TRADEMARK_HIT,SIMILARITY_MODERATE,etodipine,etodipine -> enodipine -> egodipine,0.0,1.0,1.0,1.0,1.0,0.983,0.0,dihydropyridine calcium channel blocker,generic,-dipine,roomy,False,,
efodipine,False,ngram_guided+refined,2,68.83,75.34,high,-20.34,-5.34,efodine,0.8074,4,SIMILARITY_TOO_HIGH|INTRA_STEM_TOO_CLOSE|TRADEMARK_HIT,,etodipine,etodipine -> enodipine -> egodipine -> efodipine,0.0,1.0,1.0,1.0,1.0,0.983,0.001,dihydropyridine calcium channel blocker,generic,-dipine,roomy,False,,
fitodipine,False,grammar+refined,2,69.17,65.97,moderate,-10.97,4.03,detomidine,0.8257,4,INTRA_STEM_TOO_CLOSE|TRADEMARK_HIT,SIMILARITY_MODERATE,futodipine,futodipine -> fitodipine,0.0,1.0,1.0,1.0,1.0,0.998,0.028,dihydropyridine calcium channel blocker,generic,-dipine,roomy,False,,
fotodipine,False,grammar+refined,2,68.99,67.93,moderate,-12.93,2.07,otodine,0.7615,4,INTRA_STEM_TOO_CLOSE|TRADEMARK_HIT,SIMILARITY_MODERATE,futodipine,futodipine -> fitodipine -> fotodipine,0.0,1.0,1.0,1.0,1.0,0.998,0.001,dihydropyridine calcium channel blocker,generic,-dipine,roomy,False,,
fosodipine,False,grammar+refined,2,69.88,63.99,moderate,-8.99,6.01,zotepine,0.8646,4,INTRA_STEM_TOO_CLOSE|TRADEMARK_HIT,SIMILARITY_MODERATE,futodipine,futodipine -> fitodipine -> fotodipine -> fosodipine,0.0,1.0,1.0,1.0,1.0,0.998,0.129,dihydropyridine calcium channel blocker,generic,-dipine,roomy,False,,
pisadipine,False,grammar+refined,2,68.99,73.47,high,-18.47,-3.47,tizanidine,0.7784,4,SIMILARITY_TOO_HIGH|INTRA_STEM_TOO_CLOSE|TRADEMARK_HIT,,piladipine,piladipine -> pisadipine,0.0,1.0,1.0,1.0,1.0,0.998,0.001,dihydropyridine calcium channel blocker,generic,-dipine,roomy,False,,
pisodipine,False,grammar+refined,2,69.05,69.59,moderate,-14.59,0.41,sisomicin,0.9119,4,INTRA_STEM_TOO_CLOSE|TRADEMARK_HIT,SIMILARITY_MODERATE,piladipine,piladipine -> pisadipine -> pisodipine,0.0,1.0,1.0,1.0,1.0,0.998,0.011,dihydropyridine calcium channel blocker,generic,-dipine,roomy,False,,
pivodipine,False,grammar+refined,2,63.97,68.33,moderate,-13.33,1.67,evodiamine,0.8725,4,INTRA_STEM_TOO_CLOSE|TRADEMARK_HIT,SIMILARITY_MODERATE,piladipine,piladipine -> pisadipine -> pisodipine -> pivodipine,0.0,0.6,1.0,1.0,1.0,0.998,0.427,dihydropyridine calcium channel blocker,generic,-dipine,roomy,False,,
cugidipine,True,grammar+refined,2,68.98,66.1,moderate,-11.1,3.9,quinidine,0.643,4,,SIMILARITY_MODERATE,cegidipine,cegidipine -> cugidipine,0.0,1.0,1.0,1.0,1.0,0.998,0.0,dihydropyridine calcium channel blocker,generic,-dipine,roomy,True,,
maxodolol,True,grammar,1,68.83,62.72,moderate,-7.72,7.28,maxitrol,0.6579,4,,SIMILARITY_MODERATE,,maxodolol,0.0,1.0,1.0,1.0,1.0,0.983,0.0,beta-blocker,generic,-olol,crowded,True,,
pesalolol,True,grammar,1,62.43,58.68,moderate,-3.68,11.32,passalora,0.6729,4,,SIMILARITY_MODERATE,,pesalolol,0.0,0.68,1.0,1.0,1.0,0.983,0.0,beta-blocker,generic,-olol,crowded,False,,
vefimolol,False,grammar,1,68.83,66.34,moderate,-11.34,3.66,versicolor,0.6294,4,TRADEMARK_HIT,SIMILARITY_MODERATE,,vefimolol,0.0,1.0,1.0,1.0,1.0,0.983,0.0,beta-blocker,generic,-olol,crowded,False,,
remexolol,False,grammar,1,64.73,74.91,high,-19.91,-4.91,rimexolone,0.669,4,SIMILARITY_TOO_HIGH|TRADEMARK_HIT,,,remexolol,0.0,0.68,1.0,1.0,1.0,0.983,0.329,beta-blocker,generic,-olol,crowded,False,,
nebolelolol,True,grammar,1,63.68,53.92,low,1.08,16.08,nerolidol,0.6092,5,,,,nebolelolol,0.043,0.771,1.0,1.0,1.0,0.821,0.0,beta-blocker,generic,-olol,crowded,True,,
lozuntolol,True,grammar,1,68.98,55.9,moderate,-0.9,14.1,iopentol,0.6043,4,,SIMILARITY_MODERATE,,lozuntolol,0.0,1.0,1.0,1.0,1.0,0.998,0.0,beta-blocker,generic,-olol,crowded,True,,
herirolol,True,grammar,1,62.63,54.79,low,0.21,15.21,tricolor,0.6144,4,,,,herirolol,0.008,0.68,1.0,1.0,1.0,0.983,0.0,beta-blocker,generic,-olol,crowded,False,,
thexirolol,True,grammar,1,63.65,59.01,moderate,-4.01,10.99,thyrolar,0.6727,4,,SIMILARITY_MODERATE,,thexirolol,0.0,0.733,1.0,1.0,1.0,0.998,0.0,beta-blocker,generic,-olol,crowded,False,,
arbipusolol,True,grammar,1,62.64,58.5,moderate,-3.5,11.5,arbutifolia,0.6472,5,,SIMILARITY_MODERATE,,arbipusolol,0.0,0.771,1.0,1.0,1.0,0.821,0.0,beta-blocker,generic,-olol,crowded,False,,
tagixenolol,True,grammar,1,62.64,55.68,moderate,-0.68,14.32,iodixanol,0.632,5,,SIMILARITY_MODERATE,,tagixenolol,0.0,0.771,1.0,1.0,1.0,0.821,0.0,beta-blocker,generic,-olol,crowded,False,,
cophidolol,True,grammar,1,63.65,58.39,moderate,-3.39,11.61,clopidol,0.7317,4,,SIMILARITY_MODERATE,,cophidolol,0.0,0.733,1.0,1.0,1.0,0.998,0.001,beta-blocker,generic,-olol,crowded,False,,
raaditolol,True,grammar,1,62.33,62.84,moderate,-7.84,7.16,labetalol,0.6232,5,,SIMILARITY_MODERATE,,raaditolol,0.0,0.733,1.0,1.0,1.0,0.867,0.0,beta-blocker,generic,-olol,crowded,False,,
novurolol,True,grammar,1,68.83,61.76,moderate,-6.76,8.24,novolog,0.6185,4,,SIMILARITY_MODERATE,,novurolol,0.0,1.0,1.0,1.0,1.0,0.983,0.0,beta-blocker,generic,-olol,crowded,True,,
ferololol,True,grammar,1,56.1,65.5,moderate,-10.5,4.5,nerolidol,0.7416,4,,SIMILARITY_MODERATE,,ferololol,0.0,0.45,1.0,0.8,1.0,0.983,0.011,beta-blocker,generic,-olol,crowded,False,,
lusevaunolol,True,grammar,1,62.31,56.01,moderate,-1.01,13.99,levobunolol,0.6071,5,,SIMILARITY_MODERATE,,lusevaunolol,0.0,0.8,1.0,1.0,1.0,0.731,0.0,beta-blocker,generic,-olol,crowded,False,,
oryxilolol,True,grammar,1,60.77,55.1,moderate,-0.1,14.9,viridiflorol,0.6249,5,,SIMILARITY_MODERATE,,oryxilolol,0.0,0.733,0.889,1.0,1.0,0.867,0.0,beta-blocker,generic,-olol,crowded,False,,
gamilolol,True,grammar,1,62.45,59.32,moderate,-4.32,10.68,batilol,0.7251,4,,SIMILARITY_MODERATE,,gamilolol,0.0,0.68,1.0,1.0,1.0,0.983,0.003,beta-blocker,generic,-olol,crowded,False,,
dolfitolol,True,grammar,1,63.67,60.0,moderate,-5.0,10.0,maltitol,0.6661,4,,SIMILARITY_MODERATE,,dolfitolol,0.0,0.733,1.0,1.0,1.0,0.998,0.003,beta-blocker,generic,-olol,crowded,False,,
baenolol,False,grammar,1,68.12,67.48,moderate,-12.48,2.52,senosol,0.6682,4,INTRA_STEM_TOO_CLOSE|TRADEMARK_HIT,SIMILARITY_MODERATE,,baenolol,0.0,1.0,1.0,1.0,1.0,0.912,0.0,beta-blocker,generic,-olol,crowded,False,,
flafadicolol,True,grammar,1,60.83,60.78,moderate,-5.78,9.22,florfenicol,0.6662,5,,SIMILARITY_MODERATE,,flafadicolol,0.0,0.8,0.894,1.0,1.0,0.731,0.0,beta-blocker,generic,-olol,crowded,False,,
sixozixolol,True,grammar,1,68.74,53.41,low,1.59,16.59,tixocortol,0.601,5,,,,sixozixolol,0.064,1.0,1.0,1.0,1.0,0.821,0.0,beta-blocker,generic,-olol,crowded,True,,
padonolol,False,grammar,1,62.43,60.45,moderate,-5.45,9.55,ionosol,0.7363,4,TRADEMARK_HIT,SIMILARITY_MODERATE,,padonolol,0.0,0.68,1.0,1.0,1.0,0.983,0.0,beta-blocker,generic,-olol,crowded,False,,
cartorgolol,True,grammar,1,63.68,65.79,moderate,-10.79,4.21,carteolol,0.7861,4,,SIMILARITY_MODERATE,,cartorgolol,0.0,0.771,0.975,1.0,1.0,0.952,0.011,beta-blocker,generic,-olol,crowded,True,,
nosrorolol,True,grammar,1,70.06,53.87,low,1.13,16.13,fospropofol,0.6129,4,,,,nosrorolol,0.045,1.0,1.0,1.0,1.0,0.998,0.0,beta-blocker,generic,-olol,crowded,True,,
caspolitolol,True,ngram_guided,1,57.87,55.13,moderate,-0.13,14.87,capillifolium,0.8002,5,,SIMILARITY_MODERATE,,caspolitolol,0.0,0.6,0.894,1.0,1.0,0.731,0.15,beta-blocker,generic,-olol,crowded,False,,
tetricyolol,True,ngram_guided,1,62.91,64.18,moderate,-9.18,5.82,tricolor,0.6236,5,,SIMILARITY_MODERATE,,tetricyolol,0.0,0.564,0.869,1.0,1.0,0.821,0.891,beta-blocker,generic,-olol,crowded,False,,
ilololol,True,ngram_guided,1,56.66,57.63,moderate,-2.63,12.37,loblolly,0.629,4,,SIMILARITY_MODERATE,,ilololol,0.0,0.6,1.0,0.55,1.0,0.912,0.083,beta-blocker,generic,-olol,crowded,False,,
polyolol,True,ngram_guided,1,61.47,65.69,moderate,-10.69,4.31,polyoxyl,0.6845,4,,SIMILARITY_MODERATE,,polyolol,0.0,0.6,1.0,1.0,1.0,0.912,0.193,beta-blocker,generic,-olol,crowded,False,,
ilometazolol,False,ngram_guided,1,51.47,72.75,high,-17.75,-2.75,xylometazoline,0.7937,6,SIMILARITY_TOO_HIGH,,,ilometazolol,0.0,0.2,1.0,1.0,1.0,0.513,0.478,beta-blocker,generic,-olol,crowded,False,,
odenacolol,True,ngram_guided,1,58.08,62.16,moderate,-7.16,7.84,debacterol,0.6625,5,,SIMILARITY_MODERATE,,odenacolol,0.0,0.517,1.0,1.0,1.0,0.867,0.012,beta-blocker,generic,-olol,crowded,False,,
vissolol,True,ngram_guided,1,61.02,67.8,moderate,-12.8,2.2,discolor,0.6998,3,,SIMILARITY_MODERATE,,vissolol,0.0,0.6,1.0,1.0,1.0,0.787,0.307,beta-blocker,generic,-olol,crowded,False,,
pralolol,True,ngram_guided,1,59.31,61.53,moderate,-6.53,8.47,practolol,0.7118,3,,SIMILARITY_MODERATE,,pralolol,0.0,0.6,0.854,1.0,1.0,0.787,0.355,beta-blocker,generic,-olol,crowded,False,,
lovalolol,True,ngram_guided,1,64.36,60.9,moderate,-5.9,9.1,linalool,0.6815,4,,SIMILARITY_MODERATE,,lovalolol,0.0,0.68,1.0,1.0,1.0,0.983,0.276,beta-blocker,generic,-olol,crowded,True,,
cabolol,False,ngram_guided,1,71.48,67.99,moderate,-12.99,2.01,caldolor,0.6918,3,INTRA_STEM_TOO_CLOSE|TRADEMARK_HIT,SIMILARITY_MODERATE,,cabolol,0.0,1.0,1.0,1.0,1.0,0.685,0.803,beta-blocker,generic,-olol,crowded,False,,
octylolol,True,ngram_guided,1,52.76,65.36,moderate,-10.36,4.64,octylphenol,0.7856,4,,SIMILARITY_MODERATE,,octylolol,0.0,0.45,0.889,1.0,0.53,0.983,0.573,beta-blocker,generic,-olol,crowded,False,,
clometholol,True,ngram_guided,1,50.8,69.01,moderate,-14.01,0.99,clobetasol,0.9287,4,,SIMILARITY_MODERATE,,clometholol,0.0,0.15,0.854,1.0,1.0,0.952,0.188,beta-blocker,generic,-olol,crowded,False,,
zuranatolol,True,ngram_guided,1,58.65,65.86,moderate,-10.86,4.14,zuranolone,0.6953,5,,SIMILARITY_MODERATE,,zuranatolol,0.0,0.564,1.0,1.0,1.0,0.821,0.021,beta-blocker,generic,-olol,crowded,False,,
metelargolol,True,ngram_guided,1,63.37,57.79,moderate,-2.79,12.21,metergoline,0.7708,5,,SIMILARITY_MODERATE,,metelargolol,0.0,0.6,1.0,1.0,1.0,0.731,0.723,beta-blocker,generic,-olol,crowded,False,,
penterolol,True,ngram_guided,1,43.37,68.65,moderate,-13.65,1.35,fenoterol,0.8542,4,,SIMILARITY_MODERATE,,penterolol,0.0,0.3,1.0,1.0,0.18,0.998,0.216,beta-blocker,generic,-olol,crowded,False,,
betolol,False,ngram_guided,1,71.41,75.47,high,-20.47,-5.47,batilol,0.763,3,SIMILARITY_TOO_HIGH|TRADEMARK_HIT,,,betolol,0.0,1.0,1.0,1.0,1.0,0.685,0.794,beta-blocker,generic,-olol,crowded,False,,
lanosolol,False,ngram_guided,1,63.95,70.21,high,-15.21,-0.21,lanosterol,0.7455,4,SIMILARITY_TOO_HIGH|INTRA_STEM_TOO_CLOSE,,,lanosolol,0.0,0.45,1.0,1.0,1.0,0.983,0.875,beta-blocker,generic,-olol,crowded,False,,
bamolol,False,ngram_guided,1,68.32,71.48,high,-16.48,-1.48,batilol,0.6931,3,SIMILARITY_TOO_HIGH|INTRA_STEM_TOO_CLOSE|TRADEMARK_HIT,,,bamolol,0.0,1.0,1.0,1.0,1.0,0.685,0.352,beta-blocker,generic,-olol,crowded,False,,
sulfolol,True,ngram_guided,1,61.54,65.41,moderate,-10.41,4.59,sulfolaurate,0.9642,3,,SIMILARITY_MODERATE,,sulfolol,0.0,0.6,1.0,1.0,1.0,0.787,0.381,beta-blocker,generic,-olol,crowded,False,,
orthalamolol,True,ngram_guided,1,53.05,56.17,moderate,-1.17,13.83,thalamus,0.725,5,,SIMILARITY_MODERATE,,orthalamolol,0.0,0.4,0.889,1.0,1.0,0.731,0.043,beta-blocker,generic,-olol,crowded,False,,
istrecolol,True,ngram_guided,1,62.68,68.39,moderate,-13.39,1.61,tricolor,0.7306,4,,SIMILARITY_MODERATE,,istrecolol,0.0,0.517,0.768,1.0,1.0,0.998,0.946,beta-blocker,generic,-olol,crowded,False,,
manadenolol,False,ngram_guided,1,56.89,58.43,moderate,-3.43,11.57,panthenol,0.8025,5,TRADEMARK_HIT,SIMILARITY_MODERATE,,manadenolol,0.0,0.357,1.0,1.0,1.0,0.821,0.363,beta-blocker,generic,-olol,crowded,False,,
valolol,False,ngram_guided,1,70.88,64.52,moderate,-9.52,5.48,valchlor,0.7083,3,TRADEMARK_HIT,SIMILARITY_MODERATE,,valolol,0.0,1.0,1.0,1.0,1.0,0.685,0.718,beta-blocker,generic,-olol,crowded,False,,
etholol,False,ngram_guided,1,72.22,65.75,moderate,-10.75,4.25,ethyol,0.871,3,INTRA_STEM_TOO_CLOSE|TRADEMARK_HIT,SIMILARITY_MODERATE,,etholol,0.0,1.0,1.0,1.0,1.0,0.685,0.909,beta-blocker,generic,-olol,crowded,False,,
efholol,True,ngram_guided+refined,1,67.45,53.34,low,1.66,16.66,efetozole,0.6032,3,,,etholol,etholol -> efholol,0.066,1.0,1.0,1.0,1.0,0.685,0.0,beta-blocker,generic,-olol,crowded,True,,
cebolol,False,ngram_guided+refined,1,65.85,64.18,moderate,-9.18,5.82,bolor,0.6489,3,TRADEMARK_HIT,SIMILARITY_MODERATE,cabolol,cabolol -> cebolol,0.0,1.0,1.0,1.0,1.0,0.685,0.0,beta-blocker,generic,-olol,crowded,False,,
cubolol,False,ngram_guided+refined,1,65.85,64.18,moderate,-9.18,5.82,bolor,0.6275,3,TRADEMARK_HIT,SIMILARITY_MODERATE,cabolol,cabolol -> cebolol -> cubolol,0.0,1.0,1.0,1.0,1.0,0.685,0.0,beta-blocker,generic,-olol,crowded,False,,
bitolol,False,ngram_guided+refined,1,65.88,78.5,high,-23.5,-8.5,mitosol,0.7774,3,SIMILARITY_TOO_HIGH|INTRA_STEM_TOO_CLOSE|TRADEMARK_HIT,,betolol,betolol -> bitolol,0.0,1.0,1.0,1.0,1.0,0.685,0.003,beta-blocker,generic,-olol,crowded,False,,
batolol,False,ngram_guided+refined,1,65.85,86.25,high,-31.25,-16.25,batilol,0.7078,3,SIMILARITY_TOO_HIGH|INTRA_STEM_TOO_CLOSE|TRADEMARK_HIT,,betolol,betolol -> bitolol -> batolol,0.0,1.0,1.0,1.0,1.0,0.685,0.0,beta-blocker,generic,-olol,crowded,False,,
bapolol,False,ngram_guided+refined,1,65.85,76.89,high,-21.89,-6.89,batilol,0.6821,3,SIMILARITY_TOO_HIGH|INTRA_STEM_TOO_CLOSE|TRADEMARK_HIT,,betolol,betolol -> bitolol -> batolol -> bapolol,0.0,1.0,1.0,1.0,1.0,0.685,0.0,beta-blocker,generic,-olol,crowded,False,,
vololol,True,ngram_guided+refined,1,62.01,58.26,moderate,-3.26,11.74,sotalol,0.6476,3,,SIMILARITY_MODERATE,valolol,valolol -> vololol,0.0,1.0,1.0,0.55,1.0,0.685,0.029,beta-blocker,generic,-olol,crowded,False,,
vewimolol,False,grammar+refined,1,68.83,58.4,moderate,-3.4,11.6,vimovo,0.6095,4,INTRA_STEM_TOO_CLOSE|TRADEMARK_HIT,SIMILARITY_MODERATE,vefimolol,vefimolol -> vewimolol,0.0,1.0,1.0,1.0,1.0,0.983,0.0,beta-blocker,generic,-olol,crowded,False,,
vuwimolol,True,grammar+refined,1,71.69,52.02,low,2.98,17.98,versicolor,0.6042,4,,,vefimolol,vefimolol -> vewimolol -> vuwimolol,0.119,1.0,1.0,1.0,1.0,0.983,0.0,beta-blocker,generic,-olol,crowded,True,,
bimolol,False,ngram_guided+refined,1,65.88,76.0,high,-21.0,-6.0,timolol,0.6763,3,SIMILARITY_TOO_HIGH|INTRA_STEM_TOO_CLOSE|TRADEMARK_HIT,,bamolol,bamolol -> bimolol,0.0,1.0,1.0,1.0,1.0,0.685,0.003,beta-blocker,generic,-olol,crowded,False,,
rimolol,False,ngram_guided+refined,1,71.64,64.83,moderate,-9.83,5.17,timolol,0.6947,3,INTRA_STEM_TOO_CLOSE|TRADEMARK_HIT,SIMILARITY_MODERATE,bamolol,bamolol -> bimolol -> rimolol,0.0,1.0,1.0,1.0,1.0,0.685,0.827,beta-blocker,generic,-olol,crowded,False,,
rumolol,False,ngram_guided+refined,1,65.85,59.57,moderate,-4.57,10.43,normosol,0.6534,3,TRADEMARK_HIT,SIMILARITY_MODERATE,bamolol,bamolol -> bimolol -> rimolol -> rumolol,0.0,1.0,1.0,1.0,1.0,0.685,0.0,beta-blocker,generic,-olol,crowded,False,,
bienolol,False,grammar+refined,1,58.87,67.03,moderate,-12.03,2.97,bicolor,0.7841,3,INTRA_STEM_TOO_CLOSE|TRADEMARK_HIT,SIMILARITY_MODERATE,baenolol,baenolol -> bienolol,0.0,0.6,1.0,1.0,1.0,0.787,0.0,beta-blocker,generic,-olol,crowded,False,,
biunolol,False,grammar+refined,1,68.12,66.21,moderate,-11.21,3.79,ionosol,0.6351,4,TRADEMARK_HIT,SIMILARITY_MODERATE,baenolol,baenolol -> bienolol -> biunolol,0.0,1.0,1.0,1.0,1.0,0.912,0.0,beta-blocker,generic,-olol,crowded,False,,
biinolol,False,grammar+refined,1,68.12,68.84,moderate,-13.84,1.16,bicolor,0.6119,4,INTRA_STEM_TOO_CLOSE|TRADEMARK_HIT,SIMILARITY_MODERATE,baenolol,baenolol -> bienolol -> biunolol -> biinolol,0.0,1.0,1.0,1.0,1.0,0.912,0.0,beta-blocker,generic,-olol,crowded,False,,
rehexolol,True,grammar+refined,1,62.43,62.58,moderate,-7.58,7.42,iohexol,0.7277,4,,SIMILARITY_MODERATE,remexolol,remexolol -> rehexolol,0.0,0.68,1.0,1.0,1.0,0.983,0.0,beta-blocker,generic,-olol,crowded,False,,
maxoprazole,False,grammar,1,66.84,65.43,moderate,-10.43,4.57,masoprocol,0.8056,4,INTRA_STEM_TOO_CLOSE|TRADEMARK_HIT,SIMILARITY_MODERATE,,maxoprazole,0.0,1.0,0.879,1.0,1.0,0.952,0.001,proton pump inhibitor,generic,-prazole,crowded,False,,
tatuprazole,False,grammar,1,58.84,61.92,moderate,-6.92,8.08,anastrozole,0.7976,4,INTRA_STEM_TOO_CLOSE|TRADEMARK_HIT,SIMILARITY_MODERATE,,tatuprazole,0.0,0.6,0.879,1.0,1.0,0.952,0.001,proton pump inhibitor,generic,-prazole,crowded,False,,
purzepruprazole,True,grammar,1,56.77,54.09,low,0.91,15.91,benzotriazole,0.7285,5,,,,purzepruprazole,0.036,0.8,0.739,1.0,1.0,0.456,0.0,proton pump inhibitor,generic,-prazole,crowded,False,,
eboprazole,False,grammar,1,67.29,66.24,moderate,-11.24,3.76,omperazole,0.7878,4,INTRA_STEM_TOO_CLOSE|TRADEMARK_HIT,SIMILARITY_MODERATE,,eboprazole,0.0,1.0,0.879,1.0,1.0,0.998,0.0,proton pump inhibitor,generic,-prazole,crowded,False,,
cyxonoprazole,True,grammar,1,62.21,59.86,moderate,-4.86,10.14,fexinidazole,0.6585,5,,SIMILARITY_MODERATE,,cyxonoprazole,0.0,1.0,0.783,1.0,1.0,0.624,0.001,proton pump inhibitor,generic,-prazole,crowded,True,,
muloprazole,False,grammar,1,58.92,65.47,moderate,-10.47,4.53,letrozole,0.8833,4,TRADEMARK_HIT,SIMILARITY_MODERATE,,muloprazole,0.0,0.6,0.879,1.0,1.0,0.952,0.013,proton pump inhibitor,generic,-prazole,crowded,False,,
viloprazole,True,grammar,1,65.82,65.75,moderate,-10.75,4.25,virazole,0.8631,4,,SIMILARITY_MODERATE,,viloprazole,0.0,0.6,0.879,1.0,1.0,0.952,0.999,proton pump inhibitor,generic,-prazole,crowded,True,,
larraprazole,False,grammar,1,59.2,59.05,moderate,-4.05,10.95,guaraprolose,0.8133,4,TRADEMARK_HIT,SIMILARITY_MODERATE,,larraprazole,0.0,0.68,0.854,1.0,1.0,0.862,0.003,proton pump inhibitor,generic,-prazole,crowded,False,,
conecleprazole,True,grammar,1,56.39,59.47,moderate,-4.47,10.53,letrozole,0.8225,5,,SIMILARITY_MODERATE,,conecleprazole,0.0,0.771,0.763,1.0,1.0,0.527,0.0,proton pump inhibitor,generic,-prazole,crowded,False,,
toceprazole,False,grammar,1,63.1,66.55,moderate,-11.55,3.45,feprazone,0.8352,4,INTRA_STEM_TOO_CLOSE|TRADEMARK_HIT,SIMILARITY_MODERATE,,toceprazole,0.0,0.6,0.879,1.0,1.0,0.952,0.611,proton pump inhibitor,generic,-prazole,crowded,False,,
gidiprazole,False,grammar,1,66.83,65.33,moderate,-10.33,4.67,tinidazole,0.7903,4,TRADEMARK_HIT,SIMILARITY_MODERATE,,gidiprazole,0.0,1.0,0.879,1.0,1.0,0.952,0.0,proton pump inhibitor,generic,-prazole,crowded,False,,
samiprazole,False,grammar,1,62.02,67.85,moderate,-12.85,2.15,omperazole,0.9026,4,INTRA_STEM_TOO_CLOSE|TRADEMARK_HIT,SIMILARITY_MODERATE,,samiprazole,0.0,0.6,0.879,1.0,1.0,0.952,0.456,proton pump inhibitor,generic,-prazole,crowded,False,,
intucaprazole,True,grammar,1,58.5,58.89,moderate,-3.89,11.11,fenticonazole,0.7434,5,,SIMILARITY_MODERATE,,intucaprazole,0.0,0.733,0.869,1.0,1.0,0.624,0.06,proton pump inhibitor,generic,-prazole,crowded,False,,
nerfeprazole,False,grammar,1,59.19,67.78,moderate,-12.78,2.22,feprazone,0.7326,4,TRADEMARK_HIT,SIMILARITY_MODERATE,,nerfeprazole,0.0,0.68,0.854,1.0,1.0,0.862,0.001,proton pump inhibitor,generic,-prazole,crowded,False,,
sirnoprazole,False,grammar,1,65.58,64.61,moderate,-9.61,5.39,nimorazole,0.6579,4,TRADEMARK_HIT,SIMILARITY_MODERATE,,sirnoprazole,0.0,1.0,0.854,1.0,1.0,0.862,0.0,proton pump inhibitor,generic,-prazole,crowded,False,,
zitruprazole,True,grammar,1,57.49,63.49,moderate,-8.49,6.51,nitrofurazone,0.6862,4,,SIMILARITY_MODERATE,,zitruprazole,0.0,0.68,0.733,1.0,1.0,0.862,0.0,proton pump inhibitor,generic,-prazole,crowded,False,,
noreprazole,False,grammar,1,58.86,64.48,moderate,-9.48,5.52,letrozole,0.8096,4,INTRA_STEM_TOO_CLOSE|TRADEMARK_HIT,SIMILARITY_MODERATE,,noreprazole,0.0,0.6,0.879,1.0,1.0,0.952,0.004,proton pump inhibitor,generic,-prazole,crowded,False,,
semniprazole,False,grammar,1,60.54,73.05,high,-18.05,-3.05,tenonitrozole,0.7423,4,SIMILARITY_TOO_HIGH|INTRA_STEM_TOO_CLOSE|TRADEMARK_HIT,,,semniprazole,0.0,0.68,0.854,1.0,1.0,0.862,0.195,proton pump inhibitor,generic,-prazole,crowded,False,,
bapiiprazole,False,grammar,1,64.83,79.0,high,-24.0,-9.0,dapiprazole,0.6117,5,SIMILARITY_TOO_HIGH|TRADEMARK_HIT,,,bapiiprazole,0.0,1.0,0.894,1.0,1.0,0.731,0.0,proton pump inhibitor,generic,-prazole,crowded,False,,
kilfiprazole,False,grammar,1,59.18,61.37,moderate,-6.37,8.63,sulfinpyrazone,0.6187,4,TRADEMARK_HIT,SIMILARITY_MODERATE,,kilfiprazole,0.0,0.68,0.854,1.0,1.0,0.862,0.0,proton pump inhibitor,generic,-prazole,crowded,False,,
ixoprazole,False,grammar,1,67.29,62.42,moderate,-7.42,7.58,feprazone,0.7437,4,TRADEMARK_HIT,SIMILARITY_MODERATE,,ixoprazole,0.0,1.0,0.879,1.0,1.0,0.998,0.0,proton pump inhibitor,generic,-prazole,crowded,False,,
lidadeprazole,False,grammar,1,58.42,57.1,moderate,-2.1,12.9,letrozole,0.742,5,TRADEMARK_HIT,SIMILARITY_MODERATE,,lidadeprazole,0.0,0.733,0.894,1.0,1.0,0.624,0.0,proton pump inhibitor,generic,-prazole,crowded,False,,
pixoprazole,False,grammar,1,66.83,62.25,moderate,-7.25,7.75,bifonazole,0.7388,4,INTRA_STEM_TOO_CLOSE|TRADEMARK_HIT,SIMILARITY_MODERATE,,pixoprazole,0.0,1.0,0.879,1.0,1.0,0.952,0.0,proton pump inhibitor,generic,-prazole,crowded,False,,
hecraprazole,True,grammar,1,63.89,58.03,moderate,-3.03,11.97,tetrapropyl,0.7463,4,,SIMILARITY_MODERATE,,hecraprazole,0.0,1.0,0.733,1.0,1.0,0.862,0.0,proton pump inhibitor,generic,-prazole,crowded,True,,
traprazole,False,ngram_guided,1,65.27,66.8,moderate,-11.8,3.2,trimazole,0.9433,3,INTRA_STEM_TOO_CLOSE|TRADEMARK_HIT,SIMILARITY_MODERATE,,traprazole,0.0,1.0,0.683,1.0,1.0,0.873,0.283,proton pump inhibitor,generic,-prazole,crowded,False,,
testprazole,False,ngram_guided,1,55.14,67.48,moderate,-12.48,2.52,anastrozole,0.5603,3,TRADEMARK_HIT,SIMILARITY_MODERATE,,testprazole,0.0,0.6,0.574,0.65,1.0,0.828,0.711,proton pump inhibitor,generic,-prazole,crowded,False,,
neparvoprazole,False,ngram_guided,1,47.92,59.04,moderate,-4.04,10.96,neparvovec,0.755,5,TRADEMARK_HIT,SIMILARITY_MODERATE,,neparvoprazole,0.0,0.15,0.869,1.0,1.0,0.527,0.354,proton pump inhibitor,generic,-prazole,crowded,False,,
sotprazole,False,ngram_guided,1,69.37,70.56,high,-15.56,-0.56,omperazole,0.6404,3,SIMILARITY_TOO_HIGH|TRADEMARK_HIT,,,sotprazole,0.0,1.0,0.742,1.0,1.0,0.873,0.75,proton pump inhibitor,generic,-prazole,crowded,False,,
zuralaprazole,False,ngram_guided,1,54.41,61.52,moderate,-6.52,8.48,alprazolam,0.7515,5,TRADEMARK_HIT,SIMILARITY_MODERATE,,zuralaprazole,0.0,0.517,0.894,1.0,1.0,0.624,0.046,proton pump inhibitor,generic,-prazole,crowded,False,,
bacaprazole,False,ngram_guided,1,63.58,64.33,moderate,-9.33,5.67,anastrozole,0.9214,4,TRADEMARK_HIT,SIMILARITY_MODERATE,,bacaprazole,0.0,0.6,0.879,1.0,1.0,0.952,0.678,proton pump inhibitor,generic,-prazole,crowded,False,,
ibuprazole,False,ngram_guided,1,71.61,70.18,high,-15.18,-0.18,bupranolol,0.8053,4,SIMILARITY_TOO_HIGH|INTRA_STEM_TOO_CLOSE|TRADEMARK_HIT,,,ibuprazole,0.0,1.0,0.879,1.0,1.0,0.998,0.618,proton pump inhibitor,generic,-prazole,crowded,False,,
ensariboprazole,False,ngram_guided,1,56.84,63.32,moderate,-8.32,6.68,carisoprodol,0.7745,6,TRADEMARK_HIT,SIMILARITY_MODERATE,,ensariboprazole,0.0,0.6,0.879,1.0,1.0,0.237,0.736,proton pump inhibitor,generic,-prazole,crowded,False,,
imexprazole,False,ngram_guided,1,56.51,61.14,moderate,-6.14,8.86,omperazole,0.6453,4,INTRA_STEM_TOO_CLOSE|TRADEMARK_HIT,SIMILARITY_MODERATE,,imexprazole,0.0,0.6,0.7,1.0,1.0,0.952,0.026,proton pump inhibitor,generic,-prazole,crowded,False,,
ramiloprazole,False,ngram_guided,1,51.72,58.89,moderate,-3.89,11.11,nimorazole,0.8798,5,TRADEMARK_HIT,SIMILARITY_MODERATE,,ramiloprazole,0.0,0.517,0.894,1.0,0.53,0.624,0.735,proton pump inhibitor,generic,-prazole,crowded,False,,
odroprazole,False,ngram_guided,1,57.94,68.23,moderate,-13.23,1.77,drometrizole,0.8712,4,TRADEMARK_HIT,SIMILARITY_MODERATE,,odroprazole,0.0,0.6,0.733,1.0,1.0,0.952,0.165,proton pump inhibitor,generic,-prazole,crowded,False,,
gefibrikprazole,True,ngram_guided,1,51.35,55.77,moderate,-0.77,14.23,deferiprone,0.6266,5,,SIMILARITY_MODERATE,,gefibrikprazole,0.0,0.6,0.677,1.0,1.0,0.456,0.046,proton pump inhibitor,generic,-prazole,crowded,False,,
degaprazole,False,ngram_guided,1,61.85,62.62,moderate,-7.62,7.38,dicaprate,0.8063,4,TRADEMARK_HIT,SIMILARITY_MODERATE,,degaprazole,0.0,0.6,0.879,1.0,1.0,0.952,0.432,proton pump inhibitor,generic,-prazole,crowded,False,,
nilvaprazole,True,ngram_guided,1,57.94,61.88,moderate,-6.88,8.12,nimorazole,0.7603,4,,SIMILARITY_MODERATE,,nilvaprazole,0.0,0.45,0.854,1.0,1.0,0.862,0.48,proton pump inhibitor,generic,-prazole,crowded,False,,
lidotprazole,False,ngram_guided,1,54.09,67.39,moderate,-12.39,2.61,bisoctrizole,0.6454,4,TRADEMARK_HIT,SIMILARITY_MODERATE,,lidotprazole,0.0,0.45,0.768,1.0,1.0,0.862,0.103,proton pump inhibitor,generic,-prazole,crowded,False,,
proprazole,False,ngram_guided,1,64.65,76.66,high,-21.66,-6.66,propranolol,0.9786,3,SIMILARITY_TOO_HIGH|TRADEMARK_HIT,,,proprazole,0.0,1.0,0.683,1.0,1.0,0.873,0.194,proton pump inhibitor,generic,-prazole,crowded,False,,
paniloprazole,False,ngram_guided,1,65.42,64.49,moderate,-9.49,5.51,benzotriazole,0.8814,5,INTRA_STEM_TOO_CLOSE|TRADEMARK_HIT,SIMILARITY_MODERATE,,paniloprazole,0.0,0.733,0.894,1.0,1.0,0.624,0.999,proton pump inhibitor,generic,-prazole,crowded,False,,
josampiprazole,True,ngram_guided,1,54.53,63.38,moderate,-8.38,6.62,omperazole,0.7838,5,,SIMILARITY_MODERATE,,josampiprazole,0.0,0.564,0.869,1.0,1.0,0.527,0.114,proton pump inhibitor,generic,-prazole,crowded,False,,
temaprazole,False,ngram_guided,1,62.63,66.32,moderate,-11.32,3.68,omperazole,0.8243,4,INTRA_STEM_TOO_CLOSE|TRADEMARK_HIT,SIMILARITY_MODERATE,,temaprazole,0.0,0.6,0.879,1.0,1.0,0.952,0.543,proton pump inhibitor,generic,-prazole,crowded,False,,
pralmeprazole,False,ngram_guided,1,56.35,68.03,moderate,-13.03,1.97,drometrizole,0.8499,4,INTRA_STEM_TOO_CLOSE|TRADEMARK_HIT,SIMILARITY_MODERATE,,pralmeprazole,0.0,0.517,0.709,1.0,1.0,0.755,0.506,proton pump inhibitor,generic,-prazole,crowded,False,,
tovobineprazole,True,ngram_guided,1,56.67,54.62,low,0.38,15.38,methotrimeprazine,0.7329,6,,,,tovobineprazole,0.015,0.6,0.904,1.0,1.0,0.237,0.611,proton pump inhibitor,generic,-prazole,crowded,False,,
palomiplprazole,True,ngram_guided,1,50.7,54.23,low,0.77,15.77,alprazolam,0.5981,5,,,,palomiplprazole,0.031,0.6,0.655,0.65,1.0,0.456,0.341,proton pump inhibitor,generic,-prazole,crowded,False,,
ozanitaprazole,False,ngram_guided,1,54.17,60.08,moderate,-5.08,9.92,cinitapride,0.8203,6,TRADEMARK_HIT,SIMILARITY_MODERATE,,ozanitaprazole,0.0,0.564,0.904,1.0,1.0,0.309,0.305,proton pump inhibitor,generic,-prazole,crowded,False,,
androxyprazole,True,ngram_guided,1,41.53,65.25,moderate,-10.25,4.75,hydroxyproline,0.9703,5,,SIMILARITY_MODERATE,,androxyprazole,0.0,0.564,0.566,1.0,0.18,0.527,0.739,proton pump inhibitor,generic,-prazole,crowded,False,,
ebuprazole,False,ngram_guided+refined,1,67.29,70.18,high,-15.18,-0.18,bupranolol,0.7946,4,SIMILARITY_TOO_HIGH|INTRA_STEM_TOO_CLOSE|TRADEMARK_HIT,,ibuprazole,ibuprazole -> ebuprazole,0.0,1.0,0.879,1.0,1.0,0.998,0.0,proton pump inhibitor,generic,-prazole,crowded,False,,
ubuprazole,False,ngram_guided+refined,1,67.29,70.18,high,-15.18,-0.18,bupranolol,0.7645,4,SIMILARITY_TOO_HIGH|INTRA_STEM_TOO_CLOSE|TRADEMARK_HIT,,ibuprazole,ibuprazole -> ebuprazole -> ubuprazole,0.0,1.0,0.879,1.0,1.0,0.998,0.0,proton pump inhibitor,generic,-prazole,crowded,False,,
ubiprazole,False,ngram_guided+refined,1,67.29,70.0,high,-15.0,0.0,virazole,0.8171,4,SIMILARITY_TOO_HIGH|INTRA_STEM_TOO_CLOSE|TRADEMARK_HIT,,ibuprazole,ibuprazole -> ebuprazole -> ubuprazole -> ubiprazole,0.0,1.0,0.879,1.0,1.0,0.998,0.0,proton pump inhibitor,generic,-prazole,crowded,False,,
sojprazole,False,ngram_guided+refined,1,64.12,70.76,high,-15.76,-0.76,omperazole,0.6228,3,SIMILARITY_TOO_HIGH|TRADEMARK_HIT,,sotprazole,sotprazole -> sojprazole,0.0,1.0,0.742,1.0,1.0,0.873,0.0,proton pump inhibitor,generic,-prazole,crowded,False,,
sujprazole,False,ngram_guided+refined,1,64.12,63.81,moderate,-8.81,6.19,omperazole,0.6323,3,TRADEMARK_HIT,SIMILARITY_MODERATE,sotprazole,sotprazole -> sojprazole -> sujprazole,0.0,1.0,0.742,1.0,1.0,0.873,0.0,proton pump inhibitor,generic,-prazole,crowded,False,,
ehoprazole,False,grammar+refined,1,67.29,63.05,moderate,-8.05,6.95,omperazole,0.7076,4,TRADEMARK_HIT,SIMILARITY_MODERATE,eboprazole,eboprazole -> ehoprazole,0.0,1.0,0.879,1.0,1.0,0.998,0.0,proton pump inhibitor,generic,-prazole,crowded,False,,
ejoprazole,False,grammar+refined,1,67.29,64.33,moderate,-9.33,5.67,benzotriazole,0.6575,4,INTRA_STEM_TOO_CLOSE|TRADEMARK_HIT,SIMILARITY_MODERATE,eboprazole,eboprazole -> ehoprazole -> ejoprazole,0.0,1.0,0.879,1.0,1.0,0.998,0.0,proton pump inhibitor,generic,-prazole,crowded,False,,
epoprazole,False,grammar+refined,1,67.52,65.5,moderate,-10.5,4.5,omperazole,0.8221,4,INTRA_STEM_TOO_CLOSE|TRADEMARK_HIT,SIMILARITY_MODERATE,eboprazole,eboprazole -> ehoprazole -> ejoprazole -> epoprazole,0.0,1.0,0.879,1.0,1.0,0.998,0.033,proton pump inhibitor,generic,-prazole,crowded,False,,
ikoprazole,False,grammar+refined,1,67.29,65.66,moderate,-10.66,4.34,nimorazole,0.6192,4,TRADEMARK_HIT,SIMILARITY_MODERATE,ixoprazole,ixoprazole -> ikoprazole,0.0,1.0,0.879,1.0,1.0,0.998,0.0,proton pump inhibitor,generic,-prazole,crowded,False,,
ipoprazole,False,grammar+refined,1,67.29,69.07,moderate,-14.07,0.93,nimorazole,0.7752,4,INTRA_STEM_TOO_CLOSE|TRADEMARK_HIT,SIMILARITY_MODERATE,ixoprazole,ixoprazole -> ikoprazole -> ipoprazole,0.0,1.0,0.879,1.0,1.0,0.998,0.0,proton pump inhibitor,generic,-prazole,crowded,False,,
iboprazole,False,grammar+refined,1,67.32,71.19,high,-16.19,-1.19,nimorazole,0.7961,4,SIMILARITY_TOO_HIGH|INTRA_STEM_TOO_CLOSE|TRADEMARK_HIT,,ixoprazole,ixoprazole -> ikoprazole -> ipoprazole -> iboprazole,0.0,1.0,0.879,1.0,1.0,0.998,0.004,proton pump inhibitor,generic,-prazole,crowded,False,,
muxoprazole,False,grammar+refined,1,66.83,61.33,moderate,-6.33,8.67,miconazole,0.7072,4,TRADEMARK_HIT,SIMILARITY_MODERATE,maxoprazole,maxoprazole -> muxoprazole,0.0,1.0,0.879,1.0,1.0,0.952,0.0,proton pump inhibitor,generic,-prazole,crowded,False,,
mumoprazole,False,grammar+refined,1,66.83,74.15,high,-19.15,-4.15,nimorazole,0.8173,4,SIMILARITY_TOO_HIGH|INTRA_STEM_TOO_CLOSE|TRADEMARK_HIT,,maxoprazole,maxoprazole -> muxoprazole -> mumoprazole,0.0,1.0,0.879,1.0,1.0,0.952,0.0,proton pump inhibitor,generic,-prazole,crowded,False,,
mumiprazole,False,grammar+refined,1,66.83,66.32,moderate,-11.32,3.68,omperazole,0.8299,4,INTRA_STEM_TOO_CLOSE|TRADEMARK_HIT,SIMILARITY_MODERATE,maxoprazole,maxoprazole -> muxoprazole -> mumoprazole -> mumiprazole,0.0,1.0,0.879,1.0,1.0,0.952,0.0,proton pump inhibitor,generic,-prazole,crowded,False,,
gediprazole,False,grammar+refined,1,58.83,64.81,moderate,-9.81,5.19,metipranolol,0.8278,4,TRADEMARK_HIT,SIMILARITY_MODERATE,gidiprazole,gidiprazole -> gediprazole,0.0,0.6,0.879,1.0,1.0,0.952,0.0,proton pump inhibitor,generic,-prazole,crowded,False,,
gebiprazole,False,grammar+refined,1,66.83,63.99,moderate,-8.99,6.01,virazole,0.7388,4,INTRA_STEM_TOO_CLOSE|TRADEMARK_HIT,SIMILARITY_MODERATE,gidiprazole,gidiprazole -> gediprazole -> gebiprazole,0.0,1.0,0.879,1.0,1.0,0.952,0.0,proton pump inhibitor,generic,-prazole,crowded,False,,
gabiprazole,False,grammar+refined,1,58.84,65.0,moderate,-10.0,5.0,dapiprazole,0.8296,4,INTRA_STEM_TOO_CLOSE|TRADEMARK_HIT,SIMILARITY_MODERATE,gidiprazole,gidiprazole -> gediprazole -> gebiprazole -> gabiprazole,0.0,0.6,0.879,1.0,1.0,0.952,0.001,proton pump inhibitor,generic,-prazole,crowded,False,,
poxoprazole,False,grammar+refined,1,58.85,62.61,moderate,-7.61,7.39,epoxiconazole,0.8656,4,INTRA_STEM_TOO_CLOSE|TRADEMARK_HIT,SIMILARITY_MODERATE,pixoprazole,pixoprazole -> poxoprazole,0.0,0.6,0.879,1.0,1.0,0.952,0.003,proton pump inhibitor,generic,-prazole,crowded,False,,
pocoprazole,False,grammar+refined,1,58.83,67.45,moderate,-12.45,2.55,tioconazole,0.8815,4,INTRA_STEM_TOO_CLOSE|TRADEMARK_HIT,SIMILARITY_MODERATE,pixoprazole,pixoprazole -> poxoprazole -> pocoprazole,0.0,0.6,0.879,1.0,1.0,0.952,0.0,proton pump inhibitor,generic,-prazole,crowded,False,,
povoprazole,False,grammar+refined,1,66.84,62.32,moderate,-7.32,7.68,propranolol,0.7755,4,INTRA_STEM_TOO_CLOSE|TRADEMARK_HIT,SIMILARITY_MODERATE,pixoprazole,pixoprazole -> poxoprazole -> pocoprazole -> povoprazole,0.0,1.0,0.879,1.0,1.0,0.952,0.001,proton pump inhibitor,generic,-prazole,crowded,False,,
sornoprazole,False,grammar+refined,1,59.23,64.84,moderate,-9.84,5.16,ornidazole,0.8224,4,TRADEMARK_HIT,SIMILARITY_MODERATE,sirnoprazole,sirnoprazole -> sornoprazole,0.0,0.68,0.854,1.0,1.0,0.862,0.007,proton pump inhibitor,generic,-prazole,crowded,False,,
sernoprazole,False,grammar+refined,1,59.22,65.56,moderate,-10.56,4.44,benzotriazole,0.8294,4,TRADEMARK_HIT,SIMILARITY_MODERATE,sirnoprazole,sirnoprazole -> sornoprazole -> sernoprazole,0.0,0.68,0.854,1.0,1.0,0.862,0.005,proton pump inhibitor,generic,-prazole,crowded,False,,
secnoprazole,False,grammar+refined,1,59.21,73.32,high,-18.32,-3.32,secnidazole,0.6755,4,SIMILARITY_TOO_HIGH|TRADEMARK_HIT,,sirnoprazole,sirnoprazole -> sornoprazole -> sernoprazole -> secnoprazole,0.0,0.68,0.854,1.0,1.0,0.862,0.004,proton pump inhibitor,generic,-prazole,crowded,False,,
botiprazole,False,grammar,2,58.84,67.19,moderate,-12.19,2.81,metipranolol,0.8266,4,TRADEMARK_HIT,SIMILARITY_MODERATE,,botiprazole,0.0,0.6,0.879,1.0,1.0,0.952,0.001,proton pump inhibitor,generic,-prazole,crowded,False,,
futoprazole,False,grammar,2,66.95,63.89,moderate,-8.89,6.11,butoconazole,0.767,4,INTRA_STEM_TOO_CLOSE|TRADEMARK_HIT,SIMILARITY_MODERATE,,futoprazole,0.0,1.0,0.879,1.0,1.0,0.952,0.017,proton pump inhibitor,generic,-prazole,crowded,False,,
aziprazole,False,grammar,2,73.77,71.9,high,-16.9,-1.9,virazole,0.834,4,SIMILARITY_TOO_HIGH|INTRA_STEM_TOO_CLOSE|TRADEMARK_HIT,,,aziprazole,0.0,1.0,0.879,1.0,1.0,0.998,0.926,proton pump inhibitor,generic,-prazole,crowded,False,,
felmoprazole,False,grammar,2,59.36,63.59,moderate,-8.59,6.41,felimazole,0.7613,4,TRADEMARK_HIT,SIMILARITY_MODERATE,,felmoprazole,0.0,0.68,0.854,1.0,1.0,0.862,0.026,proton pump inhibitor,generic,-prazole,crowded,False,,
arveprazole,False,grammar,2,58.51,65.32,moderate,-10.32,4.68,feprazone,0.7734,4,INTRA_STEM_TOO_CLOSE|TRADEMARK_HIT,SIMILARITY_MODERATE,,arveprazole,0.0,0.6,0.854,1.0,1.0,0.952,0.003,proton pump inhibitor,generic,-prazole,crowded,False,,
sucoprazole,False,grammar,2,66.84,66.6,moderate,-11.6,3.4,fluconazole,0.9301,4,TRADEMARK_HIT,SIMILARITY_MODERATE,,sucoprazole,0.0,1.0,0.879,1.0,1.0,0.952,0.001,proton pump inhibitor,generic,-prazole,crowded,False,,
cegiprazole,False,grammar,2,66.83,67.85,moderate,-12.85,2.15,celiprolol,0.6925,4,TRADEMARK_HIT,SIMILARITY_MODERATE,,cegiprazole,0.0,1.0,0.879,1.0,1.0,0.952,0.0,proton pump inhibitor,generic,-prazole,crowded,False,,
phopaprazole,False,grammar,2,59.26,60.99,moderate,-5.99,9.01,fomepizole,0.8873,4,TRADEMARK_HIT,SIMILARITY_MODERATE,,phopaprazole,0.0,0.68,0.854,1.0,1.0,0.862,0.011,proton pump inhibitor,generic,-prazole,crowded,False,,
inaprazole,False,grammar,2,71.9,71.32,high,-16.32,-1.32,anastrozole,0.8952,4,SIMILARITY_TOO_HIGH|INTRA_STEM_TOO_CLOSE|TRADEMARK_HIT,,,inaprazole,0.0,1.0,0.879,1.0,1.0,0.998,0.66,proton pump inhibitor,generic,-prazole,crowded,False,,
elaprazole,False,grammar,2,73.6,78.21,high,-23.21,-8.21,elaprase,0.8535,4,SIMILARITY_TOO_HIGH|TRADEMARK_HIT,,,elaprazole,0.0,1.0,0.879,1.0,1.0,0.998,0.902,proton pump inhibitor,generic,-prazole,crowded,False,,
asveoprazole,False,grammar,2,64.48,61.39,moderate,-6.39,8.61,feprazone,0.7614,5,TRADEMARK_HIT,SIMILARITY_MODERATE,,asveoprazole,0.0,1.0,0.869,1.0,1.0,0.731,0.0,proton pump inhibitor,generic,-prazole,crowded,False,,
basomuprazole,False,grammar,2,58.42,63.08,moderate,-8.08,6.92,drometrizole,0.7183,5,INTRA_STEM_TOO_CLOSE|TRADEMARK_HIT,SIMILARITY_MODERATE,,basomuprazole,0.0,0.733,0.894,1.0,1.0,0.624,0.0,proton pump inhibitor,generic,-prazole,crowded,False,,
ediprazole,False,grammar,2,67.29,69.52,moderate,-14.52,0.48,virazole,0.871,4,INTRA_STEM_TOO_CLOSE|TRADEMARK_HIT,SIMILARITY_MODERATE,,ediprazole,0.0,1.0,0.879,1.0,1.0,0.998,0.0,proton pump inhibitor,generic,-prazole,crowded,False,,
atakiprazole,False,grammar,2,64.91,64.93,moderate,-9.93,5.07,anastrozole,0.6556,5,TRADEMARK_HIT,SIMILARITY_MODERATE,,atakiprazole,0.0,1.0,0.894,1.0,1.0,0.731,0.012,proton pump inhibitor,generic,-prazole,crowded,False,,
amimiprazole,False,grammar,2,65.13,69.14,moderate,-14.14,0.86,nimorazole,0.8063,5,TRADEMARK_HIT,SIMILARITY_MODERATE,,amimiprazole,0.0,1.0,0.894,1.0,1.0,0.731,0.043,proton pump inhibitor,generic,-prazole,crowded,False,,
tepaprazole,False,grammar,2,60.6,65.66,moderate,-10.66,4.34,atipamezole,0.8368,4,TRADEMARK_HIT,SIMILARITY_MODERATE,,tepaprazole,0.0,0.6,0.879,1.0,1.0,0.952,0.254,proton pump inhibitor,generic,-prazole,crowded,False,,
agoprazole,False,grammar,2,67.29,64.49,moderate,-9.49,5.51,omperazole,0.848,4,INTRA_STEM_TOO_CLOSE|TRADEMARK_HIT,SIMILARITY_MODERATE,,agoprazole,0.0,1.0,0.879,1.0,1.0,0.998,0.0,proton pump inhibitor,generic,-prazole,crowded,False,,
bemiprazole,False,grammar,2,62.93,66.32,moderate,-11.32,3.68,omperazole,0.8372,4,INTRA_STEM_TOO_CLOSE|TRADEMARK_HIT,SIMILARITY_MODERATE,,bemiprazole,0.0,0.6,0.879,1.0,1.0,0.952,0.586,proton pump inhibitor,generic,-prazole,crowded,False,,
pilaprazole,True,grammar,2,66.9,65.57,moderate,-10.57,4.43,elaprase,0.8534,4,,SIMILARITY_MODERATE,,pilaprazole,0.0,1.0,0.879,1.0,1.0,0.952,0.01,proton pump inhibitor,generic,-prazole,crowded,True,,
lairlonoprazole,True,grammar,2,59.32,53.53,low,1.47,16.47,vonoprazan,0.7284,5,,,,lairlonoprazole,0.059,0.8,0.869,1.0,1.0,0.456,0.026,proton pump inhibitor,generic,-prazole,crowded,False,,
covaprazole,False,grammar,2,58.87,66.29,moderate,-11.29,3.71,vaprisol,0.8201,4,INTRA_STEM_TOO_CLOSE|TRADEMARK_HIT,SIMILARITY_MODERATE,,covaprazole,0.0,0.6,0.879,1.0,1.0,0.952,0.006,proton pump inhibitor,generic,-prazole,crowded,False,,
boctiprazole,False,grammar,2,59.18,65.08,moderate,-10.08,4.92,bisoctrizole,0.8059,4,TRADEMARK_HIT,SIMILARITY_MODERATE,,boctiprazole,0.0,0.68,0.854,1.0,1.0,0.862,0.0,proton pump inhibitor,generic,-prazole,crowded,False,,
dompoprazole,False,grammar,2,59.19,74.25,high,-19.25,-4.25,omperazole,0.7545,4,SIMILARITY_TOO_HIGH|INTRA_STEM_TOO_CLOSE|TRADEMARK_HIT,,,dompoprazole,0.0,0.68,0.854,1.0,1.0,0.862,0.001,proton pump inhibitor,generic,-prazole,crowded,False,,
oqeprazole,False,grammar,2,67.29,70.46,high,-15.46,-0.46,letrozole,0.6117,4,SIMILARITY_TOO_HIGH|INTRA_STEM_TOO_CLOSE|TRADEMARK_HIT,,,oqeprazole,0.0,1.0,0.879,1.0,1.0,0.998,0.0,proton pump inhibitor,generic,-prazole,crowded,False,,
lumbroprazole,False,ngram_guided,2,46.97,62.46,moderate,-7.46,7.54,lumbrokinase,0.9151,4,TRADEMARK_HIT,SIMILARITY_MODERATE,,lumbroprazole,0.0,0.3,0.647,1.0,0.53,0.755,0.983,proton pump inhibitor,generic,-prazole,crowded,False,,
bamprazole,False,ngram_guided,2,66.59,75.77,high,-20.77,-5.77,omperazole,0.8545,3,SIMILARITY_TOO_HIGH|INTRA_STEM_TOO_CLOSE|TRADEMARK_HIT,,,bamprazole,0.0,1.0,0.742,1.0,1.0,0.873,0.352,proton pump inhibitor,generic,-prazole,crowded,False,,
ataprazole,False,ngram_guided,2,71.84,69.08,moderate,-14.08,0.92,anastrozole,0.8374,4,INTRA_STEM_TOO_CLOSE|TRADEMARK_HIT,SIMILARITY_MODERATE,,ataprazole,0.0,1.0,0.879,1.0,1.0,0.998,0.65,proton pump inhibitor,generic,-prazole,crowded,False,,
neuruxprazole,True,ngram_guided,2,60.52,54.13,low,0.87,15.87,neurospora,0.565,4,,,,neuruxprazole,0.035,0.517,0.7,1.0,1.0,0.755,0.999,proton pump inhibitor,generic,-prazole,crowded,True,,
eryprazole,False,ngram_guided,2,66.07,64.21,moderate,-9.21,5.79,erythritol,0.8571,4,TRADEMARK_HIT,SIMILARITY_MODERATE,,eryprazole,0.0,1.0,0.768,1.0,1.0,0.998,0.049,proton pump inhibitor,generic,-prazole,crowded,False,,
reveliprazole,False,ngram_guided,2,65.22,63.89,moderate,-8.89,6.11,felimazole,0.8502,5,TRADEMARK_HIT,SIMILARITY_MODERATE,,reveliprazole,0.0,0.733,0.894,1.0,1.0,0.624,0.971,proton pump inhibitor,generic,-prazole,crowded,False,,
dacliprazole,True,ngram_guided,2,56.83,65.52,moderate,-10.52,4.48,climbazole,0.7903,4,,SIMILARITY_MODERATE,,dacliprazole,0.0,0.45,0.733,1.0,1.0,0.862,0.563,proton pump inhibitor,generic,-prazole,crowded,False,,
bremdurvprazole,True,ngram_guided,2,49.85,60.11,moderate,-5.11,9.89,drometrizole,0.6216,4,,SIMILARITY_MODERATE,,bremdurvprazole,0.0,0.6,0.622,0.65,1.0,0.587,0.204,proton pump inhibitor,generic,-prazole,crowded,False,,
dosprazole,False,ngram_guided,2,64.84,66.72,moderate,-11.72,3.28,anastrozole,0.8269,3,INTRA_STEM_TOO_CLOSE|TRADEMARK_HIT,SIMILARITY_MODERATE,,dosprazole,0.0,1.0,0.742,1.0,1.0,0.873,0.103,proton pump inhibitor,generic,-prazole,crowded,False,,
clofprazole,True,ngram_guided,2,60.08,66.57,moderate,-11.57,3.43,clotrimazole,0.8063,3,,SIMILARITY_MODERATE,,clofprazole,0.0,0.6,0.596,1.0,1.0,0.828,0.923,proton pump inhibitor,generic,-prazole,crowded,False,,
lixekiprazole,True,ngram_guided,2,58.58,69.87,moderate,-14.87,0.13,elixircurozole,0.6985,5,,SIMILARITY_MODERATE,,lixekiprazole,0.0,0.517,0.894,1.0,1.0,0.624,0.641,proton pump inhibitor,generic,-prazole,crowded,False,,
choprazole,False,ngram_guided,2,65.79,64.08,moderate,-9.08,5.92,omperazole,0.914,3,TRADEMARK_HIT,SIMILARITY_MODERATE,,choprazole,0.0,1.0,0.829,1.0,1.0,0.873,0.065,proton pump inhibitor,generic,-prazole,crowded,False,,
atiprazole,False,ngram_guided,2,69.89,71.92,high,-16.92,-1.92,atipamezole,0.7921,4,SIMILARITY_TOO_HIGH|INTRA_STEM_TOO_CLOSE|TRADEMARK_HIT,,,atiprazole,0.0,1.0,0.879,1.0,1.0,0.998,0.372,proton pump inhibitor,generic,-prazole,crowded,False,,
alaprazole,False,ngram_guided,2,71.39,76.05,high,-21.05,-6.05,alprazolam,0.8918,4,SIMILARITY_TOO_HIGH|TRADEMARK_HIT,,,alaprazole,0.0,1.0,0.879,1.0,1.0,0.998,0.586,proton pump inhibitor,generic,-prazole,crowded,False,,
talkprazole,False,ngram_guided,2,52.58,69.39,moderate,-14.39,0.61,alprazolam,0.5809,3,TRADEMARK_HIT,SIMILARITY_MODERATE,,talkprazole,0.0,0.6,0.574,0.65,1.0,0.828,0.344,proton pump inhibitor,generic,-prazole,crowded,False,,
rhuprazole,False,ngram_guided,2,62.62,61.77,moderate,-6.77,8.23,omperazole,0.7543,3,TRADEMARK_HIT,SIMILARITY_MODERATE|ILLEGAL_ONSET_CLUSTER,,rhuprazole,0.0,1.0,0.63,1.0,1.0,0.873,0.009,proton pump inhibitor,generic,-prazole,crowded,False,,
vasoprazole,False,ngram_guided,2,60.01,68.55,moderate,-13.55,1.45,masoprocol,0.8679,4,INTRA_STEM_TOO_CLOSE|TRADEMARK_HIT,SIMILARITY_MODERATE,,vasoprazole,0.0,0.6,0.879,1.0,1.0,0.952,0.169,proton pump inhibitor,generic,-prazole,crowded,False,,
fosapaprazole,True,ngram_guided,2,59.15,61.79,moderate,-6.79,8.21,posaconazole,0.8461,5,,SIMILARITY_MODERATE,,fosapaprazole,0.0,0.517,0.894,1.0,1.0,0.624,0.723,proton pump inhibitor,generic,-prazole,crowded,False,,
aclprazole,False,ngram_guided,2,58.92,74.56,high,-19.56,-4.56,alprazolam,0.5889,3,SIMILARITY_TOO_HIGH|TRADEMARK_HIT,,,aclprazole,0.0,1.0,0.574,0.65,1.0,0.873,0.043,proton pump inhibitor,generic,-prazole,crowded,False,,
oflprazole,False,ngram_guided,2,58.66,71.11,high,-16.11,-1.11,alprazolam,0.5889,3,SIMILARITY_TOO_HIGH|TRADEMARK_HIT,,,oflprazole,0.0,1.0,0.574,0.65,1.0,0.873,0.006,proton pump inhibitor,generic,-prazole,crowded,False,,
nadprazole,False,ngram_guided,2,67.55,72.58,high,-17.58,-2.58,anastrozole,0.6697,3,SIMILARITY_TOO_HIGH|INTRA_STEM_TOO_CLOSE|TRADEMARK_HIT,,,nadprazole,0.0,1.0,0.742,1.0,1.0,0.873,0.489,proton pump inhibitor,generic,-prazole,crowded,False,,
relprazole,False,ngram_guided,2,67.4,71.83,high,-16.83,-1.83,alprazolam,0.8575,3,SIMILARITY_TOO_HIGH|TRADEMARK_HIT,,,relprazole,0.0,1.0,0.742,1.0,1.0,0.873,0.467,proton pump inhibitor,generic,-prazole,crowded,False,,
pumpprazole,False,ngram_guided,2,50.36,74.18,high,-19.18,-4.18,omperazole,0.6067,3,SIMILARITY_TOO_HIGH|INTRA_STEM_TOO_CLOSE|TRADEMARK_HIT,,,pumpprazole,0.0,0.6,0.742,0.4,1.0,0.828,0.013,proton pump inhibitor,generic,-prazole,crowded,False,,
ozaprazole,False,ngram_guided,2,67.46,67.36,moderate,-12.36,2.64,vaprisol,0.8472,4,INTRA_STEM_TOO_CLOSE|TRADEMARK_HIT,SIMILARITY_MODERATE,,ozaprazole,0.0,1.0,0.879,1.0,1.0,0.998,0.026,proton pump inhibitor,generic,-prazole,crowded,False,,
aqiprazole,False,grammar+refined,2,67.29,67.28,moderate,-12.28,2.72,virazole,0.6875,4,INTRA_STEM_TOO_CLOSE|TRADEMARK_HIT,SIMILARITY_MODERATE,aziprazole,aziprazole -> aqiprazole,0.0,1.0,0.879,1.0,1.0,0.998,0.0,proton pump inhibitor,generic,-prazole,crowded,False,,
apiprazole,False,grammar+refined,2,68.17,74.81,high,-19.81,-4.81,dapiprazole,0.8811,4,SIMILARITY_TOO_HIGH|INTRA_STEM_TOO_CLOSE|TRADEMARK_HIT,,aziprazole,aziprazole -> aqiprazole -> apiprazole,0.0,1.0,0.879,1.0,1.0,0.998,0.126,proton pump inhibitor,generic,-prazole,crowded,False,,
ipiprazole,False,grammar+refined,2,67.29,73.69,high,-18.69,-3.69,piprozoline,0.8424,4,SIMILARITY_TOO_HIGH|INTRA_STEM_TOO_CLOSE|TRADEMARK_HIT,,aziprazole,aziprazole -> aqiprazole -> apiprazole -> ipiprazole,0.0,1.0,0.879,1.0,1.0,0.998,0.0,proton pump inhibitor,generic,-prazole,crowded,False,,
eliprazole,False,grammar+refined,2,74.11,71.2,high,-16.2,-1.2,letrozole,0.8724,4,SIMILARITY_TOO_HIGH|TRADEMARK_HIT,,elaprazole,elaprazole -> eliprazole,0.0,1.0,0.879,1.0,1.0,0.998,0.975,proton pump inhibitor,generic,-prazole,crowded,False,,
eyiprazole,False,grammar+refined,2,67.29,67.28,moderate,-12.28,2.72,virazole,0.6316,4,INTRA_STEM_TOO_CLOSE|TRADEMARK_HIT,SIMILARITY_MODERATE,elaprazole,elaprazole -> eliprazole -> eyiprazole,0.0,1.0,0.879,1.0,1.0,0.998,0.0,proton pump inhibitor,generic,-prazole,crowded,False,,
eviprazole,False,grammar+refined,2,68.3,76.75,high,-21.75,-6.75,virazole,0.8225,4,SIMILARITY_TOO_HIGH|INTRA_STEM_TOO_CLOSE|TRADEMARK_HIT,,elaprazole,elaprazole -> eliprazole -> eyiprazole -> eviprazole,0.0,1.0,0.879,1.0,1.0,0.998,0.145,proton pump inhibitor,generic,-prazole,crowded,False,,
ihaprazole,False,grammar+refined,2,67.29,63.05,moderate,-8.05,6.95,omperazole,0.6095,4,TRADEMARK_HIT,SIMILARITY_MODERATE,inaprazole,inaprazole -> ihaprazole,0.0,1.0,0.879,1.0,1.0,0.998,0.0,proton pump inhibitor,generic,-prazole,crowded,False,,
ibaprazole,False,grammar+refined,2,69.88,66.24,moderate,-11.24,3.76,omperazole,0.7597,4,INTRA_STEM_TOO_CLOSE|TRADEMARK_HIT,SIMILARITY_MODERATE,inaprazole,inaprazole -> ihaprazole -> ibaprazole,0.0,1.0,0.879,1.0,1.0,0.998,0.37,proton pump inhibitor,generic,-prazole,crowded,False,,
ivaprazole,False,grammar+refined,2,67.31,72.13,high,-17.13,-2.13,vaprisol,0.8079,4,SIMILARITY_TOO_HIGH|INTRA_STEM_TOO_CLOSE|TRADEMARK_HIT,,inaprazole,inaprazole -> ihaprazole -> ibaprazole -> ivaprazole,0.0,1.0,0.879,1.0,1.0,0.998,0.003,proton pump inhibitor,generic,-prazole,crowded,False,,
anaprazole,False,ngram_guided+refined,2,68.42,77.81,high,-22.81,-7.81,anastrozole,0.92,4,SIMILARITY_TOO_HIGH|INTRA_STEM_TOO_CLOSE|TRADEMARK_HIT,,ataprazole,ataprazole -> anaprazole,0.0,1.0,0.879,1.0,1.0,0.998,0.162,proton pump inhibitor,generic,-prazole,crowded,False,,
anoprazole,False,ngram_guided+refined,2,67.46,68.74,moderate,-13.74,1.26,omperazole,0.9221,4,INTRA_STEM_TOO_CLOSE|TRADEMARK_HIT,SIMILARITY_MODERATE,ataprazole,ataprazole -> anaprazole -> anoprazole,0.0,1.0,0.879,1.0,1.0,0.998,0.026,proton pump inhibitor,generic,-prazole,crowded,False,,
aroprazole,False,ngram_guided+refined,2,67.33,68.13,moderate,-13.13,1.87,propranolol,0.9154,4,TRADEMARK_HIT,SIMILARITY_MODERATE,ataprazole,ataprazole -> anaprazole -> anoprazole -> aroprazole,0.0,1.0,0.879,1.0,1.0,0.998,0.006,proton pump inhibitor,generic,-prazole,crowded,False,,
abaprazole,False,ngram_guided+refined,2,70.35,69.87,moderate,-14.87,0.13,anastrozole,0.797,4,INTRA_STEM_TOO_CLOSE|TRADEMARK_HIT,SIMILARITY_MODERATE,alaprazole,alaprazole -> abaprazole,0.0,1.0,0.879,1.0,1.0,0.998,0.437,proton pump inhibitor,generic,-prazole,crowded,False,,
ajaprazole,False,ngram_guided+refined,2,67.29,69.28,moderate,-14.28,0.72,anastrozole,0.8671,4,INTRA_STEM_TOO_CLOSE|TRADEMARK_HIT,SIMILARITY_MODERATE,alaprazole,alaprazole -> abaprazole -> ajaprazole,0.0,1.0,0.879,1.0,1.0,0.998,0.0,proton pump inhibitor,generic,-prazole,crowded,False,,
awaprazole,False,ngram_guided+refined,2,67.29,67.63,moderate,-12.63,2.37,alprazolam,0.6295,4,INTRA_STEM_TOO_CLOSE|TRADEMARK_HIT,SIMILARITY_MODERATE,alaprazole,alaprazole -> abaprazole -> ajaprazole -> awaprazole,0.0,1.0,0.879,1.0,1.0,0.998,0.0,proton pump inhibitor,generic,-prazole,crowded,False,,
atoprazole,False,ngram_guided+refined,2,72.82,64.49,moderate,-9.49,5.51,omperazole,0.8315,4,INTRA_STEM_TOO_CLOSE|TRADEMARK_HIT,SIMILARITY_MODERATE,atiprazole,atiprazole -> atoprazole,0.0,1.0,0.879,1.0,1.0,0.998,0.79,proton pump inhibitor,generic,-prazole,crowded,False,,
ajoprazole,False,ngram_guided+refined,2,67.29,66.42,moderate,-11.42,3.58,alprazolam,0.7845,4,INTRA_STEM_TOO_CLOSE|TRADEMARK_HIT,SIMILARITY_MODERATE,atiprazole,atiprazole -> atoprazole -> ajoprazole,0.0,1.0,0.879,1.0,1.0,0.998,0.0,proton pump inhibitor,generic,-prazole,crowded,False,,
awoprazole,False,ngram_guided+refined,2,67.29,66.57,moderate,-11.57,3.43,alprazolam,0.6073,4,INTRA_STEM_TOO_CLOSE|TRADEMARK_HIT,SIMILARITY_MODERATE,atiprazole,atiprazole -> atoprazole -> ajoprazole -> awoprazole,0.0,1.0,0.879,1.0,1.0,0.998,0.0,proton pump inhibitor,generic,-prazole,crowded,False,,
nudprazole,False,ngram_guided+refined,2,64.12,66.36,moderate,-11.36,3.64,nimorazole,0.6494,3,INTRA_STEM_TOO_CLOSE|TRADEMARK_HIT,SIMILARITY_MODERATE,nadprazole,nadprazole -> nudprazole,0.0,1.0,0.742,1.0,1.0,0.873,0.0,proton pump inhibitor,generic,-prazole,crowded,False,,
oyaprazole,False,ngram_guided+refined,2,67.29,69.81,moderate,-14.81,0.19,omperazole,0.6903,4,INTRA_STEM_TOO_CLOSE|TRADEMARK_HIT,SIMILARITY_MODERATE,ozaprazole,ozaprazole -> oyaprazole,0.0,1.0,0.879,1.0,1.0,0.998,0.0,proton pump inhibitor,generic,-prazole,crowded,False,,
ogaprazole,False,ngram_guided+refined,2,67.29,66.94,moderate,-11.94,3.06,omperazole,0.6379,4,INTRA_STEM_TOO_CLOSE|TRADEMARK_HIT,SIMILARITY_MODERATE,ozaprazole,ozaprazole -> oyaprazole -> ogaprazole,0.0,1.0,0.879,1.0,1.0,0.998,0.0,proton pump inhibitor,generic,-prazole,crowded,False,,
onaprazole,False,ngram_guided+refined,2,67.41,71.32,high,-16.32,-1.32,anastrozole,0.8328,4,SIMILARITY_TOO_HIGH|INTRA_STEM_TOO_CLOSE|TRADEMARK_HIT,,ozaprazole,ozaprazole -> oyaprazole -> ogaprazole -> onaprazole,0.0,1.0,0.879,1.0,1.0,0.998,0.018,proton pump inhibitor,generic,-prazole,crowded,False,,
icteprazole,False,grammar,3,58.48,64.51,moderate,-9.51,5.49,feprazone,0.6838,4,INTRA_STEM_TOO_CLOSE|TRADEMARK_HIT,SIMILARITY_MODERATE,,icteprazole,0.0,0.6,0.854,1.0,1.0,0.952,0.0,proton pump inhibitor,generic,-prazole,crowded,False,,
lemeprazole,False,grammar,3,58.87,68.41,moderate,-13.41,1.59,letrozole,0.8068,4,INTRA_STEM_TOO_CLOSE|TRADEMARK_HIT,SIMILARITY_MODERATE,,lemeprazole,0.0,0.6,0.879,1.0,1.0,0.952,0.006,proton pump inhibitor,generic,-prazole,crowded,False,,
caneprazole,False,grammar,3,63.26,65.95,moderate,-10.95,4.05,anastrozole,0.8702,4,INTRA_STEM_TOO_CLOSE|TRADEMARK_HIT,SIMILARITY_MODERATE,,caneprazole,0.0,0.6,0.879,1.0,1.0,0.952,0.633,proton pump inhibitor,generic,-prazole,crowded,False,,
mamoprazole,False,grammar,3,66.88,72.12,high,-17.12,-2.12,nimorazole,0.7843,4,SIMILARITY_TOO_HIGH|INTRA_STEM_TOO_CLOSE|TRADEMARK_HIT,,,mamoprazole,0.0,1.0,0.879,1.0,1.0,0.952,0.007,proton pump inhibitor,generic,-prazole,crowded,False,,
pagfeprazole,False,grammar,3,65.58,65.43,moderate,-10.43,4.57,feprazone,0.6591,4,INTRA_STEM_TOO_CLOSE|TRADEMARK_HIT,SIMILARITY_MODERATE,,pagfeprazole,0.0,1.0,0.854,1.0,1.0,0.862,0.0,proton pump inhibitor,generic,-prazole,crowded,False,,
pyvaprazole,True,grammar,3,65.27,66.29,moderate,-11.29,3.71,vaprisol,0.68,4,,SIMILARITY_MODERATE,,pyvaprazole,0.0,1.0,0.768,1.0,1.0,0.952,0.0,proton pump inhibitor,generic,-prazole,crowded,True,,
encooprazole,False,grammar,3,59.23,67.07,moderate,-12.07,2.93,penconazole,0.6668,4,INTRA_STEM_TOO_CLOSE|TRADEMARK_HIT,SIMILARITY_MODERATE,,encooprazole,0.0,0.68,0.854,1.0,1.0,0.862,0.006,proton pump inhibitor,generic,-prazole,crowded,False,,
fesodeprazole,False,grammar,3,58.43,67.41,moderate,-12.41,2.59,esomeprazole,0.7217,5,INTRA_STEM_TOO_CLOSE|TRADEMARK_HIT,SIMILARITY_MODERATE,,fesodeprazole,0.0,0.733,0.894,1.0,1.0,0.624,0.001,proton pump inhibitor,generic,-prazole,crowded,False,,
mampaprazole,False,grammar,3,59.18,69.64,moderate,-14.64,0.36,omperazole,0.7819,4,TRADEMARK_HIT,SIMILARITY_MODERATE,,mampaprazole,0.0,0.68,0.854,1.0,1.0,0.862,0.0,proton pump inhibitor,generic,-prazole,crowded,False,,
eceprazole,False,grammar,3,67.29,72.59,high,-17.59,-2.59,feprazone,0.8025,4,SIMILARITY_TOO_HIGH|INTRA_STEM_TOO_CLOSE|TRADEMARK_HIT,,,eceprazole,0.0,1.0,0.879,1.0,1.0,0.998,0.0,proton pump inhibitor,generic,-prazole,crowded,False,,
levaprazole,False,grammar,3,64.31,69.13,moderate,-14.13,0.87,levamisole,0.8616,4,TRADEMARK_HIT,SIMILARITY_MODERATE,,levaprazole,0.0,0.6,0.879,1.0,1.0,0.952,0.783,proton pump inhibitor,generic,-prazole,crowded,False,,
vocoprazole,False,grammar,3,66.83,69.76,moderate,-14.76,0.24,isoconazole,0.8354,4,TRADEMARK_HIT,SIMILARITY_MODERATE,,vocoprazole,0.0,1.0,0.879,1.0,1.0,0.952,0.0,proton pump inhibitor,generic,-prazole,crowded,False,,
casataprazole,False,grammar,3,58.51,65.77,moderate,-10.77,4.23,casanthranol,0.8252,5,TRADEMARK_HIT,SIMILARITY_MODERATE,,casataprazole,0.0,0.733,0.894,1.0,1.0,0.624,0.012,proton pump inhibitor,generic,-prazole,crowded,False,,
zopedoprazole,False,grammar,3,58.45,62.57,moderate,-7.57,7.43,zofenopril,0.7409,5,TRADEMARK_HIT,SIMILARITY_MODERATE,,zopedoprazole,0.0,0.733,0.894,1.0,1.0,0.624,0.003,proton pump inhibitor,generic,-prazole,crowded,False,,
bruoxiprazole,False,grammar,3,61.95,61.67,moderate,-6.67,8.33,brexpiprazole,0.6724,5,TRADEMARK_HIT,SIMILARITY_MODERATE,,bruoxiprazole,0.0,1.0,0.763,1.0,1.0,0.624,0.003,proton pump inhibitor,generic,-prazole,crowded,False,,
vafroprazole,False,grammar,3,57.49,62.92,moderate,-7.92,7.08,propranolol,0.7985,4,TRADEMARK_HIT,SIMILARITY_MODERATE,,vafroprazole,0.0,0.68,0.733,1.0,1.0,0.862,0.0,proton pump inhibitor,generic,-prazole,crowded,False,,
tilomoprazole,False,grammar,3,58.97,64.44,moderate,-9.44,5.56,drometrizole,0.802,5,INTRA_STEM_TOO_CLOSE|TRADEMARK_HIT,SIMILARITY_MODERATE,,tilomoprazole,0.0,0.733,0.894,1.0,1.0,0.624,0.078,proton pump inhibitor,generic,-prazole,crowded,False,,
menzoprazole,False,grammar,3,59.26,81.9,high,-26.9,-11.9,benzotriazole,0.9291,4,SIMILARITY_TOO_HIGH|INTRA_STEM_TOO_CLOSE|TRADEMARK_HIT,,,menzoprazole,0.0,0.68,0.854,1.0,1.0,0.862,0.012,proton pump inhibitor,generic,-prazole,crowded,False,,
eneprazole,False,grammar,3,67.31,67.37,moderate,-12.37,2.63,letrozole,0.8104,4,INTRA_STEM_TOO_CLOSE|TRADEMARK_HIT,SIMILARITY_MODERATE,,eneprazole,0.0,1.0,0.879,1.0,1.0,0.998,0.003,proton pump inhibitor,generic,-prazole,crowded,False,,
lolmiprazole,False,grammar,3,59.26,64.31,moderate,-9.31,5.69,omperazole,0.7516,4,TRADEMARK_HIT,SIMILARITY_MODERATE,,lolmiprazole,0.0,0.68,0.854,1.0,1.0,0.862,0.011,proton pump inhibitor,generic,-prazole,crowded,False,,
cetiprazole,False,grammar,3,60.7,69.17,moderate,-14.17,0.83,metipranolol,0.8755,4,TRADEMARK_HIT,SIMILARITY_MODERATE,,cetiprazole,0.0,0.6,0.879,1.0,1.0,0.952,0.267,proton pump inhibitor,generic,-prazole,crowded,False,,
borniprazole,False,grammar,3,59.26,73.32,high,-18.32,-3.32,ornidazole,0.849,4,SIMILARITY_TOO_HIGH|TRADEMARK_HIT,,,borniprazole,0.0,0.68,0.854,1.0,1.0,0.862,0.012,proton pump inhibitor,generic,-prazole,crowded,False,,
nanteprazole,False,grammar,3,59.2,70.61,high,-15.61,-0.61,pantoprazole,0.7931,4,SIMILARITY_TOO_HIGH|INTRA_STEM_TOO_CLOSE|TRADEMARK_HIT,,,nanteprazole,0.0,0.68,0.854,1.0,1.0,0.862,0.003,proton pump inhibitor,generic,-prazole,crowded,False,,
ibtaprazole,False,grammar,3,58.48,62.35,moderate,-7.35,7.65,omperazole,0.7174,4,TRADEMARK_HIT,SIMILARITY_MODERATE,,ibtaprazole,0.0,0.6,0.854,1.0,1.0,0.952,0.0,proton pump inhibitor,generic,-prazole,crowded,False,,
valdenprazole,False,ngram_guided,3,59.43,70.94,high,-15.94,-0.94,albendazole,0.8116,4,SIMILARITY_TOO_HIGH|TRADEMARK_HIT,,,valdenprazole,0.0,0.517,0.768,1.0,1.0,0.755,0.828,proton pump inhibitor,generic,-prazole,crowded,False,,
neoprazole,False,ngram_guided,3,72.44,68.8,moderate,-13.8,1.2,nimorazole,0.8005,4,INTRA_STEM_TOO_CLOSE|TRADEMARK_HIT,SIMILARITY_MODERATE,,neoprazole,0.0,1.0,0.879,1.0,1.0,0.998,0.736,proton pump inhibitor,generic,-prazole,crowded,False,,
indprazole,False,ngram_guided,3,64.57,66.46,moderate,-11.46,3.54,omperazole,0.5741,3,TRADEMARK_HIT,SIMILARITY_MODERATE,,indprazole,0.0,1.0,0.574,0.65,1.0,0.873,0.85,proton pump inhibitor,generic,-prazole,crowded,False,,
nucleotiprazole,False,ngram_guided,3,42.43,72.28,high,-17.28,-2.28,nucleotidase,0.6997,6,SIMILARITY_TOO_HIGH,,,nucleotiprazole,0.0,0.0,0.784,1.0,1.0,0.237,0.583,proton pump inhibitor,generic,-prazole,crowded,False,,
alcloprazole,False,ngram_guided,3,58.36,67.2,moderate,-12.2,2.8,clotrimazole,0.8705,4,TRADEMARK_HIT,SIMILARITY_MODERATE,,alcloprazole,0.0,0.45,0.647,1.0,1.0,0.862,0.955,proton pump inhibitor,generic,-prazole,crowded,False,,
axatiprazole,False,ngram_guided,3,54.55,61.33,moderate,-6.33,8.67,atipamezole,0.7267,5,TRADEMARK_HIT,SIMILARITY_MODERATE,,axatiprazole,0.0,0.45,0.894,1.0,1.0,0.731,0.103,proton pump inhibitor,generic,-prazole,crowded,False,,
obinutuprazole,False,ngram_guided,3,50.58,61.19,moderate,-6.19,8.81,benzotriazole,0.7106,6,TRADEMARK_HIT,SIMILARITY_MODERATE,,obinutuprazole,0.0,0.15,0.904,1.0,1.0,0.309,0.975,proton pump inhibitor,generic,-prazole,crowded,False,,
enmethprazole,False,ngram_guided,3,56.21,65.73,moderate,-10.73,4.27,methimazole,0.6764,4,INTRA_STEM_TOO_CLOSE|TRADEMARK_HIT,SIMILARITY_MODERATE,,enmethprazole,0.0,0.517,0.768,0.65,1.0,0.755,0.818,proton pump inhibitor,generic,-prazole,crowded,False,,
posaminoprazole,True,ngram_guided,3,43.18,68.36,moderate,-13.36,1.64,polyaminopropyl,0.9116,6,,SIMILARITY_MODERATE,,posaminoprazole,0.0,0.2,0.904,1.0,0.53,0.237,0.952,proton pump inhibitor,generic,-prazole,crowded,False,,
obiprazole,False,ngram_guided,3,67.43,71.45,high,-16.45,-1.45,opipramol,0.815,4,SIMILARITY_TOO_HIGH|INTRA_STEM_TOO_CLOSE|TRADEMARK_HIT,,,obiprazole,0.0,1.0,0.879,1.0,1.0,0.998,0.02,proton pump inhibitor,generic,-prazole,crowded,False,,
biguprazole,True,ngram_guided,3,59.95,63.45,moderate,-8.45,6.55,nimorazole,0.6913,4,,SIMILARITY_MODERATE,,biguprazole,0.0,0.6,0.879,1.0,1.0,0.952,0.16,proton pump inhibitor,generic,-prazole,crowded,False,,
teclofprazole,True,ngram_guided,3,53.84,59.4,moderate,-4.4,10.6,clotrimazole,0.7445,4,,SIMILARITY_MODERATE,,teclofprazole,0.0,0.517,0.647,1.0,1.0,0.755,0.272,proton pump inhibitor,generic,-prazole,crowded,False,,
umbroprazole,False,ngram_guided,3,52.67,63.25,moderate,-8.25,6.75,propranolol,0.8618,4,TRADEMARK_HIT,SIMILARITY_MODERATE,,umbroprazole,0.0,0.45,0.647,1.0,1.0,0.862,0.142,proton pump inhibitor,generic,-prazole,crowded,False,,
exuprazole,True,ngram_guided,3,67.37,62.47,moderate,-7.47,7.53,exuparvovec,0.819,4,,SIMILARITY_MODERATE,,exuprazole,0.0,1.0,0.879,1.0,1.0,0.998,0.013,proton pump inhibitor,generic,-prazole,crowded,True,,
tucaprazole,True,ngram_guided,3,59.72,63.66,moderate,-8.66,6.34,dicaprate,0.823,4,,SIMILARITY_MODERATE,,tucaprazole,0.0,0.6,0.879,1.0,1.0,0.952,0.127,proton pump inhibitor,generic,-prazole,crowded,False,,
dulprazole,False,ngram_guided,3,66.37,71.35,high,-16.35,-1.35,alprazolam,0.8727,3,SIMILARITY_TOO_HIGH|TRADEMARK_HIT,,,dulprazole,0.0,1.0,0.742,1.0,1.0,0.873,0.321,proton pump inhibitor,generic,-prazole,crowded,False,,
idaxoprazole,False,ngram_guided,3,54.74,61.47,moderate,-6.47,8.53,benzotriazole,0.7065,5,INTRA_STEM_TOO_CLOSE|TRADEMARK_HIT,SIMILARITY_MODERATE,,idaxoprazole,0.0,0.45,0.894,1.0,1.0,0.731,0.131,proton pump inhibitor,generic,-prazole,crowded,False,,
dexacegprazole,False,ngram_guided,3,58.3,59.78,moderate,-4.78,10.22,oxaceprol,0.7016,5,TRADEMARK_HIT,SIMILARITY_MODERATE,,dexacegprazole,0.0,0.564,0.783,1.0,1.0,0.527,0.826,proton pump inhibitor,generic,-prazole,crowded,False,,
vadaducaprazole,True,ngram_guided,3,51.45,55.93,moderate,-0.93,14.07,vadadustat,0.7211,6,,SIMILARITY_MODERATE,,vadaducaprazole,0.0,0.4,0.904,1.0,1.0,0.237,0.489,proton pump inhibitor,generic,-prazole,crowded,False,,
pheprazole,False,ngram_guided,3,72.28,74.76,high,-19.76,-4.76,feprazone,0.922,3,SIMILARITY_TOO_HIGH|INTRA_STEM_TOO_CLOSE|TRADEMARK_HIT,,,pheprazole,0.0,1.0,0.829,1.0,1.0,0.873,0.991,proton pump inhibitor,generic,-prazole,crowded,False,,
ixaprazole,True,ngram_guided,3,67.32,62.45,moderate,-7.45,7.55,oxaprozin,0.7872,4,,SIMILARITY_MODERATE,,ixaprazole,0.0,1.0,0.879,1.0,1.0,0.998,0.005,proton pump inhibitor,generic,-prazole,crowded,True,,
mivaprazole,False,ngram_guided,3,65.4,66.29,moderate,-11.29,3.71,vaprisol,0.8326,4,TRADEMARK_HIT,SIMILARITY_MODERATE,,mivaprazole,0.0,0.6,0.879,1.0,1.0,0.952,0.939,proton pump inhibitor,generic,-prazole,crowded,False,,
cloprazole,False,ngram_guided,3,64.74,74.55,high,-19.55,-4.55,clotrimazole,0.9454,3,SIMILARITY_TOO_HIGH|TRADEMARK_HIT,,,cloprazole,0.0,1.0,0.683,1.0,1.0,0.873,0.207,proton pump inhibitor,generic,-prazole,crowded,False,,
irbanprazole,False,ngram_guided,3,53.64,63.95,moderate,-8.95,6.05,vandazole,0.6241,4,TRADEMARK_HIT,SIMILARITY_MODERATE,,irbanprazole,0.0,0.45,0.768,1.0,1.0,0.862,0.038,proton pump inhibitor,generic,-prazole,crowded,False,,
nooprazole,False,ngram_guided+refined,3,65.68,72.15,high,-17.15,-2.15,omperazole,0.7103,3,SIMILARITY_TOO_HIGH|INTRA_STEM_TOO_CLOSE|TRADEMARK_HIT,,neoprazole,neoprazole -> nooprazole,0.0,1.0,0.854,1.0,1.0,0.873,0.0,proton pump inhibitor,generic,-prazole,crowded,False,,
nouprazole,False,ngram_guided+refined,3,65.68,72.15,high,-17.15,-2.15,omperazole,0.7846,3,SIMILARITY_TOO_HIGH|INTRA_STEM_TOO_CLOSE|TRADEMARK_HIT,,neoprazole,neoprazole -> nooprazole -> nouprazole,0.0,1.0,0.854,1.0,1.0,0.873,0.0,proton pump inhibitor,generic,-prazole,crowded,False,,
nuuprazole,False,ngram_guided+refined,3,67.29,68.85,moderate,-13.85,1.15,nimorazole,0.693,4,TRADEMARK_HIT,SIMILARITY_MODERATE,neoprazole,neoprazole -> nooprazole -> nouprazole -> nuuprazole,0.0,1.0,0.879,1.0,1.0,0.998,0.0,proton pump inhibitor,generic,-prazole,crowded,False,,
mheprazole,False,ngram_guided+refined,3,62.56,68.72,moderate,-13.72,1.28,omperazole,0.5928,3,INTRA_STEM_TOO_CLOSE|TRADEMARK_HIT,SIMILARITY_MODERATE|ILLEGAL_ONSET_CLUSTER,pheprazole,pheprazole -> mheprazole,0.0,1.0,0.63,1.0,1.0,0.873,0.0,proton pump inhibitor,generic,-prazole,crowded,False,,
mjeprazole,False,ngram_guided+refined,3,62.56,70.76,high,-15.76,-0.76,omperazole,0.5481,3,SIMILARITY_TOO_HIGH|INTRA_STEM_TOO_CLOSE|TRADEMARK_HIT,ILLEGAL_ONSET_CLUSTER,pheprazole,pheprazole -> mheprazole -> mjeprazole,0.0,1.0,0.63,1.0,1.0,0.873,0.0,proton pump inhibitor,generic,-prazole,crowded,False,,
mdeprazole,False,ngram_guided+refined,3,62.56,72.6,high,-17.6,-2.6,omperazole,0.5484,3,SIMILARITY_TOO_HIGH|INTRA_STEM_TOO_CLOSE|TRADEMARK_HIT,ILLEGAL_ONSET_CLUSTER,pheprazole,pheprazole -> mheprazole -> mjeprazole -> mdeprazole,0.0,1.0,0.63,1.0,1.0,0.873,0.0,proton pump inhibitor,generic,-prazole,crowded,False,,
ebiprazole,False,ngram_guided+refined,3,67.29,70.0,high,-15.0,0.0,virazole,0.7615,4,SIMILARITY_TOO_HIGH|INTRA_STEM_TOO_CLOSE|TRADEMARK_HIT,,obiprazole,obiprazole -> ebiprazole,0.0,1.0,0.879,1.0,1.0,0.998,0.0,proton pump inhibitor,generic,-prazole,crowded,False,,
ekiprazole,False,ngram_guided+refined,3,67.29,67.0,moderate,-12.0,3.0,piprozoline,0.6266,4,TRADEMARK_HIT,SIMILARITY_MODERATE,obiprazole,obiprazole -> ebiprazole -> ekiprazole,0.0,1.0,0.879,1.0,1.0,0.998,0.0,proton pump inhibitor,generic,-prazole,crowded,False,,
ejiprazole,False,ngram_guided+refined,3,67.29,69.76,moderate,-14.76,0.24,virazole,0.6423,4,INTRA_STEM_TOO_CLOSE|TRADEMARK_HIT,SIMILARITY_MODERATE,obiprazole,obiprazole -> ebiprazole -> ekiprazole -> ejiprazole,0.0,1.0,0.879,1.0,1.0,0.998,0.0,proton pump inhibitor,generic,-prazole,crowded,False,,
egeprazole,False,grammar+refined,3,67.29,68.68,moderate,-13.68,1.32,letrozole,0.7353,4,INTRA_STEM_TOO_CLOSE|TRADEMARK_HIT,SIMILARITY_MODERATE,eneprazole,eneprazole -> egeprazole,0.0,1.0,0.879,1.0,1.0,0.998,0.0,proton pump inhibitor,generic,-prazole,crowded,False,,
emeprazole,False,grammar+refined,3,67.55,72.26,high,-17.26,-2.26,omperazole,0.8162,4,SIMILARITY_TOO_HIGH|INTRA_STEM_TOO_CLOSE|TRADEMARK_HIT,,eneprazole,eneprazole -> egeprazole -> emeprazole,0.0,1.0,0.879,1.0,1.0,0.998,0.038,proton pump inhibitor,generic,-prazole,crowded,False,,
emiprazole,False,grammar+refined,3,68.28,72.26,high,-17.26,-2.26,omperazole,0.8299,4,SIMILARITY_TOO_HIGH|INTRA_STEM_TOO_CLOSE|TRADEMARK_HIT,,eneprazole,eneprazole -> egeprazole -> emeprazole -> emiprazole,0.0,1.0,0.879,1.0,1.0,0.998,0.142,proton pump inhibitor,generic,-prazole,crowded,False,,
ecuprazole,False,grammar+refined,3,67.29,66.12,moderate,-11.12,3.88,econazole,0.7662,4,TRADEMARK_HIT,SIMILARITY_MODERATE,eceprazole,eceprazole -> ecuprazole,0.0,1.0,0.879,1.0,1.0,0.998,0.0,proton pump inhibitor,generic,-prazole,crowded,False,,
emuprazole,False,grammar+refined,3,67.29,72.26,high,-17.26,-2.26,omperazole,0.7398,4,SIMILARITY_TOO_HIGH|INTRA_STEM_TOO_CLOSE|TRADEMARK_HIT,,eceprazole,eceprazole -> ecuprazole -> emuprazole,0.0,1.0,0.879,1.0,1.0,0.998,0.001,proton pump inhibitor,generic,-prazole,crowded,False,,
mamuprazole,False,grammar+refined,3,66.83,67.85,moderate,-12.85,2.15,omperazole,0.6998,4,INTRA_STEM_TOO_CLOSE|TRADEMARK_HIT,SIMILARITY_MODERATE,mamoprazole,mamoprazole -> mamuprazole,0.0,1.0,0.879,1.0,1.0,0.952,0.0,proton pump inhibitor,generic,-prazole,crowded,False,,
memuprazole,False,grammar+refined,3,66.85,68.35,moderate,-13.35,1.65,nimorazole,0.7473,4,INTRA_STEM_TOO_CLOSE|TRADEMARK_HIT,SIMILARITY_MODERATE,mamoprazole,mamoprazole -> mamuprazole -> memuprazole,0.0,1.0,0.879,1.0,1.0,0.952,0.003,proton pump inhibitor,generic,-prazole,crowded,False,,
mumuprazole,False,grammar+refined,3,66.83,68.15,moderate,-13.15,1.85,nimorazole,0.7509,4,INTRA_STEM_TOO_CLOSE|TRADEMARK_HIT,SIMILARITY_MODERATE,mamoprazole,mamoprazole -> mamuprazole -> memuprazole -> mumuprazole,0.0,1.0,0.879,1.0,1.0,0.952,0.0,proton pump inhibitor,generic,-prazole,crowded,False,,
vicoprazole,False,grammar+refined,3,58.91,69.51,moderate,-14.51,0.49,miconazole,0.8694,4,TRADEMARK_HIT,SIMILARITY_MODERATE,vocoprazole,vocoprazole -> vicoprazole,0.0,0.6,0.879,1.0,1.0,0.952,0.012,proton pump inhibitor,generic,-prazole,crowded,False,,
vitoprazole,False,grammar+refined,3,66.85,67.86,moderate,-12.86,2.14,nimorazole,0.8775,4,INTRA_STEM_TOO_CLOSE|TRADEMARK_HIT,SIMILARITY_MODERATE,vocoprazole,vocoprazole -> vicoprazole -> vitoprazole,0.0,1.0,0.879,1.0,1.0,0.952,0.003,proton pump inhibitor,generic,-prazole,crowded,False,,
vizoprazole,False,grammar+refined,3,66.84,67.86,moderate,-12.86,2.14,nimorazole,0.7814,4,TRADEMARK_HIT,SIMILARITY_MODERATE,vocoprazole,vocoprazole -> vicoprazole -> vitoprazole -> vizoprazole,0.0,1.0,0.879,1.0,1.0,0.952,0.001,proton pump inhibitor,generic,-prazole,crowded,False,,
zulprazole,False,ngram_guided+refined,3,64.12,71.35,high,-16.35,-1.35,alprazolam,0.7257,3,SIMILARITY_TOO_HIGH|TRADEMARK_HIT,,dulprazole,dulprazole -> zulprazole,0.0,1.0,0.742,1.0,1.0,0.873,0.0,proton pump inhibitor,generic,-prazole,crowded,False,,
zalprazole,False,ngram_guided+refined,3,64.7,77.86,high,-22.86,-7.86,alprazolam,0.7684,3,SIMILARITY_TOO_HIGH|TRADEMARK_HIT,,dulprazole,dulprazole -> zulprazole -> zalprazole,0.0,1.0,0.742,1.0,1.0,0.873,0.082,proton pump inhibitor,generic,-prazole,crowded,False,,
palprazole,False,ngram_guided+refined,3,69.62,77.86,high,-22.86,-7.86,alprazolam,0.894,3,SIMILARITY_TOO_HIGH|TRADEMARK_HIT,,dulprazole,dulprazole -> zulprazole -> zalprazole -> palprazole,0.0,1.0,0.742,1.0,1.0,0.873,0.785,proton pump inhibitor,generic,-prazole,crowded,False,,
itimoprazole,False,grammar,4,58.43,73.95,high,-18.95,-3.95,nimorazole,0.7681,5,SIMILARITY_TOO_HIGH|TRADEMARK_HIT,,,itimoprazole,0.0,0.68,0.894,1.0,1.0,0.731,0.0,proton pump inhibitor,generic,-prazole,crowded,False,,
cevaprazole,False,grammar,4,58.84,66.29,moderate,-11.29,3.71,vaprisol,0.7494,4,TRADEMARK_HIT,SIMILARITY_MODERATE,,cevaprazole,0.0,0.6,0.879,1.0,1.0,0.952,0.001,proton pump inhibitor,generic,-prazole,crowded,False,,
sedauprazole,False,grammar,4,59.53,60.24,moderate,-5.24,9.76,benzotriazole,0.638,4,TRADEMARK_HIT,SIMILARITY_MODERATE,,sedauprazole,0.0,0.68,0.879,1.0,1.0,0.862,0.0,proton pump inhibitor,generic,-prazole,crowded,False,,
echoprazole,False,grammar,4,58.48,66.73,moderate,-11.73,3.27,econazole,0.7992,4,TRADEMARK_HIT,SIMILARITY_MODERATE,,echoprazole,0.0,0.6,0.854,1.0,1.0,0.952,0.0,proton pump inhibitor,generic,-prazole,crowded,False,,
thaldaeprazole,True,grammar,4,57.53,60.33,moderate,-5.33,9.67,albendazole,0.6472,5,,SIMILARITY_MODERATE,,thaldaeprazole,0.0,0.771,0.845,1.0,1.0,0.527,0.001,proton pump inhibitor,generic,-prazole,crowded,False,,
deuprazole,False,grammar,4,65.86,66.23,moderate,-11.23,3.77,durezol,0.8308,3,INTRA_STEM_TOO_CLOSE|TRADEMARK_HIT,SIMILARITY_MODERATE,,deuprazole,0.0,1.0,0.854,1.0,1.0,0.873,0.026,proton pump inhibitor,generic,-prazole,crowded,False,,
dempiprazole,False,grammar,4,59.43,68.2,moderate,-13.2,1.8,omperazole,0.8137,4,TRADEMARK_HIT,SIMILARITY_MODERATE,,dempiprazole,0.0,0.68,0.854,1.0,1.0,0.862,0.035,proton pump inhibitor,generic,-prazole,crowded,False,,
cotozaprazole,True,grammar,4,58.42,57.41,moderate,-2.41,12.59,tenonitrozole,0.8045,5,,SIMILARITY_MODERATE,,cotozaprazole,0.0,0.733,0.894,1.0,1.0,0.624,0.0,proton pump inhibitor,generic,-prazole,crowded,False,,
citegoprazole,True,grammar,4,58.43,66.18,moderate,-11.18,3.82,tegoprazan,0.7875,5,,SIMILARITY_MODERATE,,citegoprazole,0.0,0.733,0.894,1.0,1.0,0.624,0.001,proton pump inhibitor,generic,-prazole,crowded,False,,
cediprazole,False,grammar,4,66.83,67.67,moderate,-12.67,2.33,celiprolol,0.8927,4,TRADEMARK_HIT,SIMILARITY_MODERATE,,cediprazole,0.0,1.0,0.879,1.0,1.0,0.952,0.0,proton pump inhibitor,generic,-prazole,crowded,False,,
lablapoprazole,False,grammar,4,56.4,56.32,moderate,-1.32,13.68,anastrozole,0.7036,5,TRADEMARK_HIT,SIMILARITY_MODERATE,,lablapoprazole,0.0,0.771,0.763,1.0,1.0,0.527,0.001,proton pump inhibitor,generic,-prazole,crowded,False,,
demphoprazole,False,grammar,4,58.1,69.4,moderate,-14.4,0.6,benzotriazole,0.8433,4,TRADEMARK_HIT,SIMILARITY_MODERATE,,demphoprazole,0.0,0.733,0.768,1.0,1.0,0.755,0.019,proton pump inhibitor,generic,-prazole,crowded,False,,
rigiduprazole,False,grammar,4,58.42,57.94,moderate,-2.94,12.06,tinidazole,0.6714,5,TRADEMARK_HIT,SIMILARITY_MODERATE,,rigiduprazole,0.0,0.733,0.894,1.0,1.0,0.624,0.0,proton pump inhibitor,generic,-prazole,crowded,False,,
sizaprazole,True,grammar,4,66.86,62.0,moderate,-7.0,8.0,bisoctrizole,0.8025,4,,SIMILARITY_MODERATE,,sizaprazole,0.0,1.0,0.879,1.0,1.0,0.952,0.004,proton pump inhibitor,generic,-prazole,crowded,True,,
reraprazole,False,grammar,4,58.91,62.18,moderate,-7.18,7.82,letrozole,0.7902,4,INTRA_STEM_TOO_CLOSE|TRADEMARK_HIT,SIMILARITY_MODERATE,,reraprazole,0.0,0.6,0.879,1.0,1.0,0.952,0.012,proton pump inhibitor,generic,-prazole,crowded,False,,
dabuprazole,False,grammar,4,66.87,64.61,moderate,-9.61,5.39,bupranolol,0.7284,4,INTRA_STEM_TOO_CLOSE|TRADEMARK_HIT,SIMILARITY_MODERATE,,dabuprazole,0.0,1.0,0.879,1.0,1.0,0.952,0.006,proton pump inhibitor,generic,-prazole,crowded,False,,
viboprazole,False,grammar,4,58.85,71.03,high,-16.03,-1.03,nimorazole,0.7995,4,SIMILARITY_TOO_HIGH|INTRA_STEM_TOO_CLOSE|TRADEMARK_HIT,,,viboprazole,0.0,0.6,0.879,1.0,1.0,0.952,0.003,proton pump inhibitor,generic,-prazole,crowded,False,,
tibiruiprazole,True,grammar,4,58.22,56.67,moderate,-1.67,13.33,tinidazole,0.6466,5,,SIMILARITY_MODERATE,,tibiruiprazole,0.0,0.771,0.894,1.0,1.0,0.527,0.0,proton pump inhibitor,generic,-prazole,crowded,False,,
zixiprazole,False,grammar,4,66.83,65.27,moderate,-10.27,4.73,elixircurozole,0.666,4,TRADEMARK_HIT,SIMILARITY_MODERATE,,zixiprazole,0.0,1.0,0.879,1.0,1.0,0.952,0.0,proton pump inhibitor,generic,-prazole,crowded,False,,
menliprazole,False,grammar,4,59.19,67.29,moderate,-12.29,2.71,tenonitrozole,0.8298,4,TRADEMARK_HIT,SIMILARITY_MODERATE,,menliprazole,0.0,0.68,0.854,1.0,1.0,0.862,0.001,proton pump inhibitor,generic,-prazole,crowded,False,,
madotoprazole,False,grammar,4,58.42,61.42,moderate,-6.42,8.58,maltotetraose,0.8178,5,INTRA_STEM_TOO_CLOSE|TRADEMARK_HIT,SIMILARITY_MODERATE,,madotoprazole,0.0,0.733,0.894,1.0,1.0,0.624,0.0,proton pump inhibitor,generic,-prazole,crowded,False,,
someprazole,False,grammar,4,63.88,79.29,high,-24.29,-9.29,esomeprazole,0.8652,4,SIMILARITY_TOO_HIGH|INTRA_STEM_TOO_CLOSE|TRADEMARK_HIT,,,someprazole,0.0,0.6,0.879,1.0,1.0,0.952,0.721,proton pump inhibitor,generic,-prazole,crowded,False,,
rypeprazole,False,grammar,4,57.27,67.86,moderate,-12.86,2.14,omperazole,0.6503,4,INTRA_STEM_TOO_CLOSE|TRADEMARK_HIT,SIMILARITY_MODERATE,,rypeprazole,0.0,0.6,0.768,1.0,1.0,0.952,0.0,proton pump inhibitor,generic,-prazole,crowded,False,,
diisuiprazole,False,grammar,4,58.42,64.29,moderate,-9.29,5.71,bisoctrizole,0.7259,5,TRADEMARK_HIT,SIMILARITY_MODERATE,,diisuiprazole,0.0,0.733,0.894,1.0,1.0,0.624,0.0,proton pump inhibitor,generic,-prazole,crowded,False,,
ruciprazole,False,ngram_guided,4,59.06,63.55,moderate,-8.55,6.45,virazole,0.8104,4,TRADEMARK_HIT,SIMILARITY_MODERATE,,ruciprazole,0.0,0.6,0.879,1.0,1.0,0.952,0.033,proton pump inhibitor,generic,-prazole,crowded,False,,
posaprazole,False,ngram_guided,4,62.37,71.08,high,-16.08,-1.08,posaconazole,0.8911,4,SIMILARITY_TOO_HIGH|TRADEMARK_HIT,,,posaprazole,0.0,0.6,0.879,1.0,1.0,0.952,0.506,proton pump inhibitor,generic,-prazole,crowded,False,,
miocaprazole,True,ngram_guided,4,59.32,65.15,moderate,-10.15,4.85,bisoctrizole,0.7798,5,,SIMILARITY_MODERATE,,miocaprazole,0.0,0.45,0.894,1.0,1.0,0.731,0.785,proton pump inhibitor,generic,-prazole,crowded,False,,
vedoprazole,False,ngram_guided,4,63.8,68.53,moderate,-13.53,1.47,benzotriazole,0.843,4,TRADEMARK_HIT,SIMILARITY_MODERATE,,vedoprazole,0.0,0.6,0.879,1.0,1.0,0.952,0.71,proton pump inhibitor,generic,-prazole,crowded,False,,
efibaprazole,False,ngram_guided,4,60.0,66.2,moderate,-11.2,3.8,efinaconazole,0.7671,5,TRADEMARK_HIT,SIMILARITY_MODERATE,,efibaprazole,0.0,0.68,0.894,1.0,1.0,0.731,0.225,proton pump inhibitor,generic,-prazole,crowded,False,,
hypotprazole,True,ngram_guided,4,54.23,61.12,moderate,-6.12,8.88,omperazole,0.6441,4,,SIMILARITY_MODERATE,,hypotprazole,0.0,0.45,0.656,1.0,1.0,0.862,0.345,proton pump inhibitor,generic,-prazole,crowded,False,,
nusinoglprazole,True,ngram_guided,4,50.93,51.67,low,3.33,18.33,alprazolam,0.589,5,,,,nusinoglprazole,0.133,0.6,0.655,0.65,1.0,0.456,0.022,proton pump inhibitor,generic,-prazole,crowded,False,,
teduprazole,False,ngram_guided,4,60.85,61.81,moderate,-6.81,8.19,tenonitrozole,0.7885,4,TRADEMARK_HIT,SIMILARITY_MODERATE,,teduprazole,0.0,0.6,0.879,1.0,1.0,0.952,0.289,proton pump inhibitor,generic,-prazole,crowded,False,,
deuruxoprazole,True,ngram_guided,4,51.14,55.48,moderate,-0.48,14.52,drometrizole,0.7364,5,,SIMILARITY_MODERATE,,deuruxoprazole,0.0,0.15,0.894,1.0,1.0,0.527,0.764,proton pump inhibitor,generic,-prazole,crowded,False,,
typheprazole,False,ngram_guided,4,59.02,64.56,moderate,-9.56,5.44,feprazone,0.8326,4,TRADEMARK_HIT,SIMILARITY_MODERATE,,typheprazole,0.0,0.68,0.768,1.0,1.0,0.862,0.15,proton pump inhibitor,generic,-prazole,crowded,False,,
remprazole,False,ngram_guided,4,68.79,74.19,high,-19.19,-4.19,omperazole,0.8304,3,SIMILARITY_TOO_HIGH|INTRA_STEM_TOO_CLOSE|TRADEMARK_HIT,,,remprazole,0.0,1.0,0.742,1.0,1.0,0.873,0.666,proton pump inhibitor,generic,-prazole,crowded,False,,
oseprazole,False,ngram_guided,4,67.55,70.66,high,-15.66,-0.66,letrozole,0.77,4,SIMILARITY_TOO_HIGH|INTRA_STEM_TOO_CLOSE|TRADEMARK_HIT,,,oseprazole,0.0,1.0,0.879,1.0,1.0,0.998,0.038,proton pump inhibitor,generic,-prazole,crowded,False,,
edoprazole,False,ngram_guided,4,67.73,65.77,moderate,-10.77,4.23,benzotriazole,0.8354,4,INTRA_STEM_TOO_CLOSE|TRADEMARK_HIT,SIMILARITY_MODERATE,,edoprazole,0.0,1.0,0.879,1.0,1.0,0.998,0.064,proton pump inhibitor,generic,-prazole,crowded,False,,
octylprazole,False,ngram_guided,4,49.86,70.05,high,-15.05,-0.05,octylphenol,0.9402,4,SIMILARITY_TOO_HIGH,,,octylprazole,0.0,0.45,0.768,1.0,0.53,0.862,0.573,proton pump inhibitor,generic,-prazole,crowded,False,,
rezaprazole,False,ngram_guided,4,62.66,62.59,moderate,-7.59,7.41,letrozole,0.8563,4,INTRA_STEM_TOO_CLOSE|TRADEMARK_HIT,SIMILARITY_MODERATE,,rezaprazole,0.0,0.6,0.879,1.0,1.0,0.952,0.546,proton pump inhibitor,generic,-prazole,crowded,False,,
avuprazole,False,ngram_guided,4,67.88,69.94,moderate,-14.94,0.06,virazole,0.7271,4,INTRA_STEM_TOO_CLOSE|TRADEMARK_HIT,SIMILARITY_MODERATE,,avuprazole,0.0,1.0,0.879,1.0,1.0,0.998,0.086,proton pump inhibitor,generic,-prazole,crowded,False,,
durloprazole,True,ngram_guided,4,59.01,63.2,moderate,-8.2,6.8,letrozole,0.7256,4,,SIMILARITY_MODERATE,,durloprazole,0.0,0.45,0.854,1.0,1.0,0.862,0.633,proton pump inhibitor,generic,-prazole,crowded,False,,
inblprazole,True,ngram_guided,4,50.42,65.51,moderate,-10.51,4.49,alprazolam,0.4859,3,,SIMILARITY_MODERATE,,inblprazole,0.0,0.6,0.507,0.65,1.0,0.828,0.171,proton pump inhibitor,generic,-prazole,crowded,False,,
tadaprazole,False,ngram_guided,4,60.93,66.18,moderate,-11.18,3.82,anastrozole,0.8423,4,INTRA_STEM_TOO_CLOSE|TRADEMARK_HIT,SIMILARITY_MODERATE,,tadaprazole,0.0,0.6,0.879,1.0,1.0,0.952,0.299,proton pump inhibitor,generic,-prazole,crowded,False,,
josaprazole,False,ngram_guided,4,58.84,63.35,moderate,-8.35,6.65,posaconazole,0.8289,4,TRADEMARK_HIT,SIMILARITY_MODERATE,,josaprazole,0.0,0.6,0.879,1.0,1.0,0.952,0.001,proton pump inhibitor,generic,-prazole,crowded,False,,
undeprazole,False,ngram_guided,4,58.57,65.66,moderate,-10.66,4.34,omperazole,0.7892,4,INTRA_STEM_TOO_CLOSE|TRADEMARK_HIT,SIMILARITY_MODERATE,,undeprazole,0.0,0.6,0.854,1.0,1.0,0.952,0.012,proton pump inhibitor,generic,-prazole,crowded,False,,
baxdroprazole,False,ngram_guided,4,49.84,60.65,moderate,-5.65,9.35,baxdrostat,0.7473,4,TRADEMARK_HIT,SIMILARITY_MODERATE,,baxdroprazole,0.0,0.3,0.519,1.0,1.0,0.755,0.575,proton pump inhibitor,generic,-prazole,crowded,False,,
lactprazole,False,ngram_guided,4,55.46,67.4,moderate,-12.4,2.6,letrozole,0.5902,3,INTRA_STEM_TOO_CLOSE|TRADEMARK_HIT,SIMILARITY_MODERATE,,lactprazole,0.0,0.6,0.574,0.65,1.0,0.828,0.757,proton pump inhibitor,generic,-prazole,crowded,False,,
ciltaprazole,True,ngram_guided,4,59.17,61.57,moderate,-6.57,8.43,cilostazol,0.7957,4,,SIMILARITY_MODERATE,,ciltaprazole,0.0,0.45,0.854,1.0,1.0,0.862,0.656,proton pump inhibitor,generic,-prazole,crowded,False,,
rumprazole,False,ngram_guided+refined,4,64.12,74.19,high,-19.19,-4.19,omperazole,0.7384,3,SIMILARITY_TOO_HIGH|INTRA_STEM_TOO_CLOSE|TRADEMARK_HIT,,remprazole,remprazole -> rumprazole,0.0,1.0,0.742,1.0,1.0,0.873,0.0,proton pump inhibitor,generic,-prazole,crowded,False,,
sumprazole,False,ngram_guided+refined,4,66.1,74.19,high,-19.19,-4.19,omperazole,0.7593,3,SIMILARITY_TOO_HIGH|INTRA_STEM_TOO_CLOSE|TRADEMARK_HIT,,remprazole,remprazole -> rumprazole -> sumprazole,0.0,1.0,0.742,1.0,1.0,0.873,0.282,proton pump inhibitor,generic,-prazole,crowded,False,,
sunprazole,False,ngram_guided+refined,4,64.21,67.69,moderate,-12.69,2.31,omperazole,0.8106,3,INTRA_STEM_TOO_CLOSE|TRADEMARK_HIT,SIMILARITY_MODERATE,remprazole,remprazole -> rumprazole -> sumprazole -> sunprazole,0.0,1.0,0.742,1.0,1.0,0.873,0.012,proton pump inhibitor,generic,-prazole,crowded,False,,
apuprazole,False,ngram_guided+refined,4,67.29,67.15,moderate,-12.15,2.85,omperazole,0.6562,4,INTRA_STEM_TOO_CLOSE|TRADEMARK_HIT,SIMILARITY_MODERATE,avuprazole,avuprazole -> apuprazole,0.0,1.0,0.879,1.0,1.0,0.998,0.0,proton pump inhibitor,generic,-prazole,crowded,False,,
anuprazole,False,ngram_guided+refined,4,67.31,68.74,moderate,-13.74,1.26,omperazole,0.8423,4,INTRA_STEM_TOO_CLOSE|TRADEMARK_HIT,SIMILARITY_MODERATE,avuprazole,avuprazole -> apuprazole -> anuprazole,0.0,1.0,0.879,1.0,1.0,0.998,0.003,proton pump inhibitor,generic,-prazole,crowded,False,,
ajuprazole,False,ngram_guided+refined,4,67.29,66.42,moderate,-11.42,3.58,alprazolam,0.845,4,TRADEMARK_HIT,SIMILARITY_MODERATE,avuprazole,avuprazole -> apuprazole -> anuprazole -> ajuprazole,0.0,1.0,0.879,1.0,1.0,0.998,0.0,proton pump inhibitor,generic,-prazole,crowded,False,,
eroprazole,False,ngram_guided+refined,4,67.37,68.13,moderate,-13.13,1.87,propranolol,0.9173,4,TRADEMARK_HIT,SIMILARITY_MODERATE,edoprazole,edoprazole -> eroprazole,0.0,1.0,0.879,1.0,1.0,0.998,0.012,proton pump inhibitor,generic,-prazole,crowded,False,,
eyoprazole,False,ngram_guided+refined,4,67.29,66.03,moderate,-11.03,3.97,letrozole,0.6878,4,INTRA_STEM_TOO_CLOSE|TRADEMARK_HIT,SIMILARITY_MODERATE,edoprazole,edoprazole -> eroprazole -> eyoprazole,0.0,1.0,0.879,1.0,1.0,0.998,0.0,proton pump inhibitor,generic,-prazole,crowded,False,,
esoprazole,False,ngram_guided+refined,4,68.21,65.77,moderate,-10.77,4.23,benzotriazole,0.879,4,INTRA_STEM_TOO_CLOSE|TRADEMARK_HIT,SIMILARITY_MODERATE,edoprazole,edoprazole -> eroprazole -> eyoprazole -> esoprazole,0.0,1.0,0.879,1.0,1.0,0.998,0.132,proton pump inhibitor,generic,-prazole,crowded,False,,
odeprazole,False,ngram_guided+refined,4,67.29,68.85,moderate,-13.85,1.15,omperazole,0.7311,4,INTRA_STEM_TOO_CLOSE|TRADEMARK_HIT,SIMILARITY_MODERATE,oseprazole,oseprazole -> odeprazole,0.0,1.0,0.879,1.0,1.0,0.998,0.0,proton pump inhibitor,generic,-prazole,crowded,False,,
ogeprazole,False,ngram_guided+refined,4,67.29,68.68,moderate,-13.68,1.32,letrozole,0.666,4,INTRA_STEM_TOO_CLOSE|TRADEMARK_HIT,SIMILARITY_MODERATE,oseprazole,oseprazole -> odeprazole -> ogeprazole,0.0,1.0,0.879,1.0,1.0,0.998,0.0,proton pump inhibitor,generic,-prazole,crowded,False,,
okeprazole,False,ngram_guided+refined,4,67.29,68.19,moderate,-13.19,1.81,feprazone,0.712,4,INTRA_STEM_TOO_CLOSE|TRADEMARK_HIT,SIMILARITY_MODERATE,oseprazole,oseprazole -> odeprazole -> ogeprazole -> okeprazole,0.0,1.0,0.879,1.0,1.0,0.998,0.0,proton pump inhibitor,generic,-prazole,crowded,False,,
danuprazole,False,grammar+refined,4,58.97,64.3,moderate,-9.3,5.7,vandazole,0.8155,4,INTRA_STEM_TOO_CLOSE|TRADEMARK_HIT,SIMILARITY_MODERATE,dabuprazole,dabuprazole -> danuprazole,0.0,0.6,0.879,1.0,1.0,0.952,0.019,proton pump inhibitor,generic,-prazole,crowded,False,,
daguprazole,False,grammar+refined,4,66.83,60.07,moderate,-5.07,9.93,anastrozole,0.6889,4,TRADEMARK_HIT,SIMILARITY_MODERATE,dabuprazole,dabuprazole -> danuprazole -> daguprazole,0.0,1.0,0.879,1.0,1.0,0.952,0.0,proton pump inhibitor,generic,-prazole,crowded,False,,
cemiprazole,False,grammar+refined,4,62.61,66.46,moderate,-11.46,3.54,cefmetazole,0.8322,4,INTRA_STEM_TOO_CLOSE|TRADEMARK_HIT,SIMILARITY_MODERATE,cediprazole,cediprazole -> cemiprazole,0.0,0.6,0.879,1.0,1.0,0.952,0.54,proton pump inhibitor,generic,-prazole,crowded,False,,
cewiprazole,False,grammar+refined,4,58.83,65.73,moderate,-10.73,4.27,virazole,0.6287,4,TRADEMARK_HIT,SIMILARITY_MODERATE,cediprazole,cediprazole -> cemiprazole -> cewiprazole,0.0,0.6,0.879,1.0,1.0,0.952,0.0,proton pump inhibitor,generic,-prazole,crowded,False,,
cuwiprazole,True,grammar+refined,4,66.83,61.35,moderate,-6.35,8.65,virazole,0.6179,4,,SIMILARITY_MODERATE,cediprazole,cediprazole -> cemiprazole -> cewiprazole -> cuwiprazole,0.0,1.0,0.879,1.0,1.0,0.952,0.0,proton pump inhibitor,generic,-prazole,crowded,True,,
zidiprazole,False,grammar+refined,4,58.91,65.33,moderate,-10.33,4.67,nimorazole,0.8705,4,TRADEMARK_HIT,SIMILARITY_MODERATE,zixiprazole,zixiprazole -> zidiprazole,0.0,0.6,0.879,1.0,1.0,0.952,0.012,proton pump inhibitor,generic,-prazole,crowded,False,,
zadiprazole,False,grammar+refined,4,58.83,63.55,moderate,-8.55,6.45,virazole,0.804,4,INTRA_STEM_TOO_CLOSE|TRADEMARK_HIT,SIMILARITY_MODERATE,zixiprazole,zixiprazole -> zidiprazole -> zadiprazole,0.0,0.6,0.879,1.0,1.0,0.952,0.0,proton pump inhibitor,generic,-prazole,crowded,False,,
dauprazole,False,grammar+refined,4,65.74,66.06,moderate,-11.06,3.94,omperazole,0.6588,3,INTRA_STEM_TOO_CLOSE|TRADEMARK_HIT,SIMILARITY_MODERATE,deuprazole,deuprazole -> dauprazole,0.0,1.0,0.854,1.0,1.0,0.873,0.009,proton pump inhibitor,generic,-prazole,crowded,False,,
diuprazole,False,grammar+refined,4,67.29,70.72,high,-15.72,-0.72,nimorazole,0.7379,4,SIMILARITY_TOO_HIGH|TRADEMARK_HIT,,deuprazole,deuprazole -> dauprazole -> diuprazole,0.0,1.0,0.879,1.0,1.0,0.998,0.0,proton pump inhibitor,generic,-prazole,crowded,False,,
maxocaine,True,grammar,1,67.59,61.25,moderate,-6.25,8.75,maxiphen,0.7886,3,,SIMILARITY_MODERATE,,maxocaine,0.0,1.0,1.0,1.0,1.0,0.858,0.001,local anaesthetic,generic,-caine,crowded,True,,
murofucaine,True,grammar,1,63.19,58.61,moderate,-3.61,11.39,moroxydine,0.8168,4,,SIMILARITY_MODERATE,,murofucaine,0.0,0.733,1.0,1.0,1.0,0.952,0.0,local anaesthetic,generic,-caine,crowded,True,,
purzeprucaine,True,grammar,1,60.51,59.76,moderate,-4.76,10.24,suzetrigine,0.7646,4,,SIMILARITY_MODERATE,,purzeprucaine,0.0,0.8,0.854,1.0,1.0,0.755,0.0,local anaesthetic,generic,-caine,crowded,False,,
ebocaine,False,grammar,1,66.87,67.16,moderate,-12.16,2.84,betaine,0.7638,3,INTRA_STEM_TOO_CLOSE|TRADEMARK_HIT,SIMILARITY_MODERATE,,ebocaine,0.0,1.0,1.0,1.0,1.0,0.787,0.0,local anaesthetic,generic,-caine,crowded,False,,
cyxonocaine,True,grammar,1,66.97,65.85,moderate,-10.85,4.15,fomocain,0.6379,4,,SIMILARITY_MODERATE,,cyxonocaine,0.0,1.0,0.889,1.0,1.0,0.952,0.001,local anaesthetic,generic,-caine,crowded,True,,
mulocaine,False,grammar,1,59.67,72.59,high,-17.59,-2.59,alocane,0.8835,3,SIMILARITY_TOO_HIGH|INTRA_STEM_TOO_CLOSE|TRADEMARK_HIT,,,mulocaine,0.0,0.6,1.0,1.0,1.0,0.858,0.013,local anaesthetic,generic,-caine,crowded,False,,
metuvocaine,False,grammar,1,63.24,66.5,moderate,-11.5,3.5,mepivacaine,0.794,4,INTRA_STEM_TOO_CLOSE|TRADEMARK_HIT,SIMILARITY_MODERATE,,metuvocaine,0.0,0.733,1.0,1.0,1.0,0.952,0.007,local anaesthetic,generic,-caine,crowded,False,,
basamecaine,True,grammar,1,63.19,61.59,moderate,-6.59,8.41,doramectin,0.7852,4,,SIMILARITY_MODERATE,,basamecaine,0.0,0.733,1.0,1.0,1.0,0.952,0.0,local anaesthetic,generic,-caine,crowded,True,,
liolsoducaine,True,grammar,1,61.82,54.4,low,0.6,15.6,fomocain,0.6485,5,,,,liolsoducaine,0.024,0.8,1.0,1.0,1.0,0.624,0.0,local anaesthetic,generic,-caine,crowded,False,,
tocecaine,False,grammar,1,63.85,74.18,high,-19.18,-4.18,dodecane,0.7985,3,SIMILARITY_TOO_HIGH|TRADEMARK_HIT,,,tocecaine,0.0,0.6,1.0,1.0,1.0,0.858,0.611,local anaesthetic,generic,-caine,crowded,False,,
axaacaine,False,grammar,1,68.83,66.76,moderate,-11.76,3.24,laxacin,0.6428,4,TRADEMARK_HIT,SIMILARITY_MODERATE,,axaacaine,0.0,1.0,1.0,1.0,1.0,0.983,0.0,local anaesthetic,generic,-caine,crowded,False,,
erpicicaine,False,grammar,1,63.19,60.32,moderate,-5.32,9.68,epicriptine,0.7999,4,INTRA_STEM_TOO_CLOSE|TRADEMARK_HIT,SIMILARITY_MODERATE,,erpicicaine,0.0,0.733,1.0,1.0,1.0,0.952,0.0,local anaesthetic,generic,-caine,crowded,False,,
pamimlecaine,True,grammar,1,63.05,59.0,moderate,-4.0,11.0,prazimectin,0.7245,4,,SIMILARITY_MODERATE,,pamimlecaine,0.0,0.771,1.0,1.0,1.0,0.862,0.0,local anaesthetic,generic,-caine,crowded,False,,
nerfecaine,False,grammar,1,61.34,70.77,high,-15.77,-0.77,perfecting,0.7677,3,SIMILARITY_TOO_HIGH|INTRA_STEM_TOO_CLOSE|TRADEMARK_HIT,,,nerfecaine,0.0,0.68,1.0,1.0,1.0,0.873,0.001,local anaesthetic,generic,-caine,crowded,False,,
sirnocaine,False,grammar,1,67.73,70.27,high,-15.27,-0.27,fomocain,0.6359,3,SIMILARITY_TOO_HIGH|TRADEMARK_HIT,,,sirnocaine,0.0,1.0,1.0,1.0,1.0,0.873,0.0,local anaesthetic,generic,-caine,crowded,False,,
zitrucaine,False,grammar,1,59.28,64.36,moderate,-9.36,5.64,citrulline,0.7144,3,TRADEMARK_HIT,SIMILARITY_MODERATE,,zitrucaine,0.0,0.68,0.854,1.0,1.0,0.873,0.0,local anaesthetic,generic,-caine,crowded,False,,
noturdicaine,True,grammar,1,63.05,59.4,moderate,-4.4,10.6,nifedipine,0.7832,4,,SIMILARITY_MODERATE,,noturdicaine,0.0,0.771,1.0,1.0,1.0,0.862,0.0,local anaesthetic,generic,-caine,crowded,False,,
semnicaine,False,grammar,1,62.69,71.3,high,-16.3,-1.3,somnicin,0.8375,3,SIMILARITY_TOO_HIGH|TRADEMARK_HIT,,,semnicaine,0.0,0.68,1.0,1.0,1.0,0.873,0.195,local anaesthetic,generic,-caine,crowded,False,,
bapiicaine,False,grammar,1,68.98,67.01,moderate,-12.01,2.99,bamipine,0.6178,4,TRADEMARK_HIT,SIMILARITY_MODERATE,,bapiicaine,0.0,1.0,1.0,1.0,1.0,0.998,0.0,local anaesthetic,generic,-caine,crowded,False,,
emlavacaine,True,grammar,1,63.21,67.99,moderate,-12.99,2.01,lanacane,0.7191,4,,SIMILARITY_MODERATE,,emlavacaine,0.0,0.733,1.0,1.0,1.0,0.952,0.003,local anaesthetic,generic,-caine,crowded,True,,
ixocaine,False,grammar,1,66.87,63.3,moderate,-8.3,6.7,tocainide,0.7143,3,INTRA_STEM_TOO_CLOSE|TRADEMARK_HIT,SIMILARITY_MODERATE,,ixocaine,0.0,1.0,1.0,1.0,1.0,0.787,0.0,local anaesthetic,generic,-caine,crowded,False,,
lidadecaine,False,grammar,1,63.19,68.41,moderate,-13.41,1.59,dodecane,0.8786,4,TRADEMARK_HIT,SIMILARITY_MODERATE,,lidadecaine,0.0,0.733,1.0,1.0,1.0,0.952,0.0,local anaesthetic,generic,-caine,crowded,False,,
pixocaine,False,grammar,1,67.58,66.04,moderate,-11.04,3.96,pitocin,0.7119,3,TRADEMARK_HIT,SIMILARITY_MODERATE,,pixocaine,0.0,1.0,1.0,1.0,1.0,0.858,0.0,local anaesthetic,generic,-caine,crowded,False,,
hecracaine,False,grammar,1,65.68,63.96,moderate,-8.96,6.04,tetracaine,0.7422,3,INTRA_STEM_TOO_CLOSE|TRADEMARK_HIT,SIMILARITY_MODERATE,,hecracaine,0.0,1.0,0.854,1.0,1.0,0.873,0.0,local anaesthetic,generic,-caine,crowded,False,,
tracaine,False,ngram_guided,1,63.91,76.59,high,-21.59,-6.59,tricaine,0.9675,2,SIMILARITY_TOO_HIGH|INTRA_STEM_TOO_CLOSE|TRADEMARK_HIT,,,tracaine,0.0,1.0,0.803,1.0,1.0,0.568,0.283,local anaesthetic,generic,-caine,crowded,False,,
testcaine,False,ngram_guided,1,58.69,72.71,high,-17.71,-2.71,tetcaine,0.6475,2,SIMILARITY_TOO_HIGH|TRADEMARK_HIT,,,testcaine,0.0,0.6,0.737,1.0,1.0,0.639,0.711,local anaesthetic,generic,-caine,crowded,False,,
neparvocaine,False,ngram_guided,1,53.1,68.41,moderate,-13.41,1.59,neparvovec,0.7865,4,TRADEMARK_HIT,SIMILARITY_MODERATE,,neparvocaine,0.0,0.15,1.0,1.0,1.0,0.862,0.354,local anaesthetic,generic,-caine,crowded,False,,
sotcaine,False,ngram_guided,1,69.93,64.27,moderate,-9.27,5.73,stain,0.7164,2,TRADEMARK_HIT,SIMILARITY_MODERATE,,sotcaine,0.0,1.0,1.0,1.0,1.0,0.568,0.75,local anaesthetic,generic,-caine,crowded,False,,
zuralacaine,True,ngram_guided,1,59.18,59.55,moderate,-4.55,10.45,butalamine,0.7681,4,,SIMILARITY_MODERATE,,zuralacaine,0.0,0.517,1.0,1.0,1.0,0.952,0.046,local anaesthetic,generic,-caine,crowded,False,,
bacacaine,False,ngram_guided,1,62.53,71.09,high,-16.09,-1.09,bactine,0.822,3,SIMILARITY_TOO_HIGH|INTRA_STEM_TOO_CLOSE|TRADEMARK_HIT,,,bacacaine,0.0,0.6,1.0,0.8,1.0,0.858,0.678,local anaesthetic,generic,-caine,crowded,False,,
ibucaine,False,ngram_guided,1,71.2,74.81,high,-19.81,-4.81,dibucaine,0.7736,3,SIMILARITY_TOO_HIGH|INTRA_STEM_TOO_CLOSE|TRADEMARK_HIT,,,ibucaine,0.0,1.0,1.0,1.0,1.0,0.787,0.618,local anaesthetic,generic,-caine,crowded,False,,
ensaribocaine,False,ngram_guided,1,62.39,58.19,moderate,-3.19,11.81,tridecane,0.7573,5,TRADEMARK_HIT,SIMILARITY_MODERATE,,ensaribocaine,0.0,0.6,1.0,1.0,1.0,0.624,0.736,local anaesthetic,generic,-caine,crowded,False,,
imexcaine,True,ngram_guided,1,58.35,68.06,moderate,-13.06,1.94,mexicana,0.7361,3,,SIMILARITY_MODERATE,,imexcaine,0.0,0.6,0.899,1.0,1.0,0.858,0.026,local anaesthetic,generic,-caine,crowded,False,,
ramilocaine,False,ngram_guided,1,56.48,75.06,high,-20.06,-5.06,amylocaine,0.8792,4,SIMILARITY_TOO_HIGH|INTRA_STEM_TOO_CLOSE|TRADEMARK_HIT,,,ramilocaine,0.0,0.517,1.0,1.0,0.53,0.952,0.735,local anaesthetic,generic,-caine,crowded,False,,
odrocaine,False,ngram_guided,1,58.69,68.93,moderate,-13.93,1.07,rogaine,0.8416,3,INTRA_STEM_TOO_CLOSE,SIMILARITY_MODERATE,,odrocaine,0.0,0.6,0.854,1.0,1.0,0.858,0.165,local anaesthetic,generic,-caine,crowded,False,,
gefibrikcaine,True,ngram_guided,1,56.84,62.39,moderate,-7.39,7.61,defibrotide,0.6211,4,,SIMILARITY_MODERATE,,gefibrikcaine,0.0,0.6,0.854,1.0,1.0,0.755,0.046,local anaesthetic,generic,-caine,crowded,False,,
degacaine,False,ngram_guided,1,62.6,67.67,moderate,-12.67,2.33,dodecane,0.7488,3,TRADEMARK_HIT,SIMILARITY_MODERATE,,degacaine,0.0,0.6,1.0,1.0,1.0,0.858,0.432,local anaesthetic,generic,-caine,crowded,False,,
nilvacaine,False,ngram_guided,1,60.09,70.73,high,-15.73,-0.73,nilvadipine,0.7698,3,SIMILARITY_TOO_HIGH|TRADEMARK_HIT,,,nilvacaine,0.0,0.45,1.0,1.0,1.0,0.873,0.48,local anaesthetic,generic,-caine,crowded,False,,
lidotcaine,False,ngram_guided,1,57.45,81.3,high,-26.3,-11.3,lidocaine,0.711,3,SIMILARITY_TOO_HIGH|INTRA_STEM_TOO_CLOSE|TRADEMARK_HIT,,,lidotcaine,0.0,0.45,1.0,1.0,1.0,0.873,0.103,local anaesthetic,generic,-caine,crowded,False,,
procaine,False,ngram_guided,1,63.28,100.0,high,-45.0,-30.0,procaine,0.9797,2,EXACT_NAME_COLLISION|INTRA_STEM_TOO_CLOSE|TRADEMARK_HIT,,,procaine,0.0,1.0,0.803,1.0,1.0,0.568,0.194,local anaesthetic,generic,-caine,crowded,False,,
panilocaine,False,ngram_guided,1,70.18,64.99,moderate,-9.99,5.01,camylofine,0.8812,4,INTRA_STEM_TOO_CLOSE|TRADEMARK_HIT,SIMILARITY_MODERATE,,panilocaine,0.0,0.733,1.0,1.0,1.0,0.952,0.999,local anaesthetic,generic,-caine,crowded,False,,
josampicaine,True,ngram_guided,1,59.71,65.89,moderate,-10.89,4.11,josamycin,0.7901,4,,SIMILARITY_MODERATE,,josampicaine,0.0,0.564,1.0,1.0,1.0,0.862,0.114,local anaesthetic,generic,-caine,crowded,False,,
temacaine,False,ngram_guided,1,63.38,67.14,moderate,-12.14,2.86,sebacate,0.8658,3,INTRA_STEM_TOO_CLOSE|TRADEMARK_HIT,SIMILARITY_MODERATE,,temacaine,0.0,0.6,1.0,1.0,1.0,0.858,0.543,local anaesthetic,generic,-caine,crowded,False,,
pralmecaine,False,ngram_guided,1,58.76,71.44,high,-16.44,-1.44,prazimectin,0.887,3,SIMILARITY_TOO_HIGH|TRADEMARK_HIT,,,pralmecaine,0.0,0.517,0.829,1.0,1.0,0.828,0.506,local anaesthetic,generic,-caine,crowded,False,,
fluocinacaine,False,ngram_guided,1,42.1,70.38,high,-15.38,-0.38,fluocinonide,0.8991,5,SIMILARITY_TOO_HIGH|TRADEMARK_HIT,,,fluocinacaine,0.0,0.2,0.894,1.0,0.53,0.624,0.266,local anaesthetic,generic,-caine,crowded,False,,
tovobinecaine,True,ngram_guided,1,61.52,63.05,moderate,-8.05,6.95,novobiocin,0.7547,5,,SIMILARITY_MODERATE,,tovobinecaine,0.0,0.6,1.0,1.0,1.0,0.624,0.611,local anaesthetic,generic,-caine,crowded,False,,
palomiplcaine,True,ngram_guided,1,58.32,62.17,moderate,-7.17,7.83,clomipramine,0.6748,4,,SIMILARITY_MODERATE,,palomiplcaine,0.0,0.6,0.813,1.0,1.0,0.755,0.341,local anaesthetic,generic,-caine,crowded,False,,
ozanitacaine,True,ngram_guided,1,59.73,62.87,moderate,-7.87,7.13,zanidatamab,0.8111,5,,SIMILARITY_MODERATE,,ozanitacaine,0.0,0.564,1.0,1.0,1.0,0.731,0.305,local anaesthetic,generic,-caine,crowded,False,,
abucaine,False,ngram_guided+refined,1,66.87,71.98,high,-16.98,-1.98,butane,0.7656,3,SIMILARITY_TOO_HIGH|INTRA_STEM_TOO_CLOSE|TRADEMARK_HIT,,ibucaine,ibucaine -> abucaine,0.0,1.0,1.0,1.0,1.0,0.787,0.0,local anaesthetic,generic,-caine,crowded,False,,
abocaine,False,ngram_guided+refined,1,66.9,72.82,high,-17.82,-2.82,alocane,0.8061,3,SIMILARITY_TOO_HIGH|INTRA_STEM_TOO_CLOSE|TRADEMARK_HIT,,ibucaine,ibucaine -> abucaine -> abocaine,0.0,1.0,1.0,1.0,1.0,0.787,0.003,local anaesthetic,generic,-caine,crowded,False,,
ubocaine,False,ngram_guided+refined,1,66.87,67.16,moderate,-12.16,2.84,betaine,0.7102,3,INTRA_STEM_TOO_CLOSE|TRADEMARK_HIT,SIMILARITY_MODERATE,ibucaine,ibucaine -> abucaine -> abocaine -> ubocaine,0.0,1.0,1.0,1.0,1.0,0.787,0.0,local anaesthetic,generic,-caine,crowded,False,,
pagilocaine,False,ngram_guided+refined,1,63.2,66.05,moderate,-11.05,3.95,prilocaine,0.8255,4,INTRA_STEM_TOO_CLOSE|TRADEMARK_HIT,SIMILARITY_MODERATE,panilocaine,panilocaine -> pagilocaine,0.0,0.733,1.0,1.0,1.0,0.952,0.001,local anaesthetic,generic,-caine,crowded,False,,
papilocaine,False,ngram_guided+refined,1,58.87,65.19,moderate,-10.19,4.81,papilloma,0.8278,4,INTRA_STEM_TOO_CLOSE|TRADEMARK_HIT,SIMILARITY_MODERATE,panilocaine,panilocaine -> pagilocaine -> papilocaine,0.0,0.517,1.0,1.0,1.0,0.952,0.001,local anaesthetic,generic,-caine,crowded,False,,
pazilocaine,False,ngram_guided+refined,1,63.36,67.81,moderate,-12.81,2.19,prilocaine,0.8268,4,INTRA_STEM_TOO_CLOSE|TRADEMARK_HIT,SIMILARITY_MODERATE,panilocaine,panilocaine -> pagilocaine -> papilocaine -> pazilocaine,0.0,0.733,1.0,1.0,1.0,0.952,0.025,local anaesthetic,generic,-caine,crowded,False,,
sutcaine,False,ngram_guided+refined,1,64.71,67.85,moderate,-12.85,2.15,sustain,0.6848,2,TRADEMARK_HIT,SIMILARITY_MODERATE,sotcaine,sotcaine -> sutcaine,0.0,1.0,1.0,1.0,1.0,0.568,0.004,local anaesthetic,generic,-caine,crowded,False,,
setcaine,False,ngram_guided+refined,1,64.73,79.53,high,-24.53,-9.53,tetcaine,0.6787,2,SIMILARITY_TOO_HIGH|TRADEMARK_HIT,,sotcaine,sotcaine -> sutcaine -> setcaine,0.0,1.0,1.0,1.0,1.0,0.568,0.007,local anaesthetic,generic,-caine,crowded,False,,
xetcaine,False,ngram_guided+refined,1,64.68,73.65,high,-18.65,-3.65,tetcaine,0.6323,2,SIMILARITY_TOO_HIGH|TRADEMARK_HIT,,sotcaine,sotcaine -> sutcaine -> setcaine -> xetcaine,0.0,1.0,1.0,1.0,1.0,0.568,0.0,local anaesthetic,generic,-caine,crowded,False,,
bupiicaine,False,grammar+refined,1,62.77,79.84,high,-24.84,-9.84,bupivicaine,0.6327,4,SIMILARITY_TOO_HIGH|INTRA_STEM_TOO_CLOSE|TRADEMARK_HIT,,bapiicaine,bapiicaine -> bupiicaine,0.0,0.68,1.0,1.0,1.0,0.998,0.028,local anaesthetic,generic,-caine,crowded,False,,
bupaicaine,False,grammar+refined,1,61.35,68.25,moderate,-13.25,1.75,butacaine,0.7789,3,INTRA_STEM_TOO_CLOSE|TRADEMARK_HIT,SIMILARITY_MODERATE,bapiicaine,bapiicaine -> bupiicaine -> bupaicaine,0.0,0.68,1.0,1.0,1.0,0.873,0.003,local anaesthetic,generic,-caine,crowded,False,,
bupuicaine,False,grammar+refined,1,67.75,66.77,moderate,-11.77,3.23,bupivicaine,0.6591,3,INTRA_STEM_TOO_CLOSE|TRADEMARK_HIT,SIMILARITY_MODERATE,bapiicaine,bapiicaine -> bupiicaine -> bupaicaine -> bupuicaine,0.0,1.0,1.0,1.0,1.0,0.873,0.003,local anaesthetic,generic,-caine,crowded,False,,
araacaine,False,grammar+refined,1,68.83,67.96,moderate,-12.96,2.04,paractin,0.7584,4,TRADEMARK_HIT,SIMILARITY_MODERATE,axaacaine,axaacaine -> araacaine,0.0,1.0,1.0,1.0,1.0,0.983,0.0,local anaesthetic,generic,-caine,crowded,False,,
aruacaine,True,grammar+refined,1,68.83,61.2,moderate,-6.2,8.8,paractin,0.6461,4,,SIMILARITY_MODERATE,axaacaine,axaacaine -> araacaine -> aruacaine,0.0,1.0,1.0,1.0,1.0,0.983,0.0,local anaesthetic,generic,-caine,crowded,True,,
xirnocaine,False,grammar+refined,1,67.73,67.57,moderate,-12.57,2.43,fomocain,0.605,3,TRADEMARK_HIT,SIMILARITY_MODERATE,sirnocaine,sirnocaine -> xirnocaine,0.0,1.0,1.0,1.0,1.0,0.873,0.0,local anaesthetic,generic,-caine,crowded,False,,
xiknocaine,False,grammar+refined,1,67.73,58.05,moderate,-3.05,11.95,didanosine,0.6104,3,TRADEMARK_HIT,SIMILARITY_MODERATE,sirnocaine,sirnocaine -> xirnocaine -> xiknocaine,0.0,1.0,1.0,1.0,1.0,0.873,0.0,local anaesthetic,generic,-caine,crowded,False,,
xikjocaine,False,grammar+refined,1,67.73,57.78,moderate,-2.78,12.22,nicotine,0.6057,3,TRADEMARK_HIT,SIMILARITY_MODERATE,sirnocaine,sirnocaine -> xirnocaine -> xiknocaine -> xikjocaine,0.0,1.0,1.0,1.0,1.0,0.873,0.0,local anaesthetic,generic,-caine,crowded,False,,
poxocaine,False,grammar+refined,1,59.6,65.21,moderate,-10.21,4.79,fomocain,0.8616,3,TRADEMARK_HIT,SIMILARITY_MODERATE,pixocaine,pixocaine -> poxocaine,0.0,0.6,1.0,1.0,1.0,0.858,0.003,local anaesthetic,generic,-caine,crowded,False,,
povocaine,False,grammar+refined,1,67.59,74.66,high,-19.66,-4.66,fomocain,0.8211,3,SIMILARITY_TOO_HIGH|INTRA_STEM_TOO_CLOSE|TRADEMARK_HIT,,pixocaine,pixocaine -> poxocaine -> povocaine,0.0,1.0,1.0,1.0,1.0,0.858,0.001,local anaesthetic,generic,-caine,crowded,False,,
povacaine,False,grammar+refined,1,59.62,72.44,high,-17.44,-2.44,bovadine,0.8663,3,SIMILARITY_TOO_HIGH|TRADEMARK_HIT,,pixocaine,pixocaine -> poxocaine -> povocaine -> povacaine,0.0,0.6,1.0,1.0,1.0,0.858,0.006,local anaesthetic,generic,-caine,crowded,False,,
ejocaine,False,grammar+refined,1,66.87,66.49,moderate,-11.49,3.51,alocane,0.6555,3,INTRA_STEM_TOO_CLOSE|TRADEMARK_HIT,SIMILARITY_MODERATE,ebocaine,ebocaine -> ejocaine,0.0,1.0,1.0,1.0,1.0,0.787,0.0,local anaesthetic,generic,-caine,crowded,False,,
evocaine,False,grammar+refined,1,67.13,69.59,moderate,-14.59,0.41,evoclin,0.8646,3,TRADEMARK_HIT,SIMILARITY_MODERATE,ebocaine,ebocaine -> ejocaine -> evocaine,0.0,1.0,1.0,1.0,1.0,0.787,0.036,local anaesthetic,generic,-caine,crowded,False,,
epocaine,False,grammar+refined,1,67.11,70.23,high,-15.23,-0.23,epoetin,0.8215,3,SIMILARITY_TOO_HIGH|INTRA_STEM_TOO_CLOSE|TRADEMARK_HIT,,ebocaine,ebocaine -> ejocaine -> evocaine -> epocaine,0.0,1.0,1.0,1.0,1.0,0.787,0.033,local anaesthetic,generic,-caine,crowded,False,,
fovicaine,False,grammar,2,59.65,73.1,high,-18.1,-3.1,foligain,0.884,3,SIMILARITY_TOO_HIGH|TRADEMARK_HIT,,,fovicaine,0.0,0.6,1.0,1.0,1.0,0.858,0.011,local anaesthetic,generic,-caine,crowded,False,,
axinducaine,True,grammar,2,63.19,60.11,moderate,-5.11,9.89,indican,0.759,4,,SIMILARITY_MODERATE,,axinducaine,0.0,0.733,1.0,1.0,1.0,0.952,0.0,local anaesthetic,generic,-caine,crowded,True,,
futocaine,False,grammar,2,67.7,71.89,high,-16.89,-1.89,fomocain,0.7579,3,SIMILARITY_TOO_HIGH|INTRA_STEM_TOO_CLOSE|TRADEMARK_HIT,,,futocaine,0.0,1.0,1.0,1.0,1.0,0.858,0.017,local anaesthetic,generic,-caine,crowded,False,,
azicaine,False,grammar,2,73.36,68.33,moderate,-13.33,1.67,zcaine,0.8527,3,TRADEMARK_HIT,SIMILARITY_MODERATE,,azicaine,0.0,1.0,1.0,1.0,1.0,0.787,0.926,local anaesthetic,generic,-caine,crowded,False,,
enitacaine,False,grammar,2,59.25,68.83,moderate,-13.83,1.17,entacapone,0.8487,4,INTRA_STEM_TOO_CLOSE|TRADEMARK_HIT,SIMILARITY_MODERATE,,enitacaine,0.0,0.45,1.0,1.0,1.0,0.998,0.182,local anaesthetic,generic,-caine,crowded,False,,
sucocaine,False,grammar,2,67.59,67.84,moderate,-12.84,2.16,scopine,0.9548,3,INTRA_STEM_TOO_CLOSE|TRADEMARK_HIT,SIMILARITY_MODERATE,,sucocaine,0.0,1.0,1.0,1.0,1.0,0.858,0.001,local anaesthetic,generic,-caine,crowded,False,,
cegicaine,False,grammar,2,67.58,62.38,moderate,-7.38,7.62,vagicaine,0.7349,3,TRADEMARK_HIT,SIMILARITY_MODERATE,,cegicaine,0.0,1.0,1.0,1.0,1.0,0.858,0.0,local anaesthetic,generic,-caine,crowded,False,,
evexocaine,False,grammar,2,62.6,69.04,moderate,-14.04,0.96,sedexodine,0.6353,4,TRADEMARK_HIT,SIMILARITY_MODERATE,,evexocaine,0.0,0.68,1.0,1.0,1.0,0.998,0.003,local anaesthetic,generic,-caine,crowded,False,,
inacaine,False,grammar,2,71.49,73.88,high,-18.88,-3.88,anacaine,0.8717,3,SIMILARITY_TOO_HIGH|TRADEMARK_HIT,,,inacaine,0.0,1.0,1.0,1.0,1.0,0.787,0.66,local anaesthetic,generic,-caine,crowded,False,,
elacaine,False,grammar,2,73.19,68.9,moderate,-13.9,1.1,lactone,0.8949,3,TRADEMARK_HIT,SIMILARITY_MODERATE,,elacaine,0.0,1.0,1.0,1.0,1.0,0.787,0.902,local anaesthetic,generic,-caine,crowded,False,,
firbemmacaine,True,grammar,2,62.21,58.64,moderate,-3.64,11.36,terbinafine,0.662,4,,SIMILARITY_MODERATE,,firbemmacaine,0.0,0.8,0.975,1.0,1.0,0.755,0.001,local anaesthetic,generic,-caine,crowded,False,,
asveocaine,True,grammar,2,68.98,60.4,moderate,-5.4,9.6,advocin,0.749,4,,SIMILARITY_MODERATE,,asveocaine,0.0,1.0,1.0,1.0,1.0,0.998,0.0,local anaesthetic,generic,-caine,crowded,True,,
basomucaine,True,grammar,2,63.19,65.12,moderate,-10.12,4.88,fomocain,0.7656,4,,SIMILARITY_MODERATE,,basomucaine,0.0,0.733,1.0,1.0,1.0,0.952,0.0,local anaesthetic,generic,-caine,crowded,True,,
edicaine,False,grammar,2,66.87,75.2,high,-20.2,-5.2,medicone,0.8908,3,SIMILARITY_TOO_HIGH|TRADEMARK_HIT,,,edicaine,0.0,1.0,1.0,1.0,1.0,0.787,0.0,local anaesthetic,generic,-caine,crowded,False,,
atakicaine,False,grammar,2,69.06,63.52,moderate,-8.52,6.48,octadecane,0.6987,4,TRADEMARK_HIT,SIMILARITY_MODERATE,,atakicaine,0.0,1.0,1.0,1.0,1.0,0.998,0.012,local anaesthetic,generic,-caine,crowded,False,,
amimicaine,False,grammar,2,69.28,68.48,moderate,-13.48,1.52,aminacrine,0.8663,4,TRADEMARK_HIT,SIMILARITY_MODERATE,,amimicaine,0.0,1.0,1.0,1.0,1.0,0.998,0.043,local anaesthetic,generic,-caine,crowded,False,,
sufoxocaine,False,grammar,2,63.2,65.99,moderate,-10.99,4.01,suboxone,0.7535,4,INTRA_STEM_TOO_CLOSE,SIMILARITY_MODERATE,,sufoxocaine,0.0,0.733,1.0,1.0,1.0,0.952,0.001,local anaesthetic,generic,-caine,crowded,False,,
agocaine,False,grammar,2,66.87,71.49,high,-16.49,-1.49,alocane,0.8848,3,SIMILARITY_TOO_HIGH|INTRA_STEM_TOO_CLOSE|TRADEMARK_HIT,,,agocaine,0.0,1.0,1.0,1.0,1.0,0.787,0.0,local anaesthetic,generic,-caine,crowded,False,,
pilacaine,False,grammar,2,67.65,72.15,high,-17.15,-2.15,placadine,0.8905,3,SIMILARITY_TOO_HIGH|INTRA_STEM_TOO_CLOSE|TRADEMARK_HIT,,,pilacaine,0.0,1.0,1.0,1.0,1.0,0.858,0.01,local anaesthetic,generic,-caine,crowded,False,,
octfutocaine,True,grammar,2,65.07,61.79,moderate,-6.79,8.21,octadecane,0.6268,4,,SIMILARITY_MODERATE,,octfutocaine,0.0,1.0,0.813,1.0,1.0,0.862,0.01,local anaesthetic,generic,-caine,crowded,True,,
lairlonocaine,True,grammar,2,62.73,62.26,moderate,-7.26,7.74,laidlomycin,0.7046,4,,SIMILARITY_MODERATE,,lairlonocaine,0.0,0.8,1.0,1.0,1.0,0.755,0.026,local anaesthetic,generic,-caine,crowded,False,,
lempinacaine,False,grammar,2,63.06,63.57,moderate,-8.57,6.43,aminacrine,0.7862,4,TRADEMARK_HIT,SIMILARITY_MODERATE,,lempinacaine,0.0,0.771,1.0,1.0,1.0,0.862,0.001,local anaesthetic,generic,-caine,crowded,False,,
papabicaine,True,grammar,2,63.19,63.14,moderate,-8.14,6.86,papaverine,0.7844,4,,SIMILARITY_MODERATE,,papabicaine,0.0,0.733,1.0,1.0,1.0,0.952,0.0,local anaesthetic,generic,-caine,crowded,False,,
dompocaine,False,grammar,2,61.34,67.13,moderate,-12.13,2.87,fomocain,0.743,3,TRADEMARK_HIT,SIMILARITY_MODERATE,,dompocaine,0.0,0.68,1.0,1.0,1.0,0.873,0.001,local anaesthetic,generic,-caine,crowded,False,,
crovicaine,False,ngram_guided,2,65.02,65.5,moderate,-10.5,4.5,tropicamide,0.8831,3,TRADEMARK_HIT,SIMILARITY_MODERATE,,crovicaine,0.0,0.68,0.854,1.0,1.0,0.873,0.819,local anaesthetic,generic,-caine,crowded,False,,
drogescaine,False,ngram_guided,2,56.25,72.41,high,-17.41,-2.41,medrogestone,0.9015,3,SIMILARITY_TOO_HIGH,,,drogescaine,0.0,0.3,0.728,1.0,1.0,0.828,0.969,local anaesthetic,generic,-caine,crowded,False,,
amikacaine,False,ngram_guided,2,64.85,80.06,high,-25.06,-10.06,amikacin,0.817,4,SIMILARITY_TOO_HIGH|TRADEMARK_HIT,,,amikacaine,0.0,0.45,1.0,1.0,1.0,0.998,0.982,local anaesthetic,generic,-caine,crowded,False,,
phocaine,False,ngram_guided,2,69.71,67.33,moderate,-12.33,2.67,tocainide,0.9404,2,INTRA_STEM_TOO_CLOSE|TRADEMARK_HIT,SIMILARITY_MODERATE,,phocaine,0.0,1.0,1.0,1.0,1.0,0.568,0.719,local anaesthetic,generic,-caine,crowded,False,,
parnacaine,False,ngram_guided,2,62.68,72.34,high,-17.34,-2.34,parnaparin,0.8787,3,SIMILARITY_TOO_HIGH|TRADEMARK_HIT,,,parnacaine,0.0,0.45,1.0,1.0,1.0,0.873,0.849,local anaesthetic,generic,-caine,crowded,False,,
pleccaine,False,ngram_guided,2,52.32,72.18,high,-17.18,-2.18,flecainide,0.7174,2,SIMILARITY_TOO_HIGH|TRADEMARK_HIT,,,pleccaine,0.0,0.6,0.779,0.75,1.0,0.639,0.041,local anaesthetic,generic,-caine,crowded,False,,
remacaine,False,ngram_guided,2,62.75,73.51,high,-18.51,-3.51,remicade,0.8677,3,SIMILARITY_TOO_HIGH|TRADEMARK_HIT,,,remacaine,0.0,0.6,1.0,1.0,1.0,0.858,0.452,local anaesthetic,generic,-caine,crowded,False,,
daclacaine,True,ngram_guided,2,58.14,68.13,moderate,-13.13,1.87,decalactone,0.8113,3,,SIMILARITY_MODERATE,,daclacaine,0.0,0.45,0.854,1.0,1.0,0.873,0.494,local anaesthetic,generic,-caine,crowded,False,,
bremedcaine,True,ngram_guided,2,61.87,66.49,moderate,-11.49,3.51,bromelain,0.7604,3,,SIMILARITY_MODERATE,,bremedcaine,0.0,0.517,0.829,1.0,1.0,0.828,0.951,local anaesthetic,generic,-caine,crowded,False,,
mevakicaine,False,ngram_guided,2,65.09,61.93,moderate,-6.93,8.07,revakinagene,0.7001,4,TRADEMARK_HIT,SIMILARITY_MODERATE,,mevakicaine,0.0,0.517,1.0,1.0,1.0,0.952,0.89,local anaesthetic,generic,-caine,crowded,False,,
oxicaine,False,ngram_guided,2,68.66,70.01,high,-15.01,-0.01,exidine,0.9465,3,SIMILARITY_TOO_HIGH|TRADEMARK_HIT,,,oxicaine,0.0,1.0,1.0,1.0,1.0,0.787,0.256,local anaesthetic,generic,-caine,crowded,False,,
brexcaine,True,ngram_guided,2,58.19,65.15,moderate,-10.15,4.85,brexafemme,0.8145,2,,SIMILARITY_MODERATE,,brexcaine,0.0,0.6,0.673,1.0,1.0,0.639,0.769,local anaesthetic,generic,-caine,crowded,False,,
emicaine,False,ngram_guided,2,67.87,75.57,high,-20.57,-5.57,lumicain,0.9037,3,SIMILARITY_TOO_HIGH|TRADEMARK_HIT,,,emicaine,0.0,1.0,1.0,1.0,1.0,0.787,0.142,local anaesthetic,generic,-caine,crowded,False,,
bortcaine,False,ngram_guided,2,54.76,69.13,moderate,-14.13,0.87,cortane,0.7645,2,TRADEMARK_HIT,SIMILARITY_MODERATE,,bortcaine,0.0,0.6,0.737,1.0,1.0,0.639,0.15,local anaesthetic,generic,-caine,crowded,False,,
abiracaine,False,ngram_guided,2,63.96,70.67,high,-15.67,-0.67,abraxane,0.8261,4,SIMILARITY_TOO_HIGH|TRADEMARK_HIT,,,abiracaine,0.0,0.45,1.0,1.0,1.0,0.998,0.855,local anaesthetic,generic,-caine,crowded,False,,
aticaine,False,ngram_guided,2,69.48,65.13,moderate,-10.13,4.87,acticin,0.9135,3,INTRA_STEM_TOO_CLOSE|TRADEMARK_HIT,SIMILARITY_MODERATE,,aticaine,0.0,1.0,1.0,1.0,1.0,0.787,0.372,local anaesthetic,generic,-caine,crowded,False,,
rhucaine,True,ngram_guided,2,60.89,61.24,moderate,-6.24,8.76,rhodamine,0.6723,2,,SIMILARITY_MODERATE|ILLEGAL_ONSET_CLUSTER,,rhucaine,0.0,1.0,0.725,1.0,1.0,0.568,0.009,local anaesthetic,generic,-caine,crowded,False,,
vasocaine,False,ngram_guided,2,60.76,69.54,moderate,-14.54,0.46,alocane,0.8454,3,TRADEMARK_HIT,SIMILARITY_MODERATE,,vasocaine,0.0,0.6,1.0,1.0,1.0,0.858,0.169,local anaesthetic,generic,-caine,crowded,False,,
frunetuvcaine,True,ngram_guided,2,57.37,59.04,moderate,-4.04,10.96,promethazine,0.6181,4,,SIMILARITY_MODERATE,,frunetuvcaine,0.0,0.6,0.854,1.0,1.0,0.755,0.122,local anaesthetic,generic,-caine,crowded,False,,
abicaine,False,ngram_guided,2,67.26,67.08,moderate,-12.08,2.92,betaine,0.9078,3,TRADEMARK_HIT,SIMILARITY_MODERATE,,abicaine,0.0,1.0,1.0,1.0,1.0,0.787,0.054,local anaesthetic,generic,-caine,crowded,False,,
osicaine,False,ngram_guided,2,67.01,61.86,moderate,-6.86,8.14,lumicain,0.8529,3,TRADEMARK_HIT,SIMILARITY_MODERATE,,osicaine,0.0,1.0,1.0,1.0,1.0,0.787,0.019,local anaesthetic,generic,-caine,crowded,False,,
nafcaine,False,ngram_guided,2,66.76,73.44,high,-18.44,-3.44,naftin,0.7764,2,SIMILARITY_TOO_HIGH|TRADEMARK_HIT,,,nafcaine,0.0,1.0,1.0,1.0,1.0,0.568,0.296,local anaesthetic,generic,-caine,crowded,False,,
relcaine,False,ngram_guided,2,67.95,73.95,high,-18.95,-3.95,reltone,0.7708,2,SIMILARITY_TOO_HIGH|TRADEMARK_HIT,,,relcaine,0.0,1.0,1.0,1.0,1.0,0.568,0.467,local anaesthetic,generic,-caine,crowded,False,,
pyrrcaine,False,ngram_guided,2,56.18,65.41,moderate,-10.41,4.59,terrain,0.7626,2,INTRA_STEM_TOO_CLOSE|TRADEMARK_HIT,SIMILARITY_MODERATE,,pyrrcaine,0.0,0.6,0.889,1.0,1.0,0.639,0.05,local anaesthetic,generic,-caine,crowded,False,,
aficaine,False,grammar+refined,2,66.88,68.12,moderate,-13.12,1.88,africana,0.8829,3,TRADEMARK_HIT,SIMILARITY_MODERATE,azicaine,azicaine -> aficaine,0.0,1.0,1.0,1.0,1.0,0.787,0.001,local anaesthetic,generic,-caine,crowded,False,,
ajicaine,False,grammar+refined,2,66.87,62.0,moderate,-7.0,8.0,anectine,0.731,3,TRADEMARK_HIT,SIMILARITY_MODERATE,azicaine,azicaine -> aficaine -> ajicaine,0.0,1.0,1.0,1.0,1.0,0.787,0.0,local anaesthetic,generic,-caine,crowded,False,,
eqacaine,False,grammar+refined,2,66.87,62.49,moderate,-7.49,7.51,bactine,0.6461,3,TRADEMARK_HIT,SIMILARITY_MODERATE,elacaine,elacaine -> eqacaine,0.0,1.0,1.0,1.0,1.0,0.787,0.0,local anaesthetic,generic,-caine,crowded,False,,
epacaine,False,grammar+refined,2,66.96,71.67,high,-16.67,-1.67,papain,0.8175,3,SIMILARITY_TOO_HIGH|TRADEMARK_HIT,,elacaine,elacaine -> eqacaine -> epacaine,0.0,1.0,1.0,1.0,1.0,0.787,0.013,local anaesthetic,generic,-caine,crowded,False,,
ikacaine,False,grammar+refined,2,66.87,63.81,moderate,-8.81,6.19,tacrine,0.6372,3,TRADEMARK_HIT,SIMILARITY_MODERATE,inacaine,inacaine -> ikacaine,0.0,1.0,1.0,1.0,1.0,0.787,0.0,local anaesthetic,generic,-caine,crowded,False,,
ixacaine,False,grammar+refined,2,66.91,69.81,moderate,-14.81,0.19,ioxapine,0.8069,3,TRADEMARK_HIT,SIMILARITY_MODERATE,inacaine,inacaine -> ikacaine -> ixacaine,0.0,1.0,1.0,1.0,1.0,0.787,0.005,local anaesthetic,generic,-caine,crowded,False,,
ivacaine,False,grammar+refined,2,66.9,74.81,high,-19.81,-4.81,vivacaine,0.8302,3,SIMILARITY_TOO_HIGH|TRADEMARK_HIT,,inacaine,inacaine -> ikacaine -> ixacaine -> ivacaine,0.0,1.0,1.0,1.0,1.0,0.787,0.003,local anaesthetic,generic,-caine,crowded,False,,
pcocaine,False,ngram_guided+refined,2,60.83,71.21,high,-16.21,-1.21,cocamine,0.6332,2,SIMILARITY_TOO_HIGH|INTRA_STEM_TOO_CLOSE|TRADEMARK_HIT,ILLEGAL_ONSET_CLUSTER,phocaine,phocaine -> pcocaine,0.0,1.0,0.725,1.0,1.0,0.568,0.0,local anaesthetic,generic,-caine,crowded,False,,
pbocaine,False,ngram_guided+refined,2,60.83,67.44,moderate,-12.44,2.56,fomocain,0.513,2,INTRA_STEM_TOO_CLOSE|TRADEMARK_HIT,SIMILARITY_MODERATE|ILLEGAL_ONSET_CLUSTER,phocaine,phocaine -> pcocaine -> pbocaine,0.0,1.0,0.725,1.0,1.0,0.568,0.0,local anaesthetic,generic,-caine,crowded,False,,
pvocaine,False,ngram_guided+refined,2,60.83,64.6,moderate,-9.6,5.4,alocane,0.5544,2,INTRA_STEM_TOO_CLOSE|TRADEMARK_HIT,SIMILARITY_MODERATE|ILLEGAL_ONSET_CLUSTER,phocaine,phocaine -> pcocaine -> pbocaine -> pvocaine,0.0,1.0,0.725,1.0,1.0,0.568,0.0,local anaesthetic,generic,-caine,crowded,False,,
anicaine,False,ngram_guided+refined,2,69.94,74.37,high,-19.37,-4.37,anectine,0.9606,3,SIMILARITY_TOO_HIGH|TRADEMARK_HIT,,aticaine,aticaine -> anicaine,0.0,1.0,1.0,1.0,1.0,0.787,0.437,local anaesthetic,generic,-caine,crowded,False,,
agicaine,False,ngram_guided+refined,2,66.87,74.81,high,-19.81,-4.81,vagicaine,0.8265,3,SIMILARITY_TOO_HIGH|TRADEMARK_HIT,,aticaine,aticaine -> anicaine -> agicaine,0.0,1.0,1.0,1.0,1.0,0.787,0.0,local anaesthetic,generic,-caine,crowded,False,,
ogicaine,False,ngram_guided+refined,2,66.87,62.15,moderate,-7.15,7.85,lumicain,0.6274,3,TRADEMARK_HIT,SIMILARITY_MODERATE,aticaine,aticaine -> anicaine -> agicaine -> ogicaine,0.0,1.0,1.0,1.0,1.0,0.787,0.0,local anaesthetic,generic,-caine,crowded,False,,
amidicaine,False,grammar+refined,2,59.3,71.36,high,-16.36,-1.36,medicone,0.9786,4,SIMILARITY_TOO_HIGH|TRADEMARK_HIT,,amimicaine,amimicaine -> amidicaine,0.0,0.45,1.0,1.0,1.0,0.998,0.188,local anaesthetic,generic,-caine,crowded,False,,
amigicaine,False,grammar+refined,2,68.99,66.88,moderate,-11.88,3.12,amichigan,0.8502,4,TRADEMARK_HIT,SIMILARITY_MODERATE,amimicaine,amimicaine -> amidicaine -> amigicaine,0.0,1.0,1.0,1.0,1.0,0.998,0.002,local anaesthetic,generic,-caine,crowded,False,,
amibicaine,False,grammar+refined,2,69.13,66.18,moderate,-11.18,3.82,aminacrine,0.8456,4,INTRA_STEM_TOO_CLOSE|TRADEMARK_HIT,SIMILARITY_MODERATE,amimicaine,amimicaine -> amidicaine -> amigicaine -> amibicaine,0.0,1.0,1.0,1.0,1.0,0.998,0.021,local anaesthetic,generic,-caine,crowded,False,,
atikicaine,False,grammar+refined,2,69.08,58.75,moderate,-3.75,11.25,citicoline,0.6302,4,TRADEMARK_HIT,SIMILARITY_MODERATE,atakicaine,atakicaine -> atikicaine,0.0,1.0,1.0,1.0,1.0,0.998,0.014,local anaesthetic,generic,-caine,crowded,False,,
atokicaine,False,grammar+refined,2,63.24,66.57,moderate,-11.57,3.43,topicaine,0.7144,4,TRADEMARK_HIT,SIMILARITY_MODERATE,atakicaine,atakicaine -> atikicaine -> atokicaine,0.0,0.68,1.0,1.0,1.0,0.998,0.094,local anaesthetic,generic,-caine,crowded,False,,
atoricaine,False,grammar+refined,2,63.61,66.07,moderate,-11.07,3.93,african,0.8668,4,INTRA_STEM_TOO_CLOSE|TRADEMARK_HIT,SIMILARITY_MODERATE,atakicaine,atakicaine -> atikicaine -> atokicaine -> atoricaine,0.0,0.45,1.0,1.0,1.0,0.998,0.804,local anaesthetic,generic,-caine,crowded,False,,
ovicaine,False,ngram_guided+refined,2,66.88,68.63,moderate,-13.63,1.37,povidine,0.8794,3,TRADEMARK_HIT,SIMILARITY_MODERATE,oxicaine,oxicaine -> ovicaine,0.0,1.0,1.0,1.0,1.0,0.787,0.001,local anaesthetic,generic,-caine,crowded,False,,
olicaine,False,ngram_guided+refined,2,70.42,75.27,high,-20.27,-5.27,foligain,0.944,3,SIMILARITY_TOO_HIGH|TRADEMARK_HIT,,oxicaine,oxicaine -> ovicaine -> olicaine,0.0,1.0,1.0,1.0,1.0,0.787,0.507,local anaesthetic,generic,-caine,crowded,False,,
olucaine,False,ngram_guided+refined,2,67.26,70.74,high,-15.74,-0.74,alocane,0.8451,3,SIMILARITY_TOO_HIGH|TRADEMARK_HIT,,oxicaine,oxicaine -> ovicaine -> olicaine -> olucaine,0.0,1.0,1.0,1.0,1.0,0.787,0.054,local anaesthetic,generic,-caine,crowded,False,,
maxostatin,False,grammar,1,67.29,64.88,moderate,-9.88,5.12,baxdrostat,0.7662,4,TRADEMARK_HIT,SIMILARITY_MODERATE,,maxostatin,0.0,1.0,0.879,1.0,1.0,0.998,0.001,HMG-CoA reductase inhibitor,generic,-statin,crowded,False,,
murofustatin,True,grammar,1,59.49,63.17,moderate,-8.17,6.83,neurostat,0.7817,5,,SIMILARITY_MODERATE,,murofustatin,0.0,0.733,0.894,1.0,1.0,0.731,0.0,HMG-CoA reductase inhibitor,generic,-statin,crowded,False,,
purzeprustatin,True,grammar,1,56.62,60.22,moderate,-5.22,9.78,verrustat,0.756,5,,SIMILARITY_MODERATE,,purzeprustatin,0.0,0.8,0.739,1.0,1.0,0.527,0.0,HMG-CoA reductase inhibitor,generic,-statin,crowded,False,,
ebostatin,False,grammar,1,67.13,67.98,moderate,-12.98,2.02,hemostat,0.7555,4,TRADEMARK_HIT,SIMILARITY_MODERATE,,ebostatin,0.0,1.0,0.879,1.0,1.0,0.983,0.0,HMG-CoA reductase inhibitor,generic,-statin,crowded,False,,
cyxonostatin,True,grammar,1,63.28,63.03,moderate,-8.03,6.97,clonostachys,0.6447,5,,SIMILARITY_MODERATE,,cyxonostatin,0.0,1.0,0.783,1.0,1.0,0.731,0.001,HMG-CoA reductase inhibitor,generic,-statin,crowded,True,,
mulostatin,False,grammar,1,59.37,66.96,moderate,-11.96,3.04,neurostat,0.8655,4,TRADEMARK_HIT,SIMILARITY_MODERATE,,mulostatin,0.0,0.6,0.879,1.0,1.0,0.998,0.013,HMG-CoA reductase inhibitor,generic,-statin,crowded,False,,
metuvostatin,True,grammar,1,59.54,61.04,moderate,-6.04,8.96,febuxostat,0.7658,5,,SIMILARITY_MODERATE,,metuvostatin,0.0,0.733,0.894,1.0,1.0,0.731,0.007,HMG-CoA reductase inhibitor,generic,-statin,crowded,False,,
larrastatin,False,grammar,1,60.11,67.25,moderate,-12.25,2.75,loratadine,0.8003,4,TRADEMARK_HIT,SIMILARITY_MODERATE,,larrastatin,0.0,0.68,0.854,1.0,1.0,0.952,0.003,HMG-CoA reductase inhibitor,generic,-statin,crowded,False,,
coneclestatin,True,grammar,1,57.36,60.04,moderate,-5.04,9.96,cicletanine,0.8286,5,,SIMILARITY_MODERATE,,coneclestatin,0.0,0.771,0.763,1.0,1.0,0.624,0.0,HMG-CoA reductase inhibitor,generic,-statin,crowded,False,,
tocestatin,False,grammar,1,63.56,67.65,moderate,-12.65,2.35,tiocystin,0.798,4,TRADEMARK_HIT,SIMILARITY_MODERATE,,tocestatin,0.0,0.6,0.879,1.0,1.0,0.998,0.611,HMG-CoA reductase inhibitor,generic,-statin,crowded,False,,
gidistatin,False,grammar,1,67.29,67.67,moderate,-12.67,2.33,adiastatic,0.7332,4,TRADEMARK_HIT,SIMILARITY_MODERATE,,gidistatin,0.0,1.0,0.879,1.0,1.0,0.998,0.0,HMG-CoA reductase inhibitor,generic,-statin,crowded,False,,
decubastatin,False,grammar,1,59.5,62.83,moderate,-7.83,7.17,dentastat,0.7944,5,TRADEMARK_HIT,SIMILARITY_MODERATE,,decubastatin,0.0,0.733,0.894,1.0,1.0,0.731,0.001,HMG-CoA reductase inhibitor,generic,-statin,crowded,False,,
intucastatin,True,grammar,1,59.57,60.13,moderate,-5.13,9.87,antihistamine,0.686,5,,SIMILARITY_MODERATE,,intucastatin,0.0,0.733,0.869,1.0,1.0,0.731,0.06,HMG-CoA reductase inhibitor,generic,-statin,crowded,False,,
nerfestatin,True,grammar,1,60.09,64.09,moderate,-9.09,5.91,terfenadine,0.7282,4,,SIMILARITY_MODERATE,,nerfestatin,0.0,0.68,0.854,1.0,1.0,0.952,0.001,HMG-CoA reductase inhibitor,generic,-statin,crowded,False,,
sirnostatin,False,grammar,1,66.48,74.24,high,-19.24,-4.24,sunstation,0.6433,4,SIMILARITY_TOO_HIGH|TRADEMARK_HIT,,,sirnostatin,0.0,1.0,0.854,1.0,1.0,0.952,0.0,HMG-CoA reductase inhibitor,generic,-statin,crowded,False,,
zitrustatin,False,grammar,1,58.39,71.89,high,-16.89,-1.89,nitrostat,0.7102,4,SIMILARITY_TOO_HIGH|TRADEMARK_HIT,,,zitrustatin,0.0,0.68,0.733,1.0,1.0,0.952,0.0,HMG-CoA reductase inhibitor,generic,-statin,crowded,False,,
norestatin,False,grammar,1,59.32,67.84,moderate,-12.84,2.16,cresatin,0.8303,4,TRADEMARK_HIT,SIMILARITY_MODERATE,,norestatin,0.0,0.6,0.879,1.0,1.0,0.998,0.004,HMG-CoA reductase inhibitor,generic,-statin,crowded,False,,
semnistatin,False,grammar,1,61.45,72.04,high,-17.04,-2.04,sunstation,0.74,4,SIMILARITY_TOO_HIGH|TRADEMARK_HIT,,,semnistatin,0.0,0.68,0.854,1.0,1.0,0.952,0.195,HMG-CoA reductase inhibitor,generic,-statin,crowded,False,,
bapiistatin,True,grammar,1,65.73,67.49,moderate,-12.49,2.51,adiastatic,0.6388,5,,SIMILARITY_MODERATE,,bapiistatin,0.0,1.0,0.894,1.0,1.0,0.821,0.0,HMG-CoA reductase inhibitor,generic,-statin,crowded,True,,
kilfistatin,False,grammar,1,60.08,60.83,moderate,-5.83,9.17,cisplatin,0.6184,4,TRADEMARK_HIT,SIMILARITY_MODERATE,,kilfistatin,0.0,0.68,0.854,1.0,1.0,0.952,0.0,HMG-CoA reductase inhibitor,generic,-statin,crowded,False,,
ixostatin,False,grammar,1,67.13,65.47,moderate,-10.47,4.53,prostatone,0.7014,4,TRADEMARK_HIT,SIMILARITY_MODERATE,,ixostatin,0.0,1.0,0.879,1.0,1.0,0.983,0.0,HMG-CoA reductase inhibitor,generic,-statin,crowded,False,,
lidadestatin,False,grammar,1,59.49,63.25,moderate,-8.25,6.75,vadadustat,0.8214,5,TRADEMARK_HIT,SIMILARITY_MODERATE,,lidadestatin,0.0,0.733,0.894,1.0,1.0,0.731,0.0,HMG-CoA reductase inhibitor,generic,-statin,crowded,False,,
pixostatin,False,grammar,1,67.29,64.66,moderate,-9.66,5.34,prostatone,0.7004,4,TRADEMARK_HIT,SIMILARITY_MODERATE,,pixostatin,0.0,1.0,0.879,1.0,1.0,0.998,0.0,HMG-CoA reductase inhibitor,generic,-statin,crowded,False,,
hecrastatin,False,grammar,1,64.79,66.06,moderate,-11.06,3.94,therastat,0.7298,4,TRADEMARK_HIT,SIMILARITY_MODERATE,,hecrastatin,0.0,1.0,0.733,1.0,1.0,0.952,0.0,HMG-CoA reductase inhibitor,generic,-statin,crowded,False,,
trastatin,False,ngram_guided,1,65.12,70.38,high,-15.38,-0.38,prostatone,0.9439,3,SIMILARITY_TOO_HIGH|INTRA_STEM_TOO_CLOSE|TRADEMARK_HIT,,,trastatin,0.0,1.0,0.683,1.0,1.0,0.858,0.283,HMG-CoA reductase inhibitor,generic,-statin,crowded,False,,
teststatin,True,ngram_guided,1,53.8,63.94,moderate,-8.94,6.06,sunstation,0.584,3,,SIMILARITY_MODERATE,,teststatin,0.0,0.6,0.574,0.45,1.0,0.873,0.711,HMG-CoA reductase inhibitor,generic,-statin,crowded,False,,
neparvostatin,False,ngram_guided,1,48.89,62.96,moderate,-7.96,7.04,neparvovec,0.7604,5,TRADEMARK_HIT,SIMILARITY_MODERATE,,neparvostatin,0.0,0.15,0.869,1.0,1.0,0.624,0.354,HMG-CoA reductase inhibitor,generic,-statin,crowded,False,,
sotstatin,False,ngram_guided,1,69.22,72.59,high,-17.59,-2.59,sunstation,0.7021,3,SIMILARITY_TOO_HIGH|TRADEMARK_HIT,,,sotstatin,0.0,1.0,0.742,1.0,1.0,0.858,0.75,HMG-CoA reductase inhibitor,generic,-statin,crowded,False,,
zuralastatin,False,ngram_guided,1,55.48,62.2,moderate,-7.2,7.8,migalastat,0.744,5,TRADEMARK_HIT,SIMILARITY_MODERATE,,zuralastatin,0.0,0.517,0.894,1.0,1.0,0.731,0.046,HMG-CoA reductase inhibitor,generic,-statin,crowded,False,,
bacastatin,False,ngram_guided,1,64.03,66.71,moderate,-11.71,3.29,anastatica,0.8691,4,TRADEMARK_HIT,SIMILARITY_MODERATE,,bacastatin,0.0,0.6,0.879,1.0,1.0,0.998,0.678,HMG-CoA reductase inhibitor,generic,-statin,crowded,False,,
ibustatin,False,ngram_guided,1,71.46,66.05,moderate,-11.05,3.95,station,0.7317,4,INTRA_STEM_TOO_CLOSE|TRADEMARK_HIT,SIMILARITY_MODERATE,,ibustatin,0.0,1.0,0.879,1.0,1.0,0.983,0.618,HMG-CoA reductase inhibitor,generic,-statin,crowded,False,,
ensaribostatin,True,ngram_guided,1,57.55,59.3,moderate,-4.3,10.7,bacteriostatic,0.7523,6,,SIMILARITY_MODERATE,,ensaribostatin,0.0,0.6,0.879,1.0,1.0,0.309,0.736,HMG-CoA reductase inhibitor,generic,-statin,crowded,False,,
imexstatin,False,ngram_guided,1,55.9,64.82,moderate,-9.82,5.18,imetelstat,0.5412,4,TRADEMARK_HIT,SIMILARITY_MODERATE,,imexstatin,0.0,0.6,0.625,1.0,1.0,0.998,0.026,HMG-CoA reductase inhibitor,generic,-statin,crowded,False,,
ramilostatin,False,ngram_guided,1,52.78,65.97,moderate,-10.97,4.03,romiplostim,0.8642,5,TRADEMARK_HIT,SIMILARITY_MODERATE,,ramilostatin,0.0,0.517,0.894,1.0,0.53,0.731,0.735,HMG-CoA reductase inhibitor,generic,-statin,crowded,False,,
odrostatin,False,ngram_guided,1,58.4,74.34,high,-19.34,-4.34,prostatone,0.8099,4,SIMILARITY_TOO_HIGH|TRADEMARK_HIT,,,odrostatin,0.0,0.6,0.733,1.0,1.0,0.998,0.165,HMG-CoA reductase inhibitor,generic,-statin,crowded,False,,
gefibrikstatin,True,ngram_guided,1,52.07,56.6,moderate,-1.6,13.4,defibrotide,0.6351,5,,SIMILARITY_MODERATE,,gefibrikstatin,0.0,0.6,0.677,1.0,1.0,0.527,0.046,HMG-CoA reductase inhibitor,generic,-statin,crowded,False,,
degastatin,False,ngram_guided,1,62.31,69.07,moderate,-14.07,0.93,pegaptanib,0.8276,4,TRADEMARK_HIT,SIMILARITY_MODERATE,,degastatin,0.0,0.6,0.879,1.0,1.0,0.998,0.432,HMG-CoA reductase inhibitor,generic,-statin,crowded,False,,
nilvastatin,False,ngram_guided,1,58.85,66.77,moderate,-11.77,3.23,nilvadipine,0.7669,4,INTRA_STEM_TOO_CLOSE|TRADEMARK_HIT,SIMILARITY_MODERATE,,nilvastatin,0.0,0.45,0.854,1.0,1.0,0.952,0.48,HMG-CoA reductase inhibitor,generic,-statin,crowded,False,,
lidotstatin,False,ngram_guided,1,54.99,73.0,high,-18.0,-3.0,lidostat,0.6996,4,SIMILARITY_TOO_HIGH|TRADEMARK_HIT,,,lidotstatin,0.0,0.45,0.768,1.0,1.0,0.952,0.103,HMG-CoA reductase inhibitor,generic,-statin,crowded,False,,
prostatin,False,ngram_guided,1,64.49,85.08,high,-30.08,-15.08,prostatone,0.956,3,SIMILARITY_TOO_HIGH|TRADEMARK_HIT,,,prostatin,0.0,1.0,0.683,1.0,1.0,0.858,0.194,HMG-CoA reductase inhibitor,generic,-statin,crowded,False,,
panilostatin,False,ngram_guided,1,66.48,64.44,moderate,-9.44,5.56,panobinostat,0.8658,5,TRADEMARK_HIT,SIMILARITY_MODERATE,,panilostatin,0.0,0.733,0.894,1.0,1.0,0.731,0.999,HMG-CoA reductase inhibitor,generic,-statin,crowded,False,,
josampistatin,True,ngram_guided,1,55.5,57.56,moderate,-2.56,12.44,cosmestat,0.7142,5,,SIMILARITY_MODERATE,,josampistatin,0.0,0.564,0.869,1.0,1.0,0.624,0.114,HMG-CoA reductase inhibitor,generic,-statin,crowded,False,,
temastatin,False,ngram_guided,1,63.09,69.05,moderate,-14.05,0.95,cepastat,0.8276,4,TRADEMARK_HIT,SIMILARITY_MODERATE,,temastatin,0.0,0.6,0.879,1.0,1.0,0.998,0.543,HMG-CoA reductase inhibitor,generic,-statin,crowded,False,,
pralmestatin,False,ngram_guided,1,57.42,66.33,moderate,-11.33,3.67,proglumetacin,0.8533,4,TRADEMARK_HIT,SIMILARITY_MODERATE,,pralmestatin,0.0,0.517,0.709,1.0,1.0,0.862,0.506,HMG-CoA reductase inhibitor,generic,-statin,crowded,False,,
tovobinestatin,True,ngram_guided,1,57.02,65.92,moderate,-10.92,4.08,panobinostat,0.7596,6,,SIMILARITY_MODERATE,,tovobinestatin,0.0,0.6,0.904,1.0,1.0,0.309,0.611,HMG-CoA reductase inhibitor,generic,-statin,crowded,False,,
palomiplstatin,True,ngram_guided,1,50.68,61.74,moderate,-6.74,8.26,romiplostim,0.5617,5,,SIMILARITY_MODERATE,,palomiplstatin,0.0,0.6,0.655,0.65,1.0,0.527,0.341,HMG-CoA reductase inhibitor,generic,-statin,crowded,False,,
ozanitastatin,False,ngram_guided,1,55.14,64.16,moderate,-9.16,5.84,adiastatic,0.8053,6,TRADEMARK_HIT,SIMILARITY_MODERATE,,ozanitastatin,0.0,0.564,0.904,1.0,1.0,0.406,0.305,HMG-CoA reductase inhibitor,generic,-statin,crowded,False,,
androxystatin,True,ngram_guided,1,42.5,63.6,moderate,-8.6,6.4,hydroxystearic,0.9536,5,,SIMILARITY_MODERATE,,androxystatin,0.0,0.564,0.566,1.0,0.18,0.624,0.739,HMG-CoA reductase inhibitor,generic,-statin,crowded,False,,
itustatin,False,ngram_guided+refined,1,67.13,66.37,moderate,-11.37,3.63,sustain,0.7254,4,INTRA_STEM_TOO_CLOSE|TRADEMARK_HIT,SIMILARITY_MODERATE,ibustatin,ibustatin -> itustatin,0.0,1.0,0.879,1.0,1.0,0.983,0.0,HMG-CoA reductase inhibitor,generic,-statin,crowded,False,,
ifustatin,False,ngram_guided+refined,1,67.13,67.85,moderate,-12.85,2.15,sustain,0.6708,4,TRADEMARK_HIT,SIMILARITY_MODERATE,ibustatin,ibustatin -> itustatin -> ifustatin,0.0,1.0,0.879,1.0,1.0,0.983,0.0,HMG-CoA reductase inhibitor,generic,-statin,crowded,False,,
inustatin,False,ngram_guided+refined,1,67.13,67.16,moderate,-12.16,2.84,sunstation,0.8358,4,INTRA_STEM_TOO_CLOSE|TRADEMARK_HIT,SIMILARITY_MODERATE,ibustatin,ibustatin -> itustatin -> ifustatin -> inustatin,0.0,1.0,0.879,1.0,1.0,0.983,0.0,HMG-CoA reductase inhibitor,generic,-statin,crowded,False,,
somstatin,False,ngram_guided+refined,1,64.06,75.25,high,-20.25,-5.25,sunstation,0.7119,3,SIMILARITY_TOO_HIGH|TRADEMARK_HIT,,sotstatin,sotstatin -> somstatin,0.0,1.0,0.742,1.0,1.0,0.858,0.012,HMG-CoA reductase inhibitor,generic,-statin,crowded,False,,
sorstatin,False,ngram_guided+refined,1,65.28,67.68,moderate,-12.68,2.32,sunstation,0.7119,3,TRADEMARK_HIT,SIMILARITY_MODERATE,sotstatin,sotstatin -> somstatin -> sorstatin,0.0,1.0,0.742,1.0,1.0,0.858,0.186,HMG-CoA reductase inhibitor,generic,-statin,crowded,False,,
surstatin,False,ngram_guided+refined,1,63.97,78.67,high,-23.67,-8.67,sunstation,0.74,3,SIMILARITY_TOO_HIGH|TRADEMARK_HIT,,sotstatin,sotstatin -> somstatin -> sorstatin -> surstatin,0.0,1.0,0.742,1.0,1.0,0.858,0.0,HMG-CoA reductase inhibitor,generic,-statin,crowded,False,,
muxostatin,False,grammar+refined,1,67.29,70.72,high,-15.72,-0.72,febuxostat,0.6737,4,SIMILARITY_TOO_HIGH|TRADEMARK_HIT,,maxostatin,maxostatin -> muxostatin,0.0,1.0,0.879,1.0,1.0,0.998,0.0,HMG-CoA reductase inhibitor,generic,-statin,crowded,False,,
juxostatin,True,grammar+refined,1,67.29,69.9,moderate,-14.9,0.1,febuxostat,0.6771,4,,SIMILARITY_MODERATE,maxostatin,maxostatin -> muxostatin -> juxostatin,0.0,1.0,0.879,1.0,1.0,0.998,0.0,HMG-CoA reductase inhibitor,generic,-statin,crowded,True,,
gadistatin,False,grammar+refined,1,67.29,74.44,high,-19.44,-4.44,adiastatic,0.8624,4,SIMILARITY_TOO_HIGH|TRADEMARK_HIT,,gidistatin,gidistatin -> gadistatin,0.0,1.0,0.879,1.0,1.0,0.998,0.001,HMG-CoA reductase inhibitor,generic,-statin,crowded,False,,
gedistatin,False,grammar+refined,1,59.29,72.53,high,-17.53,-2.53,genistein,0.7715,4,SIMILARITY_TOO_HIGH|TRADEMARK_HIT,,gidistatin,gidistatin -> gadistatin -> gedistatin,0.0,0.6,0.879,1.0,1.0,0.998,0.0,HMG-CoA reductase inhibitor,generic,-statin,crowded,False,,
pivostatin,False,grammar+refined,1,62.27,69.14,moderate,-14.14,0.86,prostatone,0.8181,4,TRADEMARK_HIT,SIMILARITY_MODERATE,pixostatin,pixostatin -> pivostatin,0.0,0.6,0.879,1.0,1.0,0.998,0.427,HMG-CoA reductase inhibitor,generic,-statin,crowded,False,,
pavostatin,False,grammar+refined,1,59.31,69.14,moderate,-14.14,0.86,prostatone,0.8226,4,TRADEMARK_HIT,SIMILARITY_MODERATE,pixostatin,pixostatin -> pivostatin -> pavostatin,0.0,0.6,0.879,1.0,1.0,0.998,0.003,HMG-CoA reductase inhibitor,generic,-statin,crowded,False,,
pamostatin,False,grammar+refined,1,63.78,65.74,moderate,-10.74,4.26,hemostat,0.8668,4,TRADEMARK_HIT,SIMILARITY_MODERATE,pixostatin,pixostatin -> pivostatin -> pavostatin -> pamostatin,0.0,0.6,0.879,1.0,1.0,0.998,0.642,HMG-CoA reductase inhibitor,generic,-statin,crowded,False,,
ejostatin,False,grammar+refined,1,67.13,66.05,moderate,-11.05,3.95,station,0.6468,4,TRADEMARK_HIT,SIMILARITY_MODERATE,ebostatin,ebostatin -> ejostatin,0.0,1.0,0.879,1.0,1.0,0.983,0.0,HMG-CoA reductase inhibitor,generic,-statin,crowded,False,,
epostatin,False,grammar+refined,1,67.37,70.07,high,-15.07,-0.07,bepotastine,0.7991,4,SIMILARITY_TOO_HIGH|TRADEMARK_HIT,,ebostatin,ebostatin -> ejostatin -> epostatin,0.0,1.0,0.879,1.0,1.0,0.983,0.033,HMG-CoA reductase inhibitor,generic,-statin,crowded,False,,
ivostatin,False,grammar+refined,1,67.22,67.1,moderate,-12.1,2.9,lidostat,0.7296,4,TRADEMARK_HIT,SIMILARITY_MODERATE,ixostatin,ixostatin -> ivostatin,0.0,1.0,0.879,1.0,1.0,0.983,0.013,HMG-CoA reductase inhibitor,generic,-statin,crowded,False,,
ipostatin,False,grammar+refined,1,67.13,68.59,moderate,-13.59,1.41,prostatone,0.7491,4,TRADEMARK_HIT,SIMILARITY_MODERATE,ixostatin,ixostatin -> ivostatin -> ipostatin,0.0,1.0,0.879,1.0,1.0,0.983,0.0,HMG-CoA reductase inhibitor,generic,-statin,crowded,False,,
iwostatin,False,grammar+refined,1,67.13,66.96,moderate,-11.96,3.04,prostatone,0.6055,4,TRADEMARK_HIT,SIMILARITY_MODERATE,ixostatin,ixostatin -> ivostatin -> ipostatin -> iwostatin,0.0,1.0,0.879,1.0,1.0,0.983,0.0,HMG-CoA reductase inhibitor,generic,-statin,crowded,False,,
sicnostatin,False,grammar+refined,1,66.48,67.65,moderate,-12.65,2.35,sunstation,0.6195,4,TRADEMARK_HIT,SIMILARITY_MODERATE,sirnostatin,sirnostatin -> sicnostatin,0.0,1.0,0.854,1.0,1.0,0.952,0.0,HMG-CoA reductase inhibitor,generic,-statin,crowded,False,,
sivnostatin,False,grammar+refined,1,66.48,72.71,high,-17.71,-2.71,givinostat,0.6261,4,SIMILARITY_TOO_HIGH|TRADEMARK_HIT,,sirnostatin,sirnostatin -> sicnostatin -> sivnostatin,0.0,1.0,0.854,1.0,1.0,0.952,0.0,HMG-CoA reductase inhibitor,generic,-statin,crowded,False,,
sovnostatin,False,grammar+refined,1,66.48,67.26,moderate,-12.26,2.74,sunstation,0.6217,4,TRADEMARK_HIT,SIMILARITY_MODERATE,sirnostatin,sirnostatin -> sicnostatin -> sivnostatin -> sovnostatin,0.0,1.0,0.854,1.0,1.0,0.952,0.0,HMG-CoA reductase inhibitor,generic,-statin,crowded,False,,
tizastatin,False,grammar,2,59.34,68.63,moderate,-13.63,1.37,adiastatic,0.708,4,INTRA_STEM_TOO_CLOSE|TRADEMARK_HIT,SIMILARITY_MODERATE,,tizastatin,0.0,0.6,0.879,1.0,1.0,0.998,0.007,HMG-CoA reductase inhibitor,generic,-statin,crowded,False,,
futostatin,False,grammar,2,67.4,66.85,moderate,-11.85,3.15,sunstation,0.7456,4,TRADEMARK_HIT,SIMILARITY_MODERATE,,futostatin,0.0,1.0,0.879,1.0,1.0,0.998,0.017,HMG-CoA reductase inhibitor,generic,-statin,crowded,False,,
azistatin,False,grammar,2,73.62,72.31,high,-17.31,-2.31,adiastatic,0.738,4,SIMILARITY_TOO_HIGH|INTRA_STEM_TOO_CLOSE|TRADEMARK_HIT,,,azistatin,0.0,1.0,0.879,1.0,1.0,0.983,0.926,HMG-CoA reductase inhibitor,generic,-statin,crowded,False,,
felmostatin,False,grammar,2,60.26,68.19,moderate,-13.19,1.81,telmesteine,0.7512,4,TRADEMARK_HIT,SIMILARITY_MODERATE,,felmostatin,0.0,0.68,0.854,1.0,1.0,0.952,0.026,HMG-CoA reductase inhibitor,generic,-statin,crowded,False,,
arvestatin,False,grammar,2,58.96,67.45,moderate,-12.45,2.55,arestin,0.8491,4,TRADEMARK_HIT,SIMILARITY_MODERATE,,arvestatin,0.0,0.6,0.854,1.0,1.0,0.998,0.003,HMG-CoA reductase inhibitor,generic,-statin,crowded,False,,
sucostatin,False,grammar,2,67.29,69.63,moderate,-14.63,0.37,sunstation,0.9322,4,TRADEMARK_HIT,SIMILARITY_MODERATE,,sucostatin,0.0,1.0,0.879,1.0,1.0,0.998,0.001,HMG-CoA reductase inhibitor,generic,-statin,crowded,False,,
cegistatin,False,grammar,2,67.29,70.02,high,-15.02,-0.02,vagistat,0.6557,4,SIMILARITY_TOO_HIGH|TRADEMARK_HIT,,,cegistatin,0.0,1.0,0.879,1.0,1.0,0.998,0.0,HMG-CoA reductase inhibitor,generic,-statin,crowded,False,,
phopastatin,False,grammar,2,60.16,69.22,moderate,-14.22,0.78,cepastat,0.8691,4,TRADEMARK_HIT,SIMILARITY_MODERATE,,phopastatin,0.0,0.68,0.854,1.0,1.0,0.952,0.011,HMG-CoA reductase inhibitor,generic,-statin,crowded,False,,
inastatin,False,grammar,2,71.75,76.12,high,-21.12,-6.12,anastatica,0.8548,4,SIMILARITY_TOO_HIGH|INTRA_STEM_TOO_CLOSE|TRADEMARK_HIT,,,inastatin,0.0,1.0,0.879,1.0,1.0,0.983,0.66,HMG-CoA reductase inhibitor,generic,-statin,crowded,False,,
elastatin,False,grammar,2,73.44,79.86,high,-24.86,-9.86,elastin,0.853,4,SIMILARITY_TOO_HIGH|INTRA_STEM_TOO_CLOSE|TRADEMARK_HIT,,,elastatin,0.0,1.0,0.879,1.0,1.0,0.983,0.902,HMG-CoA reductase inhibitor,generic,-statin,crowded,False,,
asveostatin,False,grammar,2,65.38,62.52,moderate,-7.52,7.48,sunstation,0.7463,5,TRADEMARK_HIT,SIMILARITY_MODERATE,,asveostatin,0.0,1.0,0.869,1.0,1.0,0.821,0.0,HMG-CoA reductase inhibitor,generic,-statin,crowded,False,,
basomustatin,True,grammar,2,59.49,62.04,moderate,-7.04,7.96,lomustine,0.7532,5,,SIMILARITY_MODERATE,,basomustatin,0.0,0.733,0.894,1.0,1.0,0.731,0.0,HMG-CoA reductase inhibitor,generic,-statin,crowded,False,,
edistatin,False,grammar,2,67.13,73.44,high,-18.44,-3.44,adiastatic,0.8164,4,SIMILARITY_TOO_HIGH|INTRA_STEM_TOO_CLOSE|TRADEMARK_HIT,,,edistatin,0.0,1.0,0.879,1.0,1.0,0.983,0.0,HMG-CoA reductase inhibitor,generic,-statin,crowded,False,,
elamastatin,False,grammar,2,59.65,70.91,high,-15.91,-0.91,ilomastat,0.819,5,SIMILARITY_TOO_HIGH|TRADEMARK_HIT,,,elamastatin,0.0,0.68,0.894,1.0,1.0,0.821,0.046,HMG-CoA reductase inhibitor,generic,-statin,crowded,False,,
atakistatin,True,grammar,2,65.81,62.04,moderate,-7.04,7.96,vagistat,0.7103,5,,SIMILARITY_MODERATE,,atakistatin,0.0,1.0,0.894,1.0,1.0,0.821,0.012,HMG-CoA reductase inhibitor,generic,-statin,crowded,True,,
sufoxostatin,True,grammar,2,59.5,62.95,moderate,-7.95,7.05,febuxostat,0.7381,5,,SIMILARITY_MODERATE,,sufoxostatin,0.0,0.733,0.894,1.0,1.0,0.731,0.001,HMG-CoA reductase inhibitor,generic,-statin,crowded,False,,
agostatin,False,grammar,2,67.13,67.61,moderate,-12.61,2.39,costata,0.8623,4,TRADEMARK_HIT,SIMILARITY_MODERATE,,agostatin,0.0,1.0,0.879,1.0,1.0,0.983,0.0,HMG-CoA reductase inhibitor,generic,-statin,crowded,False,,
cotestatin,False,grammar,2,59.29,69.76,moderate,-14.76,0.24,cosmestat,0.8651,4,TRADEMARK_HIT,SIMILARITY_MODERATE,,cotestatin,0.0,0.6,0.879,1.0,1.0,0.998,0.001,HMG-CoA reductase inhibitor,generic,-statin,crowded,False,,
pilastatin,False,grammar,2,67.35,81.58,high,-26.58,-11.58,cilastatin,0.8529,4,SIMILARITY_TOO_HIGH|INTRA_STEM_TOO_CLOSE|TRADEMARK_HIT,,,pilastatin,0.0,1.0,0.879,1.0,1.0,0.998,0.01,HMG-CoA reductase inhibitor,generic,-statin,crowded,False,,
octfutostatin,True,grammar,2,61.42,59.26,moderate,-4.26,10.74,bacteriostatic,0.6281,5,,SIMILARITY_MODERATE,,octfutostatin,0.0,1.0,0.722,1.0,1.0,0.624,0.01,HMG-CoA reductase inhibitor,generic,-statin,crowded,False,,
covastatin,False,grammar,2,59.33,72.08,high,-17.08,-2.08,lovastatin,0.8323,4,SIMILARITY_TOO_HIGH|INTRA_STEM_TOO_CLOSE|TRADEMARK_HIT,,,covastatin,0.0,0.6,0.879,1.0,1.0,0.998,0.006,HMG-CoA reductase inhibitor,generic,-statin,crowded,False,,
papabistatin,False,grammar,2,59.49,63.92,moderate,-8.92,6.08,sapanisertib,0.7449,5,TRADEMARK_HIT,SIMILARITY_MODERATE,,papabistatin,0.0,0.733,0.894,1.0,1.0,0.731,0.0,HMG-CoA reductase inhibitor,generic,-statin,crowded,False,,
boctistatin,True,grammar,2,60.08,65.77,moderate,-10.77,4.23,activating,0.8249,4,,SIMILARITY_MODERATE,,boctistatin,0.0,0.68,0.854,1.0,1.0,0.952,0.0,HMG-CoA reductase inhibitor,generic,-statin,crowded,False,,
oqestatin,False,grammar,2,67.13,69.51,moderate,-14.51,0.49,station,0.6074,4,INTRA_STEM_TOO_CLOSE|TRADEMARK_HIT,SIMILARITY_MODERATE,,oqestatin,0.0,1.0,0.879,1.0,1.0,0.983,0.0,HMG-CoA reductase inhibitor,generic,-statin,crowded,False,,
olfstatin,False,ngram_guided,2,59.14,71.34,high,-16.34,-1.34,olfoxacin,0.5175,3,SIMILARITY_TOO_HIGH|TRADEMARK_HIT,,,olfstatin,0.0,1.0,0.574,0.65,1.0,0.858,0.096,HMG-CoA reductase inhibitor,generic,-statin,crowded,False,,
caristatin,False,ngram_guided,2,62.47,74.92,high,-19.92,-4.92,aristata,0.9477,4,SIMILARITY_TOO_HIGH,,,caristatin,0.0,0.6,0.879,1.0,1.0,0.998,0.455,HMG-CoA reductase inhibitor,generic,-statin,crowded,False,,
daltrenstatin,True,ngram_guided,2,53.81,66.94,moderate,-11.94,3.06,altretamine,0.7847,4,,SIMILARITY_MODERATE,,daltrenstatin,0.0,0.357,0.535,1.0,1.0,0.755,0.946,HMG-CoA reductase inhibitor,generic,-statin,crowded,False,,
bacstatin,False,ngram_guided,2,65.01,67.06,moderate,-12.06,2.94,bacitracin,0.621,3,TRADEMARK_HIT,SIMILARITY_MODERATE,,bacstatin,0.0,1.0,0.742,1.0,1.0,0.858,0.148,HMG-CoA reductase inhibitor,generic,-statin,crowded,False,,
phytstatin,False,ngram_guided,2,62.35,65.92,moderate,-10.92,4.08,cystamine,0.6497,3,TRADEMARK_HIT,SIMILARITY_MODERATE,,phytstatin,0.0,0.6,0.742,1.0,1.0,0.873,0.889,HMG-CoA reductase inhibitor,generic,-statin,crowded,False,,
agalsestatin,True,ngram_guided,2,56.27,63.0,moderate,-8.0,7.0,analgestic,0.7964,5,,SIMILARITY_MODERATE,,agalsestatin,0.0,0.517,0.869,1.0,1.0,0.731,0.209,HMG-CoA reductase inhibitor,generic,-statin,crowded,False,,
brexstatin,True,ngram_guided,2,58.52,69.3,moderate,-14.3,0.7,brensocatib,0.5686,3,,SIMILARITY_MODERATE,,brexstatin,0.0,0.6,0.529,1.0,1.0,0.873,0.769,HMG-CoA reductase inhibitor,generic,-statin,crowded,False,,
phostatin,False,ngram_guided,2,70.22,71.17,high,-16.17,-1.17,prostatone,0.9507,3,SIMILARITY_TOO_HIGH|TRADEMARK_HIT,,,phostatin,0.0,1.0,0.829,1.0,1.0,0.858,0.719,HMG-CoA reductase inhibitor,generic,-statin,crowded,False,,
elistatin,False,ngram_guided,2,73.96,68.6,moderate,-13.6,1.4,elastin,0.8629,4,INTRA_STEM_TOO_CLOSE|TRADEMARK_HIT,SIMILARITY_MODERATE,,elistatin,0.0,1.0,0.879,1.0,1.0,0.983,0.975,HMG-CoA reductase inhibitor,generic,-statin,crowded,False,,
velstatin,False,ngram_guided,2,66.12,66.84,moderate,-11.84,3.16,gelatin,0.7741,3,INTRA_STEM_TOO_CLOSE|TRADEMARK_HIT,SIMILARITY_MODERATE,,velstatin,0.0,1.0,0.742,1.0,1.0,0.858,0.307,HMG-CoA reductase inhibitor,generic,-statin,crowded,False,,
abalistatin,True,ngram_guided,2,60.25,63.23,moderate,-8.23,6.77,oxaliplatin,0.8268,5,,SIMILARITY_MODERATE,,abalistatin,0.0,0.45,0.894,1.0,1.0,0.821,0.789,HMG-CoA reductase inhibitor,generic,-statin,crowded,False,,
zircstatin,True,ngram_guided,2,53.37,65.25,moderate,-10.25,4.75,sunstation,0.6036,3,,SIMILARITY_MODERATE,,zircstatin,0.0,0.6,0.742,0.65,1.0,0.873,0.057,HMG-CoA reductase inhibitor,generic,-statin,crowded,False,,
edrystatin,False,ngram_guided,2,56.56,66.6,moderate,-11.6,3.4,crystalline,0.7611,4,INTRA_STEM_TOO_CLOSE|TRADEMARK_HIT,SIMILARITY_MODERATE,,edrystatin,0.0,0.6,0.647,1.0,1.0,0.998,0.076,HMG-CoA reductase inhibitor,generic,-statin,crowded,False,,
tenstatin,False,ngram_guided,2,69.43,78.45,high,-23.45,-8.45,sunstation,0.8265,3,SIMILARITY_TOO_HIGH|TRADEMARK_HIT,,,tenstatin,0.0,1.0,0.742,1.0,1.0,0.858,0.78,HMG-CoA reductase inhibitor,generic,-statin,crowded,False,,
abemastatin,False,ngram_guided,2,61.13,68.81,moderate,-13.81,1.19,acemetacin,0.7494,5,TRADEMARK_HIT,SIMILARITY_MODERATE,,abemastatin,0.0,0.45,0.894,1.0,1.0,0.821,0.914,HMG-CoA reductase inhibitor,generic,-statin,crowded,False,,
amistatin,False,ngram_guided,2,69.57,71.58,high,-16.58,-1.58,micatin,0.9087,4,SIMILARITY_TOO_HIGH|INTRA_STEM_TOO_CLOSE|TRADEMARK_HIT,,,amistatin,0.0,1.0,0.879,1.0,1.0,0.983,0.349,HMG-CoA reductase inhibitor,generic,-statin,crowded,False,,
rifstatin,False,ngram_guided,2,65.28,69.59,moderate,-14.59,0.41,rifadin,0.6147,3,TRADEMARK_HIT,SIMILARITY_MODERATE,,rifstatin,0.0,1.0,0.742,1.0,1.0,0.858,0.187,HMG-CoA reductase inhibitor,generic,-statin,crowded,False,,
veststatin,True,ngram_guided,2,49.16,63.49,moderate,-8.49,6.51,sunstation,0.5869,3,,SIMILARITY_MODERATE,,veststatin,0.0,0.6,0.574,0.45,1.0,0.873,0.049,HMG-CoA reductase inhibitor,generic,-statin,crowded,False,,
formostatin,False,ngram_guided,2,60.64,71.8,high,-16.8,-1.8,formestane,0.8602,4,SIMILARITY_TOO_HIGH|TRADEMARK_HIT,,,formostatin,0.0,0.45,0.854,1.0,1.0,0.952,0.737,HMG-CoA reductase inhibitor,generic,-statin,crowded,False,,
lymestatin,False,ngram_guided,2,57.79,67.02,moderate,-12.02,2.98,lymphastat,0.8462,4,INTRA_STEM_TOO_CLOSE|TRADEMARK_HIT,SIMILARITY_MODERATE,,lymestatin,0.0,0.6,0.768,1.0,1.0,0.998,0.01,HMG-CoA reductase inhibitor,generic,-statin,crowded,False,,
hyoscstatin,True,ngram_guided,2,49.92,67.06,moderate,-12.06,2.94,hyoscyamine,0.5395,4,,SIMILARITY_MODERATE,,hyoscstatin,0.0,0.45,0.625,0.65,1.0,0.952,0.114,HMG-CoA reductase inhibitor,generic,-statin,crowded,False,,
enoxastatin,False,ngram_guided,2,57.91,71.59,high,-16.59,-1.59,enoxaparin,0.7755,5,SIMILARITY_TOO_HIGH|TRADEMARK_HIT,,,enoxastatin,0.0,0.45,0.894,1.0,1.0,0.821,0.455,HMG-CoA reductase inhibitor,generic,-statin,crowded,False,,
oxymestatin,True,ngram_guided,2,51.0,68.07,moderate,-13.07,1.93,oxymetazoline,0.9185,5,,SIMILARITY_MODERATE,,oxymestatin,0.0,0.45,0.783,1.0,0.53,0.821,0.764,HMG-CoA reductase inhibitor,generic,-statin,crowded,False,,
ozastatin,False,ngram_guided,2,67.31,69.23,moderate,-14.23,0.77,azatadine,0.7175,4,INTRA_STEM_TOO_CLOSE|TRADEMARK_HIT,SIMILARITY_MODERATE,,ozastatin,0.0,1.0,0.879,1.0,1.0,0.983,0.026,HMG-CoA reductase inhibitor,generic,-statin,crowded,False,,
eqistatin,False,ngram_guided+refined,2,67.13,69.51,moderate,-14.51,0.49,station,0.6423,4,INTRA_STEM_TOO_CLOSE|TRADEMARK_HIT,SIMILARITY_MODERATE,elistatin,elistatin -> eqistatin,0.0,1.0,0.879,1.0,1.0,0.983,0.0,HMG-CoA reductase inhibitor,generic,-statin,crowded,False,,
epistatin,False,ngram_guided+refined,2,68.09,74.08,high,-19.08,-4.08,pistacia,0.8057,4,SIMILARITY_TOO_HIGH|INTRA_STEM_TOO_CLOSE|TRADEMARK_HIT,,elistatin,elistatin -> eqistatin -> epistatin,0.0,1.0,0.879,1.0,1.0,0.983,0.137,HMG-CoA reductase inhibitor,generic,-statin,crowded,False,,
epustatin,False,ngram_guided+refined,2,67.13,66.05,moderate,-11.05,3.95,station,0.6423,4,TRADEMARK_HIT,SIMILARITY_MODERATE,elistatin,elistatin -> eqistatin -> epistatin -> epustatin,0.0,1.0,0.879,1.0,1.0,0.983,0.0,HMG-CoA reductase inhibitor,generic,-statin,crowded,False,,
azostatin,False,grammar+refined,2,71.62,67.56,moderate,-12.56,2.44,azatadine,0.8592,4,TRADEMARK_HIT,SIMILARITY_MODERATE,azistatin,azistatin -> azostatin,0.0,1.0,0.879,1.0,1.0,0.983,0.641,HMG-CoA reductase inhibitor,generic,-statin,crowded,False,,
axostatin,False,grammar+refined,2,67.13,65.47,moderate,-10.47,4.53,prostatone,0.7443,4,TRADEMARK_HIT,SIMILARITY_MODERATE,azistatin,azistatin -> azostatin -> axostatin,0.0,1.0,0.879,1.0,1.0,0.983,0.0,HMG-CoA reductase inhibitor,generic,-statin,crowded,False,,
ayostatin,False,grammar+refined,2,67.13,69.51,moderate,-14.51,0.49,station,0.6137,4,INTRA_STEM_TOO_CLOSE|TRADEMARK_HIT,SIMILARITY_MODERATE,azistatin,azistatin -> azostatin -> axostatin -> ayostatin,0.0,1.0,0.879,1.0,1.0,0.983,0.0,HMG-CoA reductase inhibitor,generic,-statin,crowded,False,,
ihastatin,False,grammar+refined,2,67.13,74.33,high,-19.33,-4.33,hastata,0.6053,4,SIMILARITY_TOO_HIGH|INTRA_STEM_TOO_CLOSE|TRADEMARK_HIT,,inastatin,inastatin -> ihastatin,0.0,1.0,0.879,1.0,1.0,0.983,0.0,HMG-CoA reductase inhibitor,generic,-statin,crowded,False,,
ibastatin,False,grammar+refined,2,69.72,69.53,moderate,-14.53,0.47,ebastine,0.7969,4,INTRA_STEM_TOO_CLOSE|TRADEMARK_HIT,SIMILARITY_MODERATE,inastatin,inastatin -> ihastatin -> ibastatin,0.0,1.0,0.879,1.0,1.0,0.983,0.37,HMG-CoA reductase inhibitor,generic,-statin,crowded,False,,
ivastatin,False,grammar+refined,2,67.16,71.95,high,-16.95,-1.95,avastin,0.8208,4,SIMILARITY_TOO_HIGH|INTRA_STEM_TOO_CLOSE|TRADEMARK_HIT,,inastatin,inastatin -> ihastatin -> ibastatin -> ivastatin,0.0,1.0,0.879,1.0,1.0,0.983,0.003,HMG-CoA reductase inhibitor,generic,-statin,crowded,False,,
pnostatin,False,ngram_guided+refined,2,65.19,71.39,high,-16.39,-1.39,noscapine,0.7885,3,SIMILARITY_TOO_HIGH|INTRA_STEM_TOO_CLOSE|TRADEMARK_HIT,,phostatin,phostatin -> pnostatin,0.0,1.0,0.829,1.0,1.0,0.858,0.0,HMG-CoA reductase inhibitor,generic,-statin,crowded,False,,
qnostatin,False,ngram_guided+refined,2,65.19,71.39,high,-16.39,-1.39,noscapine,0.6297,3,SIMILARITY_TOO_HIGH|INTRA_STEM_TOO_CLOSE|TRADEMARK_HIT,,phostatin,phostatin -> pnostatin -> qnostatin,0.0,1.0,0.829,1.0,1.0,0.858,0.0,HMG-CoA reductase inhibitor,generic,-statin,crowded,False,,
fnostatin,False,ngram_guided+refined,2,62.4,69.52,moderate,-14.52,0.48,sunstation,0.5569,3,INTRA_STEM_TOO_CLOSE|TRADEMARK_HIT,SIMILARITY_MODERATE|ILLEGAL_ONSET_CLUSTER,phostatin,phostatin -> pnostatin -> qnostatin -> fnostatin,0.0,1.0,0.63,1.0,1.0,0.858,0.0,HMG-CoA reductase inhibitor,generic,-statin,crowded,False,,
amastatin,False,ngram_guided+refined,2,67.28,76.59,high,-21.59,-6.59,anastatica,0.8573,4,SIMILARITY_TOO_HIGH|INTRA_STEM_TOO_CLOSE|TRADEMARK_HIT,,amistatin,amistatin -> amastatin,0.0,1.0,0.879,1.0,1.0,0.983,0.02,HMG-CoA reductase inhibitor,generic,-statin,crowded,False,,
tepstatin,False,ngram_guided+refined,2,64.23,68.46,moderate,-13.46,1.54,cepastat,0.6947,3,TRADEMARK_HIT,SIMILARITY_MODERATE,tenstatin,tenstatin -> tepstatin,0.0,1.0,0.742,1.0,1.0,0.858,0.036,HMG-CoA reductase inhibitor,generic,-statin,crowded,False,,
topstatin,False,ngram_guided+refined,2,64.0,65.65,moderate,-10.65,4.35,sunstation,0.7116,3,TRADEMARK_HIT,SIMILARITY_MODERATE,tenstatin,tenstatin -> tepstatin -> topstatin,0.0,1.0,0.742,1.0,1.0,0.858,0.003,HMG-CoA reductase inhibitor,generic,-statin,crowded,False,,
tipstatin,False,ngram_guided+refined,2,64.02,66.38,moderate,-11.38,3.62,cisplatin,0.6244,3,TRADEMARK_HIT,SIMILARITY_MODERATE,tenstatin,tenstatin -> tepstatin -> topstatin -> tipstatin,0.0,1.0,0.742,1.0,1.0,0.858,0.006,HMG-CoA reductase inhibitor,generic,-statin,crowded,False,,
fujostatin,False,grammar+refined,2,67.29,67.04,moderate,-12.04,2.96,sunstation,0.764,4,TRADEMARK_HIT,SIMILARITY_MODERATE,futostatin,futostatin -> fujostatin,0.0,1.0,0.879,1.0,1.0,0.998,0.0,HMG-CoA reductase inhibitor,generic,-statin,crowded,False,,
fijostatin,False,grammar+refined,2,67.29,66.4,moderate,-11.4,3.6,lidostat,0.6442,4,INTRA_STEM_TOO_CLOSE|TRADEMARK_HIT,SIMILARITY_MODERATE,futostatin,futostatin -> fujostatin -> fijostatin,0.0,1.0,0.879,1.0,1.0,0.998,0.0,HMG-CoA reductase inhibitor,generic,-statin,crowded,False,,
fihostatin,False,grammar+refined,2,67.29,63.96,moderate,-8.96,6.04,cifostodine,0.6501,4,TRADEMARK_HIT,SIMILARITY_MODERATE,futostatin,futostatin -> fujostatin -> fijostatin -> fihostatin,0.0,1.0,0.879,1.0,1.0,0.998,0.0,HMG-CoA reductase inhibitor,generic,-statin,crowded,False,,
taxostatin,False,grammar,3,59.29,63.93,moderate,-8.93,6.07,baxdrostat,0.7769,4,TRADEMARK_HIT,SIMILARITY_MODERATE,,taxostatin,0.0,0.6,0.879,1.0,1.0,0.998,0.001,HMG-CoA reductase inhibitor,generic,-statin,crowded,False,,
otustatin,False,grammar,3,67.14,66.37,moderate,-11.37,3.63,sustain,0.7346,4,INTRA_STEM_TOO_CLOSE|TRADEMARK_HIT,SIMILARITY_MODERATE,,otustatin,0.0,1.0,0.879,1.0,1.0,0.983,0.001,HMG-CoA reductase inhibitor,generic,-statin,crowded,False,,
lemestatin,False,grammar,3,59.33,69.17,moderate,-14.17,0.83,acemetacin,0.8068,4,TRADEMARK_HIT,SIMILARITY_MODERATE,,lemestatin,0.0,0.6,0.879,1.0,1.0,0.998,0.006,HMG-CoA reductase inhibitor,generic,-statin,crowded,False,,
mamostatin,False,grammar,3,67.34,68.62,moderate,-13.62,1.38,mangostin,0.7749,4,TRADEMARK_HIT,SIMILARITY_MODERATE,,mamostatin,0.0,1.0,0.879,1.0,1.0,0.998,0.007,HMG-CoA reductase inhibitor,generic,-statin,crowded,False,,
setivistatin,False,grammar,3,59.84,63.54,moderate,-8.54,6.46,multivitamin,0.7908,5,TRADEMARK_HIT,SIMILARITY_MODERATE,,setivistatin,0.0,0.733,0.894,1.0,1.0,0.731,0.05,HMG-CoA reductase inhibitor,generic,-statin,crowded,False,,
pagfestatin,False,grammar,3,66.48,62.21,moderate,-7.21,7.79,panhematin,0.6525,4,TRADEMARK_HIT,SIMILARITY_MODERATE,,pagfestatin,0.0,1.0,0.854,1.0,1.0,0.952,0.0,HMG-CoA reductase inhibitor,generic,-statin,crowded,False,,
polirestatin,False,grammar,3,59.85,71.1,high,-16.1,-1.1,tolrestat,0.8568,5,SIMILARITY_TOO_HIGH,,,polirestatin,0.0,0.733,0.894,1.0,1.0,0.731,0.051,HMG-CoA reductase inhibitor,generic,-statin,crowded,False,,
ipistatin,False,grammar,3,67.13,74.08,high,-19.08,-4.08,pistacia,0.7466,4,SIMILARITY_TOO_HIGH|INTRA_STEM_TOO_CLOSE|TRADEMARK_HIT,,,ipistatin,0.0,1.0,0.879,1.0,1.0,0.983,0.0,HMG-CoA reductase inhibitor,generic,-statin,crowded,False,,
fesodestatin,False,grammar,3,59.5,60.0,moderate,-5.0,10.0,sunstation,0.7965,5,TRADEMARK_HIT,SIMILARITY_MODERATE,,fesodestatin,0.0,0.733,0.894,1.0,1.0,0.731,0.001,HMG-CoA reductase inhibitor,generic,-statin,crowded,False,,
mampastatin,False,grammar,3,60.08,63.94,moderate,-8.94,6.06,anastatica,0.7528,4,TRADEMARK_HIT,SIMILARITY_MODERATE,,mampastatin,0.0,0.68,0.854,1.0,1.0,0.952,0.0,HMG-CoA reductase inhibitor,generic,-statin,crowded,False,,
ecestatin,False,grammar,3,67.13,69.18,moderate,-14.18,0.82,cystamine,0.7589,4,TRADEMARK_HIT,SIMILARITY_MODERATE,,ecestatin,0.0,1.0,0.879,1.0,1.0,0.983,0.0,HMG-CoA reductase inhibitor,generic,-statin,crowded,False,,
levastatin,False,grammar,3,64.77,79.92,high,-24.92,-9.92,lovastatin,0.8769,4,SIMILARITY_TOO_HIGH|TRADEMARK_HIT,,,levastatin,0.0,0.6,0.879,1.0,1.0,0.998,0.783,HMG-CoA reductase inhibitor,generic,-statin,crowded,False,,
vocostatin,False,grammar,3,67.29,67.64,moderate,-12.64,2.36,costata,0.8292,4,TRADEMARK_HIT,SIMILARITY_MODERATE,,vocostatin,0.0,1.0,0.879,1.0,1.0,0.998,0.0,HMG-CoA reductase inhibitor,generic,-statin,crowded,False,,
casatastatin,False,grammar,3,59.58,61.81,moderate,-6.81,8.19,adiastatic,0.8096,5,TRADEMARK_HIT,SIMILARITY_MODERATE,,casatastatin,0.0,0.733,0.894,1.0,1.0,0.731,0.012,HMG-CoA reductase inhibitor,generic,-statin,crowded,False,,
bruoxistatin,True,grammar,3,63.02,66.48,moderate,-11.48,3.52,oxistat,0.6434,5,,SIMILARITY_MODERATE,,bruoxistatin,0.0,1.0,0.763,1.0,1.0,0.731,0.003,HMG-CoA reductase inhibitor,generic,-statin,crowded,True,,
helostatin,False,grammar,3,59.35,69.68,moderate,-14.68,0.32,hemostat,0.8689,4,TRADEMARK_HIT,SIMILARITY_MODERATE,,helostatin,0.0,0.6,0.879,1.0,1.0,0.998,0.009,HMG-CoA reductase inhibitor,generic,-statin,crowded,False,,
buntrestatin,True,grammar,3,57.4,63.68,moderate,-8.68,6.32,entresto,0.7507,4,,SIMILARITY_MODERATE,,buntrestatin,0.0,0.733,0.647,1.0,1.0,0.862,0.009,HMG-CoA reductase inhibitor,generic,-statin,crowded,False,,
menzostatin,False,grammar,3,60.17,69.08,moderate,-14.08,0.92,mangostin,0.9103,4,TRADEMARK_HIT,SIMILARITY_MODERATE,,menzostatin,0.0,0.68,0.854,1.0,1.0,0.952,0.012,HMG-CoA reductase inhibitor,generic,-statin,crowded,False,,
odrorlastatin,False,grammar,3,57.03,64.03,moderate,-9.03,5.97,prolastin,0.6485,5,TRADEMARK_HIT,SIMILARITY_MODERATE,,odrorlastatin,0.0,0.771,0.739,1.0,1.0,0.624,0.003,HMG-CoA reductase inhibitor,generic,-statin,crowded,False,,
enestatin,False,grammar,3,67.16,69.39,moderate,-14.39,0.61,sunstation,0.8588,4,INTRA_STEM_TOO_CLOSE|TRADEMARK_HIT,SIMILARITY_MODERATE,,enestatin,0.0,1.0,0.879,1.0,1.0,0.983,0.003,HMG-CoA reductase inhibitor,generic,-statin,crowded,False,,
lolmistatin,False,grammar,3,60.16,63.33,moderate,-8.33,6.67,palmitamine,0.7177,4,TRADEMARK_HIT,SIMILARITY_MODERATE,,lolmistatin,0.0,0.68,0.854,1.0,1.0,0.952,0.011,HMG-CoA reductase inhibitor,generic,-statin,crowded,False,,
bornistatin,False,grammar,3,60.17,66.86,moderate,-11.86,3.14,monistat,0.855,4,TRADEMARK_HIT,SIMILARITY_MODERATE,,bornistatin,0.0,0.68,0.854,1.0,1.0,0.952,0.012,HMG-CoA reductase inhibitor,generic,-statin,crowded,False,,
covegistatin,True,grammar,3,59.49,66.88,moderate,-11.88,3.12,vagistat,0.683,5,,SIMILARITY_MODERATE,,covegistatin,0.0,0.733,0.894,1.0,1.0,0.731,0.0,HMG-CoA reductase inhibitor,generic,-statin,crowded,False,,
nantestatin,False,grammar,3,60.11,67.12,moderate,-12.12,2.88,dentastat,0.8179,4,TRADEMARK_HIT,SIMILARITY_MODERATE,,nantestatin,0.0,0.68,0.854,1.0,1.0,0.952,0.003,HMG-CoA reductase inhibitor,generic,-statin,crowded,False,,
ubrolstatin,True,ngram_guided,3,57.3,63.5,moderate,-8.5,6.5,prostatone,0.7005,4,,SIMILARITY_MODERATE,,ubrolstatin,0.0,0.68,0.647,1.0,1.0,0.952,0.018,HMG-CoA reductase inhibitor,generic,-statin,crowded,False,,
virstatin,False,ngram_guided,3,66.17,67.46,moderate,-12.46,2.54,station,0.791,3,INTRA_STEM_TOO_CLOSE|TRADEMARK_HIT,SIMILARITY_MODERATE,,virstatin,0.0,1.0,0.742,1.0,1.0,0.858,0.313,HMG-CoA reductase inhibitor,generic,-statin,crowded,False,,
pegristatin,True,ngram_guided,3,59.98,67.95,moderate,-12.95,2.05,periostat,0.8783,4,,SIMILARITY_MODERATE,,pegristatin,0.0,0.45,0.733,1.0,1.0,0.952,0.884,HMG-CoA reductase inhibitor,generic,-statin,crowded,False,,
nafastatin,False,ngram_guided,3,63.33,66.9,moderate,-11.9,3.1,anastatica,0.7718,4,TRADEMARK_HIT,SIMILARITY_MODERATE|IMPLIED_CLAIM,,nafastatin,0.0,0.6,0.879,1.0,1.0,0.998,0.578,HMG-CoA reductase inhibitor,generic,-statin,crowded,False,,
polystatin,False,ngram_guided,3,59.07,82.02,high,-27.02,-12.02,polydatin,0.9477,4,SIMILARITY_TOO_HIGH|TRADEMARK_HIT,,,polystatin,0.0,0.6,0.768,1.0,1.0,0.998,0.193,HMG-CoA reductase inhibitor,generic,-statin,crowded,False,,
cleotistatin,True,ngram_guided,3,54.12,63.11,moderate,-8.11,6.89,telotristat,0.8074,5,,SIMILARITY_MODERATE,,cleotistatin,0.0,0.3,0.763,1.0,1.0,0.731,0.732,HMG-CoA reductase inhibitor,generic,-statin,crowded,False,,
nadstatin,False,ngram_guided,3,67.39,67.31,moderate,-12.31,2.69,anastatica,0.7111,3,INTRA_STEM_TOO_CLOSE|TRADEMARK_HIT,SIMILARITY_MODERATE,,nadstatin,0.0,1.0,0.742,1.0,1.0,0.858,0.489,HMG-CoA reductase inhibitor,generic,-statin,crowded,False,,
fruquizastatin,True,ngram_guided,3,51.83,64.12,moderate,-9.12,5.88,fruquintinib,0.7646,5,,SIMILARITY_MODERATE,,fruquizastatin,0.0,0.4,0.673,1.0,1.0,0.527,0.59,HMG-CoA reductase inhibitor,generic,-statin,crowded,False,,
bevastatin,False,ngram_guided,3,60.24,84.58,high,-29.58,-14.58,mevastatin,0.7971,4,SIMILARITY_TOO_HIGH|TRADEMARK_HIT,,,bevastatin,0.0,0.6,0.879,1.0,1.0,0.998,0.136,HMG-CoA reductase inhibitor,generic,-statin,crowded,False,,
mutstatin,False,ngram_guided,3,64.06,70.36,high,-15.36,-0.36,sunstation,0.6231,3,SIMILARITY_TOO_HIGH|INTRA_STEM_TOO_CLOSE|TRADEMARK_HIT,,,mutstatin,0.0,1.0,0.742,1.0,1.0,0.858,0.013,HMG-CoA reductase inhibitor,generic,-statin,crowded,False,,
oprstatin,False,ngram_guided,3,58.49,71.01,high,-16.01,-1.01,prostatone,0.5249,3,SIMILARITY_TOO_HIGH|TRADEMARK_HIT,,,oprstatin,0.0,1.0,0.574,0.65,1.0,0.858,0.003,HMG-CoA reductase inhibitor,generic,-statin,crowded,False,,
segerstatin,False,ngram_guided,3,60.97,66.92,moderate,-11.92,3.08,sunstation,0.7098,4,TRADEMARK_HIT,SIMILARITY_MODERATE,,segerstatin,0.0,0.68,0.768,1.0,1.0,0.952,0.299,HMG-CoA reductase inhibitor,generic,-statin,crowded,False,,
typhestatin,True,ngram_guided,3,59.92,64.07,moderate,-9.07,5.93,oxyphenisatin,0.8135,4,,SIMILARITY_MODERATE,,typhestatin,0.0,0.68,0.768,1.0,1.0,0.952,0.15,HMG-CoA reductase inhibitor,generic,-statin,crowded,False,,
obistatin,False,ngram_guided,3,67.28,67.44,moderate,-12.44,2.56,pistacia,0.8213,4,INTRA_STEM_TOO_CLOSE|TRADEMARK_HIT,SIMILARITY_MODERATE,,obistatin,0.0,1.0,0.879,1.0,1.0,0.983,0.02,HMG-CoA reductase inhibitor,generic,-statin,crowded,False,,
bleostatin,False,ngram_guided,3,57.58,72.19,high,-17.19,-2.19,gleostine,0.8181,4,SIMILARITY_TOO_HIGH|TRADEMARK_HIT,,,bleostatin,0.0,0.6,0.733,1.0,1.0,0.998,0.048,HMG-CoA reductase inhibitor,generic,-statin,crowded,False,,
thastatin,False,ngram_guided,3,67.42,72.27,high,-17.27,-2.27,thaumatin,0.8881,3,SIMILARITY_TOO_HIGH|INTRA_STEM_TOO_CLOSE|TRADEMARK_HIT,,,thastatin,0.0,1.0,0.829,1.0,1.0,0.858,0.32,HMG-CoA reductase inhibitor,generic,-statin,crowded,False,,
irbanstatin,True,ngram_guided,3,54.54,66.65,moderate,-11.65,3.35,sunstation,0.6693,4,,SIMILARITY_MODERATE,,irbanstatin,0.0,0.45,0.768,1.0,1.0,0.952,0.038,HMG-CoA reductase inhibitor,generic,-statin,crowded,False,,
daunoglostatin,True,ngram_guided,3,55.27,59.09,moderate,-4.09,10.91,danofloxacin,0.6889,5,,SIMILARITY_MODERATE,,daunoglostatin,0.0,0.4,0.763,1.0,1.0,0.527,0.902,HMG-CoA reductase inhibitor,generic,-statin,crowded,False,,
tedustatin,False,ngram_guided,3,61.31,67.13,moderate,-12.13,2.87,sunstation,0.8059,4,TRADEMARK_HIT,SIMILARITY_MODERATE,,tedustatin,0.0,0.6,0.879,1.0,1.0,0.998,0.289,HMG-CoA reductase inhibitor,generic,-statin,crowded,False,,
tepolystatin,False,ngram_guided,3,56.94,71.31,high,-16.31,-1.31,polydatin,0.8632,5,SIMILARITY_TOO_HIGH,,,tepolystatin,0.0,0.517,0.783,1.0,1.0,0.731,0.477,HMG-CoA reductase inhibitor,generic,-statin,crowded,False,,
bezlostatin,True,ngram_guided,3,61.98,64.56,moderate,-9.56,5.44,desloratadine,0.836,4,,SIMILARITY_MODERATE,,bezlostatin,0.0,0.45,0.854,1.0,1.0,0.952,0.927,HMG-CoA reductase inhibitor,generic,-statin,crowded,True,,
cleostatin,False,ngram_guided,3,61.83,73.41,high,-18.41,-3.41,gleostine,0.8347,4,SIMILARITY_TOO_HIGH|TRADEMARK_HIT,,,cleostatin,0.0,0.6,0.733,1.0,1.0,0.998,0.656,HMG-CoA reductase inhibitor,generic,-statin,crowded,False,,
sibutstatin,False,ngram_guided,3,55.87,66.6,moderate,-11.6,3.4,sunstation,0.6451,4,TRADEMARK_HIT,SIMILARITY_MODERATE,,sibutstatin,0.0,0.45,0.768,1.0,1.0,0.952,0.228,HMG-CoA reductase inhibitor,generic,-statin,crowded,False,,
thestatin,False,ngram_guided+refined,3,65.28,68.79,moderate,-13.79,1.21,sunstation,0.8494,3,TRADEMARK_HIT,SIMILARITY_MODERATE,thastatin,thastatin -> thestatin,0.0,1.0,0.829,1.0,1.0,0.858,0.014,HMG-CoA reductase inhibitor,generic,-statin,crowded,False,,
ttestatin,False,ngram_guided+refined,3,65.19,69.4,moderate,-14.4,0.6,pertactin,0.7131,3,INTRA_STEM_TOO_CLOSE|TRADEMARK_HIT,SIMILARITY_MODERATE,thastatin,thastatin -> thestatin -> ttestatin,0.0,1.0,0.829,1.0,1.0,0.858,0.0,HMG-CoA reductase inhibitor,generic,-statin,crowded,False,,
tfestatin,False,ngram_guided+refined,3,62.4,66.04,moderate,-11.04,3.96,pertactin,0.5427,3,TRADEMARK_HIT,SIMILARITY_MODERATE|ILLEGAL_ONSET_CLUSTER,thastatin,thastatin -> thestatin -> ttestatin -> tfestatin,0.0,1.0,0.63,1.0,1.0,0.858,0.0,HMG-CoA reductase inhibitor,generic,-statin,crowded,False,,
nedstatin,False,ngram_guided+refined,3,64.1,67.46,moderate,-12.46,2.54,sunstation,0.6181,3,INTRA_STEM_TOO_CLOSE|TRADEMARK_HIT,SIMILARITY_MODERATE,nadstatin,nadstatin -> nedstatin,0.0,1.0,0.742,1.0,1.0,0.858,0.018,HMG-CoA reductase inhibitor,generic,-statin,crowded,False,,
nidstatin,False,ngram_guided+refined,3,64.06,66.34,moderate,-11.34,3.66,midostaurin,0.7282,3,INTRA_STEM_TOO_CLOSE|TRADEMARK_HIT,SIMILARITY_MODERATE,nadstatin,nadstatin -> nedstatin -> nidstatin,0.0,1.0,0.742,1.0,1.0,0.858,0.012,HMG-CoA reductase inhibitor,generic,-statin,crowded,False,,
nodstatin,False,ngram_guided+refined,3,63.97,64.89,moderate,-9.89,5.11,sunstation,0.6476,3,INTRA_STEM_TOO_CLOSE|TRADEMARK_HIT,SIMILARITY_MODERATE,nadstatin,nadstatin -> nedstatin -> nidstatin -> nodstatin,0.0,1.0,0.742,1.0,1.0,0.858,0.0,HMG-CoA reductase inhibitor,generic,-statin,crowded,False,,
mimostatin,False,grammar+refined,3,59.35,72.9,high,-17.9,-2.9,midostaurin,0.7516,4,SIMILARITY_TOO_HIGH|TRADEMARK_HIT,,mamostatin,mamostatin -> mimostatin,0.0,0.6,0.879,1.0,1.0,0.998,0.009,HMG-CoA reductase inhibitor,generic,-statin,crowded,False,,
mimustatin,False,grammar+refined,3,59.29,66.71,moderate,-11.71,3.29,miglustat,0.7229,4,TRADEMARK_HIT,SIMILARITY_MODERATE,mamostatin,mamostatin -> mimostatin -> mimustatin,0.0,0.6,0.879,1.0,1.0,0.998,0.0,HMG-CoA reductase inhibitor,generic,-statin,crowded,False,,
migustatin,False,grammar+refined,3,67.54,75.56,high,-20.56,-5.56,miglustat,0.7268,4,SIMILARITY_TOO_HIGH,,mamostatin,mamostatin -> mimostatin -> mimustatin -> migustatin,0.0,1.0,0.879,1.0,1.0,0.998,0.036,HMG-CoA reductase inhibitor,generic,-statin,crowded,False,,
vecostatin,True,grammar+refined,3,67.37,67.64,moderate,-12.64,2.36,costata,0.8505,4,,SIMILARITY_MODERATE,vocostatin,vocostatin -> vecostatin,0.0,1.0,0.879,1.0,1.0,0.998,0.012,HMG-CoA reductase inhibitor,generic,-statin,crowded,True,,
ojistatin,False,ngram_guided+refined,3,67.13,68.83,moderate,-13.83,1.17,cisplatin,0.6264,4,INTRA_STEM_TOO_CLOSE|TRADEMARK_HIT,SIMILARITY_MODERATE,obistatin,obistatin -> ojistatin,0.0,1.0,0.879,1.0,1.0,0.983,0.0,HMG-CoA reductase inhibitor,generic,-statin,crowded,False,,
odistatin,False,ngram_guided+refined,3,67.13,72.67,high,-17.67,-2.67,adiastatic,0.7991,4,SIMILARITY_TOO_HIGH|INTRA_STEM_TOO_CLOSE|TRADEMARK_HIT,,obistatin,obistatin -> ojistatin -> odistatin,0.0,1.0,0.879,1.0,1.0,0.983,0.0,HMG-CoA reductase inhibitor,generic,-statin,crowded,False,,
ekestatin,False,grammar+refined,3,67.13,66.36,moderate,-11.36,3.64,cresatin,0.6262,4,TRADEMARK_HIT,SIMILARITY_MODERATE,enestatin,enestatin -> ekestatin,0.0,1.0,0.879,1.0,1.0,0.983,0.0,HMG-CoA reductase inhibitor,generic,-statin,crowded,False,,
ejestatin,False,grammar+refined,3,67.13,66.54,moderate,-11.54,3.46,aygestin,0.6203,4,INTRA_STEM_TOO_CLOSE|TRADEMARK_HIT,SIMILARITY_MODERATE,enestatin,enestatin -> ekestatin -> ejestatin,0.0,1.0,0.879,1.0,1.0,0.983,0.0,HMG-CoA reductase inhibitor,generic,-statin,crowded,False,,
egestatin,False,grammar+refined,3,67.13,72.45,high,-17.45,-2.45,aygestin,0.7782,4,SIMILARITY_TOO_HIGH|INTRA_STEM_TOO_CLOSE|TRADEMARK_HIT,,enestatin,enestatin -> ekestatin -> ejestatin -> egestatin,0.0,1.0,0.879,1.0,1.0,0.983,0.0,HMG-CoA reductase inhibitor,generic,-statin,crowded,False,,
omustatin,False,grammar+refined,3,67.13,70.61,high,-15.61,-0.61,lomustine,0.7259,4,SIMILARITY_TOO_HIGH|INTRA_STEM_TOO_CLOSE|TRADEMARK_HIT,,otustatin,otustatin -> omustatin,0.0,1.0,0.879,1.0,1.0,0.983,0.0,HMG-CoA reductase inhibitor,generic,-statin,crowded,False,,
omestatin,False,grammar+refined,3,68.44,66.79,moderate,-11.79,3.21,cosmestat,0.812,4,INTRA_STEM_TOO_CLOSE|TRADEMARK_HIT,SIMILARITY_MODERATE,otustatin,otustatin -> omustatin -> omestatin,0.0,1.0,0.879,1.0,1.0,0.983,0.186,HMG-CoA reductase inhibitor,generic,-statin,crowded,False,,
otestatin,False,grammar+refined,3,67.23,68.09,moderate,-13.09,1.91,pertactin,0.7312,4,INTRA_STEM_TOO_CLOSE|TRADEMARK_HIT,SIMILARITY_MODERATE,otustatin,otustatin -> omustatin -> omestatin -> otestatin,0.0,1.0,0.879,1.0,1.0,0.983,0.014,HMG-CoA reductase inhibitor,generic,-statin,crowded,False,,
ixistatin,False,grammar+refined,3,67.13,75.69,high,-20.69,-5.69,oxistat,0.705,4,SIMILARITY_TOO_HIGH|TRADEMARK_HIT,,ipistatin,ipistatin -> ixistatin,0.0,1.0,0.879,1.0,1.0,0.983,0.0,HMG-CoA reductase inhibitor,generic,-statin,crowded,False,,
ixastatin,False,grammar+refined,3,67.17,65.2,moderate,-10.2,4.8,oxistat,0.6857,4,INTRA_STEM_TOO_CLOSE|TRADEMARK_HIT,SIMILARITY_MODERATE,ipistatin,ipistatin -> ixistatin -> ixastatin,0.0,1.0,0.879,1.0,1.0,0.983,0.005,HMG-CoA reductase inhibitor,generic,-statin,crowded,False,,
ifastatin,False,grammar+refined,3,67.13,66.05,moderate,-11.05,3.95,station,0.6875,4,INTRA_STEM_TOO_CLOSE|TRADEMARK_HIT,SIMILARITY_MODERATE|IMPLIED_CLAIM,ipistatin,ipistatin -> ixistatin -> ixastatin -> ifastatin,0.0,1.0,0.879,1.0,1.0,0.983,0.0,HMG-CoA reductase inhibitor,generic,-statin,crowded,False,,
buibastatin,False,grammar,4,66.84,66.15,moderate,-11.15,3.85,adiastatic,0.6391,4,TRADEMARK_HIT,SIMILARITY_MODERATE,,buibastatin,0.0,1.0,0.879,1.0,1.0,0.952,0.001,HMG-CoA reductase inhibitor,generic,-statin,crowded,False,,
pamenistatin,True,grammar,4,59.54,66.92,moderate,-11.92,3.08,monistat,0.8159,5,,SIMILARITY_MODERATE,,pamenistatin,0.0,0.733,0.894,1.0,1.0,0.731,0.006,HMG-CoA reductase inhibitor,generic,-statin,crowded,False,,
umoclistatin,True,grammar,4,57.66,62.48,moderate,-7.48,7.52,colistin,0.6651,5,,SIMILARITY_MODERATE,,umoclistatin,0.0,0.733,0.763,1.0,1.0,0.731,0.0,HMG-CoA reductase inhibitor,generic,-statin,crowded,False,,
peselastatin,False,grammar,4,59.51,65.38,moderate,-10.38,4.62,azelastine,0.8057,5,INTRA_STEM_TOO_CLOSE|TRADEMARK_HIT,SIMILARITY_MODERATE,,peselastatin,0.0,0.733,0.894,1.0,1.0,0.731,0.003,HMG-CoA reductase inhibitor,generic,-statin,crowded,False,,
echostatin,False,grammar,4,58.94,66.75,moderate,-11.75,3.25,costata,0.8333,4,TRADEMARK_HIT,SIMILARITY_MODERATE,,echostatin,0.0,0.6,0.854,1.0,1.0,0.998,0.0,HMG-CoA reductase inhibitor,generic,-statin,crowded,False,,
deustatin,False,grammar,4,65.71,67.46,moderate,-12.46,2.54,station,0.7671,3,INTRA_STEM_TOO_CLOSE|TRADEMARK_HIT,SIMILARITY_MODERATE,,deustatin,0.0,1.0,0.854,1.0,1.0,0.858,0.026,HMG-CoA reductase inhibitor,generic,-statin,crowded,False,,
dempistatin,True,grammar,4,60.33,68.07,moderate,-13.07,1.93,gemcitabine,0.7314,4,,SIMILARITY_MODERATE,,dempistatin,0.0,0.68,0.854,1.0,1.0,0.952,0.035,HMG-CoA reductase inhibitor,generic,-statin,crowded,False,,
cotozastatin,False,grammar,4,59.49,58.25,moderate,-3.25,11.75,cosmestat,0.7052,5,TRADEMARK_HIT,SIMILARITY_MODERATE,,cotozastatin,0.0,0.733,0.894,1.0,1.0,0.731,0.0,HMG-CoA reductase inhibitor,generic,-statin,crowded,False,,
citegostatin,False,grammar,4,59.5,60.29,moderate,-5.29,9.71,cifostodine,0.7936,5,TRADEMARK_HIT,SIMILARITY_MODERATE,,citegostatin,0.0,0.733,0.894,1.0,1.0,0.731,0.001,HMG-CoA reductase inhibitor,generic,-statin,crowded,False,,
cedistatin,False,grammar,4,67.29,68.39,moderate,-13.39,1.61,adiastatic,0.8474,4,TRADEMARK_HIT,SIMILARITY_MODERATE,,cedistatin,0.0,1.0,0.879,1.0,1.0,0.998,0.0,HMG-CoA reductase inhibitor,generic,-statin,crowded,False,,
lablapostatin,True,grammar,4,57.37,57.88,moderate,-2.88,12.12,bepotastine,0.6859,5,,SIMILARITY_MODERATE,,lablapostatin,0.0,0.771,0.763,1.0,1.0,0.624,0.001,HMG-CoA reductase inhibitor,generic,-statin,crowded,False,,
mizonistatin,True,grammar,4,55.3,68.48,moderate,-13.48,1.52,monistat,0.7886,5,,SIMILARITY_MODERATE,,mizonistatin,0.0,0.517,0.894,1.0,1.0,0.731,0.019,HMG-CoA reductase inhibitor,generic,-statin,crowded,False,,
rigidustatin,True,grammar,4,59.49,61.73,moderate,-6.73,8.27,molidustat,0.6737,5,,SIMILARITY_MODERATE,,rigidustatin,0.0,0.733,0.894,1.0,1.0,0.731,0.0,HMG-CoA reductase inhibitor,generic,-statin,crowded,False,,
sizastatin,False,grammar,4,67.32,67.55,moderate,-12.55,2.45,sunstation,0.6897,4,INTRA_STEM_TOO_CLOSE|TRADEMARK_HIT,SIMILARITY_MODERATE,,sizastatin,0.0,1.0,0.879,1.0,1.0,0.998,0.004,HMG-CoA reductase inhibitor,generic,-statin,crowded,False,,
rerastatin,False,grammar,4,59.37,71.01,high,-16.01,-1.01,therastat,0.7755,4,SIMILARITY_TOO_HIGH|TRADEMARK_HIT,,,rerastatin,0.0,0.6,0.879,1.0,1.0,0.998,0.012,HMG-CoA reductase inhibitor,generic,-statin,crowded,False,,
dabustatin,False,grammar,4,67.33,68.8,moderate,-13.8,1.2,vadadustat,0.6732,4,TRADEMARK_HIT,SIMILARITY_MODERATE,,dabustatin,0.0,1.0,0.879,1.0,1.0,0.998,0.006,HMG-CoA reductase inhibitor,generic,-statin,crowded,False,,
paibistatin,True,grammar,4,66.84,62.58,moderate,-7.58,7.42,adiastatic,0.6415,4,,SIMILARITY_MODERATE,,paibistatin,0.0,1.0,0.879,1.0,1.0,0.952,0.001,HMG-CoA reductase inhibitor,generic,-statin,crowded,True,,
tibiruistatin,True,grammar,4,59.19,65.18,moderate,-10.18,4.82,dimyristate,0.655,5,,SIMILARITY_MODERATE,,tibiruistatin,0.0,0.771,0.894,1.0,1.0,0.624,0.0,HMG-CoA reductase inhibitor,generic,-statin,crowded,False,,
zixistatin,False,grammar,4,67.29,69.33,moderate,-14.33,0.67,oxistat,0.6353,4,TRADEMARK_HIT,SIMILARITY_MODERATE,,zixistatin,0.0,1.0,0.879,1.0,1.0,0.998,0.0,HMG-CoA reductase inhibitor,generic,-statin,crowded,False,,
menlistatin,False,grammar,4,60.09,67.56,moderate,-12.56,2.44,monistat,0.8173,4,TRADEMARK_HIT,SIMILARITY_MODERATE,,menlistatin,0.0,0.68,0.854,1.0,1.0,0.952,0.001,HMG-CoA reductase inhibitor,generic,-statin,crowded,False,,
madotostatin,False,grammar,4,59.49,63.87,moderate,-8.87,6.13,mangostin,0.8025,5,TRADEMARK_HIT,SIMILARITY_MODERATE,,madotostatin,0.0,0.733,0.894,1.0,1.0,0.731,0.0,HMG-CoA reductase inhibitor,generic,-statin,crowded,False,,
hixetistatin,True,grammar,4,59.49,63.06,moderate,-8.06,6.94,histastat,0.7796,5,,SIMILARITY_MODERATE,,hixetistatin,0.0,0.733,0.894,1.0,1.0,0.731,0.0,HMG-CoA reductase inhibitor,generic,-statin,crowded,False,,
somestatin,False,grammar,4,64.33,71.11,high,-16.11,-1.11,sunstation,0.87,4,SIMILARITY_TOO_HIGH|TRADEMARK_HIT,,,somestatin,0.0,0.6,0.879,1.0,1.0,0.998,0.721,HMG-CoA reductase inhibitor,generic,-statin,crowded,False,,
diisuistatin,True,grammar,4,59.49,63.09,moderate,-8.09,6.91,digitatum,0.754,5,,SIMILARITY_MODERATE,,diisuistatin,0.0,0.733,0.894,1.0,1.0,0.731,0.0,HMG-CoA reductase inhibitor,generic,-statin,crowded,False,,
cytstatin,False,ngram_guided,4,64.33,74.22,high,-19.22,-4.22,cystamine,0.6504,3,SIMILARITY_TOO_HIGH|INTRA_STEM_TOO_CLOSE|TRADEMARK_HIT,,,cytstatin,0.0,1.0,0.742,1.0,1.0,0.858,0.051,HMG-CoA reductase inhibitor,generic,-statin,crowded,False,,
quetstatin,True,ngram_guided,4,54.26,68.19,moderate,-13.19,1.81,quetiapine,0.6539,3,,SIMILARITY_MODERATE,,quetstatin,0.0,0.6,0.596,1.0,1.0,0.873,0.026,HMG-CoA reductase inhibitor,generic,-statin,crowded,False,,
daunostatin,False,ngram_guided,4,60.04,68.32,moderate,-13.32,1.68,sunstation,0.7007,4,TRADEMARK_HIT,SIMILARITY_MODERATE,,daunostatin,0.0,0.45,0.879,1.0,1.0,0.952,0.602,HMG-CoA reductase inhibitor,generic,-statin,crowded,False,,
tyrogastatin,False,ngram_guided,4,53.9,65.91,moderate,-10.91,4.09,nirogacestat,0.7746,5,TRADEMARK_HIT,SIMILARITY_MODERATE,,tyrogastatin,0.0,0.517,0.783,1.0,1.0,0.731,0.043,HMG-CoA reductase inhibitor,generic,-statin,crowded,False,,
secstatin,False,ngram_guided,4,70.14,73.25,high,-18.25,-3.25,sunstation,0.6132,3,SIMILARITY_TOO_HIGH|TRADEMARK_HIT,,,secstatin,0.0,1.0,0.742,1.0,1.0,0.858,0.881,HMG-CoA reductase inhibitor,generic,-statin,crowded,False,,
vedastatin,False,ngram_guided,4,63.39,69.05,moderate,-14.05,0.95,cepastat,0.8151,4,INTRA_STEM_TOO_CLOSE|TRADEMARK_HIT,SIMILARITY_MODERATE,,vedastatin,0.0,0.6,0.879,1.0,1.0,0.998,0.586,HMG-CoA reductase inhibitor,generic,-statin,crowded,False,,
rhustatin,False,ngram_guided,4,62.46,67.3,moderate,-12.3,2.7,histamine,0.7611,3,TRADEMARK_HIT,SIMILARITY_MODERATE|ILLEGAL_ONSET_CLUSTER,,rhustatin,0.0,1.0,0.63,1.0,1.0,0.858,0.009,HMG-CoA reductase inhibitor,generic,-statin,crowded,False,,
tristatin,False,ngram_guided,4,64.54,76.47,high,-21.47,-6.47,cristata,0.9501,3,SIMILARITY_TOO_HIGH|TRADEMARK_HIT,,,tristatin,0.0,1.0,0.683,1.0,1.0,0.858,0.2,HMG-CoA reductase inhibitor,generic,-statin,crowded,False,,
sofpirlistatin,True,ngram_guided,4,54.98,56.47,moderate,-1.47,13.53,colistin,0.7265,5,,SIMILARITY_MODERATE,,sofpirlistatin,0.0,0.4,0.845,1.0,1.0,0.527,0.697,HMG-CoA reductase inhibitor,generic,-statin,crowded,False,,
myrtestatin,True,ngram_guided,4,54.95,65.59,moderate,-10.59,4.41,myristamine,0.8137,4,,SIMILARITY_MODERATE,,myrtestatin,0.0,0.45,0.768,1.0,1.0,0.952,0.097,HMG-CoA reductase inhibitor,generic,-statin,crowded,False,,
cefostatin,False,ngram_guided,4,64.41,74.44,high,-19.44,-4.44,cefoxitin,0.9029,4,SIMILARITY_TOO_HIGH|TRADEMARK_HIT,,,cefostatin,0.0,0.6,0.879,1.0,1.0,0.998,0.733,HMG-CoA reductase inhibitor,generic,-statin,crowded,False,,
ciprstatin,False,ngram_guided,4,56.17,65.9,moderate,-10.9,4.1,prostatone,0.5301,3,INTRA_STEM_TOO_CLOSE|TRADEMARK_HIT,SIMILARITY_MODERATE,,ciprstatin,0.0,0.6,0.574,0.65,1.0,0.873,0.792,HMG-CoA reductase inhibitor,generic,-statin,crowded,False,,
clevistatin,False,ngram_guided,4,59.22,67.76,moderate,-12.76,2.24,levisticum,0.8673,4,TRADEMARK_HIT,SIMILARITY_MODERATE,,clevistatin,0.0,0.45,0.733,1.0,1.0,0.952,0.775,HMG-CoA reductase inhibitor,generic,-statin,crowded,False,,
octylstatin,False,ngram_guided,4,50.76,64.67,moderate,-9.67,5.33,dioctyltin,0.8712,4,TRADEMARK_HIT,SIMILARITY_MODERATE,,octylstatin,0.0,0.45,0.768,1.0,0.53,0.952,0.573,HMG-CoA reductase inhibitor,generic,-statin,crowded,False,,
rhynchostatin,True,ngram_guided,4,45.13,62.58,moderate,-7.58,7.42,rhynchophylline,0.7439,4,,SIMILARITY_MODERATE|ILLEGAL_ONSET_CLUSTER,,rhynchostatin,0.0,0.15,0.607,1.0,1.0,0.755,0.154,HMG-CoA reductase inhibitor,generic,-statin,crowded,False,,
dimstatin,False,ngram_guided,4,70.49,69.22,moderate,-14.22,0.78,adiastatic,0.787,3,INTRA_STEM_TOO_CLOSE|TRADEMARK_HIT,SIMILARITY_MODERATE,,dimstatin,0.0,1.0,0.742,1.0,1.0,0.858,0.932,HMG-CoA reductase inhibitor,generic,-statin,crowded,False,,
gusestatin,False,ngram_guided,4,59.36,66.39,moderate,-11.39,3.61,sunstation,0.7747,4,TRADEMARK_HIT,SIMILARITY_MODERATE,,gusestatin,0.0,0.6,0.879,1.0,1.0,0.998,0.011,HMG-CoA reductase inhibitor,generic,-statin,crowded,False,,
dismostatin,False,ngram_guided,4,62.35,63.41,moderate,-8.41,6.59,cosmestat,0.8314,4,TRADEMARK_HIT,SIMILARITY_MODERATE,,dismostatin,0.0,0.68,0.733,1.0,1.0,0.952,0.566,HMG-CoA reductase inhibitor,generic,-statin,crowded,False,,
ixekistatin,True,ngram_guided,4,55.72,60.4,moderate,-5.4,9.6,oxistat,0.7224,5,,SIMILARITY_MODERATE,,ixekistatin,0.0,0.45,0.894,1.0,1.0,0.821,0.142,HMG-CoA reductase inhibitor,generic,-statin,crowded,False,,
lixekistatin,True,ngram_guided,4,59.64,59.19,moderate,-4.19,10.81,lixisenatide,0.7738,5,,SIMILARITY_MODERATE,,lixekistatin,0.0,0.517,0.894,1.0,1.0,0.731,0.641,HMG-CoA reductase inhibitor,generic,-statin,crowded,False,,
galstatin,False,ngram_guided,4,65.53,67.03,moderate,-12.03,2.97,galectin,0.8282,3,TRADEMARK_HIT,SIMILARITY_MODERATE,,galstatin,0.0,1.0,0.742,1.0,1.0,0.858,0.223,HMG-CoA reductase inhibitor,generic,-statin,crowded,False,,
mirdafirstatin,True,ngram_guided,4,60.15,57.53,moderate,-2.53,12.47,mirdametinib,0.6324,5,,SIMILARITY_MODERATE,,mirdafirstatin,0.0,0.6,0.783,1.0,1.0,0.527,0.988,HMG-CoA reductase inhibitor,generic,-statin,crowded,False,,
damstatin,False,ngram_guided+refined,4,64.91,67.98,moderate,-12.98,2.02,sunstation,0.7421,3,TRADEMARK_HIT,SIMILARITY_MODERATE,dimstatin,dimstatin -> damstatin,0.0,1.0,0.742,1.0,1.0,0.858,0.134,HMG-CoA reductase inhibitor,generic,-statin,crowded,False,,
domstatin,False,ngram_guided+refined,4,64.69,67.56,moderate,-12.56,2.44,sunstation,0.6927,3,TRADEMARK_HIT,SIMILARITY_MODERATE,dimstatin,dimstatin -> damstatin -> domstatin,0.0,1.0,0.742,1.0,1.0,0.858,0.103,HMG-CoA reductase inhibitor,generic,-statin,crowded,False,,
tecstatin,False,ngram_guided+refined,4,64.03,67.46,moderate,-12.46,2.54,sunstation,0.6138,3,TRADEMARK_HIT,SIMILARITY_MODERATE,secstatin,secstatin -> tecstatin,0.0,1.0,0.742,1.0,1.0,0.858,0.009,HMG-CoA reductase inhibitor,generic,-statin,crowded,False,,
tacstatin,False,ngram_guided+refined,4,64.0,65.32,moderate,-10.32,4.68,sunstation,0.6114,3,TRADEMARK_HIT,SIMILARITY_MODERATE,secstatin,secstatin -> tecstatin -> tacstatin,0.0,1.0,0.742,1.0,1.0,0.858,0.003,HMG-CoA reductase inhibitor,generic,-statin,crowded,False,,
tocstatin,False,ngram_guided+refined,4,64.07,64.89,moderate,-9.89,5.11,sunstation,0.6171,3,TRADEMARK_HIT,SIMILARITY_MODERATE,secstatin,secstatin -> tecstatin -> tacstatin -> tocstatin,0.0,1.0,0.742,1.0,1.0,0.858,0.014,HMG-CoA reductase inhibitor,generic,-statin,crowded,False,,
dubustatin,True,grammar+refined,4,67.29,68.74,moderate,-13.74,1.26,dobutamine,0.695,4,,SIMILARITY_MODERATE,dabustatin,dabustatin -> dubustatin,0.0,1.0,0.879,1.0,1.0,0.998,0.0,HMG-CoA reductase inhibitor,generic,-statin,crowded,True,,
suzastatin,False,grammar+refined,4,67.29,71.48,high,-16.48,-1.48,sunstation,0.6746,4,SIMILARITY_TOO_HIGH|INTRA_STEM_TOO_CLOSE|TRADEMARK_HIT,,sizastatin,sizastatin -> suzastatin,0.0,1.0,0.879,1.0,1.0,0.998,0.0,HMG-CoA reductase inhibitor,generic,-statin,crowded,False,,
sozastatin,False,grammar+refined,4,67.31,68.52,moderate,-13.52,1.48,sunstation,0.7109,4,INTRA_STEM_TOO_CLOSE|TRADEMARK_HIT,SIMILARITY_MODERATE,sizastatin,sizastatin -> suzastatin -> sozastatin,0.0,1.0,0.879,1.0,1.0,0.998,0.003,HMG-CoA reductase inhibitor,generic,-statin,crowded,False,,
sonastatin,False,grammar+refined,4,59.48,76.11,high,-21.11,-6.11,sunstation,0.8778,4,SIMILARITY_TOO_HIGH|TRADEMARK_HIT,,sizastatin,sizastatin -> suzastatin -> sozastatin -> sonastatin,0.0,0.6,0.879,1.0,1.0,0.998,0.028,HMG-CoA reductase inhibitor,generic,-statin,crowded,False,,
cehistatin,False,grammar+refined,4,67.29,70.8,high,-15.8,-0.8,histamine,0.6098,4,SIMILARITY_TOO_HIGH|TRADEMARK_HIT,,cedistatin,cedistatin -> cehistatin,0.0,1.0,0.879,1.0,1.0,0.998,0.0,HMG-CoA reductase inhibitor,generic,-statin,crowded,False,,
gehistatin,False,grammar+refined,4,67.29,70.8,high,-15.8,-0.8,histamine,0.6089,4,SIMILARITY_TOO_HIGH|TRADEMARK_HIT,,cedistatin,cedistatin -> cehistatin -> gehistatin,0.0,1.0,0.879,1.0,1.0,0.998,0.0,HMG-CoA reductase inhibitor,generic,-statin,crowded,False,,
gekistatin,True,grammar+refined,4,67.31,68.45,moderate,-13.45,1.55,genistein,0.7629,4,,SIMILARITY_MODERATE,cedistatin,cedistatin -> cehistatin -> gehistatin -> gekistatin,0.0,1.0,0.879,1.0,1.0,0.998,0.003,HMG-CoA reductase inhibitor,generic,-statin,crowded,True,,
zinistatin,False,grammar+refined,4,59.29,69.4,moderate,-14.4,0.6,sunstation,0.8336,4,INTRA_STEM_TOO_CLOSE|TRADEMARK_HIT,SIMILARITY_MODERATE,zixistatin,zixistatin -> zinistatin,0.0,0.6,0.879,1.0,1.0,0.998,0.0,HMG-CoA reductase inhibitor,generic,-statin,crowded,False,,
zigistatin,False,grammar+refined,4,67.29,70.92,high,-15.92,-0.92,digitatum,0.6174,4,SIMILARITY_TOO_HIGH|TRADEMARK_HIT,,zixistatin,zixistatin -> zinistatin -> zigistatin,0.0,1.0,0.879,1.0,1.0,0.998,0.0,HMG-CoA reductase inhibitor,generic,-statin,crowded,False,,
buiwastatin,False,grammar+refined,4,60.43,66.15,moderate,-11.15,3.85,adiastatic,0.6675,4,INTRA_STEM_TOO_CLOSE|TRADEMARK_HIT,SIMILARITY_MODERATE,buibastatin,buibastatin -> buiwastatin,0.0,0.68,0.879,1.0,1.0,0.952,0.0,HMG-CoA reductase inhibitor,generic,-statin,crowded,False,,
buizastatin,False,grammar+refined,4,60.56,66.15,moderate,-11.15,3.85,adiastatic,0.6618,4,INTRA_STEM_TOO_CLOSE|TRADEMARK_HIT,SIMILARITY_MODERATE,buibastatin,buibastatin -> buiwastatin -> buizastatin,0.0,0.68,0.879,1.0,1.0,0.952,0.018,HMG-CoA reductase inhibitor,generic,-statin,crowded,False,,
buozastatin,False,grammar+refined,4,65.74,60.41,moderate,-5.41,9.59,adiastatic,0.6139,5,TRADEMARK_HIT,SIMILARITY_MODERATE,buibastatin,buibastatin -> buiwastatin -> buizastatin -> buozastatin,0.0,1.0,0.894,1.0,1.0,0.821,0.001,HMG-CoA reductase inhibitor,generic,-statin,crowded,False,,
duustatin,False,grammar+refined,4,67.13,66.84,moderate,-11.84,3.16,sunstation,0.7601,4,INTRA_STEM_TOO_CLOSE|TRADEMARK_HIT,SIMILARITY_MODERATE,deustatin,deustatin -> duustatin,0.0,1.0,0.879,1.0,1.0,0.983,0.0,HMG-CoA reductase inhibitor,generic,-statin,crowded,False,,
daustatin,False,grammar+refined,4,65.59,67.46,moderate,-12.46,2.54,station,0.7121,3,TRADEMARK_HIT,SIMILARITY_MODERATE,deustatin,deustatin -> duustatin -> daustatin,0.0,1.0,0.854,1.0,1.0,0.858,0.009,HMG-CoA reductase inhibitor,generic,-statin,crowded,False,,
maxocycline,False,grammar,1,65.91,68.53,moderate,-13.53,1.47,hexocyclium,0.8709,4,INTRA_STEM_TOO_CLOSE|TRADEMARK_HIT,SIMILARITY_MODERATE,,maxocycline,0.0,1.0,0.813,1.0,1.0,0.952,0.001,tetracycline antibacterial,generic,-cycline,crowded,False,,
tatucycline,False,grammar,1,57.91,60.61,moderate,-5.61,9.39,achyrocline,0.8159,4,TRADEMARK_HIT,SIMILARITY_MODERATE,,tatucycline,0.0,0.6,0.813,1.0,1.0,0.952,0.001,tetracycline antibacterial,generic,-cycline,crowded,False,,
purzeprucycline,True,grammar,1,55.32,56.71,moderate,-1.71,13.29,procyclidine,0.7593,5,,SIMILARITY_MODERATE,,purzeprucycline,0.0,0.8,0.698,1.0,1.0,0.456,0.0,tetracycline antibacterial,generic,-cycline,crowded,False,,
ebocycline,False,grammar,1,66.36,66.98,moderate,-11.98,3.02,etofylline,0.8588,4,INTRA_STEM_TOO_CLOSE|TRADEMARK_HIT,SIMILARITY_MODERATE,,ebocycline,0.0,1.0,0.813,1.0,1.0,0.998,0.0,tetracycline antibacterial,generic,-cycline,crowded,False,,
cyxonocycline,False,grammar,1,61.28,58.65,moderate,-3.65,11.35,cyclomethycaine,0.689,5,INTRA_STEM_TOO_CLOSE|TRADEMARK_HIT,SIMILARITY_MODERATE,,cyxonocycline,0.0,1.0,0.717,1.0,1.0,0.624,0.001,tetracycline antibacterial,generic,-cycline,crowded,False,,
mulocycline,False,grammar,1,58.0,60.06,moderate,-5.06,9.94,procyclidine,0.9335,4,INTRA_STEM_TOO_CLOSE|TRADEMARK_HIT,SIMILARITY_MODERATE,,mulocycline,0.0,0.6,0.813,1.0,1.0,0.952,0.013,tetracycline antibacterial,generic,-cycline,crowded,False,,
vilocycline,False,grammar,1,64.9,64.52,moderate,-9.52,5.48,viloxazine,0.9192,4,INTRA_STEM_TOO_CLOSE|TRADEMARK_HIT,SIMILARITY_MODERATE,,vilocycline,0.0,0.6,0.813,1.0,1.0,0.952,0.999,tetracycline antibacterial,generic,-cycline,crowded,False,,
larracycline,False,grammar,1,58.63,60.7,moderate,-5.7,9.3,varenicline,0.8662,4,INTRA_STEM_TOO_CLOSE|TRADEMARK_HIT,SIMILARITY_MODERATE,,larracycline,0.0,0.68,0.813,1.0,1.0,0.862,0.003,tetracycline antibacterial,generic,-cycline,crowded,False,,
coneclecycline,False,grammar,1,55.81,60.68,moderate,-5.68,9.32,demeclocycline,0.9098,5,INTRA_STEM_TOO_CLOSE|TRADEMARK_HIT,SIMILARITY_MODERATE,,coneclecycline,0.0,0.771,0.722,1.0,1.0,0.527,0.0,tetracycline antibacterial,generic,-cycline,crowded,False,,
tocecycline,False,grammar,1,62.18,62.74,moderate,-7.74,7.26,acefylline,0.8829,4,INTRA_STEM_TOO_CLOSE|TRADEMARK_HIT,SIMILARITY_MODERATE,,tocecycline,0.0,0.6,0.813,1.0,1.0,0.952,0.611,tetracycline antibacterial,generic,-cycline,crowded,False,,
gidicycline,False,grammar,1,65.91,66.65,moderate,-11.65,3.35,dicyclomine,0.832,4,INTRA_STEM_TOO_CLOSE|TRADEMARK_HIT,SIMILARITY_MODERATE,,gidicycline,0.0,1.0,0.813,1.0,1.0,0.952,0.0,tetracycline antibacterial,generic,-cycline,crowded,False,,
samicycline,False,grammar,1,61.1,70.15,high,-15.15,-0.15,bamifylline,0.9608,4,SIMILARITY_TOO_HIGH|INTRA_STEM_TOO_CLOSE|TRADEMARK_HIT,,,samicycline,0.0,0.6,0.813,1.0,1.0,0.952,0.456,tetracycline antibacterial,generic,-cycline,crowded,False,,
intucacycline,False,grammar,1,57.92,56.11,moderate,-1.11,13.89,pentoxifylline,0.697,5,TRADEMARK_HIT,SIMILARITY_MODERATE,,intucacycline,0.0,0.733,0.828,1.0,1.0,0.624,0.06,tetracycline antibacterial,generic,-cycline,crowded,False,,
nerfecycline,False,grammar,1,58.61,59.31,moderate,-4.31,10.69,methacholine,0.8522,4,INTRA_STEM_TOO_CLOSE|TRADEMARK_HIT,SIMILARITY_MODERATE,,nerfecycline,0.0,0.68,0.813,1.0,1.0,0.862,0.001,tetracycline antibacterial,generic,-cycline,crowded,False,,
sirnocycline,False,grammar,1,65.0,61.74,moderate,-6.74,8.26,bencyclane,0.6913,4,INTRA_STEM_TOO_CLOSE|TRADEMARK_HIT,SIMILARITY_MODERATE,,sirnocycline,0.0,1.0,0.813,1.0,1.0,0.862,0.0,tetracycline antibacterial,generic,-cycline,crowded,False,,
zitrucycline,False,grammar,1,56.91,65.43,moderate,-10.43,4.57,citrulline,0.7164,4,INTRA_STEM_TOO_CLOSE|TRADEMARK_HIT,SIMILARITY_MODERATE,,zitrucycline,0.0,0.68,0.692,1.0,1.0,0.862,0.0,tetracycline antibacterial,generic,-cycline,crowded,False,,
norecycline,False,grammar,1,57.94,67.44,moderate,-12.44,2.56,norocillin,0.9167,4,INTRA_STEM_TOO_CLOSE|TRADEMARK_HIT,SIMILARITY_MODERATE,,norecycline,0.0,0.6,0.813,1.0,1.0,0.952,0.004,tetracycline antibacterial,generic,-cycline,crowded,False,,
semnicycline,False,grammar,1,59.97,64.21,moderate,-9.21,5.79,bencyclane,0.8651,4,TRADEMARK_HIT,SIMILARITY_MODERATE,,semnicycline,0.0,0.68,0.813,1.0,1.0,0.862,0.195,tetracycline antibacterial,generic,-cycline,crowded,False,,
bapiicycline,True,grammar,1,63.9,67.91,moderate,-12.91,2.09,bamifylline,0.6387,5,,SIMILARITY_MODERATE,,bapiicycline,0.0,1.0,0.828,1.0,1.0,0.731,0.0,tetracycline antibacterial,generic,-cycline,crowded,True,,
kilficycline,True,grammar,1,58.6,60.61,moderate,-5.61,9.39,citicoline,0.6555,4,,SIMILARITY_MODERATE,,kilficycline,0.0,0.68,0.813,1.0,1.0,0.862,0.0,tetracycline antibacterial,generic,-cycline,crowded,False,,
ixocycline,False,grammar,1,66.36,70.61,high,-15.61,-0.61,hexocyclium,0.8161,4,SIMILARITY_TOO_HIGH|INTRA_STEM_TOO_CLOSE|TRADEMARK_HIT,,,ixocycline,0.0,1.0,0.813,1.0,1.0,0.998,0.0,tetracycline antibacterial,generic,-cycline,crowded,False,,
lidadecycline,False,grammar,1,57.5,61.5,moderate,-6.5,8.5,viabecline,0.927,5,INTRA_STEM_TOO_CLOSE,SIMILARITY_MODERATE,,lidadecycline,0.0,0.733,0.828,1.0,1.0,0.624,0.0,tetracycline antibacterial,generic,-cycline,crowded,False,,
pixocycline,False,grammar,1,65.91,68.53,moderate,-13.53,1.47,hexocyclium,0.8046,4,INTRA_STEM_TOO_CLOSE|TRADEMARK_HIT,SIMILARITY_MODERATE,,pixocycline,0.0,1.0,0.813,1.0,1.0,0.952,0.0,tetracycline antibacterial,generic,-cycline,crowded,False,,
hecracycline,False,grammar,1,63.31,63.96,moderate,-8.96,6.04,tetracycline,0.7995,4,INTRA_STEM_TOO_CLOSE|TRADEMARK_HIT,SIMILARITY_MODERATE,,hecracycline,0.0,1.0,0.692,1.0,1.0,0.862,0.0,tetracycline antibacterial,generic,-cycline,crowded,False,,
tracycline,False,ngram_guided,1,64.7,67.15,moderate,-12.15,2.85,procyclidine,0.9755,3,INTRA_STEM_TOO_CLOSE|TRADEMARK_HIT,SIMILARITY_MODERATE,,tracycline,0.0,1.0,0.642,1.0,1.0,0.873,0.283,tetracycline antibacterial,generic,-cycline,crowded,False,,
testcycline,False,ngram_guided,1,59.87,65.57,moderate,-10.57,4.43,testicle,0.6743,3,INTRA_STEM_TOO_CLOSE|TRADEMARK_HIT,SIMILARITY_MODERATE,,testcycline,0.0,0.6,0.687,1.0,1.0,0.828,0.711,tetracycline antibacterial,generic,-cycline,crowded,False,,
neparvocycline,True,ngram_guided,1,47.35,66.15,moderate,-11.15,3.85,neparvovec,0.8535,5,,SIMILARITY_MODERATE,,neparvocycline,0.0,0.15,0.828,1.0,1.0,0.527,0.354,tetracycline antibacterial,generic,-cycline,crowded,False,,
sotcycline,False,ngram_guided,1,70.01,61.96,moderate,-6.96,8.04,phosphocholine,0.7507,3,TRADEMARK_HIT,SIMILARITY_MODERATE,,sotcycline,0.0,1.0,0.788,1.0,1.0,0.873,0.75,tetracycline antibacterial,generic,-cycline,crowded,False,,
zuralacycline,False,ngram_guided,1,53.49,61.16,moderate,-6.16,8.84,trilaciclib,0.819,5,INTRA_STEM_TOO_CLOSE,SIMILARITY_MODERATE,,zuralacycline,0.0,0.517,0.828,1.0,1.0,0.624,0.046,tetracycline antibacterial,generic,-cycline,crowded,False,,
bacacycline,False,ngram_guided,1,62.65,62.96,moderate,-7.96,7.04,achyrocline,0.87,4,INTRA_STEM_TOO_CLOSE|TRADEMARK_HIT,SIMILARITY_MODERATE,,bacacycline,0.0,0.6,0.813,1.0,1.0,0.952,0.678,tetracycline antibacterial,generic,-cycline,crowded,False,,
ibucycline,False,ngram_guided,1,70.69,64.13,moderate,-9.13,5.87,butacaine,0.7641,4,INTRA_STEM_TOO_CLOSE|TRADEMARK_HIT,SIMILARITY_MODERATE,,ibucycline,0.0,1.0,0.813,1.0,1.0,0.998,0.618,tetracycline antibacterial,generic,-cycline,crowded,False,,
ensaribocycline,True,ngram_guided,1,56.26,61.8,moderate,-6.8,8.2,ribociclib,0.8247,6,,SIMILARITY_MODERATE,,ensaribocycline,0.0,0.6,0.838,1.0,1.0,0.237,0.736,tetracycline antibacterial,generic,-cycline,crowded,False,,
imexcycline,False,ngram_guided,1,57.03,65.28,moderate,-10.28,4.72,bencyclane,0.7657,4,INTRA_STEM_TOO_CLOSE|TRADEMARK_HIT,SIMILARITY_MODERATE,,imexcycline,0.0,0.6,0.737,1.0,1.0,0.952,0.026,tetracycline antibacterial,generic,-cycline,crowded,False,,
ramilocycline,False,ngram_guided,1,50.79,60.3,moderate,-5.3,9.7,amylocaine,0.9251,5,INTRA_STEM_TOO_CLOSE|TRADEMARK_HIT,SIMILARITY_MODERATE,,ramilocycline,0.0,0.517,0.828,1.0,0.53,0.624,0.735,tetracycline antibacterial,generic,-cycline,crowded,False,,
odrocycline,False,ngram_guided,1,57.36,70.68,high,-15.68,-0.68,procyclidine,0.9085,4,SIMILARITY_TOO_HIGH|INTRA_STEM_TOO_CLOSE|TRADEMARK_HIT,,,odrocycline,0.0,0.6,0.692,1.0,1.0,0.952,0.165,tetracycline antibacterial,generic,-cycline,crowded,False,,
gefibrikcycline,True,ngram_guided,1,52.09,54.9,low,0.1,15.1,defibrotide,0.6607,5,,,,gefibrikcycline,0.004,0.6,0.722,1.0,1.0,0.456,0.046,tetracycline antibacterial,generic,-cycline,crowded,False,,
degacycline,False,ngram_guided,1,60.93,66.35,moderate,-11.35,3.65,bencyclane,0.811,4,INTRA_STEM_TOO_CLOSE|TRADEMARK_HIT,SIMILARITY_MODERATE,,degacycline,0.0,0.6,0.813,1.0,1.0,0.952,0.432,tetracycline antibacterial,generic,-cycline,crowded,False,,
nilvacycline,False,ngram_guided,1,57.36,66.79,moderate,-11.79,3.21,nilvadipine,0.8251,4,INTRA_STEM_TOO_CLOSE,SIMILARITY_MODERATE,,nilvacycline,0.0,0.45,0.813,1.0,1.0,0.862,0.48,tetracycline antibacterial,generic,-cycline,crowded,False,,
lidotcycline,False,ngram_guided,1,54.72,58.05,moderate,-3.05,11.95,lidoflazine,0.74,4,TRADEMARK_HIT,SIMILARITY_MODERATE,,lidotcycline,0.0,0.45,0.813,1.0,1.0,0.862,0.103,tetracycline antibacterial,generic,-cycline,crowded,False,,
procycline,False,ngram_guided,1,64.07,79.77,high,-24.77,-9.77,procyclidine,0.9911,3,SIMILARITY_TOO_HIGH|INTRA_STEM_TOO_CLOSE|TRADEMARK_HIT,,,procycline,0.0,1.0,0.642,1.0,1.0,0.873,0.194,tetracycline antibacterial,generic,-cycline,crowded,False,,
panilocycline,False,ngram_guided,1,64.49,58.12,moderate,-3.12,11.88,palbociclib,0.9262,5,TRADEMARK_HIT,SIMILARITY_MODERATE,,panilocycline,0.0,0.733,0.828,1.0,1.0,0.624,0.999,tetracycline antibacterial,generic,-cycline,crowded,False,,
josampicycline,True,ngram_guided,1,53.95,62.67,moderate,-7.67,7.33,pivampicillin,0.8216,5,,SIMILARITY_MODERATE,,josampicycline,0.0,0.564,0.828,1.0,1.0,0.527,0.114,tetracycline antibacterial,generic,-cycline,crowded,False,,
temacycline,False,ngram_guided,1,61.71,68.7,moderate,-13.7,1.3,abemaciclib,0.9034,4,INTRA_STEM_TOO_CLOSE|TRADEMARK_HIT,SIMILARITY_MODERATE,,temacycline,0.0,0.6,0.813,1.0,1.0,0.952,0.543,tetracycline antibacterial,generic,-cycline,crowded,False,,
pralmecycline,False,ngram_guided,1,55.77,66.21,moderate,-11.21,3.79,pralmorelin,0.9321,4,INTRA_STEM_TOO_CLOSE,SIMILARITY_MODERATE,,pralmecycline,0.0,0.517,0.667,1.0,1.0,0.755,0.506,tetracycline antibacterial,generic,-cycline,crowded,False,,
tovobinecycline,True,ngram_guided,1,55.38,56.02,moderate,-1.02,13.98,bencyclane,0.8256,6,,SIMILARITY_MODERATE,,tovobinecycline,0.0,0.6,0.838,1.0,1.0,0.237,0.611,tetracycline antibacterial,generic,-cycline,crowded,False,,
palomiplcycline,True,ngram_guided,1,54.69,57.09,moderate,-2.09,12.91,lomifylline,0.7511,5,,SIMILARITY_MODERATE,,palomiplcycline,0.0,0.6,0.768,1.0,1.0,0.456,0.341,tetracycline antibacterial,generic,-cycline,crowded,False,,
ozanitacycline,True,ngram_guided,1,53.25,59.24,moderate,-4.24,10.76,antazoline,0.852,6,,SIMILARITY_MODERATE,,ozanitacycline,0.0,0.564,0.838,1.0,1.0,0.309,0.305,tetracycline antibacterial,generic,-cycline,crowded,False,,
androxycycline,False,ngram_guided,1,42.17,66.28,moderate,-11.28,3.72,proxyphylline,0.9809,5,INTRA_STEM_TOO_CLOSE|TRADEMARK_HIT,SIMILARITY_MODERATE,,androxycycline,0.0,0.564,0.611,1.0,0.18,0.527,0.739,tetracycline antibacterial,generic,-cycline,crowded,False,,
itucycline,False,ngram_guided+refined,1,66.36,63.69,moderate,-8.69,6.31,citicoline,0.6862,4,INTRA_STEM_TOO_CLOSE|TRADEMARK_HIT,SIMILARITY_MODERATE,ibucycline,ibucycline -> itucycline,0.0,1.0,0.813,1.0,1.0,0.998,0.0,tetracycline antibacterial,generic,-cycline,crowded,False,,
ifucycline,False,ngram_guided+refined,1,66.36,60.18,moderate,-5.18,9.82,cifenline,0.6972,4,TRADEMARK_HIT,SIMILARITY_MODERATE,ibucycline,ibucycline -> itucycline -> ifucycline,0.0,1.0,0.813,1.0,1.0,0.998,0.0,tetracycline antibacterial,generic,-cycline,crowded,False,,
inucycline,False,ngram_guided+refined,1,66.36,64.17,moderate,-9.17,5.83,bencyclane,0.8167,4,INTRA_STEM_TOO_CLOSE|TRADEMARK_HIT,SIMILARITY_MODERATE,ibucycline,ibucycline -> itucycline -> ifucycline -> inucycline,0.0,1.0,0.813,1.0,1.0,0.998,0.0,tetracycline antibacterial,generic,-cycline,crowded,False,,
sutcycline,False,ngram_guided+refined,1,64.79,63.02,moderate,-8.02,6.98,bencyclane,0.7182,3,TRADEMARK_HIT,SIMILARITY_MODERATE,sotcycline,sotcycline -> sutcycline,0.0,1.0,0.788,1.0,1.0,0.873,0.004,tetracycline antibacterial,generic,-cycline,crowded,False,,
ehocycline,False,grammar+refined,1,66.36,65.85,moderate,-10.85,4.15,evoclin,0.7935,4,TRADEMARK_HIT,SIMILARITY_MODERATE,ebocycline,ebocycline -> ehocycline,0.0,1.0,0.813,1.0,1.0,0.998,0.0,tetracycline antibacterial,generic,-cycline,crowded,False,,
ejocycline,False,grammar+refined,1,66.36,66.29,moderate,-11.29,3.71,etofylline,0.7421,4,INTRA_STEM_TOO_CLOSE|TRADEMARK_HIT,SIMILARITY_MODERATE,ebocycline,ebocycline -> ehocycline -> ejocycline,0.0,1.0,0.813,1.0,1.0,0.998,0.0,tetracycline antibacterial,generic,-cycline,crowded,False,,
epocycline,False,grammar+refined,1,66.59,69.28,moderate,-14.28,0.72,etofylline,0.9005,4,INTRA_STEM_TOO_CLOSE|TRADEMARK_HIT,SIMILARITY_MODERATE,ebocycline,ebocycline -> ehocycline -> ejocycline -> epocycline,0.0,1.0,0.813,1.0,1.0,0.998,0.033,tetracycline antibacterial,generic,-cycline,crowded,False,,
exocycline,False,grammar+refined,1,66.38,76.04,high,-21.04,-6.04,hexocyclium,0.8999,4,SIMILARITY_TOO_HIGH|INTRA_STEM_TOO_CLOSE|TRADEMARK_HIT,,ixocycline,ixocycline -> exocycline,0.0,1.0,0.813,1.0,1.0,0.998,0.003,tetracycline antibacterial,generic,-cycline,crowded,False,,
axocycline,False,grammar+refined,1,66.36,70.61,high,-15.61,-0.61,hexocyclium,0.8608,4,SIMILARITY_TOO_HIGH|INTRA_STEM_TOO_CLOSE|TRADEMARK_HIT,,ixocycline,ixocycline -> exocycline -> axocycline,0.0,1.0,0.813,1.0,1.0,0.998,0.0,tetracycline antibacterial,generic,-cycline,crowded,False,,
avocycline,False,grammar+refined,1,66.37,67.24,moderate,-12.24,2.76,evoclin,0.9332,4,INTRA_STEM_TOO_CLOSE|TRADEMARK_HIT,SIMILARITY_MODERATE,ixocycline,ixocycline -> exocycline -> axocycline -> avocycline,0.0,1.0,0.813,1.0,1.0,0.998,0.001,tetracycline antibacterial,generic,-cycline,crowded,False,,
muxocycline,False,grammar+refined,1,65.91,67.93,moderate,-12.93,2.07,hexocyclium,0.7681,4,INTRA_STEM_TOO_CLOSE|TRADEMARK_HIT,SIMILARITY_MODERATE,maxocycline,maxocycline -> muxocycline,0.0,1.0,0.813,1.0,1.0,0.952,0.0,tetracycline antibacterial,generic,-cycline,crowded,False,,
mumocycline,False,grammar+refined,1,65.91,61.71,moderate,-6.71,8.29,minocycline,0.8922,4,INTRA_STEM_TOO_CLOSE|TRADEMARK_HIT,SIMILARITY_MODERATE,maxocycline,maxocycline -> muxocycline -> mumocycline,0.0,1.0,0.813,1.0,1.0,0.952,0.0,tetracycline antibacterial,generic,-cycline,crowded,False,,
mujocycline,False,grammar+refined,1,65.91,59.29,moderate,-4.29,10.71,butoxycaine,0.7865,4,INTRA_STEM_TOO_CLOSE|TRADEMARK_HIT,SIMILARITY_MODERATE,maxocycline,maxocycline -> muxocycline -> mumocycline -> mujocycline,0.0,1.0,0.813,1.0,1.0,0.952,0.0,tetracycline antibacterial,generic,-cycline,crowded,False,,
gigicycline,False,grammar+refined,1,65.91,66.79,moderate,-11.79,3.21,digitalin,0.823,4,INTRA_STEM_TOO_CLOSE|TRADEMARK_HIT,SIMILARITY_MODERATE,gidicycline,gidicycline -> gigicycline,0.0,1.0,0.813,1.0,1.0,0.952,0.0,tetracycline antibacterial,generic,-cycline,crowded,False,,
gijicycline,False,grammar+refined,1,65.91,62.6,moderate,-7.6,7.4,citicoline,0.7187,4,INTRA_STEM_TOO_CLOSE|TRADEMARK_HIT,SIMILARITY_MODERATE,gidicycline,gidicycline -> gigicycline -> gijicycline,0.0,1.0,0.813,1.0,1.0,0.952,0.0,tetracycline antibacterial,generic,-cycline,crowded,False,,
givicycline,False,grammar+refined,1,63.36,63.59,moderate,-8.59,6.41,citicoline,0.8417,4,INTRA_STEM_TOO_CLOSE|TRADEMARK_HIT,SIMILARITY_MODERATE,gidicycline,gidicycline -> gigicycline -> gijicycline -> givicycline,0.0,0.6,0.813,1.0,1.0,0.952,0.78,tetracycline antibacterial,generic,-cycline,crowded,False,,
paxocycline,False,grammar+refined,1,57.93,68.53,moderate,-13.53,1.47,hexocyclium,0.869,4,INTRA_STEM_TOO_CLOSE|TRADEMARK_HIT,SIMILARITY_MODERATE,pixocycline,pixocycline -> paxocycline,0.0,0.6,0.813,1.0,1.0,0.952,0.003,tetracycline antibacterial,generic,-cycline,crowded,False,,
sicnocycline,False,grammar+refined,1,65.0,57.26,moderate,-2.26,12.74,hexocyclium,0.648,4,INTRA_STEM_TOO_CLOSE|TRADEMARK_HIT,SIMILARITY_MODERATE,sirnocycline,sirnocycline -> sicnocycline,0.0,1.0,0.813,1.0,1.0,0.862,0.0,tetracycline antibacterial,generic,-cycline,crowded,False,,
sivnocycline,False,grammar+refined,1,65.0,58.31,moderate,-3.31,11.69,bencyclane,0.6607,4,INTRA_STEM_TOO_CLOSE|TRADEMARK_HIT,SIMILARITY_MODERATE,sirnocycline,sirnocycline -> sicnocycline -> sivnocycline,0.0,1.0,0.813,1.0,1.0,0.862,0.0,tetracycline antibacterial,generic,-cycline,crowded,False,,
sovnocycline,False,grammar+refined,1,65.0,58.31,moderate,-3.31,11.69,bencyclane,0.6528,4,INTRA_STEM_TOO_CLOSE|TRADEMARK_HIT,SIMILARITY_MODERATE,sirnocycline,sirnocycline -> sicnocycline -> sivnocycline -> sovnocycline,0.0,1.0,0.813,1.0,1.0,0.862,0.0,tetracycline antibacterial,generic,-cycline,crowded,False,,
tizacycline,False,grammar,2,57.96,63.38,moderate,-8.38,6.62,viabecline,0.8199,4,INTRA_STEM_TOO_CLOSE|TRADEMARK_HIT,SIMILARITY_MODERATE,,tizacycline,0.0,0.6,0.813,1.0,1.0,0.952,0.007,tetracycline antibacterial,generic,-cycline,crowded,False,,
futocycline,False,grammar,2,66.03,65.36,moderate,-10.36,4.64,butoxycaine,0.8458,4,INTRA_STEM_TOO_CLOSE|TRADEMARK_HIT,SIMILARITY_MODERATE,,futocycline,0.0,1.0,0.813,1.0,1.0,0.952,0.017,tetracycline antibacterial,generic,-cycline,crowded,False,,
azicycline,False,grammar,2,72.84,66.03,moderate,-11.03,3.97,zydaclin,0.8812,4,INTRA_STEM_TOO_CLOSE|TRADEMARK_HIT,SIMILARITY_MODERATE,,azicycline,0.0,1.0,0.813,1.0,1.0,0.998,0.926,tetracycline antibacterial,generic,-cycline,crowded,False,,
felmocycline,False,grammar,2,58.78,63.23,moderate,-8.23,6.77,palbociclib,0.8348,4,INTRA_STEM_TOO_CLOSE|TRADEMARK_HIT,SIMILARITY_MODERATE,,felmocycline,0.0,0.68,0.813,1.0,1.0,0.862,0.026,tetracycline antibacterial,generic,-cycline,crowded,False,,
arvecycline,False,grammar,2,57.93,64.41,moderate,-9.41,5.59,barbexaclone,0.9433,4,INTRA_STEM_TOO_CLOSE,SIMILARITY_MODERATE,,arvecycline,0.0,0.6,0.813,1.0,1.0,0.952,0.003,tetracycline antibacterial,generic,-cycline,crowded,False,,
sucocycline,False,grammar,2,65.91,61.85,moderate,-6.85,8.15,coastline,0.977,4,TRADEMARK_HIT,SIMILARITY_MODERATE,,sucocycline,0.0,1.0,0.813,1.0,1.0,0.952,0.001,tetracycline antibacterial,generic,-cycline,crowded,False,,
cegicycline,False,grammar,2,65.91,62.73,moderate,-7.73,7.27,bencyclane,0.7814,4,INTRA_STEM_TOO_CLOSE,SIMILARITY_MODERATE,,cegicycline,0.0,1.0,0.813,1.0,1.0,0.952,0.0,tetracycline antibacterial,generic,-cycline,crowded,False,,
phopacycline,False,grammar,2,58.68,64.57,moderate,-9.57,5.43,phosphocholine,0.896,4,TRADEMARK_HIT,SIMILARITY_MODERATE,,phopacycline,0.0,0.68,0.813,1.0,1.0,0.862,0.011,tetracycline antibacterial,generic,-cycline,crowded,False,,
inacycline,False,grammar,2,70.98,64.17,moderate,-9.17,5.83,bencyclane,0.9101,4,INTRA_STEM_TOO_CLOSE|TRADEMARK_HIT,SIMILARITY_MODERATE,,inacycline,0.0,1.0,0.813,1.0,1.0,0.998,0.66,tetracycline antibacterial,generic,-cycline,crowded,False,,
elacycline,False,grammar,2,72.67,62.52,moderate,-7.52,7.48,aceclidine,0.9251,4,INTRA_STEM_TOO_CLOSE|TRADEMARK_HIT,SIMILARITY_MODERATE,,elacycline,0.0,1.0,0.813,1.0,1.0,0.998,0.902,tetracycline antibacterial,generic,-cycline,crowded,False,,
asveocycline,True,grammar,2,63.9,59.92,moderate,-4.92,10.08,acefylline,0.832,5,,SIMILARITY_MODERATE,,asveocycline,0.0,1.0,0.828,1.0,1.0,0.731,0.0,tetracycline antibacterial,generic,-cycline,crowded,True,,
basomucycline,True,grammar,2,57.5,58.03,moderate,-3.03,11.97,bamifylline,0.7593,5,,SIMILARITY_MODERATE,,basomucycline,0.0,0.733,0.828,1.0,1.0,0.624,0.0,tetracycline antibacterial,generic,-cycline,crowded,False,,
edicycline,False,grammar,2,66.36,71.14,high,-16.14,-1.14,dicyclomine,0.9089,4,SIMILARITY_TOO_HIGH|TRADEMARK_HIT,,,edicycline,0.0,1.0,0.813,1.0,1.0,0.998,0.0,tetracycline antibacterial,generic,-cycline,crowded,False,,
elamacycline,False,grammar,2,57.82,61.29,moderate,-6.29,8.71,amsacrine,0.8912,5,INTRA_STEM_TOO_CLOSE,SIMILARITY_MODERATE,,elamacycline,0.0,0.68,0.828,1.0,1.0,0.731,0.046,tetracycline antibacterial,generic,-cycline,crowded,False,,
atakicycline,True,grammar,2,63.98,61.44,moderate,-6.44,8.56,achyrocline,0.7414,5,,SIMILARITY_MODERATE,,atakicycline,0.0,1.0,0.828,1.0,1.0,0.731,0.012,tetracycline antibacterial,generic,-cycline,crowded,True,,
tarocycline,False,grammar,2,62.41,70.68,high,-15.68,-0.68,procyclidine,0.9151,4,SIMILARITY_TOO_HIGH|INTRA_STEM_TOO_CLOSE|TRADEMARK_HIT,,,tarocycline,0.0,0.6,0.813,1.0,1.0,0.952,0.643,tetracycline antibacterial,generic,-cycline,crowded,False,,
agocycline,False,grammar,2,66.36,62.09,moderate,-7.09,7.91,achyrocline,0.9382,4,INTRA_STEM_TOO_CLOSE|TRADEMARK_HIT,SIMILARITY_MODERATE,,agocycline,0.0,1.0,0.813,1.0,1.0,0.998,0.0,tetracycline antibacterial,generic,-cycline,crowded,False,,
cotecycline,False,grammar,2,57.91,62.62,moderate,-7.62,7.38,coastline,0.9415,4,INTRA_STEM_TOO_CLOSE|TRADEMARK_HIT,SIMILARITY_MODERATE,,cotecycline,0.0,0.6,0.813,1.0,1.0,0.952,0.001,tetracycline antibacterial,generic,-cycline,crowded,False,,
pilacycline,False,grammar,2,65.97,67.4,moderate,-12.4,2.6,trilaciclib,0.9196,4,INTRA_STEM_TOO_CLOSE|TRADEMARK_HIT,SIMILARITY_MODERATE,,pilacycline,0.0,1.0,0.813,1.0,1.0,0.952,0.01,tetracycline antibacterial,generic,-cycline,crowded,False,,
octfutocycline,True,grammar,2,61.19,53.27,low,1.73,16.73,butoxycaine,0.6659,5,,,,octfutocycline,0.069,1.0,0.656,1.0,1.0,0.527,0.01,tetracycline antibacterial,generic,-cycline,crowded,False,,
covacycline,False,grammar,2,57.95,68.43,moderate,-13.43,1.57,coastline,0.8861,4,INTRA_STEM_TOO_CLOSE|TRADEMARK_HIT,SIMILARITY_MODERATE,,covacycline,0.0,0.6,0.813,1.0,1.0,0.952,0.006,tetracycline antibacterial,generic,-cycline,crowded,False,,
tovacycline,False,grammar,2,58.27,64.77,moderate,-9.77,5.23,tolazoline,0.8463,4,INTRA_STEM_TOO_CLOSE|TRADEMARK_HIT,SIMILARITY_MODERATE,,tovacycline,0.0,0.6,0.813,1.0,1.0,0.952,0.051,tetracycline antibacterial,generic,-cycline,crowded,False,,
bocticycline,False,grammar,2,58.6,60.07,moderate,-5.07,9.93,achyrocline,0.9188,4,INTRA_STEM_TOO_CLOSE|TRADEMARK_HIT,SIMILARITY_MODERATE,,bocticycline,0.0,0.68,0.813,1.0,1.0,0.862,0.0,tetracycline antibacterial,generic,-cycline,crowded,False,,
oqecycline,False,grammar,2,66.36,66.79,moderate,-11.79,3.21,evoclin,0.6443,4,INTRA_STEM_TOO_CLOSE|TRADEMARK_HIT,SIMILARITY_MODERATE,,oqecycline,0.0,1.0,0.813,1.0,1.0,0.998,0.0,tetracycline antibacterial,generic,-cycline,crowded,False,,
olicycline,False,ngram_guided,2,69.91,61.68,moderate,-6.68,8.32,dicyclomine,0.9499,4,TRADEMARK_HIT,SIMILARITY_MODERATE,,olicycline,0.0,1.0,0.813,1.0,1.0,0.998,0.507,tetracycline antibacterial,generic,-cycline,crowded,False,,
catacycline,False,ngram_guided,2,62.18,63.41,moderate,-8.41,6.59,catalina,0.926,4,INTRA_STEM_TOO_CLOSE|TRADEMARK_HIT,SIMILARITY_MODERATE,,catacycline,0.0,0.6,0.813,1.0,1.0,0.952,0.611,tetracycline antibacterial,generic,-cycline,crowded,False,,
daptacycline,False,ngram_guided,2,60.48,65.17,moderate,-10.17,4.83,daptacel,0.8543,4,INTRA_STEM_TOO_CLOSE|TRADEMARK_HIT,SIMILARITY_MODERATE,,daptacycline,0.0,0.45,0.813,1.0,1.0,0.862,0.925,tetracycline antibacterial,generic,-cycline,crowded,False,,
nilcycline,False,ngram_guided,2,69.17,63.61,moderate,-8.61,6.39,nicergoline,0.8434,3,TRADEMARK_HIT,SIMILARITY_MODERATE,,nilcycline,0.0,1.0,0.788,1.0,1.0,0.873,0.63,tetracycline antibacterial,generic,-cycline,crowded,False,,
oprcycline,False,ngram_guided,2,63.37,67.73,moderate,-12.73,2.27,procyclidine,0.6712,3,TRADEMARK_HIT,SIMILARITY_MODERATE,,oprcycline,0.0,1.0,0.687,1.0,1.0,0.873,0.003,tetracycline antibacterial,generic,-cycline,crowded,False,,
natucycline,False,ngram_guided,2,63.06,60.61,moderate,-5.61,9.39,achyrocline,0.8347,4,TRADEMARK_HIT,SIMILARITY_MODERATE,,natucycline,0.0,0.6,0.813,1.0,1.0,0.952,0.736,tetracycline antibacterial,generic,-cycline,crowded,False,,
gamucicycline,True,ngram_guided,2,55.49,61.09,moderate,-6.09,8.91,bamifylline,0.8275,5,,SIMILARITY_MODERATE,,gamucicycline,0.0,0.517,0.828,1.0,1.0,0.624,0.332,tetracycline antibacterial,generic,-cycline,crowded,False,,
fosracycline,False,ngram_guided,2,60.08,61.09,moderate,-6.09,8.91,phosphocholine,0.8102,4,INTRA_STEM_TOO_CLOSE|TRADEMARK_HIT,SIMILARITY_MODERATE,,fosracycline,0.0,0.45,0.813,1.0,1.0,0.862,0.868,tetracycline antibacterial,generic,-cycline,crowded,False,,
dapicycline,False,ngram_guided,2,63.54,65.38,moderate,-10.38,4.62,bamifylline,0.9044,4,TRADEMARK_HIT,SIMILARITY_MODERATE,,dapicycline,0.0,0.6,0.813,1.0,1.0,0.952,0.805,tetracycline antibacterial,generic,-cycline,crowded,False,,
epotcycline,True,ngram_guided,2,61.48,60.45,moderate,-5.45,9.55,bencyclane,0.7078,4,,SIMILARITY_MODERATE,,epotcycline,0.0,0.6,0.813,1.0,1.0,0.952,0.51,tetracycline antibacterial,generic,-cycline,crowded,False,,
chlorcycline,False,ngram_guided,2,42.59,81.11,high,-26.11,-11.11,chlorcyclizine,0.9698,3,SIMILARITY_TOO_HIGH|INTRA_STEM_TOO_CLOSE,,,chlorcycline,0.0,0.45,0.53,1.0,0.53,0.737,0.187,tetracycline antibacterial,generic,-cycline,crowded,False,,
buriccycline,True,ngram_guided,2,53.25,67.18,moderate,-12.18,2.82,butriptyline,0.7332,4,,SIMILARITY_MODERATE,,buriccycline,0.0,0.45,0.813,0.75,1.0,0.862,0.214,tetracycline antibacterial,generic,-cycline,crowded,False,,
cetazocycline,False,ngram_guided,2,52.61,62.94,moderate,-7.94,7.06,cefazolin,0.9493,5,TRADEMARK_HIT,SIMILARITY_MODERATE,,cetazocycline,0.0,0.3,0.828,1.0,1.0,0.624,0.539,tetracycline antibacterial,generic,-cycline,crowded,False,,
ganaxibucycline,True,ngram_guided,2,56.96,53.24,low,1.76,16.76,ganaxolone,0.7814,6,,,,ganaxibucycline,0.07,0.6,0.838,1.0,1.0,0.237,0.595,tetracycline antibacterial,generic,-cycline,crowded,False,,
estrcycline,False,ngram_guided,2,47.05,62.02,moderate,-7.02,7.98,sertraline,0.6176,3,INTRA_STEM_TOO_CLOSE|TRADEMARK_HIT,SIMILARITY_MODERATE,,estrcycline,0.0,0.6,0.62,0.65,0.59,0.828,0.402,tetracycline antibacterial,generic,-cycline,crowded,False,,
obicycline,False,ngram_guided,2,66.5,66.43,moderate,-11.43,3.57,dicyclomine,0.9018,4,TRADEMARK_HIT,SIMILARITY_MODERATE,,obicycline,0.0,1.0,0.813,1.0,1.0,0.998,0.02,tetracycline antibacterial,generic,-cycline,crowded,False,,
carbocycline,False,ngram_guided,2,48.09,72.46,high,-17.46,-2.46,carbocysteine,0.9815,4,SIMILARITY_TOO_HIGH|INTRA_STEM_TOO_CLOSE|TRADEMARK_HIT,,,carbocycline,0.0,0.45,0.813,1.0,0.53,0.862,0.23,tetracycline antibacterial,generic,-cycline,crowded,False,,
cricycline,False,ngram_guided,2,63.34,68.56,moderate,-13.56,1.44,crystalline,0.955,3,INTRA_STEM_TOO_CLOSE|TRADEMARK_HIT,SIMILARITY_MODERATE,,cricycline,0.0,1.0,0.642,1.0,1.0,0.873,0.089,tetracycline antibacterial,generic,-cycline,crowded,False,,
aducycline,False,ngram_guided,2,66.5,63.94,moderate,-8.94,6.06,dicyclomine,0.7944,4,INTRA_STEM_TOO_CLOSE|TRADEMARK_HIT,SIMILARITY_MODERATE,,aducycline,0.0,1.0,0.813,1.0,1.0,0.998,0.019,tetracycline antibacterial,generic,-cycline,crowded,False,,
olucycline,True,ngram_guided,2,66.74,64.57,moderate,-9.57,5.43,fluciclovine,0.8245,4,,SIMILARITY_MODERATE,,olucycline,0.0,1.0,0.813,1.0,1.0,0.998,0.054,tetracycline antibacterial,generic,-cycline,crowded,True,,
nafcycline,False,ngram_guided,2,66.83,72.17,high,-17.17,-2.17,nafcillin,0.802,3,SIMILARITY_TOO_HIGH|TRADEMARK_HIT,,,nafcycline,0.0,1.0,0.788,1.0,1.0,0.873,0.296,tetracycline antibacterial,generic,-cycline,crowded,False,,
rimcycline,False,ngram_guided,2,70.55,63.87,moderate,-8.87,6.13,ribociclib,0.655,3,INTRA_STEM_TOO_CLOSE|TRADEMARK_HIT,SIMILARITY_MODERATE,,rimcycline,0.0,1.0,0.788,1.0,1.0,0.873,0.827,tetracycline antibacterial,generic,-cycline,crowded,False,,
pumpcycline,True,ngram_guided,2,54.98,62.43,moderate,-7.43,7.57,bencyclane,0.6384,3,,SIMILARITY_MODERATE,,pumpcycline,0.0,0.6,0.687,1.0,1.0,0.828,0.013,tetracycline antibacterial,generic,-cycline,crowded,False,,
ozacycline,False,ngram_guided,2,66.54,65.17,moderate,-10.17,4.83,viabecline,0.8409,4,INTRA_STEM_TOO_CLOSE|TRADEMARK_HIT,SIMILARITY_MODERATE,,ozacycline,0.0,1.0,0.813,1.0,1.0,0.998,0.026,tetracycline antibacterial,generic,-cycline,crowded,False,,
aqicycline,True,grammar+refined,2,66.36,63.13,moderate,-8.13,6.87,achyrocline,0.7257,4,,SIMILARITY_MODERATE,azicycline,azicycline -> aqicycline,0.0,1.0,0.813,1.0,1.0,0.998,0.0,tetracycline antibacterial,generic,-cycline,crowded,True,,
epacycline,False,grammar+refined,2,66.45,62.52,moderate,-7.52,7.48,aceclidine,0.8711,4,INTRA_STEM_TOO_CLOSE|TRADEMARK_HIT,SIMILARITY_MODERATE,elacycline,elacycline -> epacycline,0.0,1.0,0.813,1.0,1.0,0.998,0.013,tetracycline antibacterial,generic,-cycline,crowded,False,,
enacycline,False,grammar+refined,2,72.86,70.35,high,-15.35,-0.35,bencyclane,0.8984,4,SIMILARITY_TOO_HIGH|INTRA_STEM_TOO_CLOSE|TRADEMARK_HIT,,elacycline,elacycline -> epacycline -> enacycline,0.0,1.0,0.813,1.0,1.0,0.998,0.928,tetracycline antibacterial,generic,-cycline,crowded,False,,
ekacycline,False,grammar+refined,2,66.36,63.46,moderate,-8.46,6.54,coastline,0.6806,4,INTRA_STEM_TOO_CLOSE|TRADEMARK_HIT,SIMILARITY_MODERATE,elacycline,elacycline -> epacycline -> enacycline -> ekacycline,0.0,1.0,0.813,1.0,1.0,0.998,0.0,tetracycline antibacterial,generic,-cycline,crowded,False,,
ibacycline,False,grammar+refined,2,68.95,64.17,moderate,-9.17,5.83,bencyclane,0.8917,4,INTRA_STEM_TOO_CLOSE|TRADEMARK_HIT,SIMILARITY_MODERATE,inacycline,inacycline -> ibacycline,0.0,1.0,0.813,1.0,1.0,0.998,0.37,tetracycline antibacterial,generic,-cycline,crowded,False,,
ivacycline,False,grammar+refined,2,66.38,66.02,moderate,-11.02,3.98,viabecline,0.8812,4,INTRA_STEM_TOO_CLOSE|TRADEMARK_HIT,SIMILARITY_MODERATE,inacycline,inacycline -> ibacycline -> ivacycline,0.0,1.0,0.813,1.0,1.0,0.998,0.003,tetracycline antibacterial,generic,-cycline,crowded,False,,
ihacycline,False,grammar+refined,2,66.36,62.52,moderate,-7.52,7.48,aceclidine,0.6172,4,INTRA_STEM_TOO_CLOSE,SIMILARITY_MODERATE,inacycline,inacycline -> ibacycline -> ivacycline -> ihacycline,0.0,1.0,0.813,1.0,1.0,0.998,0.0,tetracycline antibacterial,generic,-cycline,crowded,False,,
romcycline,True,ngram_guided+refined,2,68.18,61.55,moderate,-6.55,8.45,bencyclane,0.6728,3,,SIMILARITY_MODERATE,rimcycline,rimcycline -> romcycline,0.0,1.0,0.788,1.0,1.0,0.873,0.489,tetracycline antibacterial,generic,-cycline,crowded,True,,
ovicycline,False,ngram_guided+refined,2,66.37,67.41,moderate,-12.41,2.59,viabecline,0.9007,4,TRADEMARK_HIT,SIMILARITY_MODERATE,olicycline,olicycline -> ovicycline,0.0,1.0,0.813,1.0,1.0,0.998,0.001,tetracycline antibacterial,generic,-cycline,crowded,False,,
onicycline,False,ngram_guided+refined,2,66.36,68.53,moderate,-13.53,1.47,nicergoline,0.9128,4,INTRA_STEM_TOO_CLOSE|TRADEMARK_HIT,SIMILARITY_MODERATE,olicycline,olicycline -> ovicycline -> onicycline,0.0,1.0,0.813,1.0,1.0,0.998,0.0,tetracycline antibacterial,generic,-cycline,crowded,False,,
ogicycline,False,ngram_guided+refined,2,66.36,65.83,moderate,-10.83,4.17,dicyclomine,0.6601,4,INTRA_STEM_TOO_CLOSE|TRADEMARK_HIT,SIMILARITY_MODERATE,olicycline,olicycline -> ovicycline -> onicycline -> ogicycline,0.0,1.0,0.813,1.0,1.0,0.998,0.0,tetracycline antibacterial,generic,-cycline,crowded,False,,
nulcycline,False,ngram_guided+refined,2,64.76,61.06,moderate,-6.06,8.94,bencyclane,0.854,3,TRADEMARK_HIT,SIMILARITY_MODERATE,nilcycline,nilcycline -> nulcycline,0.0,1.0,0.788,1.0,1.0,0.873,0.0,tetracycline antibacterial,generic,-cycline,crowded,False,,
najcycline,False,ngram_guided+refined,2,64.76,63.46,moderate,-8.46,6.54,bencyclane,0.689,3,INTRA_STEM_TOO_CLOSE|TRADEMARK_HIT,SIMILARITY_MODERATE,nafcycline,nafcycline -> najcycline,0.0,1.0,0.788,1.0,1.0,0.873,0.0,tetracycline antibacterial,generic,-cycline,crowded,False,,
nijcycline,False,ngram_guided+refined,2,64.76,63.81,moderate,-8.81,6.19,nicergoline,0.6746,3,INTRA_STEM_TOO_CLOSE|TRADEMARK_HIT,SIMILARITY_MODERATE,nafcycline,nafcycline -> najcycline -> nijcycline,0.0,1.0,0.788,1.0,1.0,0.873,0.0,tetracycline antibacterial,generic,-cycline,crowded,False,,
nojcycline,False,ngram_guided+refined,2,64.76,62.04,moderate,-7.04,7.96,bencyclane,0.648,3,TRADEMARK_HIT,SIMILARITY_MODERATE,nafcycline,nafcycline -> najcycline -> nijcycline -> nojcycline,0.0,1.0,0.788,1.0,1.0,0.873,0.0,tetracycline antibacterial,generic,-cycline,crowded,False,,
ojacycline,False,ngram_guided+refined,2,66.36,63.26,moderate,-8.26,6.74,viabecline,0.7074,4,INTRA_STEM_TOO_CLOSE,SIMILARITY_MODERATE,ozacycline,ozacycline -> ojacycline,0.0,1.0,0.813,1.0,1.0,0.998,0.0,tetracycline antibacterial,generic,-cycline,crowded,False,,
owacycline,False,ngram_guided+refined,2,66.36,65.26,moderate,-10.26,4.74,aceclidine,0.6245,4,INTRA_STEM_TOO_CLOSE|TRADEMARK_HIT,SIMILARITY_MODERATE,ozacycline,ozacycline -> ojacycline -> owacycline,0.0,1.0,0.813,1.0,1.0,0.998,0.0,tetracycline antibacterial,generic,-cycline,crowded,False,,
ohacycline,False,ngram_guided+refined,2,66.36,62.52,moderate,-7.52,7.48,aceclidine,0.6152,4,INTRA_STEM_TOO_CLOSE,SIMILARITY_MODERATE,ozacycline,ozacycline -> ojacycline -> owacycline -> ohacycline,0.0,1.0,0.813,1.0,1.0,0.998,0.0,tetracycline antibacterial,generic,-cycline,crowded,False,,
taxocycline,False,grammar,3,57.91,68.53,moderate,-13.53,1.47,hexocyclium,0.8805,4,INTRA_STEM_TOO_CLOSE|TRADEMARK_HIT,SIMILARITY_MODERATE,,taxocycline,0.0,0.6,0.813,1.0,1.0,0.952,0.001,tetracycline antibacterial,generic,-cycline,crowded,False,,
otucycline,False,grammar,3,66.37,61.37,moderate,-6.37,8.63,etofylline,0.6928,4,INTRA_STEM_TOO_CLOSE|TRADEMARK_HIT,SIMILARITY_MODERATE,,otucycline,0.0,1.0,0.813,1.0,1.0,0.998,0.001,tetracycline antibacterial,generic,-cycline,crowded,False,,
lemecycline,False,grammar,3,57.95,69.24,moderate,-14.24,0.76,lymecycline,0.9138,4,INTRA_STEM_TOO_CLOSE|TRADEMARK_HIT,SIMILARITY_MODERATE,,lemecycline,0.0,0.6,0.813,1.0,1.0,0.952,0.006,tetracycline antibacterial,generic,-cycline,crowded,False,,
mamocycline,False,grammar,3,65.96,64.14,moderate,-9.14,5.86,bamifylline,0.8628,4,INTRA_STEM_TOO_CLOSE|TRADEMARK_HIT,SIMILARITY_MODERATE,,mamocycline,0.0,1.0,0.813,1.0,1.0,0.952,0.007,tetracycline antibacterial,generic,-cycline,crowded,False,,
casicycline,False,grammar,3,62.98,63.14,moderate,-8.14,6.86,citicoline,0.9228,4,INTRA_STEM_TOO_CLOSE|TRADEMARK_HIT,SIMILARITY_MODERATE,,casicycline,0.0,0.6,0.813,1.0,1.0,0.952,0.725,tetracycline antibacterial,generic,-cycline,crowded,False,,
pagfecycline,False,grammar,3,65.0,56.88,moderate,-1.88,13.12,acefylline,0.748,4,INTRA_STEM_TOO_CLOSE,SIMILARITY_MODERATE,,pagfecycline,0.0,1.0,0.813,1.0,1.0,0.862,0.0,tetracycline antibacterial,generic,-cycline,crowded,False,,
nelacycline,False,grammar,3,59.0,63.04,moderate,-8.04,6.96,nelarabine,0.8693,4,INTRA_STEM_TOO_CLOSE|TRADEMARK_HIT,SIMILARITY_MODERATE,,nelacycline,0.0,0.6,0.813,1.0,1.0,0.952,0.156,tetracycline antibacterial,generic,-cycline,crowded,False,,
ipicycline,False,grammar,3,66.36,65.02,moderate,-10.02,4.98,citicoline,0.8903,4,INTRA_STEM_TOO_CLOSE|TRADEMARK_HIT,SIMILARITY_MODERATE,,ipicycline,0.0,1.0,0.813,1.0,1.0,0.998,0.0,tetracycline antibacterial,generic,-cycline,crowded,False,,
fesodecycline,True,grammar,3,57.51,61.87,moderate,-6.87,8.13,fesoterodine,0.912,5,,SIMILARITY_MODERATE,,fesodecycline,0.0,0.733,0.828,1.0,1.0,0.624,0.001,tetracycline antibacterial,generic,-cycline,crowded,False,,
mampacycline,False,grammar,3,58.6,61.22,moderate,-6.22,8.78,amsacrine,0.7912,4,INTRA_STEM_TOO_CLOSE,SIMILARITY_MODERATE,,mampacycline,0.0,0.68,0.813,1.0,1.0,0.862,0.0,tetracycline antibacterial,generic,-cycline,crowded,False,,
ececycline,False,grammar,3,66.36,69.46,moderate,-14.46,0.54,acefylline,0.8563,4,INTRA_STEM_TOO_CLOSE|TRADEMARK_HIT,SIMILARITY_MODERATE,,ececycline,0.0,1.0,0.813,1.0,1.0,0.998,0.0,tetracycline antibacterial,generic,-cycline,crowded,False,,
levacycline,False,grammar,3,63.39,64.33,moderate,-9.33,5.67,levacetylleucine,0.9191,4,INTRA_STEM_TOO_CLOSE|TRADEMARK_HIT,SIMILARITY_MODERATE,,levacycline,0.0,0.6,0.813,1.0,1.0,0.952,0.783,tetracycline antibacterial,generic,-cycline,crowded,False,,
vococycline,False,grammar,3,65.91,61.85,moderate,-6.85,8.15,coastline,0.9161,4,INTRA_STEM_TOO_CLOSE|TRADEMARK_HIT,SIMILARITY_MODERATE,,vococycline,0.0,1.0,0.813,1.0,1.0,0.952,0.0,tetracycline antibacterial,generic,-cycline,crowded,False,,
casatacycline,True,grammar,3,57.58,55.88,moderate,-0.88,14.12,clavacillin,0.8583,5,,SIMILARITY_MODERATE,,casatacycline,0.0,0.733,0.828,1.0,1.0,0.624,0.012,tetracycline antibacterial,generic,-cycline,crowded,False,,
bruoxicycline,False,grammar,3,61.38,66.11,moderate,-11.11,3.89,proxyphylline,0.7229,5,INTRA_STEM_TOO_CLOSE|TRADEMARK_HIT,SIMILARITY_MODERATE,,bruoxicycline,0.0,1.0,0.722,1.0,1.0,0.624,0.003,tetracycline antibacterial,generic,-cycline,crowded,False,,
ipocycline,False,grammar,3,66.36,65.29,moderate,-10.29,4.71,procyclidine,0.8592,4,INTRA_STEM_TOO_CLOSE|TRADEMARK_HIT,SIMILARITY_MODERATE,,ipocycline,0.0,1.0,0.813,1.0,1.0,0.998,0.0,tetracycline antibacterial,generic,-cycline,crowded,False,,
buntrecycline,False,grammar,3,55.41,61.25,moderate,-6.25,8.75,butriptyline,0.8401,4,INTRA_STEM_TOO_CLOSE|TRADEMARK_HIT,SIMILARITY_MODERATE,,buntrecycline,0.0,0.733,0.581,1.0,1.0,0.755,0.009,tetracycline antibacterial,generic,-cycline,crowded,False,,
menzocycline,False,grammar,3,58.69,66.22,moderate,-11.22,3.78,benzoxiquine,0.9629,4,INTRA_STEM_TOO_CLOSE|TRADEMARK_HIT,SIMILARITY_MODERATE,,menzocycline,0.0,0.68,0.813,1.0,1.0,0.862,0.012,tetracycline antibacterial,generic,-cycline,crowded,False,,
odrorlacycline,True,grammar,3,55.49,57.44,moderate,-2.44,12.56,trilaciclib,0.6938,5,,SIMILARITY_MODERATE,,odrorlacycline,0.0,0.771,0.698,1.0,1.0,0.527,0.003,tetracycline antibacterial,generic,-cycline,crowded,False,,
enecycline,False,grammar,3,66.38,70.35,high,-15.35,-0.35,bencyclane,0.9287,4,SIMILARITY_TOO_HIGH|INTRA_STEM_TOO_CLOSE|TRADEMARK_HIT,,,enecycline,0.0,1.0,0.813,1.0,1.0,0.998,0.003,tetracycline antibacterial,generic,-cycline,crowded,False,,
lolmicycline,False,grammar,3,58.68,67.05,moderate,-12.05,2.95,lomifylline,0.8357,4,INTRA_STEM_TOO_CLOSE,SIMILARITY_MODERATE,,lolmicycline,0.0,0.68,0.813,1.0,1.0,0.862,0.011,tetracycline antibacterial,generic,-cycline,crowded,False,,
bornicycline,True,grammar,3,58.69,65.62,moderate,-10.62,4.38,varenicline,0.9466,4,,SIMILARITY_MODERATE,,bornicycline,0.0,0.68,0.813,1.0,1.0,0.862,0.012,tetracycline antibacterial,generic,-cycline,crowded,False,,
covegicycline,True,grammar,3,57.5,57.35,moderate,-2.35,12.65,bencyclane,0.803,5,,SIMILARITY_MODERATE,,covegicycline,0.0,0.733,0.828,1.0,1.0,0.624,0.0,tetracycline antibacterial,generic,-cycline,crowded,False,,
nantecycline,False,grammar,3,58.63,62.25,moderate,-7.25,7.75,antazoline,0.906,4,TRADEMARK_HIT,SIMILARITY_MODERATE,,nantecycline,0.0,0.68,0.813,1.0,1.0,0.862,0.003,tetracycline antibacterial,generic,-cycline,crowded,False,,
ubroducycline,True,ngram_guided,3,56.12,59.81,moderate,-4.81,10.19,procyclidine,0.7007,5,,SIMILARITY_MODERATE,,ubroducycline,0.0,0.733,0.722,1.0,1.0,0.624,0.014,tetracycline antibacterial,generic,-cycline,crowded,False,,
fosimcycline,True,ngram_guided,3,63.72,58.33,moderate,-3.33,11.67,cevimeline,0.6808,4,,SIMILARITY_MODERATE,,fosimcycline,0.0,0.68,0.813,1.0,1.0,0.862,0.731,tetracycline antibacterial,generic,-cycline,crowded,True,,
mupirlocycline,False,ngram_guided,3,54.9,59.44,moderate,-4.44,10.56,mupirocin,0.8028,5,INTRA_STEM_TOO_CLOSE|TRADEMARK_HIT,SIMILARITY_MODERATE,,mupirlocycline,0.0,0.564,0.828,1.0,1.0,0.527,0.249,tetracycline antibacterial,generic,-cycline,crowded,False,,
polycycline,False,ngram_guided,3,59.25,73.31,high,-18.31,-3.31,polygeline,0.9884,4,SIMILARITY_TOO_HIGH|INTRA_STEM_TOO_CLOSE|TRADEMARK_HIT,,,polycycline,0.0,0.6,0.813,1.0,1.0,0.952,0.193,tetracycline antibacterial,generic,-cycline,crowded,False,,
chellulcycline,True,ngram_guided,3,56.3,58.54,moderate,-3.54,11.46,chlorcyclizine,0.9115,4,,SIMILARITY_MODERATE,,chellulcycline,0.0,0.564,0.788,1.0,1.0,0.659,0.342,tetracycline antibacterial,generic,-cycline,crowded,False,,
parvecycline,False,ngram_guided,3,58.47,67.46,moderate,-12.46,2.54,barbexaclone,0.9574,4,INTRA_STEM_TOO_CLOSE,SIMILARITY_MODERATE,,parvecycline,0.0,0.45,0.813,1.0,1.0,0.862,0.638,tetracycline antibacterial,generic,-cycline,crowded,False,,
rebcycline,False,ngram_guided,3,65.69,67.81,moderate,-12.81,2.19,bencyclane,0.7031,3,INTRA_STEM_TOO_CLOSE,SIMILARITY_MODERATE,,rebcycline,0.0,1.0,0.788,1.0,1.0,0.873,0.133,tetracycline antibacterial,generic,-cycline,crowded,False,,
typhecycline,False,ngram_guided,3,58.09,65.63,moderate,-10.63,4.37,oxyphencyclimine,0.8931,4,INTRA_STEM_TOO_CLOSE|TRADEMARK_HIT,SIMILARITY_MODERATE,,typhecycline,0.0,0.68,0.702,1.0,1.0,0.862,0.15,tetracycline antibacterial,generic,-cycline,crowded,False,,
osicycline,False,ngram_guided,3,66.5,65.64,moderate,-10.64,4.36,dicyclomine,0.8815,4,INTRA_STEM_TOO_CLOSE|TRADEMARK_HIT,SIMILARITY_MODERATE,,osicycline,0.0,1.0,0.813,1.0,1.0,0.998,0.019,tetracycline antibacterial,generic,-cycline,crowded,False,,
foscycline,False,ngram_guided,3,70.31,67.37,moderate,-12.37,2.63,phosphocholine,0.8814,3,TRADEMARK_HIT,SIMILARITY_MODERATE,,foscycline,0.0,1.0,0.788,1.0,1.0,0.873,0.792,tetracycline antibacterial,generic,-cycline,crowded,False,,
autocycline,False,ngram_guided,3,61.99,65.21,moderate,-10.21,4.79,etofylline,0.8694,4,INTRA_STEM_TOO_CLOSE|TRADEMARK_HIT,SIMILARITY_MODERATE,,autocycline,0.0,0.6,0.813,1.0,1.0,0.952,0.583,tetracycline antibacterial,generic,-cycline,crowded,False,,
fampicycline,True,ngram_guided,3,60.1,68.78,moderate,-13.78,1.22,ampicillin,0.8879,4,,SIMILARITY_MODERATE,,fampicycline,0.0,0.45,0.813,1.0,1.0,0.862,0.871,tetracycline antibacterial,generic,-cycline,crowded,False,,
crisotcycline,True,ngram_guided,3,55.23,65.94,moderate,-10.94,4.06,crystalline,0.7836,4,,SIMILARITY_MODERATE,,crisotcycline,0.0,0.517,0.692,1.0,1.0,0.755,0.38,tetracycline antibacterial,generic,-cycline,crowded,False,,
esmcycline,True,ngram_guided,3,63.58,63.92,moderate,-8.92,6.08,bencyclane,0.7298,3,,SIMILARITY_MODERATE,,esmcycline,0.0,1.0,0.687,1.0,1.0,0.873,0.033,tetracycline antibacterial,generic,-cycline,crowded,True,,
eptifacycline,False,ngram_guided,3,58.81,57.58,moderate,-2.58,12.42,eptifibatide,0.8778,5,TRADEMARK_HIT,SIMILARITY_MODERATE,,eptifacycline,0.0,0.517,0.828,1.0,1.0,0.624,0.806,tetracycline antibacterial,generic,-cycline,crowded,False,,
flurcycline,True,ngram_guided,3,58.5,66.1,moderate,-11.1,3.9,fluciclovine,0.9251,3,,SIMILARITY_MODERATE,,flurcycline,0.0,0.6,0.642,1.0,1.0,0.828,0.606,tetracycline antibacterial,generic,-cycline,crowded,False,,
efgarthecycline,True,ngram_guided,3,47.84,55.74,moderate,-0.74,14.26,chlortheophylline,0.7721,5,,SIMILARITY_MODERATE,,efgarthecycline,0.0,0.4,0.717,1.0,1.0,0.456,0.036,tetracycline antibacterial,generic,-cycline,crowded,False,,
bamcycline,False,ngram_guided,3,67.22,73.04,high,-18.04,-3.04,bencyclane,0.7596,3,SIMILARITY_TOO_HIGH|TRADEMARK_HIT,,,bamcycline,0.0,1.0,0.788,1.0,1.0,0.873,0.352,tetracycline antibacterial,generic,-cycline,crowded,False,,
dipericycline,False,ngram_guided,3,58.84,65.22,moderate,-10.22,4.78,piperacillin,0.9795,5,INTRA_STEM_TOO_CLOSE|TRADEMARK_HIT,SIMILARITY_MODERATE,,dipericycline,0.0,0.517,0.828,1.0,1.0,0.624,0.811,tetracycline antibacterial,generic,-cycline,crowded,False,,
bulecycline,False,ngram_guided,3,59.23,59.58,moderate,-4.58,10.42,bencyclane,0.9302,4,INTRA_STEM_TOO_CLOSE,SIMILARITY_MODERATE,,bulecycline,0.0,0.6,0.813,1.0,1.0,0.952,0.189,tetracycline antibacterial,generic,-cycline,crowded,False,,
teplozcycline,False,ngram_guided,3,63.22,59.82,moderate,-4.82,10.18,chlorcyclizine,0.6686,4,INTRA_STEM_TOO_CLOSE|TRADEMARK_HIT,SIMILARITY_MODERATE,,teplozcycline,0.0,0.733,0.692,1.0,1.0,0.755,0.902,tetracycline antibacterial,generic,-cycline,crowded,False,,
apricycline,False,ngram_guided,3,62.31,68.46,moderate,-13.46,1.54,procyclidine,0.9399,4,INTRA_STEM_TOO_CLOSE|TRADEMARK_HIT,SIMILARITY_MODERATE,,apricycline,0.0,0.6,0.692,1.0,1.0,0.952,0.871,tetracycline antibacterial,generic,-cycline,crowded,False,,
mothiocycline,False,ngram_guided,3,56.55,61.04,moderate,-6.04,8.96,methicillin,0.9526,5,INTRA_STEM_TOO_CLOSE|TRADEMARK_HIT,SIMILARITY_MODERATE,,mothiocycline,0.0,0.517,0.828,1.0,1.0,0.624,0.482,tetracycline antibacterial,generic,-cycline,crowded,False,,
mogaptocycline,True,ngram_guided,3,63.54,58.85,moderate,-3.85,11.15,mercaptopurine,0.8029,5,,SIMILARITY_MODERATE,,mogaptocycline,0.0,0.771,0.828,1.0,1.0,0.527,0.892,tetracycline antibacterial,generic,-cycline,crowded,False,,
fiscycline,False,ngram_guided+refined,3,64.76,62.4,moderate,-7.4,7.6,dicyclomine,0.8599,3,INTRA_STEM_TOO_CLOSE|TRADEMARK_HIT,SIMILARITY_MODERATE,foscycline,foscycline -> fiscycline,0.0,1.0,0.788,1.0,1.0,0.873,0.0,tetracycline antibacterial,generic,-cycline,crowded,False,,
fescycline,False,ngram_guided+refined,3,64.81,67.61,moderate,-12.61,2.39,bencyclane,0.8494,3,INTRA_STEM_TOO_CLOSE|TRADEMARK_HIT,SIMILARITY_MODERATE,foscycline,foscycline -> fiscycline -> fescycline,0.0,1.0,0.788,1.0,1.0,0.873,0.006,tetracycline antibacterial,generic,-cycline,crowded,False,,
fascycline,False,ngram_guided+refined,3,64.76,61.87,moderate,-6.87,8.13,vaseline,0.8493,3,INTRA_STEM_TOO_CLOSE,SIMILARITY_MODERATE,foscycline,foscycline -> fiscycline -> fescycline -> fascycline,0.0,1.0,0.788,1.0,1.0,0.873,0.0,tetracycline antibacterial,generic,-cycline,crowded,False,,
bumcycline,False,ngram_guided+refined,3,64.81,74.75,high,-19.75,-4.75,bencyclane,0.7662,3,SIMILARITY_TOO_HIGH|TRADEMARK_HIT,,bamcycline,bamcycline -> bumcycline,0.0,1.0,0.788,1.0,1.0,0.873,0.006,tetracycline antibacterial,generic,-cycline,crowded,False,,
bukcycline,False,ngram_guided+refined,3,64.76,70.05,high,-15.05,-0.05,bencyclane,0.6726,3,SIMILARITY_TOO_HIGH|TRADEMARK_HIT,,bamcycline,bamcycline -> bumcycline -> bukcycline,0.0,1.0,0.788,1.0,1.0,0.873,0.0,tetracycline antibacterial,generic,-cycline,crowded,False,,
fukcycline,True,ngram_guided+refined,3,64.76,61.85,moderate,-6.85,8.15,bencyclane,0.6738,3,,SIMILARITY_MODERATE,bamcycline,bamcycline -> bumcycline -> bukcycline -> fukcycline,0.0,1.0,0.788,1.0,1.0,0.873,0.0,tetracycline antibacterial,generic,-cycline,crowded,True,,
omicycline,False,ngram_guided+refined,3,67.41,69.46,moderate,-14.46,0.54,lomifylline,0.8972,4,INTRA_STEM_TOO_CLOSE|TRADEMARK_HIT,SIMILARITY_MODERATE,osicycline,osicycline -> omicycline,0.0,1.0,0.813,1.0,1.0,0.998,0.15,tetracycline antibacterial,generic,-cycline,crowded,False,,
oqicycline,False,ngram_guided+refined,3,66.36,62.72,moderate,-7.72,7.28,dicyclomine,0.6234,4,TRADEMARK_HIT,SIMILARITY_MODERATE,osicycline,osicycline -> omicycline -> oqicycline,0.0,1.0,0.813,1.0,1.0,0.998,0.0,tetracycline antibacterial,generic,-cycline,crowded,False,,
inecycline,False,grammar+refined,3,67.98,64.17,moderate,-9.17,5.83,bencyclane,0.9572,4,INTRA_STEM_TOO_CLOSE|TRADEMARK_HIT,SIMILARITY_MODERATE,enecycline,enecycline -> inecycline,0.0,1.0,0.813,1.0,1.0,0.998,0.231,tetracycline antibacterial,generic,-cycline,crowded,False,,
ijecycline,False,grammar+refined,3,66.36,63.4,moderate,-8.4,6.6,bencyclane,0.8102,4,INTRA_STEM_TOO_CLOSE|TRADEMARK_HIT,SIMILARITY_MODERATE,enecycline,enecycline -> inecycline -> ijecycline,0.0,1.0,0.813,1.0,1.0,0.998,0.0,tetracycline antibacterial,generic,-cycline,crowded,False,,
itecycline,False,grammar+refined,3,66.36,63.9,moderate,-8.9,6.1,citicoline,0.8572,4,INTRA_STEM_TOO_CLOSE|TRADEMARK_HIT,SIMILARITY_MODERATE,enecycline,enecycline -> inecycline -> ijecycline -> itecycline,0.0,1.0,0.813,1.0,1.0,0.998,0.0,tetracycline antibacterial,generic,-cycline,crowded,False,,
oxucycline,False,grammar+refined,3,66.36,63.76,moderate,-8.76,6.24,hexocyclium,0.775,4,INTRA_STEM_TOO_CLOSE|TRADEMARK_HIT,SIMILARITY_MODERATE,otucycline,otucycline -> oxucycline,0.0,1.0,0.813,1.0,1.0,0.998,0.0,tetracycline antibacterial,generic,-cycline,crowded,False,,
obucycline,False,grammar+refined,3,66.36,64.13,moderate,-9.13,5.87,butacaine,0.814,4,TRADEMARK_HIT,SIMILARITY_MODERATE,otucycline,otucycline -> oxucycline -> obucycline,0.0,1.0,0.813,1.0,1.0,0.998,0.0,tetracycline antibacterial,generic,-cycline,crowded,False,,
oyucycline,True,grammar+refined,3,66.36,59.7,moderate,-4.7,10.3,zydaclin,0.6328,4,,SIMILARITY_MODERATE,otucycline,otucycline -> oxucycline -> obucycline -> oyucycline,0.0,1.0,0.813,1.0,1.0,0.998,0.0,tetracycline antibacterial,generic,-cycline,crowded,True,,
iticycline,False,grammar+refined,3,66.36,71.57,high,-16.57,-1.57,citicoline,0.8821,4,SIMILARITY_TOO_HIGH|INTRA_STEM_TOO_CLOSE|TRADEMARK_HIT,,ipicycline,ipicycline -> iticycline,0.0,1.0,0.813,1.0,1.0,0.998,0.0,tetracycline antibacterial,generic,-cycline,crowded,False,,
itacycline,False,grammar+refined,3,66.36,66.15,moderate,-11.15,3.85,vitacilina,0.8336,4,INTRA_STEM_TOO_CLOSE|TRADEMARK_HIT,SIMILARITY_MODERATE,ipicycline,ipicycline -> iticycline -> itacycline,0.0,1.0,0.813,1.0,1.0,0.998,0.0,tetracycline antibacterial,generic,-cycline,crowded,False,,
esecycline,False,grammar+refined,3,66.37,63.2,moderate,-8.2,6.8,bencyclane,0.9057,4,INTRA_STEM_TOO_CLOSE|TRADEMARK_HIT,SIMILARITY_MODERATE,ececycline,ececycline -> esecycline,0.0,1.0,0.813,1.0,1.0,0.998,0.001,tetracycline antibacterial,generic,-cycline,crowded,False,,
ekecycline,False,grammar+refined,3,66.36,63.19,moderate,-8.19,6.81,evoclin,0.6357,4,INTRA_STEM_TOO_CLOSE|TRADEMARK_HIT,SIMILARITY_MODERATE,ececycline,ececycline -> esecycline -> ekecycline,0.0,1.0,0.813,1.0,1.0,0.998,0.0,tetracycline antibacterial,generic,-cycline,crowded,False,,
ezecycline,False,grammar+refined,3,66.36,63.56,moderate,-8.56,6.44,zydaclin,0.6968,4,INTRA_STEM_TOO_CLOSE|TRADEMARK_HIT,SIMILARITY_MODERATE,ececycline,ececycline -> esecycline -> ekecycline -> ezecycline,0.0,1.0,0.813,1.0,1.0,0.998,0.0,tetracycline antibacterial,generic,-cycline,crowded,False,,
izocycline,False,grammar+refined,3,66.36,68.06,moderate,-13.06,1.94,pizotyline,0.7228,4,INTRA_STEM_TOO_CLOSE|TRADEMARK_HIT,SIMILARITY_MODERATE,ipocycline,ipocycline -> izocycline,0.0,1.0,0.813,1.0,1.0,0.998,0.0,tetracycline antibacterial,generic,-cycline,crowded,False,,
icocycline,False,grammar+refined,3,66.36,67.35,moderate,-12.35,2.65,coastline,0.9164,4,INTRA_STEM_TOO_CLOSE|TRADEMARK_HIT,SIMILARITY_MODERATE,ipocycline,ipocycline -> izocycline -> icocycline,0.0,1.0,0.813,1.0,1.0,0.998,0.0,tetracycline antibacterial,generic,-cycline,crowded,False,,
igocycline,False,grammar+refined,3,66.36,62.13,moderate,-7.13,7.87,ribociclib,0.8555,4,INTRA_STEM_TOO_CLOSE|TRADEMARK_HIT,SIMILARITY_MODERATE,ipocycline,ipocycline -> izocycline -> icocycline -> igocycline,0.0,1.0,0.813,1.0,1.0,0.998,0.0,tetracycline antibacterial,generic,-cycline,crowded,False,,
maxotinib,False,grammar,1,68.83,64.94,moderate,-9.94,5.06,aprotinin,0.7284,4,INTRA_STEM_TOO_CLOSE,SIMILARITY_MODERATE,,maxotinib,0.0,1.0,1.0,1.0,1.0,0.983,0.001,tyrosine kinase inhibitor,generic,-tinib,saturated,False,,
murofutinib,True,grammar,1,61.88,58.21,moderate,-3.21,11.79,vemurafenib,0.7056,5,,SIMILARITY_MODERATE,,murofutinib,0.0,0.733,1.0,1.0,1.0,0.821,0.0,tyrosine kinase inhibitor,generic,-tinib,saturated,False,,
purzeprutinib,True,grammar,1,59.41,62.34,moderate,-7.34,7.66,treprostinil,0.7299,5,,SIMILARITY_MODERATE,,purzeprutinib,0.0,0.8,0.869,1.0,1.0,0.624,0.0,tyrosine kinase inhibitor,generic,-tinib,saturated,False,,
ebotinib,False,grammar,1,68.12,64.63,moderate,-9.63,5.37,aprotinin,0.7409,4,INTRA_STEM_TOO_CLOSE|TRADEMARK_HIT,SIMILARITY_MODERATE,,ebotinib,0.0,1.0,1.0,1.0,1.0,0.912,0.0,tyrosine kinase inhibitor,generic,-tinib,saturated,False,,
cyxonotinib,True,grammar,1,65.66,56.69,moderate,-1.69,13.31,klonopin,0.6213,5,,SIMILARITY_MODERATE,,cyxonotinib,0.0,1.0,0.889,1.0,1.0,0.821,0.001,tyrosine kinase inhibitor,generic,-tinib,saturated,True,,
mulotinib,False,grammar,1,60.92,65.88,moderate,-10.88,4.12,nilotinib,0.8237,4,INTRA_STEM_TOO_CLOSE|TRADEMARK_HIT,SIMILARITY_MODERATE,,mulotinib,0.0,0.6,1.0,1.0,1.0,0.983,0.013,tyrosine kinase inhibitor,generic,-tinib,saturated,False,,
metuvotinib,True,grammar,1,61.93,61.66,moderate,-6.66,8.34,etuvetidigene,0.7489,5,,SIMILARITY_MODERATE,,metuvotinib,0.0,0.733,1.0,1.0,1.0,0.821,0.007,tyrosine kinase inhibitor,generic,-tinib,saturated,False,,
larratinib,False,grammar,1,62.6,67.23,moderate,-12.23,2.77,loratidine,0.7857,4,INTRA_STEM_TOO_CLOSE|TRADEMARK_HIT,SIMILARITY_MODERATE,,larratinib,0.0,0.68,1.0,1.0,1.0,0.998,0.003,tyrosine kinase inhibitor,generic,-tinib,saturated,False,,
conecletinib,True,grammar,1,60.25,61.03,moderate,-6.03,8.97,umeclidinium,0.8,5,,SIMILARITY_MODERATE,,conecletinib,0.0,0.771,0.894,1.0,1.0,0.731,0.0,tyrosine kinase inhibitor,generic,-tinib,saturated,False,,
tocetinib,False,grammar,1,65.1,74.47,high,-19.47,-4.47,toceranib,0.841,4,SIMILARITY_TOO_HIGH|INTRA_STEM_TOO_CLOSE|TRADEMARK_HIT,,,tocetinib,0.0,0.6,1.0,1.0,1.0,0.983,0.611,tyrosine kinase inhibitor,generic,-tinib,saturated,False,,
giditinib,False,grammar,1,68.83,60.95,moderate,-5.95,9.05,nicotinic,0.6803,4,INTRA_STEM_TOO_CLOSE|TRADEMARK_HIT,SIMILARITY_MODERATE,,giditinib,0.0,1.0,1.0,1.0,1.0,0.983,0.0,tyrosine kinase inhibitor,generic,-tinib,saturated,False,,
erpicitinib,False,grammar,1,61.88,63.57,moderate,-8.57,6.43,persicinum,0.7707,5,INTRA_STEM_TOO_CLOSE|TRADEMARK_HIT,SIMILARITY_MODERATE,,erpicitinib,0.0,0.733,1.0,1.0,1.0,0.821,0.0,tyrosine kinase inhibitor,generic,-tinib,saturated,False,,
intucatinib,False,grammar,1,62.3,71.67,high,-16.67,-1.67,tucatinib,0.6607,5,SIMILARITY_TOO_HIGH|INTRA_STEM_TOO_CLOSE,,,intucatinib,0.0,0.733,1.0,1.0,1.0,0.821,0.06,tyrosine kinase inhibitor,generic,-tinib,saturated,False,,
nerfetinib,False,grammar,1,62.59,65.8,moderate,-10.8,4.2,perfecting,0.6889,4,INTRA_STEM_TOO_CLOSE|TRADEMARK_HIT,SIMILARITY_MODERATE,,nerfetinib,0.0,0.68,1.0,1.0,1.0,0.998,0.001,tyrosine kinase inhibitor,generic,-tinib,saturated,False,,
sirnotinib,False,grammar,1,68.98,61.24,moderate,-6.24,8.76,nicotinic,0.6194,4,INTRA_STEM_TOO_CLOSE|TRADEMARK_HIT,SIMILARITY_MODERATE,,sirnotinib,0.0,1.0,1.0,1.0,1.0,0.998,0.0,tyrosine kinase inhibitor,generic,-tinib,saturated,False,,
zitrutinib,False,grammar,1,60.89,65.22,moderate,-10.22,4.78,rutinic,0.6808,4,INTRA_STEM_TOO_CLOSE,SIMILARITY_MODERATE,,zitrutinib,0.0,0.68,0.879,1.0,1.0,0.998,0.0,tyrosine kinase inhibitor,generic,-tinib,saturated,False,,
noturditinib,True,grammar,1,61.74,58.07,moderate,-3.07,11.93,enteritidis,0.6935,5,,SIMILARITY_MODERATE,,noturditinib,0.0,0.771,1.0,1.0,1.0,0.731,0.0,tyrosine kinase inhibitor,generic,-tinib,saturated,False,,
semnitinib,False,grammar,1,63.94,67.97,moderate,-12.97,2.03,somnicin,0.7478,4,INTRA_STEM_TOO_CLOSE|TRADEMARK_HIT,SIMILARITY_MODERATE,,semnitinib,0.0,0.68,1.0,1.0,1.0,0.998,0.195,tyrosine kinase inhibitor,generic,-tinib,saturated,False,,
bapiitinib,False,grammar,1,67.67,63.33,moderate,-8.33,6.67,bamipine,0.6086,5,INTRA_STEM_TOO_CLOSE|TRADEMARK_HIT,SIMILARITY_MODERATE,,bapiitinib,0.0,1.0,1.0,1.0,1.0,0.867,0.0,tyrosine kinase inhibitor,generic,-tinib,saturated,False,,
kilfitinib,False,grammar,1,62.58,64.4,moderate,-9.4,5.6,calcitonin,0.6106,4,TRADEMARK_HIT,SIMILARITY_MODERATE,,kilfitinib,0.0,0.68,1.0,1.0,1.0,0.998,0.0,tyrosine kinase inhibitor,generic,-tinib,saturated,False,,
ixotinib,False,grammar,1,68.12,68.75,moderate,-13.75,1.25,nicotinic,0.6673,4,INTRA_STEM_TOO_CLOSE|TRADEMARK_HIT,SIMILARITY_MODERATE,,ixotinib,0.0,1.0,1.0,1.0,1.0,0.912,0.0,tyrosine kinase inhibitor,generic,-tinib,saturated,False,,
lidadetinib,False,grammar,1,61.88,64.98,moderate,-9.98,5.02,lidamidine,0.7084,5,TRADEMARK_HIT,SIMILARITY_MODERATE,,lidadetinib,0.0,0.733,1.0,1.0,1.0,0.821,0.0,tyrosine kinase inhibitor,generic,-tinib,saturated,False,,
pixotinib,False,grammar,1,68.83,69.67,moderate,-14.67,0.33,nicotinic,0.6694,4,TRADEMARK_HIT,SIMILARITY_MODERATE,,pixotinib,0.0,1.0,1.0,1.0,1.0,0.983,0.0,tyrosine kinase inhibitor,generic,-tinib,saturated,False,,
hecratinib,False,grammar,1,67.29,66.76,moderate,-11.76,3.24,secretin,0.7114,4,INTRA_STEM_TOO_CLOSE,SIMILARITY_MODERATE,,hecratinib,0.0,1.0,0.879,1.0,1.0,0.998,0.0,tyrosine kinase inhibitor,generic,-tinib,saturated,False,,
tratinib,False,ngram_guided,1,66.81,73.65,high,-18.65,-3.65,pratenis,0.9444,3,SIMILARITY_TOO_HIGH|INTRA_STEM_TOO_CLOSE|TRADEMARK_HIT,,,tratinib,0.0,1.0,0.854,1.0,1.0,0.787,0.283,tyrosine kinase inhibitor,generic,-tinib,saturated,False,,
testtinib,False,ngram_guided,1,58.7,70.0,high,-15.0,0.0,testim,0.6355,3,SIMILARITY_TOO_HIGH|INTRA_STEM_TOO_CLOSE|TRADEMARK_HIT,,,testtinib,0.0,0.6,0.742,0.75,1.0,0.858,0.711,tyrosine kinase inhibitor,generic,-tinib,saturated,False,,
neparvotinib,True,ngram_guided,1,51.79,64.06,moderate,-9.06,5.94,neparvovec,0.7447,5,,SIMILARITY_MODERATE,,neparvotinib,0.0,0.15,1.0,1.0,1.0,0.731,0.354,tyrosine kinase inhibitor,generic,-tinib,saturated,False,,
sottinib,False,ngram_guided,1,69.87,67.18,moderate,-12.18,2.82,fortinia,0.7459,3,INTRA_STEM_TOO_CLOSE,SIMILARITY_MODERATE,,sottinib,0.0,1.0,1.0,0.75,1.0,0.787,0.75,tyrosine kinase inhibitor,generic,-tinib,saturated,False,,
zuralatinib,True,ngram_guided,1,57.87,61.25,moderate,-6.25,8.75,furadantin,0.7427,5,,SIMILARITY_MODERATE,,zuralatinib,0.0,0.517,1.0,1.0,1.0,0.821,0.046,tyrosine kinase inhibitor,generic,-tinib,saturated,False,,
bacatinib,False,ngram_guided,1,65.57,71.24,high,-16.24,-1.24,bactine,0.8384,4,SIMILARITY_TOO_HIGH|INTRA_STEM_TOO_CLOSE|TRADEMARK_HIT,,,bacatinib,0.0,0.6,1.0,1.0,1.0,0.983,0.678,tyrosine kinase inhibitor,generic,-tinib,saturated,False,,
ibutinib,False,ngram_guided,1,72.45,65.69,moderate,-10.69,4.31,rutinic,0.8343,4,INTRA_STEM_TOO_CLOSE|TRADEMARK_HIT,SIMILARITY_MODERATE,,ibutinib,0.0,1.0,1.0,1.0,1.0,0.912,0.618,tyrosine kinase inhibitor,generic,-tinib,saturated,False,,
ensaribotinib,False,ngram_guided,1,60.21,68.05,moderate,-13.05,1.95,ensartinib,0.7425,6,INTRA_STEM_TOO_CLOSE,SIMILARITY_MODERATE,,ensaribotinib,0.0,0.6,1.0,1.0,1.0,0.406,0.736,tyrosine kinase inhibitor,generic,-tinib,saturated,False,,
imextinib,False,ngram_guided,1,59.31,67.27,moderate,-12.27,2.73,bimectin,0.6889,4,INTRA_STEM_TOO_CLOSE|TRADEMARK_HIT,SIMILARITY_MODERATE,,imextinib,0.0,0.6,0.879,1.0,1.0,0.983,0.026,tyrosine kinase inhibitor,generic,-tinib,saturated,False,,
ramilotinib,False,ngram_guided,1,55.17,63.97,moderate,-8.97,6.03,camylofine,0.8288,5,INTRA_STEM_TOO_CLOSE|TRADEMARK_HIT,SIMILARITY_MODERATE,,ramilotinib,0.0,0.517,1.0,1.0,0.53,0.821,0.735,tyrosine kinase inhibitor,generic,-tinib,saturated,False,,
odrotinib,False,ngram_guided,1,60.29,75.42,high,-20.42,-5.42,aprotinin,0.7804,4,SIMILARITY_TOO_HIGH|INTRA_STEM_TOO_CLOSE|TRADEMARK_HIT,,,odrotinib,0.0,0.6,0.879,1.0,1.0,0.983,0.165,tyrosine kinase inhibitor,generic,-tinib,saturated,False,,
gefibriktinib,True,ngram_guided,1,55.73,61.2,moderate,-6.2,8.8,epicriptine,0.6118,5,,SIMILARITY_MODERATE,,gefibriktinib,0.0,0.6,0.869,1.0,1.0,0.624,0.046,tyrosine kinase inhibitor,generic,-tinib,saturated,False,,
degatinib,False,ngram_guided,1,63.85,73.87,high,-18.87,-3.87,pegaptanib,0.7807,4,SIMILARITY_TOO_HIGH|INTRA_STEM_TOO_CLOSE|TRADEMARK_HIT,,,degatinib,0.0,0.6,1.0,1.0,1.0,0.983,0.432,tyrosine kinase inhibitor,generic,-tinib,saturated,False,,
nilvatinib,False,ngram_guided,1,61.34,72.11,high,-17.11,-2.11,nilvadipine,0.7186,4,SIMILARITY_TOO_HIGH|INTRA_STEM_TOO_CLOSE|TRADEMARK_HIT,,,nilvatinib,0.0,0.45,1.0,1.0,1.0,0.998,0.48,tyrosine kinase inhibitor,generic,-tinib,saturated,False,,
lidottinib,True,ngram_guided,1,56.45,64.92,moderate,-9.92,5.08,lidocaine,0.7337,4,,SIMILARITY_MODERATE,,lidottinib,0.0,0.45,1.0,0.75,1.0,0.998,0.103,tyrosine kinase inhibitor,generic,-tinib,saturated,False,,
protinib,False,ngram_guided,1,66.18,84.59,high,-29.59,-14.59,aprotinin,0.9498,3,SIMILARITY_TOO_HIGH|INTRA_STEM_TOO_CLOSE|TRADEMARK_HIT,,,protinib,0.0,1.0,0.854,1.0,1.0,0.787,0.194,tyrosine kinase inhibitor,generic,-tinib,saturated,False,,
panilotinib,False,ngram_guided,1,68.87,71.67,high,-16.67,-1.67,nilotinib,0.8308,5,SIMILARITY_TOO_HIGH|INTRA_STEM_TOO_CLOSE|TRADEMARK_HIT,,,panilotinib,0.0,0.733,1.0,1.0,1.0,0.821,0.999,tyrosine kinase inhibitor,generic,-tinib,saturated,False,,
josampitinib,False,ngram_guided,1,58.4,62.05,moderate,-7.05,7.95,josamycin,0.715,5,TRADEMARK_HIT,SIMILARITY_MODERATE,,josampitinib,0.0,0.564,1.0,1.0,1.0,0.731,0.114,tyrosine kinase inhibitor,generic,-tinib,saturated,False,,
tematinib,False,ngram_guided,1,64.63,70.35,high,-15.35,-0.35,dermatin,0.8489,4,SIMILARITY_TOO_HIGH|INTRA_STEM_TOO_CLOSE|TRADEMARK_HIT,,,tematinib,0.0,0.6,1.0,1.0,1.0,0.983,0.543,tyrosine kinase inhibitor,generic,-tinib,saturated,False,,
pralmetinib,False,ngram_guided,1,60.36,79.54,high,-24.54,-9.54,pralsetinib,0.901,4,SIMILARITY_TOO_HIGH|INTRA_STEM_TOO_CLOSE,,,pralmetinib,0.0,0.517,0.854,1.0,1.0,0.952,0.506,tyrosine kinase inhibitor,generic,-tinib,saturated,False,,
fluocinatinib,True,ngram_guided,1,40.06,66.88,moderate,-11.88,3.12,fluocinonide,0.9039,6,,SIMILARITY_MODERATE,,fluocinatinib,0.0,0.2,0.904,1.0,0.53,0.406,0.266,tyrosine kinase inhibitor,generic,-tinib,saturated,False,,
tovobinetinib,True,ngram_guided,1,59.33,61.02,moderate,-6.02,8.98,novobiocin,0.7071,6,,SIMILARITY_MODERATE,,tovobinetinib,0.0,0.6,1.0,1.0,1.0,0.406,0.611,tyrosine kinase inhibitor,generic,-tinib,saturated,False,,
palomipltinib,True,ngram_guided,1,57.22,57.96,moderate,-2.96,12.04,romiplostim,0.6474,5,,SIMILARITY_MODERATE,,palomipltinib,0.0,0.6,0.828,1.0,1.0,0.624,0.341,tyrosine kinase inhibitor,generic,-tinib,saturated,False,,
ozanitatinib,True,ngram_guided,1,57.55,66.51,moderate,-11.51,3.49,zanidatamab,0.8023,6,,SIMILARITY_MODERATE,,ozanitatinib,0.0,0.564,1.0,1.0,1.0,0.513,0.305,tyrosine kinase inhibitor,generic,-tinib,saturated,False,,
icutinib,False,ngram_guided+refined,1,68.12,70.98,high,-15.98,-0.98,nicotinic,0.7437,4,SIMILARITY_TOO_HIGH|TRADEMARK_HIT,,ibutinib,ibutinib -> icutinib,0.0,1.0,1.0,1.0,1.0,0.912,0.0,tyrosine kinase inhibitor,generic,-tinib,saturated,False,,
icotinib,False,ngram_guided+refined,1,68.12,79.76,high,-24.76,-9.76,nicotinic,0.7552,4,SIMILARITY_TOO_HIGH|TRADEMARK_HIT,,ibutinib,ibutinib -> icutinib -> icotinib,0.0,1.0,1.0,1.0,1.0,0.912,0.0,tyrosine kinase inhibitor,generic,-tinib,saturated,False,,
acotinib,False,ngram_guided+refined,1,68.2,71.97,high,-16.97,-1.97,nicotinic,0.8468,4,SIMILARITY_TOO_HIGH|INTRA_STEM_TOO_CLOSE|TRADEMARK_HIT,,ibutinib,ibutinib -> icutinib -> icotinib -> acotinib,0.0,1.0,1.0,1.0,1.0,0.912,0.012,tyrosine kinase inhibitor,generic,-tinib,saturated,False,,
suttinib,False,ngram_guided+refined,1,64.65,71.97,high,-16.97,-1.97,succinic,0.7478,3,SIMILARITY_TOO_HIGH|INTRA_STEM_TOO_CLOSE|TRADEMARK_HIT,,sottinib,sottinib -> suttinib,0.0,1.0,1.0,0.75,1.0,0.787,0.004,tyrosine kinase inhibitor,generic,-tinib,saturated,False,,
sattinib,False,ngram_guided+refined,1,64.7,72.1,high,-17.1,-2.1,satin,0.7426,3,SIMILARITY_TOO_HIGH|INTRA_STEM_TOO_CLOSE|TRADEMARK_HIT,,sottinib,sottinib -> suttinib -> sattinib,0.0,1.0,1.0,0.75,1.0,0.787,0.011,tyrosine kinase inhibitor,generic,-tinib,saturated,False,,
saztinib,False,ngram_guided+refined,1,66.87,68.46,moderate,-13.46,1.54,santonin,0.6038,3,INTRA_STEM_TOO_CLOSE|TRADEMARK_HIT,SIMILARITY_MODERATE,sottinib,sottinib -> suttinib -> sattinib -> saztinib,0.0,1.0,1.0,1.0,1.0,0.787,0.0,tyrosine kinase inhibitor,generic,-tinib,saturated,False,,
surnotinib,False,grammar+refined,1,62.58,61.07,moderate,-6.07,8.93,serotonin,0.693,4,INTRA_STEM_TOO_CLOSE|TRADEMARK_HIT,SIMILARITY_MODERATE,sirnotinib,sirnotinib -> surnotinib,0.0,0.68,1.0,1.0,1.0,0.998,0.0,tyrosine kinase inhibitor,generic,-tinib,saturated,False,,
sursotinib,False,grammar+refined,1,62.58,63.26,moderate,-8.26,6.74,serotina,0.7958,4,TRADEMARK_HIT,SIMILARITY_MODERATE,sirnotinib,sirnotinib -> surnotinib -> sursotinib,0.0,0.68,1.0,1.0,1.0,0.998,0.0,tyrosine kinase inhibitor,generic,-tinib,saturated,False,,
sunsotinib,False,grammar+refined,1,63.47,64.74,moderate,-9.74,5.26,sunsational,0.7429,4,INTRA_STEM_TOO_CLOSE|TRADEMARK_HIT,SIMILARITY_MODERATE,sirnotinib,sirnotinib -> surnotinib -> sursotinib -> sunsotinib,0.0,0.68,1.0,1.0,1.0,0.998,0.127,tyrosine kinase inhibitor,generic,-tinib,saturated,False,,
pazilotinib,False,ngram_guided+refined,1,62.05,65.52,moderate,-10.52,4.48,pazopanib,0.7738,5,INTRA_STEM_TOO_CLOSE|TRADEMARK_HIT,SIMILARITY_MODERATE,panilotinib,panilotinib -> pazilotinib,0.0,0.733,1.0,1.0,1.0,0.821,0.025,tyrosine kinase inhibitor,generic,-tinib,saturated,False,,
pawilotinib,False,ngram_guided+refined,1,67.22,60.79,moderate,-5.79,9.21,aprotinin,0.6686,5,INTRA_STEM_TOO_CLOSE|TRADEMARK_HIT,SIMILARITY_MODERATE,panilotinib,panilotinib -> pazilotinib -> pawilotinib,0.0,1.0,1.0,1.0,1.0,0.821,0.001,tyrosine kinase inhibitor,generic,-tinib,saturated,False,,
pajilotinib,False,ngram_guided+refined,1,67.22,60.27,moderate,-5.27,9.73,pazopanib,0.6098,5,INTRA_STEM_TOO_CLOSE|TRADEMARK_HIT,SIMILARITY_MODERATE,panilotinib,panilotinib -> pazilotinib -> pawilotinib -> pajilotinib,0.0,1.0,1.0,1.0,1.0,0.821,0.001,tyrosine kinase inhibitor,generic,-tinib,saturated,False,,
muxotinib,True,grammar+refined,1,68.83,65.31,moderate,-10.31,4.69,nicotinic,0.6478,4,,SIMILARITY_MODERATE,maxotinib,maxotinib -> muxotinib,0.0,1.0,1.0,1.0,1.0,0.983,0.0,tyrosine kinase inhibitor,generic,-tinib,saturated,True,,
gaditinib,False,grammar+refined,1,68.83,62.6,moderate,-7.6,7.4,gadolinium,0.8085,4,INTRA_STEM_TOO_CLOSE|TRADEMARK_HIT,SIMILARITY_MODERATE,giditinib,giditinib -> gaditinib,0.0,1.0,1.0,1.0,1.0,0.983,0.001,tyrosine kinase inhibitor,generic,-tinib,saturated,False,,
goditinib,False,grammar+refined,1,60.83,67.24,moderate,-12.24,2.76,dodicin,0.7242,4,INTRA_STEM_TOO_CLOSE|TRADEMARK_HIT,SIMILARITY_MODERATE,giditinib,giditinib -> gaditinib -> goditinib,0.0,0.6,1.0,1.0,1.0,0.983,0.001,tyrosine kinase inhibitor,generic,-tinib,saturated,False,,
gopitinib,False,grammar+refined,1,68.85,63.95,moderate,-8.95,6.05,iopidine,0.7391,4,INTRA_STEM_TOO_CLOSE|TRADEMARK_HIT,SIMILARITY_MODERATE,giditinib,giditinib -> gaditinib -> goditinib -> gopitinib,0.0,1.0,1.0,1.0,1.0,0.983,0.003,tyrosine kinase inhibitor,generic,-tinib,saturated,False,,
poxotinib,False,grammar+refined,1,60.85,67.32,moderate,-12.32,2.68,oxolinic,0.7995,4,TRADEMARK_HIT,SIMILARITY_MODERATE,pixotinib,pixotinib -> poxotinib,0.0,0.6,1.0,1.0,1.0,0.983,0.003,tyrosine kinase inhibitor,generic,-tinib,saturated,False,,
pofotinib,False,grammar+refined,1,60.85,64.69,moderate,-9.69,5.31,aprotinin,0.7222,4,INTRA_STEM_TOO_CLOSE|TRADEMARK_HIT,SIMILARITY_MODERATE,pixotinib,pixotinib -> poxotinib -> pofotinib,0.0,0.6,1.0,1.0,1.0,0.983,0.003,tyrosine kinase inhibitor,generic,-tinib,saturated,False,,
pifotinib,False,grammar+refined,1,60.85,69.25,moderate,-14.25,0.75,nicotinic,0.7445,4,INTRA_STEM_TOO_CLOSE|TRADEMARK_HIT,SIMILARITY_MODERATE,pixotinib,pixotinib -> poxotinib -> pofotinib -> pifotinib,0.0,0.6,1.0,1.0,1.0,0.983,0.003,tyrosine kinase inhibitor,generic,-tinib,saturated,False,,
evotinib,False,grammar+refined,1,68.38,64.33,moderate,-9.33,5.67,ezetimibe,0.8033,4,INTRA_STEM_TOO_CLOSE|TRADEMARK_HIT,SIMILARITY_MODERATE,ebotinib,ebotinib -> evotinib,0.0,1.0,1.0,1.0,1.0,0.912,0.036,tyrosine kinase inhibitor,generic,-tinib,saturated,False,,
epotinib,False,grammar+refined,1,68.35,74.81,high,-19.81,-4.81,tepotinib,0.787,4,SIMILARITY_TOO_HIGH|INTRA_STEM_TOO_CLOSE|TRADEMARK_HIT,,ebotinib,ebotinib -> evotinib -> epotinib,0.0,1.0,1.0,1.0,1.0,0.912,0.033,tyrosine kinase inhibitor,generic,-tinib,saturated,False,,
opotinib,False,grammar+refined,1,68.12,70.41,high,-15.41,-0.41,aprotinin,0.735,4,SIMILARITY_TOO_HIGH|INTRA_STEM_TOO_CLOSE|TRADEMARK_HIT,,ebotinib,ebotinib -> evotinib -> epotinib -> opotinib,0.0,1.0,1.0,1.0,1.0,0.912,0.0,tyrosine kinase inhibitor,generic,-tinib,saturated,False,,
bemntatinib,False,grammar,2,65.93,63.53,moderate,-8.53,6.47,benzathine,0.6578,4,INTRA_STEM_TOO_CLOSE,SIMILARITY_MODERATE,,bemntatinib,0.0,1.0,0.813,1.0,1.0,0.952,0.003,tyrosine kinase inhibitor,generic,-tinib,saturated,False,,
thiixetinib,True,grammar,2,61.89,61.09,moderate,-6.09,8.91,tiuxetan,0.671,5,,SIMILARITY_MODERATE,,thiixetinib,0.0,0.733,1.0,1.0,1.0,0.821,0.001,tyrosine kinase inhibitor,generic,-tinib,saturated,False,,
erimpatinib,False,grammar,2,61.88,64.82,moderate,-9.82,5.18,impatiens,0.7426,5,TRADEMARK_HIT,SIMILARITY_MODERATE,,erimpatinib,0.0,0.733,1.0,1.0,1.0,0.821,0.0,tyrosine kinase inhibitor,generic,-tinib,saturated,False,,
sirgalotinib,False,grammar,2,61.74,56.89,moderate,-1.89,13.11,pegaptanib,0.7605,5,TRADEMARK_HIT,SIMILARITY_MODERATE,,sirgalotinib,0.0,0.771,1.0,1.0,1.0,0.731,0.001,tyrosine kinase inhibitor,generic,-tinib,saturated,False,,
arvetinib,True,grammar,2,60.85,64.62,moderate,-9.62,5.38,argentine,0.7771,4,,SIMILARITY_MODERATE,,arvetinib,0.0,0.6,1.0,1.0,1.0,0.983,0.003,tyrosine kinase inhibitor,generic,-tinib,saturated,False,,
sucotinib,False,grammar,2,68.83,70.9,high,-15.9,-0.9,nicotinic,0.9006,4,SIMILARITY_TOO_HIGH|INTRA_STEM_TOO_CLOSE|TRADEMARK_HIT,,,sucotinib,0.0,1.0,1.0,1.0,1.0,0.983,0.001,tyrosine kinase inhibitor,generic,-tinib,saturated,False,,
cegitinib,False,grammar,2,68.83,71.92,high,-16.92,-1.92,ceritinib,0.6998,4,SIMILARITY_TOO_HIGH|INTRA_STEM_TOO_CLOSE|TRADEMARK_HIT,,,cegitinib,0.0,1.0,1.0,1.0,1.0,0.983,0.0,tyrosine kinase inhibitor,generic,-tinib,saturated,False,,
phopatinib,False,grammar,2,62.65,65.33,moderate,-10.33,4.67,propanidid,0.8481,4,INTRA_STEM_TOO_CLOSE|TRADEMARK_HIT,SIMILARITY_MODERATE,,phopatinib,0.0,0.68,1.0,1.0,1.0,0.998,0.011,tyrosine kinase inhibitor,generic,-tinib,saturated,False,,
inatinib,False,grammar,2,72.74,74.55,high,-19.55,-4.55,imatinib,0.8809,4,SIMILARITY_TOO_HIGH|INTRA_STEM_TOO_CLOSE|TRADEMARK_HIT,,,inatinib,0.0,1.0,1.0,1.0,1.0,0.912,0.66,tyrosine kinase inhibitor,generic,-tinib,saturated,False,,
elatinib,False,grammar,2,74.43,78.04,high,-23.04,-8.04,platinic,0.8628,4,SIMILARITY_TOO_HIGH|INTRA_STEM_TOO_CLOSE|TRADEMARK_HIT,,,elatinib,0.0,1.0,1.0,1.0,1.0,0.912,0.902,tyrosine kinase inhibitor,generic,-tinib,saturated,False,,
asveotinib,True,grammar,2,67.67,66.57,moderate,-11.57,3.43,aprotinin,0.7164,5,,SIMILARITY_MODERATE,,asveotinib,0.0,1.0,1.0,1.0,1.0,0.867,0.0,tyrosine kinase inhibitor,generic,-tinib,saturated,True,,
basomutinib,False,grammar,2,61.88,60.92,moderate,-5.92,9.08,dacomitinib,0.7129,5,INTRA_STEM_TOO_CLOSE|TRADEMARK_HIT,SIMILARITY_MODERATE,,basomutinib,0.0,0.733,1.0,1.0,1.0,0.821,0.0,tyrosine kinase inhibitor,generic,-tinib,saturated,False,,
editinib,False,grammar,2,68.12,70.05,high,-15.05,-0.05,edition,0.7496,4,SIMILARITY_TOO_HIGH|INTRA_STEM_TOO_CLOSE|TRADEMARK_HIT,,,editinib,0.0,1.0,1.0,1.0,1.0,0.912,0.0,tyrosine kinase inhibitor,generic,-tinib,saturated,False,,
atakitinib,False,grammar,2,67.75,63.74,moderate,-8.74,6.26,azacitidine,0.6697,5,INTRA_STEM_TOO_CLOSE,SIMILARITY_MODERATE,,atakitinib,0.0,1.0,1.0,1.0,1.0,0.867,0.012,tyrosine kinase inhibitor,generic,-tinib,saturated,False,,
amimitinib,False,grammar,2,67.97,64.89,moderate,-9.89,5.11,amineptin,0.7755,5,TRADEMARK_HIT,SIMILARITY_MODERATE,,amimitinib,0.0,1.0,1.0,1.0,1.0,0.867,0.043,tyrosine kinase inhibitor,generic,-tinib,saturated,False,,
sufoxotinib,True,grammar,2,61.89,65.39,moderate,-10.39,4.61,cefoxitin,0.7076,5,,SIMILARITY_MODERATE,,sufoxotinib,0.0,0.733,1.0,1.0,1.0,0.821,0.001,tyrosine kinase inhibitor,generic,-tinib,saturated,False,,
agotinib,False,grammar,2,68.12,67.88,moderate,-12.88,2.12,aprotinin,0.8237,4,TRADEMARK_HIT,SIMILARITY_MODERATE,,agotinib,0.0,1.0,1.0,1.0,1.0,0.912,0.0,tyrosine kinase inhibitor,generic,-tinib,saturated,False,,
bemitinib,False,grammar,2,64.93,64.38,moderate,-9.38,5.62,desitin,0.8109,4,INTRA_STEM_TOO_CLOSE|TRADEMARK_HIT,SIMILARITY_MODERATE,,bemitinib,0.0,0.6,1.0,1.0,1.0,0.983,0.586,tyrosine kinase inhibitor,generic,-tinib,saturated,False,,
pilatinib,False,grammar,2,68.89,78.63,high,-23.63,-8.63,platinic,0.8618,4,SIMILARITY_TOO_HIGH|INTRA_STEM_TOO_CLOSE|TRADEMARK_HIT,,,pilatinib,0.0,1.0,1.0,1.0,1.0,0.983,0.01,tyrosine kinase inhibitor,generic,-tinib,saturated,False,,
lairlonotinib,True,grammar,2,61.42,60.2,moderate,-5.2,9.8,laidlomycin,0.6708,5,,SIMILARITY_MODERATE,,lairlonotinib,0.0,0.8,1.0,1.0,1.0,0.624,0.026,tyrosine kinase inhibitor,generic,-tinib,saturated,False,,
lempinatinib,True,grammar,2,61.74,66.24,moderate,-11.24,3.76,eliminating,0.7916,5,,SIMILARITY_MODERATE,,lempinatinib,0.0,0.771,1.0,1.0,1.0,0.731,0.001,tyrosine kinase inhibitor,generic,-tinib,saturated,False,,
papabitinib,False,grammar,2,61.88,61.07,moderate,-6.07,8.93,upadacitinib,0.725,5,TRADEMARK_HIT,SIMILARITY_MODERATE,,papabitinib,0.0,0.733,1.0,1.0,1.0,0.821,0.0,tyrosine kinase inhibitor,generic,-tinib,saturated,False,,
dompotinib,True,grammar,2,62.59,60.93,moderate,-5.93,9.07,compazine,0.7176,4,,SIMILARITY_MODERATE,,dompotinib,0.0,0.68,1.0,1.0,1.0,0.998,0.001,tyrosine kinase inhibitor,generic,-tinib,saturated,True,,
oqetinib,True,grammar,2,68.12,59.94,moderate,-4.94,10.06,ezetimibe,0.6026,4,,SIMILARITY_MODERATE,,oqetinib,0.0,1.0,1.0,1.0,1.0,0.912,0.0,tyrosine kinase inhibitor,generic,-tinib,saturated,True,,
lifluocitinib,True,ngram_guided,2,47.39,62.88,moderate,-7.88,7.12,fluocinonide,0.8487,6,,SIMILARITY_MODERATE,,lifluocitinib,0.0,0.4,0.904,1.0,0.53,0.406,0.742,tyrosine kinase inhibitor,generic,-tinib,saturated,False,,
ancrelatinib,True,ngram_guided,2,55.13,68.89,moderate,-13.89,1.11,pancreatinum,0.8223,5,,SIMILARITY_MODERATE,,ancrelatinib,0.0,0.357,0.783,1.0,1.0,0.731,0.675,tyrosine kinase inhibitor,generic,-tinib,saturated,False,,
naratinib,False,ngram_guided,2,67.49,79.79,high,-24.79,-9.79,neratinib,0.8367,4,SIMILARITY_TOO_HIGH|INTRA_STEM_TOO_CLOSE|TRADEMARK_HIT,,,naratinib,0.0,0.6,1.0,1.0,1.0,0.983,0.952,tyrosine kinase inhibitor,generic,-tinib,saturated,False,,
gamucitinib,True,ngram_guided,2,59.87,63.92,moderate,-8.92,6.08,gramicidin,0.7658,5,,SIMILARITY_MODERATE,,gamucitinib,0.0,0.517,1.0,1.0,1.0,0.821,0.332,tyrosine kinase inhibitor,generic,-tinib,saturated,False,,
fortinib,False,ngram_guided,2,69.52,89.14,high,-34.14,-19.14,fortinia,0.8931,3,SIMILARITY_TOO_HIGH|TRADEMARK_HIT,,,fortinib,0.0,1.0,1.0,1.0,1.0,0.787,0.379,tyrosine kinase inhibitor,generic,-tinib,saturated,False,,
ombitinib,False,ngram_guided,2,61.6,61.74,moderate,-6.74,8.26,biting,0.7576,4,TRADEMARK_HIT,SIMILARITY_MODERATE,,ombitinib,0.0,0.6,1.0,1.0,1.0,0.983,0.11,tyrosine kinase inhibitor,generic,-tinib,saturated,False,,
gamulitinib,True,ngram_guided,2,57.49,62.13,moderate,-7.13,7.87,mogamulizumab,0.7565,5,,SIMILARITY_MODERATE,,gamulitinib,0.0,0.3,1.0,1.0,1.0,0.821,0.611,tyrosine kinase inhibitor,generic,-tinib,saturated,False,,
glutinib,False,ngram_guided,2,71.58,73.8,high,-18.8,-3.8,glutinosa,0.931,3,SIMILARITY_TOO_HIGH|TRADEMARK_HIT,,,glutinib,0.0,1.0,0.854,1.0,1.0,0.787,0.965,tyrosine kinase inhibitor,generic,-tinib,saturated,False,,
droxatinib,False,ngram_guided,2,59.82,75.1,high,-20.1,-5.1,roxatidine,0.8679,4,SIMILARITY_TOO_HIGH,,,droxatinib,0.0,0.45,0.879,1.0,1.0,0.998,0.505,tyrosine kinase inhibitor,generic,-tinib,saturated,False,,
oxatinib,False,ngram_guided,2,70.76,71.22,high,-16.22,-1.22,roxatidine,0.8658,4,SIMILARITY_TOO_HIGH|INTRA_STEM_TOO_CLOSE|TRADEMARK_HIT,,,oxatinib,0.0,1.0,1.0,1.0,1.0,0.912,0.378,tyrosine kinase inhibitor,generic,-tinib,saturated,False,,
bupivardtinib,True,ngram_guided,2,55.12,64.15,moderate,-9.15,5.85,bupivacine,0.7571,5,,SIMILARITY_MODERATE,,bupivardtinib,0.0,0.4,0.828,1.0,1.0,0.624,0.612,tyrosine kinase inhibitor,generic,-tinib,saturated,False,,
lebotinib,False,ngram_guided,2,62.35,64.86,moderate,-9.86,5.14,vedotin,0.812,4,INTRA_STEM_TOO_CLOSE|TRADEMARK_HIT,SIMILARITY_MODERATE,,lebotinib,0.0,0.6,1.0,1.0,1.0,0.983,0.217,tyrosine kinase inhibitor,generic,-tinib,saturated,False,,
thatinib,False,ngram_guided,2,69.11,66.82,moderate,-11.82,3.18,platinic,0.873,3,INTRA_STEM_TOO_CLOSE|TRADEMARK_HIT,SIMILARITY_MODERATE,,thatinib,0.0,1.0,1.0,1.0,1.0,0.787,0.32,tyrosine kinase inhibitor,generic,-tinib,saturated,False,,
alfatinib,False,ngram_guided,2,64.2,66.6,moderate,-11.6,3.4,platinic,0.8594,4,INTRA_STEM_TOO_CLOSE|TRADEMARK_HIT,SIMILARITY_MODERATE,,alfatinib,0.0,0.6,1.0,1.0,1.0,0.983,0.482,tyrosine kinase inhibitor,generic,-tinib,saturated,False,,
emelatinib,False,ngram_guided,2,63.36,76.12,high,-21.12,-6.12,melatonin,0.8212,5,SIMILARITY_TOO_HIGH|INTRA_STEM_TOO_CLOSE|TRADEMARK_HIT,,,emelatinib,0.0,0.45,1.0,1.0,1.0,0.867,0.956,tyrosine kinase inhibitor,generic,-tinib,saturated,False,,
goltinib,False,ngram_guided,2,68.14,63.13,moderate,-8.13,6.87,boldine,0.7067,3,TRADEMARK_HIT,SIMILARITY_MODERATE,,goltinib,0.0,1.0,1.0,1.0,1.0,0.787,0.181,tyrosine kinase inhibitor,generic,-tinib,saturated,False,,
arfortinib,False,ngram_guided,2,59.12,74.92,high,-19.92,-4.92,fortinia,0.7888,4,SIMILARITY_TOO_HIGH|TRADEMARK_HIT,,,arfortinib,0.0,0.45,0.975,1.0,1.0,0.998,0.213,tyrosine kinase inhibitor,generic,-tinib,saturated,False,,
vemulitinib,True,ngram_guided,2,62.27,68.67,moderate,-13.67,1.33,vemurafenib,0.7172,5,,SIMILARITY_MODERATE,,vemulitinib,0.0,0.517,1.0,1.0,1.0,0.821,0.675,tyrosine kinase inhibitor,generic,-tinib,saturated,False,,
homotinib,False,ngram_guided,2,63.73,66.29,moderate,-11.29,3.71,homotrimer,0.7571,4,TRADEMARK_HIT,SIMILARITY_MODERATE,,homotinib,0.0,0.6,1.0,1.0,1.0,0.983,0.415,tyrosine kinase inhibitor,generic,-tinib,saturated,False,,
thiatinib,False,ngram_guided,2,64.69,71.42,high,-16.42,-1.42,thiaminum,0.8542,4,SIMILARITY_TOO_HIGH|INTRA_STEM_TOO_CLOSE|TRADEMARK_HIT,,,thiatinib,0.0,0.6,1.0,1.0,1.0,0.983,0.552,tyrosine kinase inhibitor,generic,-tinib,saturated,False,,
dexttinib,False,ngram_guided,2,59.04,71.69,high,-16.69,-1.69,dextrin,0.6822,3,SIMILARITY_TOO_HIGH|TRADEMARK_HIT,,,dexttinib,0.0,0.6,0.742,0.75,1.0,0.858,0.759,tyrosine kinase inhibitor,generic,-tinib,saturated,False,,
plutatinib,False,ngram_guided,2,62.73,69.68,moderate,-14.68,0.32,platinic,0.8561,4,INTRA_STEM_TOO_CLOSE|TRADEMARK_HIT,SIMILARITY_MODERATE,,plutatinib,0.0,0.68,0.879,1.0,1.0,0.998,0.264,tyrosine kinase inhibitor,generic,-tinib,saturated,False,,
delgotinib,False,ngram_guided,2,62.1,72.02,high,-17.02,-2.02,delgocitinib,0.6591,4,SIMILARITY_TOO_HIGH|TRADEMARK_HIT,,,delgotinib,0.0,0.45,1.0,1.0,1.0,0.998,0.589,tyrosine kinase inhibitor,generic,-tinib,saturated,False,,
mestinib,False,ngram_guided,2,67.44,78.0,high,-23.0,-8.0,mestinon,0.9117,3,SIMILARITY_TOO_HIGH|TRADEMARK_HIT,,,mestinib,0.0,1.0,0.854,1.0,1.0,0.787,0.373,tyrosine kinase inhibitor,generic,-tinib,saturated,False,,
elitinib,False,grammar+refined,2,74.95,66.07,moderate,-11.07,3.93,clidinium,0.8252,4,INTRA_STEM_TOO_CLOSE|TRADEMARK_HIT,SIMILARITY_MODERATE,elatinib,elatinib -> elitinib,0.0,1.0,1.0,1.0,1.0,0.912,0.975,tyrosine kinase inhibitor,generic,-tinib,saturated,False,,
evitinib,False,grammar+refined,2,69.14,64.71,moderate,-9.71,5.29,desitin,0.806,4,INTRA_STEM_TOO_CLOSE|TRADEMARK_HIT,SIMILARITY_MODERATE,elatinib,elatinib -> elitinib -> evitinib,0.0,1.0,1.0,1.0,1.0,0.912,0.145,tyrosine kinase inhibitor,generic,-tinib,saturated,False,,
enitinib,False,grammar+refined,2,72.75,64.29,moderate,-9.29,5.71,nitidum,0.8344,4,INTRA_STEM_TOO_CLOSE|TRADEMARK_HIT,SIMILARITY_MODERATE,elatinib,elatinib -> elitinib -> evitinib -> enitinib,0.0,1.0,1.0,1.0,1.0,0.912,0.661,tyrosine kinase inhibitor,generic,-tinib,saturated,False,,
unatinib,False,grammar+refined,2,68.12,64.19,moderate,-9.19,5.81,humatin,0.8343,4,INTRA_STEM_TOO_CLOSE|TRADEMARK_HIT,SIMILARITY_MODERATE,inatinib,inatinib -> unatinib,0.0,1.0,1.0,1.0,1.0,0.912,0.0,tyrosine kinase inhibitor,generic,-tinib,saturated,False,,
uratinib,False,grammar+refined,2,68.12,69.48,moderate,-14.48,0.52,aratinga,0.8543,4,INTRA_STEM_TOO_CLOSE|TRADEMARK_HIT,SIMILARITY_MODERATE,inatinib,inatinib -> unatinib -> uratinib,0.0,1.0,1.0,1.0,1.0,0.912,0.0,tyrosine kinase inhibitor,generic,-tinib,saturated,False,,
uxatinib,False,grammar+refined,2,68.12,66.01,moderate,-11.01,3.99,platinic,0.6123,4,INTRA_STEM_TOO_CLOSE|TRADEMARK_HIT,SIMILARITY_MODERATE,inatinib,inatinib -> unatinib -> uratinib -> uxatinib,0.0,1.0,1.0,1.0,1.0,0.912,0.0,tyrosine kinase inhibitor,generic,-tinib,saturated,False,,
glitinib,False,ngram_guided+refined,2,64.83,69.95,moderate,-14.95,0.05,clidinium,0.8501,3,INTRA_STEM_TOO_CLOSE|TRADEMARK_HIT,SIMILARITY_MODERATE,glutinib,glutinib -> glitinib,0.0,1.0,0.854,1.0,1.0,0.787,0.0,tyrosine kinase inhibitor,generic,-tinib,saturated,False,,
gwitinib,False,ngram_guided+refined,2,64.09,60.09,moderate,-5.09,9.91,whitening,0.5446,3,INTRA_STEM_TOO_CLOSE|TRADEMARK_HIT,SIMILARITY_MODERATE|ILLEGAL_ONSET_CLUSTER,glutinib,glutinib -> glitinib -> gwitinib,0.0,1.0,0.801,1.0,1.0,0.787,0.0,tyrosine kinase inhibitor,generic,-tinib,saturated,False,,
gnitinib,False,ngram_guided+refined,2,66.87,65.88,moderate,-10.88,4.12,nitidum,0.6833,3,INTRA_STEM_TOO_CLOSE|TRADEMARK_HIT,SIMILARITY_MODERATE,glutinib,glutinib -> glitinib -> gwitinib -> gnitinib,0.0,1.0,1.0,1.0,1.0,0.787,0.0,tyrosine kinase inhibitor,generic,-tinib,saturated,False,,
oxitinib,False,ngram_guided+refined,2,69.91,77.92,high,-22.92,-7.92,axitinib,0.8539,4,SIMILARITY_TOO_HIGH|INTRA_STEM_TOO_CLOSE|TRADEMARK_HIT,,oxatinib,oxatinib -> oxitinib,0.0,1.0,1.0,1.0,1.0,0.912,0.256,tyrosine kinase inhibitor,generic,-tinib,saturated,False,,
ixitinib,False,ngram_guided+refined,2,68.12,77.92,high,-22.92,-7.92,axitinib,0.7052,4,SIMILARITY_TOO_HIGH|INTRA_STEM_TOO_CLOSE|TRADEMARK_HIT,,oxatinib,oxatinib -> oxitinib -> ixitinib,0.0,1.0,1.0,1.0,1.0,0.912,0.0,tyrosine kinase inhibitor,generic,-tinib,saturated,False,,
ihitinib,False,ngram_guided+refined,2,68.12,62.74,moderate,-7.74,7.26,chitin,0.6026,4,TRADEMARK_HIT,SIMILARITY_MODERATE,oxatinib,oxatinib -> oxitinib -> ixitinib -> ihitinib,0.0,1.0,1.0,1.0,1.0,0.912,0.0,tyrosine kinase inhibitor,generic,-tinib,saturated,False,,
fodtinib,False,ngram_guided+refined,2,66.87,73.33,high,-18.33,-3.33,fortinia,0.6194,3,SIMILARITY_TOO_HIGH|INTRA_STEM_TOO_CLOSE|TRADEMARK_HIT,,fortinib,fortinib -> fodtinib,0.0,1.0,1.0,1.0,1.0,0.787,0.0,tyrosine kinase inhibitor,generic,-tinib,saturated,False,,
fadtinib,False,ngram_guided+refined,2,66.87,67.28,moderate,-12.28,2.72,jadinii,0.6227,3,INTRA_STEM_TOO_CLOSE|TRADEMARK_HIT,SIMILARITY_MODERATE,fortinib,fortinib -> fodtinib -> fadtinib,0.0,1.0,1.0,1.0,1.0,0.787,0.0,tyrosine kinase inhibitor,generic,-tinib,saturated,False,,
fidtinib,False,ngram_guided+refined,2,66.94,63.82,moderate,-8.82,6.18,fisetin,0.6282,3,TRADEMARK_HIT,SIMILARITY_MODERATE,fortinib,fortinib -> fodtinib -> fadtinib -> fidtinib,0.0,1.0,1.0,1.0,1.0,0.787,0.01,tyrosine kinase inhibitor,generic,-tinib,saturated,False,,
tgatinib,False,ngram_guided+refined,2,64.09,67.12,moderate,-12.12,2.88,platinic,0.5372,3,INTRA_STEM_TOO_CLOSE|TRADEMARK_HIT,SIMILARITY_MODERATE|ILLEGAL_ONSET_CLUSTER,thatinib,thatinib -> tgatinib,0.0,1.0,0.801,1.0,1.0,0.787,0.0,tyrosine kinase inhibitor,generic,-tinib,saturated,False,,
tjatinib,False,ngram_guided+refined,2,64.09,70.66,high,-15.66,-0.66,jadinii,0.5398,3,SIMILARITY_TOO_HIGH|INTRA_STEM_TOO_CLOSE|TRADEMARK_HIT,ILLEGAL_ONSET_CLUSTER,thatinib,thatinib -> tgatinib -> tjatinib,0.0,1.0,0.801,1.0,1.0,0.787,0.0,tyrosine kinase inhibitor,generic,-tinib,saturated,False,,
zjatinib,False,ngram_guided+refined,2,64.09,70.92,high,-15.92,-0.92,jadinii,0.5395,3,SIMILARITY_TOO_HIGH|INTRA_STEM_TOO_CLOSE|TRADEMARK_HIT,ILLEGAL_ONSET_CLUSTER,thatinib,thatinib -> tgatinib -> tjatinib -> zjatinib,0.0,1.0,0.801,1.0,1.0,0.787,0.0,tyrosine kinase inhibitor,generic,-tinib,saturated,False,,
polatinib,False,grammar+refined,2,64.12,78.63,high,-23.63,-8.63,platinic,0.9377,4,SIMILARITY_TOO_HIGH|INTRA_STEM_TOO_CLOSE|TRADEMARK_HIT,,pilatinib,pilatinib -> polatinib,0.0,0.6,1.0,1.0,1.0,0.983,0.471,tyrosine kinase inhibitor,generic,-tinib,saturated,False,,
polotinib,False,grammar+refined,2,61.51,69.89,moderate,-14.89,0.11,polocaine,0.9013,4,INTRA_STEM_TOO_CLOSE|TRADEMARK_HIT,SIMILARITY_MODERATE,pilatinib,pilatinib -> polatinib -> polotinib,0.0,0.6,1.0,1.0,1.0,0.983,0.097,tyrosine kinase inhibitor,generic,-tinib,saturated,False,,
pulotinib,False,grammar+refined,2,68.83,67.84,moderate,-12.84,2.16,platinic,0.8257,4,INTRA_STEM_TOO_CLOSE|TRADEMARK_HIT,SIMILARITY_MODERATE,pilatinib,pilatinib -> polatinib -> polotinib -> pulotinib,0.0,1.0,1.0,1.0,1.0,0.983,0.0,tyrosine kinase inhibitor,generic,-tinib,saturated,False,,
sucitinib,False,grammar+refined,2,61.04,73.0,high,-18.0,-3.0,asciminib,0.8949,4,SIMILARITY_TOO_HIGH|INTRA_STEM_TOO_CLOSE|TRADEMARK_HIT,,sucotinib,sucotinib -> sucitinib,0.0,0.6,1.0,1.0,1.0,0.983,0.03,tyrosine kinase inhibitor,generic,-tinib,saturated,False,,
suwitinib,False,grammar+refined,2,68.83,65.42,moderate,-10.42,4.58,sunitinib,0.6456,4,INTRA_STEM_TOO_CLOSE|TRADEMARK_HIT,SIMILARITY_MODERATE,sucotinib,sucotinib -> sucitinib -> suwitinib,0.0,1.0,1.0,1.0,1.0,0.983,0.0,tyrosine kinase inhibitor,generic,-tinib,saturated,False,,
sewitinib,False,grammar+refined,2,68.83,67.85,moderate,-12.85,2.15,asciminib,0.7384,4,INTRA_STEM_TOO_CLOSE|TRADEMARK_HIT,SIMILARITY_MODERATE,sucotinib,sucotinib -> sucitinib -> suwitinib -> sewitinib,0.0,1.0,1.0,1.0,1.0,0.983,0.0,tyrosine kinase inhibitor,generic,-tinib,saturated,False,,
otutinib,False,grammar,3,68.13,65.69,moderate,-10.69,4.31,rutinic,0.6452,4,INTRA_STEM_TOO_CLOSE|TRADEMARK_HIT,SIMILARITY_MODERATE,,otutinib,0.0,1.0,1.0,1.0,1.0,0.912,0.001,tyrosine kinase inhibitor,generic,-tinib,saturated,False,,
lemetinib,False,grammar,3,60.87,72.23,high,-17.23,-2.23,emetine,0.8648,4,SIMILARITY_TOO_HIGH|INTRA_STEM_TOO_CLOSE|TRADEMARK_HIT,,,lemetinib,0.0,0.6,1.0,1.0,1.0,0.983,0.006,tyrosine kinase inhibitor,generic,-tinib,saturated,False,,
mamotinib,False,grammar,3,68.88,68.85,moderate,-13.85,1.15,famotidine,0.7253,4,TRADEMARK_HIT,SIMILARITY_MODERATE,,mamotinib,0.0,1.0,1.0,1.0,1.0,0.983,0.007,tyrosine kinase inhibitor,generic,-tinib,saturated,False,,
setivitinib,True,grammar,3,62.23,64.55,moderate,-9.55,5.45,cetirizine,0.7794,5,,SIMILARITY_MODERATE,,setivitinib,0.0,0.733,1.0,1.0,1.0,0.821,0.05,tyrosine kinase inhibitor,generic,-tinib,saturated,False,,
pagfetinib,True,grammar,3,68.98,63.89,moderate,-8.89,6.11,vandetanib,0.6309,4,,SIMILARITY_MODERATE,,pagfetinib,0.0,1.0,1.0,1.0,1.0,0.998,0.0,tyrosine kinase inhibitor,generic,-tinib,saturated,True,,
poliretinib,True,grammar,3,62.24,66.74,moderate,-11.74,3.26,polixetonium,0.8104,5,,SIMILARITY_MODERATE,,poliretinib,0.0,0.733,1.0,1.0,1.0,0.821,0.051,tyrosine kinase inhibitor,generic,-tinib,saturated,False,,
ipitinib,False,grammar,3,68.12,61.79,moderate,-6.79,8.21,iopidine,0.7521,4,INTRA_STEM_TOO_CLOSE|TRADEMARK_HIT,SIMILARITY_MODERATE,,ipitinib,0.0,1.0,1.0,1.0,1.0,0.912,0.0,tyrosine kinase inhibitor,generic,-tinib,saturated,False,,
fesodetinib,True,grammar,3,61.89,64.98,moderate,-9.98,5.02,felodipine,0.6898,5,,SIMILARITY_MODERATE,,fesodetinib,0.0,0.733,1.0,1.0,1.0,0.821,0.001,tyrosine kinase inhibitor,generic,-tinib,saturated,False,,
mampatinib,False,grammar,3,62.58,69.05,moderate,-14.05,0.95,mambaking,0.7228,4,INTRA_STEM_TOO_CLOSE|TRADEMARK_HIT,SIMILARITY_MODERATE,,mampatinib,0.0,0.68,1.0,1.0,1.0,0.998,0.0,tyrosine kinase inhibitor,generic,-tinib,saturated,False,,
ecetinib,False,grammar,3,68.12,71.48,high,-16.48,-1.48,ezetimibe,0.802,4,SIMILARITY_TOO_HIGH|INTRA_STEM_TOO_CLOSE|TRADEMARK_HIT,,,ecetinib,0.0,1.0,1.0,1.0,1.0,0.912,0.0,tyrosine kinase inhibitor,generic,-tinib,saturated,False,,
levatinib,False,grammar,3,66.31,73.92,high,-18.92,-3.92,lenvatinib,0.8335,4,SIMILARITY_TOO_HIGH|INTRA_STEM_TOO_CLOSE|TRADEMARK_HIT,,,levatinib,0.0,0.6,1.0,1.0,1.0,0.983,0.783,tyrosine kinase inhibitor,generic,-tinib,saturated,False,,
vocotinib,False,grammar,3,68.83,70.04,high,-15.04,-0.04,nicotinic,0.7715,4,SIMILARITY_TOO_HIGH|TRADEMARK_HIT,,,vocotinib,0.0,1.0,1.0,1.0,1.0,0.983,0.0,tyrosine kinase inhibitor,generic,-tinib,saturated,False,,
casatatinib,False,grammar,3,61.96,66.1,moderate,-11.1,3.9,azatadine,0.8071,5,INTRA_STEM_TOO_CLOSE|TRADEMARK_HIT,SIMILARITY_MODERATE,,casatatinib,0.0,0.733,1.0,1.0,1.0,0.821,0.012,tyrosine kinase inhibitor,generic,-tinib,saturated,False,,
bruoxitinib,False,grammar,3,65.75,64.65,moderate,-9.65,5.35,fluoxetine,0.6402,5,INTRA_STEM_TOO_CLOSE,SIMILARITY_MODERATE,,bruoxitinib,0.0,1.0,0.894,1.0,1.0,0.821,0.003,tyrosine kinase inhibitor,generic,-tinib,saturated,False,,
ipotinib,False,grammar,3,68.12,70.41,high,-15.41,-0.41,aprotinin,0.7323,4,SIMILARITY_TOO_HIGH|INTRA_STEM_TOO_CLOSE|TRADEMARK_HIT,,,ipotinib,0.0,1.0,1.0,1.0,1.0,0.912,0.0,tyrosine kinase inhibitor,generic,-tinib,saturated,False,,
buntretinib,False,grammar,3,60.0,66.15,moderate,-11.15,3.85,entrectinib,0.7015,4,INTRA_STEM_TOO_CLOSE,SIMILARITY_MODERATE,,buntretinib,0.0,0.733,0.768,1.0,1.0,0.952,0.009,tyrosine kinase inhibitor,generic,-tinib,saturated,False,,
menzotinib,True,grammar,3,62.66,67.53,moderate,-12.53,2.47,benzocaine,0.9069,4,,SIMILARITY_MODERATE,,menzotinib,0.0,0.68,1.0,1.0,1.0,0.998,0.012,tyrosine kinase inhibitor,generic,-tinib,saturated,True,,
odrorlatinib,False,grammar,3,59.93,64.18,moderate,-9.18,5.82,lorlatinib,0.6441,5,INTRA_STEM_TOO_CLOSE,SIMILARITY_MODERATE,,odrorlatinib,0.0,0.771,0.869,1.0,1.0,0.731,0.003,tyrosine kinase inhibitor,generic,-tinib,saturated,False,,
enetinib,False,grammar,3,68.14,72.2,high,-17.2,-2.2,emetine,0.7798,4,SIMILARITY_TOO_HIGH|TRADEMARK_HIT,,,enetinib,0.0,1.0,1.0,1.0,1.0,0.912,0.003,tyrosine kinase inhibitor,generic,-tinib,saturated,False,,
lolmitinib,True,grammar,3,62.65,65.74,moderate,-10.74,4.26,tolmetin,0.7144,4,,SIMILARITY_MODERATE,,lolmitinib,0.0,0.68,1.0,1.0,1.0,0.998,0.011,tyrosine kinase inhibitor,generic,-tinib,saturated,True,,
bornitinib,False,grammar,3,62.66,69.52,moderate,-14.52,0.48,carnitine,0.8727,4,TRADEMARK_HIT,SIMILARITY_MODERATE,,bornitinib,0.0,0.68,1.0,1.0,1.0,0.998,0.012,tyrosine kinase inhibitor,generic,-tinib,saturated,False,,
covegitinib,False,grammar,3,61.88,60.12,moderate,-5.12,9.88,doxecitine,0.7334,5,TRADEMARK_HIT,SIMILARITY_MODERATE,,covegitinib,0.0,0.733,1.0,1.0,1.0,0.821,0.0,tyrosine kinase inhibitor,generic,-tinib,saturated,False,,
nantetinib,False,grammar,3,62.6,75.09,high,-20.09,-5.09,vandetanib,0.7981,4,SIMILARITY_TOO_HIGH|TRADEMARK_HIT,,,nantetinib,0.0,0.68,1.0,1.0,1.0,0.998,0.003,tyrosine kinase inhibitor,generic,-tinib,saturated,False,,
odalfitinib,False,grammar,3,61.88,66.07,moderate,-11.07,3.93,calcitonin,0.667,5,INTRA_STEM_TOO_CLOSE|TRADEMARK_HIT,SIMILARITY_MODERATE,,odalfitinib,0.0,0.733,1.0,1.0,1.0,0.821,0.0,tyrosine kinase inhibitor,generic,-tinib,saturated,False,,
ipivekitinib,True,ngram_guided,3,52.79,63.08,moderate,-8.08,6.92,pivekimab,0.7057,6,,SIMILARITY_MODERATE,,ipivekitinib,0.0,0.357,1.0,1.0,1.0,0.513,0.217,tyrosine kinase inhibitor,generic,-tinib,saturated,False,,
phetinib,False,ngram_guided,3,73.81,65.84,moderate,-10.84,4.16,petunia,0.8667,3,INTRA_STEM_TOO_CLOSE|TRADEMARK_HIT,SIMILARITY_MODERATE,,phetinib,0.0,1.0,1.0,1.0,1.0,0.787,0.991,tyrosine kinase inhibitor,generic,-tinib,saturated,False,,
zoltinib,False,ngram_guided,3,71.89,67.47,moderate,-12.47,2.53,fortinia,0.7262,3,TRADEMARK_HIT,SIMILARITY_MODERATE,,zoltinib,0.0,1.0,1.0,1.0,1.0,0.787,0.717,tyrosine kinase inhibitor,generic,-tinib,saturated,False,,
pembratinib,False,ngram_guided,3,62.48,68.25,moderate,-13.25,1.75,umbralisib,0.8397,4,INTRA_STEM_TOO_CLOSE,SIMILARITY_MODERATE,,pembratinib,0.0,0.517,0.768,1.0,1.0,0.952,0.983,tyrosine kinase inhibitor,generic,-tinib,saturated,False,,
cartinib,False,ngram_guided,3,68.51,75.43,high,-20.43,-5.43,martini,0.9551,3,SIMILARITY_TOO_HIGH|INTRA_STEM_TOO_CLOSE|TRADEMARK_HIT,,,cartinib,0.0,1.0,1.0,1.0,1.0,0.787,0.234,tyrosine kinase inhibitor,generic,-tinib,saturated,False,,
dursultotinib,True,ngram_guided,3,54.8,62.19,moderate,-7.19,7.81,fursultiamin,0.7276,5,,SIMILARITY_MODERATE,,dursultotinib,0.0,0.4,0.975,1.0,1.0,0.624,0.272,tyrosine kinase inhibitor,generic,-tinib,saturated,False,,
ovemotinib,False,ngram_guided,3,57.09,71.72,high,-16.72,-1.72,ovemotide,0.6969,5,SIMILARITY_TOO_HIGH|INTRA_STEM_TOO_CLOSE,,,ovemotinib,0.0,0.45,1.0,1.0,1.0,0.867,0.061,tyrosine kinase inhibitor,generic,-tinib,saturated,False,,
tucatinib,False,ngram_guided,3,61.72,100.0,high,-45.0,-30.0,tucatinib,0.7089,4,EXACT_NAME_COLLISION|INTRA_STEM_TOO_CLOSE|TRADEMARK_HIT,,,tucatinib,0.0,0.6,1.0,1.0,1.0,0.983,0.127,tyrosine kinase inhibitor,generic,-tinib,saturated,False,,
ambenzqutinib,True,ngram_guided,3,51.74,66.39,moderate,-11.39,3.61,benzquercin,0.4959,4,,SIMILARITY_MODERATE,,ambenzqutinib,0.0,0.4,0.655,1.0,1.0,0.755,0.287,tyrosine kinase inhibitor,generic,-tinib,saturated,False,,
dolihexytinib,True,ngram_guided,3,50.47,63.21,moderate,-8.21,6.79,polihexanide,0.709,6,,SIMILARITY_MODERATE,,dolihexytinib,0.0,0.4,0.889,1.0,1.0,0.406,0.138,tyrosine kinase inhibitor,generic,-tinib,saturated,False,,
isotinib,False,ngram_guided,3,73.09,67.15,moderate,-12.15,2.85,isoptin,0.902,4,INTRA_STEM_TOO_CLOSE|TRADEMARK_HIT,SIMILARITY_MODERATE,,isotinib,0.0,1.0,1.0,1.0,1.0,0.912,0.71,tyrosine kinase inhibitor,generic,-tinib,saturated,False,,
brivitinib,False,ngram_guided,3,62.36,70.18,high,-15.18,-0.18,brivudine,0.7664,4,SIMILARITY_TOO_HIGH|INTRA_STEM_TOO_CLOSE,,,brivitinib,0.0,0.45,0.879,1.0,1.0,0.998,0.867,tyrosine kinase inhibitor,generic,-tinib,saturated,False,,
treltinib,False,ngram_guided,3,63.89,68.38,moderate,-13.38,1.62,tretin,0.8511,3,TRADEMARK_HIT,SIMILARITY_MODERATE,,treltinib,0.0,0.6,0.829,1.0,1.0,0.858,0.958,tyrosine kinase inhibitor,generic,-tinib,saturated,False,,
irbetinib,False,ngram_guided,3,61.01,62.38,moderate,-7.38,7.62,betainum,0.6693,4,TRADEMARK_HIT,SIMILARITY_MODERATE,,irbetinib,0.0,0.6,1.0,1.0,1.0,0.983,0.027,tyrosine kinase inhibitor,generic,-tinib,saturated,False,,
irbekatinib,True,ngram_guided,3,58.86,68.24,moderate,-13.24,1.76,arbekacin,0.6287,5,,SIMILARITY_MODERATE,,irbekatinib,0.0,0.517,1.0,1.0,1.0,0.821,0.188,tyrosine kinase inhibitor,generic,-tinib,saturated,False,,
tocoditinib,False,ngram_guided,3,61.59,66.52,moderate,-11.52,3.48,cocodimonium,0.7857,5,INTRA_STEM_TOO_CLOSE|TRADEMARK_HIT,SIMILARITY_MODERATE,,tocoditinib,0.0,0.517,1.0,1.0,1.0,0.821,0.578,tyrosine kinase inhibitor,generic,-tinib,saturated,False,,
mezlotinib,False,ngram_guided,3,64.09,69.94,moderate,-14.94,0.06,mezlocillin,0.8043,4,INTRA_STEM_TOO_CLOSE|TRADEMARK_HIT,SIMILARITY_MODERATE,,mezlotinib,0.0,0.45,1.0,1.0,1.0,0.998,0.873,tyrosine kinase inhibitor,generic,-tinib,saturated,False,,
tartinib,False,ngram_guided,3,71.05,77.65,high,-22.65,-7.65,martini,0.8494,3,SIMILARITY_TOO_HIGH|INTRA_STEM_TOO_CLOSE|TRADEMARK_HIT,,,tartinib,0.0,1.0,1.0,1.0,1.0,0.787,0.597,tyrosine kinase inhibitor,generic,-tinib,saturated,False,,
autotinib,False,ngram_guided,3,64.91,69.95,moderate,-14.95,0.05,aprotinin,0.6876,4,INTRA_STEM_TOO_CLOSE|TRADEMARK_HIT,SIMILARITY_MODERATE,,autotinib,0.0,0.6,1.0,1.0,1.0,0.983,0.583,tyrosine kinase inhibitor,generic,-tinib,saturated,False,,
emtutinib,False,ngram_guided,3,63.6,59.26,moderate,-4.26,10.74,hemagglutinin,0.6603,4,TRADEMARK_HIT,SIMILARITY_MODERATE,,emtutinib,0.0,0.6,1.0,1.0,1.0,0.983,0.397,tyrosine kinase inhibitor,generic,-tinib,saturated,False,,
spetinib,False,ngram_guided,3,65.51,67.48,moderate,-12.48,2.52,petunia,0.811,3,INTRA_STEM_TOO_CLOSE|TRADEMARK_HIT,SIMILARITY_MODERATE,,spetinib,0.0,1.0,0.854,1.0,1.0,0.787,0.097,tyrosine kinase inhibitor,generic,-tinib,saturated,False,,
taletinib,False,ngram_guided,3,64.79,66.16,moderate,-11.16,3.84,platinic,0.8082,4,INTRA_STEM_TOO_CLOSE|TRADEMARK_HIT,SIMILARITY_MODERATE,,taletinib,0.0,0.6,1.0,1.0,1.0,0.983,0.567,tyrosine kinase inhibitor,generic,-tinib,saturated,False,,
sofpirotinib,False,ngram_guided,3,55.01,74.19,high,-19.19,-4.19,sofpironium,0.7344,5,SIMILARITY_TOO_HIGH,,,sofpirotinib,0.0,0.15,1.0,1.0,1.0,0.731,0.814,tyrosine kinase inhibitor,generic,-tinib,saturated,False,,
dultinib,False,ngram_guided,3,69.12,64.36,moderate,-9.36,5.64,veltin,0.8132,3,TRADEMARK_HIT,SIMILARITY_MODERATE,,dultinib,0.0,1.0,1.0,1.0,1.0,0.787,0.321,tyrosine kinase inhibitor,generic,-tinib,saturated,False,,
pjetinib,True,ngram_guided+refined,3,64.09,66.64,moderate,-11.64,3.36,platinic,0.5342,3,,SIMILARITY_MODERATE|ILLEGAL_ONSET_CLUSTER,phetinib,phetinib -> pjetinib,0.0,1.0,0.801,1.0,1.0,0.787,0.0,tyrosine kinase inhibitor,generic,-tinib,saturated,True,,
igotinib,False,ngram_guided+refined,3,68.12,71.56,high,-16.56,-1.56,nicotinic,0.7028,4,SIMILARITY_TOO_HIGH|TRADEMARK_HIT,,isotinib,isotinib -> igotinib,0.0,1.0,1.0,1.0,1.0,0.912,0.0,tyrosine kinase inhibitor,generic,-tinib,saturated,False,,
egotinib,False,ngram_guided+refined,3,68.12,64.63,moderate,-9.63,5.37,nicotinic,0.7034,4,INTRA_STEM_TOO_CLOSE|TRADEMARK_HIT,SIMILARITY_MODERATE,isotinib,isotinib -> igotinib -> egotinib,0.0,1.0,1.0,1.0,1.0,0.912,0.0,tyrosine kinase inhibitor,generic,-tinib,saturated,False,,
ejotinib,False,ngram_guided+refined,3,68.12,63.41,moderate,-8.41,6.59,vedotin,0.6065,4,INTRA_STEM_TOO_CLOSE|TRADEMARK_HIT,SIMILARITY_MODERATE,isotinib,isotinib -> igotinib -> egotinib -> ejotinib,0.0,1.0,1.0,1.0,1.0,0.912,0.0,tyrosine kinase inhibitor,generic,-tinib,saturated,False,,
zeltinib,False,ngram_guided+refined,3,66.87,74.26,high,-19.26,-4.26,veltin,0.7153,3,SIMILARITY_TOO_HIGH|INTRA_STEM_TOO_CLOSE|TRADEMARK_HIT,,zoltinib,zoltinib -> zeltinib,0.0,1.0,1.0,1.0,1.0,0.787,0.0,tyrosine kinase inhibitor,generic,-tinib,saturated,False,,
tactinib,False,ngram_guided+refined,3,66.9,77.03,high,-22.03,-7.03,tactinal,0.8591,3,SIMILARITY_TOO_HIGH|INTRA_STEM_TOO_CLOSE|TRADEMARK_HIT,,tartinib,tartinib -> tactinib,0.0,1.0,1.0,1.0,1.0,0.787,0.003,tyrosine kinase inhibitor,generic,-tinib,saturated,False,,
taktinib,False,ngram_guided+refined,3,66.87,70.33,high,-15.33,-0.33,tactinal,0.6084,3,SIMILARITY_TOO_HIGH|TRADEMARK_HIT,,tartinib,tartinib -> tactinib -> taktinib,0.0,1.0,1.0,1.0,1.0,0.787,0.0,tyrosine kinase inhibitor,generic,-tinib,saturated,False,,
tektinib,False,ngram_guided+refined,3,66.87,67.05,moderate,-12.05,2.95,pectin,0.6095,3,INTRA_STEM_TOO_CLOSE|TRADEMARK_HIT,SIMILARITY_MODERATE,tartinib,tartinib -> tactinib -> taktinib -> tektinib,0.0,1.0,1.0,1.0,1.0,0.787,0.0,tyrosine kinase inhibitor,generic,-tinib,saturated,False,,
doltinib,False,ngram_guided+refined,3,66.94,65.7,moderate,-10.7,4.3,boldine,0.7405,3,TRADEMARK_HIT,SIMILARITY_MODERATE,dultinib,dultinib -> doltinib,0.0,1.0,1.0,1.0,1.0,0.787,0.01,tyrosine kinase inhibitor,generic,-tinib,saturated,False,,
diltinib,False,ngram_guided+refined,3,69.53,65.54,moderate,-10.54,4.46,nilotinib,0.8072,3,INTRA_STEM_TOO_CLOSE|TRADEMARK_HIT,SIMILARITY_MODERATE,dultinib,dultinib -> doltinib -> diltinib,0.0,1.0,1.0,1.0,1.0,0.787,0.38,tyrosine kinase inhibitor,generic,-tinib,saturated,False,,
deltinib,False,ngram_guided+refined,3,69.25,72.04,high,-17.04,-2.04,delphinium,0.782,3,SIMILARITY_TOO_HIGH|INTRA_STEM_TOO_CLOSE|TRADEMARK_HIT,,dultinib,dultinib -> doltinib -> diltinib -> deltinib,0.0,1.0,1.0,1.0,1.0,0.787,0.339,tyrosine kinase inhibitor,generic,-tinib,saturated,False,,
matotinib,False,grammar+refined,3,61.01,66.82,moderate,-11.82,3.18,aprotinin,0.7992,4,TRADEMARK_HIT,SIMILARITY_MODERATE,mamotinib,mamotinib -> matotinib,0.0,0.6,1.0,1.0,1.0,0.983,0.026,tyrosine kinase inhibitor,generic,-tinib,saturated,False,,
metotinib,False,grammar+refined,3,63.31,68.18,moderate,-13.18,1.82,nicotinic,0.9002,4,INTRA_STEM_TOO_CLOSE|TRADEMARK_HIT,SIMILARITY_MODERATE,mamotinib,mamotinib -> matotinib -> metotinib,0.0,0.6,1.0,1.0,1.0,0.983,0.355,tyrosine kinase inhibitor,generic,-tinib,saturated,False,,
mecotinib,False,grammar+refined,3,60.95,76.21,high,-21.21,-6.21,nicotinic,0.8184,4,SIMILARITY_TOO_HIGH|INTRA_STEM_TOO_CLOSE,,mamotinib,mamotinib -> matotinib -> metotinib -> mecotinib,0.0,0.6,1.0,1.0,1.0,0.983,0.018,tyrosine kinase inhibitor,generic,-tinib,saturated,False,,
pocotinib,False,grammar+refined,3,60.83,69.62,moderate,-14.62,0.38,nicotinic,0.8296,4,INTRA_STEM_TOO_CLOSE|TRADEMARK_HIT,SIMILARITY_MODERATE,vocotinib,vocotinib -> pocotinib,0.0,0.6,1.0,1.0,1.0,0.983,0.0,tyrosine kinase inhibitor,generic,-tinib,saturated,False,,
popotinib,False,grammar+refined,3,68.83,66.5,moderate,-11.5,3.5,tepotinib,0.7857,4,INTRA_STEM_TOO_CLOSE|TRADEMARK_HIT,SIMILARITY_MODERATE,vocotinib,vocotinib -> pocotinib -> popotinib,0.0,1.0,1.0,1.0,1.0,0.983,0.001,tyrosine kinase inhibitor,generic,-tinib,saturated,False,,
pupotinib,False,grammar+refined,3,68.83,64.91,moderate,-9.91,5.09,aprotinin,0.6224,4,INTRA_STEM_TOO_CLOSE|TRADEMARK_HIT,SIMILARITY_MODERATE,vocotinib,vocotinib -> pocotinib -> popotinib -> pupotinib,0.0,1.0,1.0,1.0,1.0,0.983,0.0,tyrosine kinase inhibitor,generic,-tinib,saturated,False,,
cawtinib,False,ngram_guided+refined,3,66.87,64.07,moderate,-9.07,5.93,canineaid,0.6195,3,INTRA_STEM_TOO_CLOSE|TRADEMARK_HIT,SIMILARITY_MODERATE,cartinib,cartinib -> cawtinib,0.0,1.0,1.0,1.0,1.0,0.787,0.0,tyrosine kinase inhibitor,generic,-tinib,saturated,False,,
cewtinib,False,ngram_guided+refined,3,66.87,61.13,moderate,-6.13,8.87,certified,0.6036,3,TRADEMARK_HIT,SIMILARITY_MODERATE,cartinib,cartinib -> cawtinib -> cewtinib,0.0,1.0,1.0,1.0,1.0,0.787,0.0,tyrosine kinase inhibitor,generic,-tinib,saturated,False,,
cowtinib,True,ngram_guided+refined,3,66.87,69.55,moderate,-14.55,0.45,coccinia,0.6114,3,,SIMILARITY_MODERATE,cartinib,cartinib -> cawtinib -> cewtinib -> cowtinib,0.0,1.0,1.0,1.0,1.0,0.787,0.0,tyrosine kinase inhibitor,generic,-tinib,saturated,True,,
maxomab,False,grammar,1,65.86,74.71,high,-19.71,-4.71,maxima,0.7506,3,SIMILARITY_TOO_HIGH,,,maxomab,0.0,1.0,1.0,1.0,1.0,0.685,0.001,monoclonal antibody,generic,-mab,saturated,False,,
murofumab,False,grammar,1,61.8,76.17,high,-21.17,-6.17,burosumab,0.7684,4,SIMILARITY_TOO_HIGH,,,murofumab,0.0,0.733,0.879,1.0,1.0,0.983,0.0,monoclonal antibody,generic,-mab,saturated,False,,
purzeprumab,True,grammar,1,63.12,59.15,moderate,-4.15,10.85,tezepelumab,0.7512,4,,SIMILARITY_MODERATE,,purzeprumab,0.0,0.8,0.9,1.0,1.0,0.952,0.0,monoclonal antibody,generic,-mab,saturated,False,,
ebomab,True,grammar,1,64.81,63.43,moderate,-8.43,6.57,bomb,0.6498,3,,SIMILARITY_MODERATE,,ebomab,0.0,1.0,1.0,1.0,1.0,0.581,0.0,monoclonal antibody,generic,-mab,saturated,True,,
cyxonomab,True,grammar,1,67.28,64.46,moderate,-9.46,5.54,cyrtonema,0.6146,4,,SIMILARITY_MODERATE,,cyxonomab,0.0,1.0,0.889,1.0,1.0,0.983,0.001,monoclonal antibody,generic,-mab,saturated,True,,
mulomab,True,grammar,1,57.94,64.78,moderate,-9.78,5.22,muromonab,0.8327,3,,SIMILARITY_MODERATE,,mulomab,0.0,0.6,1.0,1.0,1.0,0.685,0.013,monoclonal antibody,generic,-mab,saturated,False,,
metuvomab,True,grammar,1,63.55,61.81,moderate,-6.81,8.19,betulonate,0.7606,4,,SIMILARITY_MODERATE,,metuvomab,0.0,0.733,1.0,1.0,1.0,0.983,0.007,monoclonal antibody,generic,-mab,saturated,False,,
basamemab,True,grammar,1,63.49,63.67,moderate,-8.67,6.33,balsamum,0.6758,4,,SIMILARITY_MODERATE,,basamemab,0.0,0.733,1.0,1.0,1.0,0.983,0.0,monoclonal antibody,generic,-mab,saturated,False,,
coneclemab,True,grammar,1,62.71,60.05,moderate,-5.05,9.95,conexxence,0.7776,4,,SIMILARITY_MODERATE,,coneclemab,0.0,0.771,0.879,1.0,1.0,0.998,0.0,monoclonal antibody,generic,-mab,saturated,False,,
glasamab,True,grammar,1,59.06,63.15,moderate,-8.15,6.85,clavamox,0.7511,3,,SIMILARITY_MODERATE,,glasamab,0.0,0.68,0.854,1.0,1.0,0.787,0.09,monoclonal antibody,generic,-mab,saturated,False,,
axaamab,True,grammar,1,67.1,58.58,moderate,-3.58,11.42,adamas,0.6018,4,,SIMILARITY_MODERATE,,axaamab,0.0,1.0,1.0,1.0,1.0,0.81,0.0,monoclonal antibody,generic,-mab,saturated,True,,
erpicimab,True,grammar,1,63.49,60.46,moderate,-5.46,9.54,persicinum,0.7116,4,,SIMILARITY_MODERATE,,erpicimab,0.0,0.733,1.0,1.0,1.0,0.983,0.0,monoclonal antibody,generic,-mab,saturated,False,,
pamimlemab,True,grammar,1,64.41,62.72,moderate,-7.72,7.28,papilloma,0.6551,4,,SIMILARITY_MODERATE,,pamimlemab,0.0,0.771,1.0,1.0,1.0,0.998,0.0,monoclonal antibody,generic,-mab,saturated,False,,
nerfemab,True,grammar,1,60.48,60.29,moderate,-5.29,9.71,terfenadine,0.6689,3,,SIMILARITY_MODERATE,,nerfemab,0.0,0.68,1.0,1.0,1.0,0.787,0.001,monoclonal antibody,generic,-mab,saturated,False,,
sirnomab,True,grammar,1,66.87,64.48,moderate,-9.48,5.52,stanomax,0.6123,3,,SIMILARITY_MODERATE,,sirnomab,0.0,1.0,1.0,1.0,1.0,0.787,0.0,monoclonal antibody,generic,-mab,saturated,True,,
zitrumab,True,grammar,1,59.06,67.72,moderate,-12.72,2.28,citroma,0.692,3,,SIMILARITY_MODERATE,,zitrumab,0.0,0.68,0.899,1.0,1.0,0.787,0.0,monoclonal antibody,generic,-mab,saturated,False,,
noturdimab,True,grammar,1,64.41,59.03,moderate,-4.03,10.97,inotuzumab,0.7437,4,,SIMILARITY_MODERATE,,noturdimab,0.0,0.771,1.0,1.0,1.0,0.998,0.0,monoclonal antibody,generic,-mab,saturated,False,,
igitromab,False,grammar,1,61.8,73.38,high,-18.38,-3.38,citroma,0.7452,4,SIMILARITY_TOO_HIGH|TRADEMARK_HIT,,,igitromab,0.0,0.733,0.879,1.0,1.0,0.983,0.0,monoclonal antibody,generic,-mab,saturated,False,,
bapiimab,True,grammar,1,68.12,67.54,moderate,-12.54,2.46,rapivab,0.6059,4,,SIMILARITY_MODERATE,,bapiimab,0.0,1.0,1.0,1.0,1.0,0.912,0.0,monoclonal antibody,generic,-mab,saturated,True,,
emlavamab,True,grammar,1,63.52,60.48,moderate,-5.48,9.52,clavamox,0.642,4,,SIMILARITY_MODERATE,,emlavamab,0.0,0.733,1.0,1.0,1.0,0.983,0.003,monoclonal antibody,generic,-mab,saturated,False,,
ixomab,True,grammar,1,64.81,62.05,moderate,-7.05,7.95,ixazomib,0.6684,3,,SIMILARITY_MODERATE,,ixomab,0.0,1.0,1.0,1.0,1.0,0.581,0.0,monoclonal antibody,generic,-mab,saturated,True,,
lidademab,True,grammar,1,63.49,67.29,moderate,-12.29,2.71,diadema,0.7173,4,,SIMILARITY_MODERATE,,lidademab,0.0,0.733,1.0,1.0,1.0,0.983,0.0,monoclonal antibody,generic,-mab,saturated,False,,
pixomab,True,grammar,1,65.85,62.75,moderate,-7.75,7.25,apixaban,0.6711,3,,SIMILARITY_MODERATE,,pixomab,0.0,1.0,1.0,1.0,1.0,0.685,0.0,monoclonal antibody,generic,-mab,saturated,True,,
hecramab,True,grammar,1,64.83,63.67,moderate,-8.67,6.33,crambe,0.6857,3,,SIMILARITY_MODERATE,,hecramab,0.0,1.0,0.854,1.0,1.0,0.787,0.0,monoclonal antibody,generic,-mab,saturated,True,,
tramab,False,ngram_guided,1,61.84,74.82,high,-19.82,-4.82,trauma,0.9615,2,SIMILARITY_TOO_HIGH|TRADEMARK_HIT,,,tramab,0.0,1.0,0.803,1.0,1.0,0.361,0.283,monoclonal antibody,generic,-mab,saturated,False,,
testmab,False,ngram_guided,1,56.96,75.07,high,-20.07,-5.07,bestmade,0.7225,2,SIMILARITY_TOO_HIGH|TRADEMARK_HIT,,,testmab,0.0,0.6,0.737,1.0,1.0,0.466,0.711,monoclonal antibody,generic,-mab,saturated,False,,
neparvomab,False,ngram_guided,1,54.46,74.58,high,-19.58,-4.58,neparvovec,0.7541,4,SIMILARITY_TOO_HIGH,,,neparvomab,0.0,0.15,1.0,1.0,1.0,0.998,0.354,monoclonal antibody,generic,-mab,saturated,False,,
sotmab,True,ngram_guided,1,67.86,60.31,moderate,-5.31,9.69,sutab,0.735,2,,SIMILARITY_MODERATE,,sotmab,0.0,1.0,1.0,1.0,1.0,0.361,0.75,monoclonal antibody,generic,-mab,saturated,True,,
zuralamab,True,ngram_guided,1,59.48,60.27,moderate,-5.27,9.73,fluralaner,0.7217,4,,SIMILARITY_MODERATE,,zuralamab,0.0,0.517,1.0,1.0,1.0,0.983,0.046,monoclonal antibody,generic,-mab,saturated,False,,
bacamab,True,ngram_guided,1,62.6,67.97,moderate,-12.97,2.03,baccata,0.8566,3,,SIMILARITY_MODERATE,,bacamab,0.0,0.6,1.0,1.0,1.0,0.685,0.678,monoclonal antibody,generic,-mab,saturated,False,,
ibumab,True,ngram_guided,1,67.39,54.69,low,0.31,15.31,bupap,0.7144,3,,,,ibumab,0.012,1.0,0.854,1.0,1.0,0.581,0.618,monoclonal antibody,generic,-mab,saturated,True,,
ensaribomab,True,ngram_guided,1,64.36,60.9,moderate,-5.9,9.1,ensartinib,0.6808,5,,SIMILARITY_MODERATE,,ensaribomab,0.0,0.6,1.0,1.0,1.0,0.821,0.736,monoclonal antibody,generic,-mab,saturated,False,,
imexmab,True,ngram_guided,1,56.62,65.98,moderate,-10.98,4.02,nexmed,0.6204,3,,SIMILARITY_MODERATE,,imexmab,0.0,0.6,0.899,1.0,1.0,0.685,0.026,monoclonal antibody,generic,-mab,saturated,False,,
ramilomab,False,ngram_guided,1,56.78,71.42,high,-16.42,-1.42,amilomer,0.8371,4,SIMILARITY_TOO_HIGH,,,ramilomab,0.0,0.517,1.0,1.0,0.53,0.983,0.735,monoclonal antibody,generic,-mab,saturated,False,,
odromab,True,ngram_guided,1,56.96,67.38,moderate,-12.38,2.62,bromata,0.8109,3,,SIMILARITY_MODERATE,,odromab,0.0,0.6,0.854,1.0,1.0,0.685,0.165,monoclonal antibody,generic,-mab,saturated,False,,
gefibrikmab,True,ngram_guided,1,58.81,61.29,moderate,-6.29,8.71,defibrotide,0.6062,4,,SIMILARITY_MODERATE,,gefibrikmab,0.0,0.6,0.854,1.0,1.0,0.952,0.046,monoclonal antibody,generic,-mab,saturated,False,,
degamab,True,ngram_guided,1,60.88,66.15,moderate,-11.15,3.85,bergamot,0.7848,3,,SIMILARITY_MODERATE,,degamab,0.0,0.6,1.0,1.0,1.0,0.685,0.432,monoclonal antibody,generic,-mab,saturated,False,,
nilvamab,True,ngram_guided,1,59.24,65.39,moderate,-10.39,4.61,nolvasan,0.6644,3,,SIMILARITY_MODERATE,,nilvamab,0.0,0.45,1.0,1.0,1.0,0.787,0.48,monoclonal antibody,generic,-mab,saturated,False,,
lidotmab,True,ngram_guided,1,56.59,69.87,moderate,-14.87,0.13,lidotran,0.7229,3,,SIMILARITY_MODERATE,,lidotmab,0.0,0.45,1.0,1.0,1.0,0.787,0.103,monoclonal antibody,generic,-mab,saturated,False,,
promab,False,ngram_guided,1,61.22,75.28,high,-20.28,-5.28,promace,0.9864,2,SIMILARITY_TOO_HIGH|TRADEMARK_HIT,,,promab,0.0,1.0,0.803,1.0,1.0,0.361,0.194,monoclonal antibody,generic,-mab,saturated,False,,
panilomab,False,ngram_guided,1,70.49,75.42,high,-20.42,-5.42,papilloma,0.8394,4,SIMILARITY_TOO_HIGH,,,panilomab,0.0,0.733,1.0,1.0,1.0,0.983,0.999,monoclonal antibody,generic,-mab,saturated,False,,
josampimab,True,ngram_guided,1,61.07,65.01,moderate,-10.01,4.99,josamycin,0.6978,4,,SIMILARITY_MODERATE,,josampimab,0.0,0.564,1.0,1.0,1.0,0.998,0.114,monoclonal antibody,generic,-mab,saturated,False,,
temamab,True,ngram_guided,1,59.86,63.35,moderate,-8.35,6.65,acemannan,0.7188,3,,SIMILARITY_MODERATE,,temamab,0.0,0.6,1.0,0.8,1.0,0.685,0.543,monoclonal antibody,generic,-mab,saturated,False,,
pralmemab,True,ngram_guided,1,59.06,62.82,moderate,-7.82,7.18,tralement,0.7818,3,,SIMILARITY_MODERATE,,pralmemab,0.0,0.517,0.829,1.0,1.0,0.858,0.506,monoclonal antibody,generic,-mab,saturated,False,,
fluocinamab,False,ngram_guided,1,44.07,72.51,high,-17.51,-2.51,fluocinonide,0.8913,5,SIMILARITY_TOO_HIGH|TRADEMARK_HIT,,,fluocinamab,0.0,0.2,0.894,1.0,0.53,0.821,0.266,monoclonal antibody,generic,-mab,saturated,False,,
tovobinemab,True,ngram_guided,1,63.87,54.6,low,0.4,15.4,novobiocin,0.6984,5,,,,tovobinemab,0.016,0.6,1.0,1.0,1.0,0.821,0.611,monoclonal antibody,generic,-mab,saturated,False,,
palomiplmab,True,ngram_guided,1,60.29,60.67,moderate,-5.67,9.33,palmpalm,0.6353,4,,SIMILARITY_MODERATE,,palomiplmab,0.0,0.6,0.813,1.0,1.0,0.952,0.341,monoclonal antibody,generic,-mab,saturated,False,,
ozanitamab,False,ngram_guided,1,61.09,70.05,high,-15.05,-0.05,zanidatamab,0.8057,5,SIMILARITY_TOO_HIGH,,,ozanitamab,0.0,0.564,1.0,1.0,1.0,0.867,0.305,monoclonal antibody,generic,-mab,saturated,False,,
panicomab,False,ngram_guided+refined,1,59.4,74.35,high,-19.35,-4.35,danicopan,0.8999,4,SIMILARITY_TOO_HIGH,,panilomab,panilomab -> panicomab,0.0,0.517,1.0,1.0,1.0,0.983,0.034,monoclonal antibody,generic,-mab,saturated,False,,
panicumab,False,ngram_guided+refined,1,53.2,72.04,high,-17.04,-2.04,panicum,0.9494,4,SIMILARITY_TOO_HIGH,,panilomab,panilomab -> panicomab -> panicumab,0.0,0.3,0.879,1.0,1.0,0.983,0.01,monoclonal antibody,generic,-mab,saturated,False,,
panicamab,False,ngram_guided+refined,1,56.91,73.07,high,-18.07,-3.07,panicum,0.9121,4,SIMILARITY_TOO_HIGH,,panilomab,panilomab -> panicomab -> panicumab -> panicamab,0.0,0.3,1.0,1.0,1.0,0.983,0.297,monoclonal antibody,generic,-mab,saturated,False,,
magomab,False,grammar+refined,1,57.86,72.37,high,-17.37,-2.37,magonate,0.7865,3,SIMILARITY_TOO_HIGH|TRADEMARK_HIT,,maxomab,maxomab -> magomab,0.0,0.6,1.0,1.0,1.0,0.685,0.001,monoclonal antibody,generic,-mab,saturated,False,,
magamab,True,grammar+refined,1,57.86,66.56,moderate,-11.56,3.44,tagamet,0.8216,3,,SIMILARITY_MODERATE,maxomab,maxomab -> magomab -> magamab,0.0,0.6,1.0,1.0,1.0,0.685,0.001,monoclonal antibody,generic,-mab,saturated,False,,
tremab,False,ngram_guided+refined,1,64.52,73.14,high,-18.14,-3.14,eutrema,0.9158,2,SIMILARITY_TOO_HIGH|TRADEMARK_HIT,,tramab,tramab -> tremab,0.0,1.0,0.803,1.0,1.0,0.361,0.666,monoclonal antibody,generic,-mab,saturated,False,,
fremab,False,ngram_guided+refined,1,59.87,77.93,high,-22.93,-7.93,freeman,0.8379,2,SIMILARITY_TOO_HIGH|TRADEMARK_HIT,,tramab,tramab -> tremab -> fremab,0.0,1.0,0.803,1.0,1.0,0.361,0.001,monoclonal antibody,generic,-mab,saturated,False,,
frimab,False,ngram_guided+refined,1,59.86,73.5,high,-18.5,-3.5,freeman,0.8568,2,SIMILARITY_TOO_HIGH|TRADEMARK_HIT,,tramab,tramab -> tremab -> fremab -> frimab,0.0,1.0,0.803,1.0,1.0,0.361,0.0,monoclonal antibody,generic,-mab,saturated,False,,
murorumab,False,grammar+refined,1,63.49,73.5,high,-18.5,-3.5,burosumab,0.7066,4,SIMILARITY_TOO_HIGH,,murofumab,murofumab -> murorumab,0.0,0.733,1.0,1.0,1.0,0.983,0.0,monoclonal antibody,generic,-mab,saturated,False,,
mururumab,True,grammar+refined,1,59.16,60.17,moderate,-5.17,9.83,burosumab,0.7034,4,,SIMILARITY_MODERATE,murofumab,murofumab -> murorumab -> mururumab,0.0,0.517,1.0,1.0,1.0,0.983,0.0,monoclonal antibody,generic,-mab,saturated,False,,
igitcomab,True,grammar+refined,1,63.49,57.4,moderate,-2.4,12.6,lincomed,0.627,4,,SIMILARITY_MODERATE,igitromab,igitromab -> igitcomab,0.0,0.733,1.0,1.0,1.0,0.983,0.0,monoclonal antibody,generic,-mab,saturated,False,,
pramab,True,ngram_guided+refined,1,62.14,69.9,moderate,-14.9,0.1,grama,0.9251,2,,SIMILARITY_MODERATE,promab,promab -> pramab,0.0,1.0,0.803,1.0,1.0,0.361,0.325,monoclonal antibody,generic,-mab,saturated,False,,
ozanatamab,True,ngram_guided+refined,1,59.21,67.31,moderate,-12.31,2.69,zanidatamab,0.8258,5,,SIMILARITY_MODERATE,ozanitamab,ozanitamab -> ozanatamab,0.0,0.564,1.0,1.0,1.0,0.867,0.036,monoclonal antibody,generic,-mab,saturated,False,,
restmab,False,ngram_guided+refined,1,52.03,70.43,high,-15.43,-0.43,bestmade,0.7559,2,SIMILARITY_TOO_HIGH|TRADEMARK_HIT,,testmab,testmab -> restmab,0.0,0.6,0.737,1.0,1.0,0.466,0.006,monoclonal antibody,generic,-mab,saturated,False,,
rectmab,True,ngram_guided+refined,1,51.98,69.21,moderate,-14.21,0.79,recta,0.7327,2,,SIMILARITY_MODERATE,testmab,testmab -> restmab -> rectmab,0.0,0.6,0.737,1.0,1.0,0.466,0.0,monoclonal antibody,generic,-mab,saturated,False,,
maxogliptin,False,grammar,1,66.49,63.52,moderate,-8.52,6.48,saxagliptin,0.7258,4,INTRA_STEM_TOO_CLOSE|TRADEMARK_HIT,SIMILARITY_MODERATE,,maxogliptin,0.0,1.0,0.854,1.0,1.0,0.952,0.001,DPP-4 inhibitor,generic,-gliptin,saturated,False,,
tatugliptin,False,grammar,1,58.49,60.46,moderate,-5.46,9.54,teduglutide,0.7102,4,INTRA_STEM_TOO_CLOSE|TRADEMARK_HIT,SIMILARITY_MODERATE,,tatugliptin,0.0,0.6,0.854,1.0,1.0,0.952,0.001,DPP-4 inhibitor,generic,-gliptin,saturated,False,,
purzeprugliptin,True,grammar,1,55.55,56.12,moderate,-1.12,13.88,metreleptin,0.6802,5,,SIMILARITY_MODERATE,,purzeprugliptin,0.0,0.8,0.714,1.0,1.0,0.456,0.0,DPP-4 inhibitor,generic,-gliptin,saturated,False,,
ebogliptin,False,grammar,1,66.94,65.03,moderate,-10.03,4.97,ergocriptine,0.6948,4,INTRA_STEM_TOO_CLOSE|TRADEMARK_HIT,SIMILARITY_MODERATE,,ebogliptin,0.0,1.0,0.854,1.0,1.0,0.998,0.0,DPP-4 inhibitor,generic,-gliptin,saturated,False,,
cyxonogliptin,True,grammar,1,61.86,55.8,moderate,-0.8,14.2,bromocriptine,0.626,5,,SIMILARITY_MODERATE,,cyxonogliptin,0.0,1.0,0.758,1.0,1.0,0.624,0.001,DPP-4 inhibitor,generic,-gliptin,saturated,True,,
mulogliptin,False,grammar,1,58.57,60.68,moderate,-5.68,9.32,duloxetine,0.7627,4,INTRA_STEM_TOO_CLOSE|TRADEMARK_HIT,SIMILARITY_MODERATE,,mulogliptin,0.0,0.6,0.854,1.0,1.0,0.952,0.013,DPP-4 inhibitor,generic,-gliptin,saturated,False,,
vilogliptin,False,grammar,1,65.48,66.8,moderate,-11.8,3.2,vildagliptin,0.7421,4,INTRA_STEM_TOO_CLOSE|TRADEMARK_HIT,SIMILARITY_MODERATE,,vilogliptin,0.0,0.6,0.854,1.0,1.0,0.952,0.999,DPP-4 inhibitor,generic,-gliptin,saturated,False,,
larragliptin,False,grammar,1,58.86,61.64,moderate,-6.64,8.36,naratriptan,0.7052,4,TRADEMARK_HIT,SIMILARITY_MODERATE,,larragliptin,0.0,0.68,0.83,1.0,1.0,0.862,0.003,DPP-4 inhibitor,generic,-gliptin,saturated,False,,
coneclegliptin,False,grammar,1,56.05,59.4,moderate,-4.4,10.6,metreleptin,0.7303,5,INTRA_STEM_TOO_CLOSE,SIMILARITY_MODERATE,,coneclegliptin,0.0,0.771,0.739,1.0,1.0,0.527,0.0,DPP-4 inhibitor,generic,-gliptin,saturated,False,,
tocegliptin,False,grammar,1,62.76,60.62,moderate,-5.62,9.38,aceclidine,0.6563,4,TRADEMARK_HIT,SIMILARITY_MODERATE,,tocegliptin,0.0,0.6,0.854,1.0,1.0,0.952,0.611,DPP-4 inhibitor,generic,-gliptin,saturated,False,,
gidigliptin,False,grammar,1,66.48,61.37,moderate,-6.37,8.63,epicriptine,0.677,4,INTRA_STEM_TOO_CLOSE|TRADEMARK_HIT,SIMILARITY_MODERATE,,gidigliptin,0.0,1.0,0.854,1.0,1.0,0.952,0.0,DPP-4 inhibitor,generic,-gliptin,saturated,False,,
samigliptin,False,grammar,1,61.67,66.79,moderate,-11.79,3.21,amineptin,0.7732,4,INTRA_STEM_TOO_CLOSE|TRADEMARK_HIT,SIMILARITY_MODERATE,,samigliptin,0.0,0.6,0.854,1.0,1.0,0.952,0.456,DPP-4 inhibitor,generic,-gliptin,saturated,False,,
intucagliptin,False,grammar,1,58.15,60.29,moderate,-5.29,9.71,intralipid,0.6292,5,INTRA_STEM_TOO_CLOSE|TRADEMARK_HIT,SIMILARITY_MODERATE,,intucagliptin,0.0,0.733,0.845,1.0,1.0,0.624,0.06,DPP-4 inhibitor,generic,-gliptin,saturated,False,,
nerfegliptin,True,grammar,1,58.84,63.51,moderate,-8.51,6.49,metreleptin,0.648,4,,SIMILARITY_MODERATE,,nerfegliptin,0.0,0.68,0.83,1.0,1.0,0.862,0.001,DPP-4 inhibitor,generic,-gliptin,saturated,True,,
sirnogliptin,False,grammar,1,65.23,61.75,moderate,-6.75,8.25,ergocriptine,0.624,4,INTRA_STEM_TOO_CLOSE|TRADEMARK_HIT,SIMILARITY_MODERATE,,sirnogliptin,0.0,1.0,0.83,1.0,1.0,0.862,0.0,DPP-4 inhibitor,generic,-gliptin,saturated,False,,
zitrugliptin,False,grammar,1,57.14,63.93,moderate,-8.93,6.07,metreleptin,0.6452,4,INTRA_STEM_TOO_CLOSE|TRADEMARK_HIT,SIMILARITY_MODERATE,,zitrugliptin,0.0,0.68,0.709,1.0,1.0,0.862,0.0,DPP-4 inhibitor,generic,-gliptin,saturated,False,,
noregliptin,False,grammar,1,58.51,66.09,moderate,-11.09,3.91,reclipsen,0.7052,4,TRADEMARK_HIT,SIMILARITY_MODERATE,,noregliptin,0.0,0.6,0.854,1.0,1.0,0.952,0.004,DPP-4 inhibitor,generic,-gliptin,saturated,False,,
semnigliptin,False,grammar,1,60.2,61.04,moderate,-6.04,8.96,semaglutide,0.6734,4,INTRA_STEM_TOO_CLOSE|TRADEMARK_HIT,SIMILARITY_MODERATE,,semnigliptin,0.0,0.68,0.83,1.0,1.0,0.862,0.195,DPP-4 inhibitor,generic,-gliptin,saturated,False,,
bapiigliptin,True,grammar,1,64.48,67.02,moderate,-12.02,2.98,epicriptine,0.6115,5,,SIMILARITY_MODERATE,,bapiigliptin,0.0,1.0,0.869,1.0,1.0,0.731,0.0,DPP-4 inhibitor,generic,-gliptin,saturated,True,,
kilfigliptin,False,grammar,1,58.83,57.14,moderate,-2.14,12.86,epicriptine,0.6061,4,INTRA_STEM_TOO_CLOSE|TRADEMARK_HIT,SIMILARITY_MODERATE,,kilfigliptin,0.0,0.68,0.83,1.0,1.0,0.862,0.0,DPP-4 inhibitor,generic,-gliptin,saturated,False,,
ixogliptin,False,grammar,1,66.94,63.94,moderate,-8.94,6.06,colistin,0.6741,4,INTRA_STEM_TOO_CLOSE|TRADEMARK_HIT,SIMILARITY_MODERATE,,ixogliptin,0.0,1.0,0.854,1.0,1.0,0.998,0.0,DPP-4 inhibitor,generic,-gliptin,saturated,False,,
lidadegliptin,False,grammar,1,58.08,55.48,moderate,-0.48,14.52,linagliptin,0.6911,5,INTRA_STEM_TOO_CLOSE|TRADEMARK_HIT,SIMILARITY_MODERATE,,lidadegliptin,0.0,0.733,0.869,1.0,1.0,0.624,0.0,DPP-4 inhibitor,generic,-gliptin,saturated,False,,
pixogliptin,False,grammar,1,66.48,59.27,moderate,-4.27,10.73,epicriptine,0.6756,4,INTRA_STEM_TOO_CLOSE|TRADEMARK_HIT,SIMILARITY_MODERATE,,pixogliptin,0.0,1.0,0.854,1.0,1.0,0.952,0.0,DPP-4 inhibitor,generic,-gliptin,saturated,False,,
hecragliptin,False,grammar,1,63.54,64.63,moderate,-9.63,5.37,metreleptin,0.6617,4,TRADEMARK_HIT,SIMILARITY_MODERATE,,hecragliptin,0.0,1.0,0.709,1.0,1.0,0.862,0.0,DPP-4 inhibitor,generic,-gliptin,saturated,False,,
tragliptin,False,ngram_guided,1,64.93,66.03,moderate,-11.03,3.97,metreleptin,0.8341,3,INTRA_STEM_TOO_CLOSE|TRADEMARK_HIT,SIMILARITY_MODERATE,,tragliptin,0.0,1.0,0.658,1.0,1.0,0.873,0.283,DPP-4 inhibitor,generic,-gliptin,saturated,False,,
testgliptin,False,ngram_guided,1,55.14,61.43,moderate,-6.43,8.57,testolactone,0.5291,3,TRADEMARK_HIT,SIMILARITY_MODERATE,,testgliptin,0.0,0.6,0.574,0.65,1.0,0.828,0.711,DPP-4 inhibitor,generic,-gliptin,saturated,False,,
neparvogliptin,True,ngram_guided,1,47.58,59.64,moderate,-4.64,10.36,metreleptin,0.6957,5,,SIMILARITY_MODERATE,,neparvogliptin,0.0,0.15,0.845,1.0,1.0,0.527,0.354,DPP-4 inhibitor,generic,-gliptin,saturated,False,,
sotgliptin,False,ngram_guided,1,69.37,62.03,moderate,-7.03,7.97,colistin,0.6129,3,INTRA_STEM_TOO_CLOSE|TRADEMARK_HIT,SIMILARITY_MODERATE,,sotgliptin,0.0,1.0,0.742,1.0,1.0,0.873,0.75,DPP-4 inhibitor,generic,-gliptin,saturated,False,,
zuralagliptin,False,ngram_guided,1,54.07,57.89,moderate,-2.89,12.11,trelagliptin,0.6712,5,INTRA_STEM_TOO_CLOSE|TRADEMARK_HIT,SIMILARITY_MODERATE,,zuralagliptin,0.0,0.517,0.869,1.0,1.0,0.624,0.046,DPP-4 inhibitor,generic,-gliptin,saturated,False,,
bacagliptin,False,ngram_guided,1,63.23,62.0,moderate,-7.0,8.0,dapagliflozin,0.7125,4,INTRA_STEM_TOO_CLOSE|TRADEMARK_HIT,SIMILARITY_MODERATE,,bacagliptin,0.0,0.6,0.854,1.0,1.0,0.952,0.678,DPP-4 inhibitor,generic,-gliptin,saturated,False,,
ibugliptin,False,ngram_guided,1,71.27,62.85,moderate,-7.85,7.15,imeglimin,0.6174,4,TRADEMARK_HIT,SIMILARITY_MODERATE,,ibugliptin,0.0,1.0,0.854,1.0,1.0,0.998,0.618,DPP-4 inhibitor,generic,-gliptin,saturated,False,,
ensaribogliptin,True,ngram_guided,1,56.49,57.28,moderate,-2.28,12.72,carboplatin,0.7089,6,,SIMILARITY_MODERATE,,ensaribogliptin,0.0,0.6,0.855,1.0,1.0,0.237,0.736,DPP-4 inhibitor,generic,-gliptin,saturated,False,,
imexgliptin,False,ngram_guided,1,55.45,66.61,moderate,-11.61,3.39,imeglimin,0.5237,4,TRADEMARK_HIT,SIMILARITY_MODERATE,,imexgliptin,0.0,0.6,0.625,1.0,1.0,0.952,0.026,DPP-4 inhibitor,generic,-gliptin,saturated,False,,
ramilogliptin,False,ngram_guided,1,51.37,61.0,moderate,-6.0,9.0,amlodipine,0.7764,5,INTRA_STEM_TOO_CLOSE|TRADEMARK_HIT,SIMILARITY_MODERATE,,ramilogliptin,0.0,0.517,0.869,1.0,0.53,0.624,0.735,DPP-4 inhibitor,generic,-gliptin,saturated,False,,
odrogliptin,False,ngram_guided,1,57.6,61.94,moderate,-6.94,8.06,hydroseptine,0.741,4,INTRA_STEM_TOO_CLOSE|TRADEMARK_HIT,SIMILARITY_MODERATE,,odrogliptin,0.0,0.6,0.709,1.0,1.0,0.952,0.165,DPP-4 inhibitor,generic,-gliptin,saturated,False,,
gefibrikgliptin,True,ngram_guided,1,51.01,55.03,moderate,-0.03,14.97,epicriptine,0.6135,5,,SIMILARITY_MODERATE,,gefibrikgliptin,0.0,0.6,0.652,1.0,1.0,0.456,0.046,DPP-4 inhibitor,generic,-gliptin,saturated,False,,
degagliptin,False,ngram_guided,1,61.51,65.27,moderate,-10.27,4.73,ergocriptine,0.6352,4,INTRA_STEM_TOO_CLOSE|TRADEMARK_HIT,SIMILARITY_MODERATE,,degagliptin,0.0,0.6,0.854,1.0,1.0,0.952,0.432,DPP-4 inhibitor,generic,-gliptin,saturated,False,,
nilvagliptin,False,ngram_guided,1,57.6,74.98,high,-19.98,-4.98,nilvadipine,0.6694,4,SIMILARITY_TOO_HIGH|INTRA_STEM_TOO_CLOSE|TRADEMARK_HIT,,,nilvagliptin,0.0,0.45,0.83,1.0,1.0,0.862,0.48,DPP-4 inhibitor,generic,-gliptin,saturated,False,,
lidotgliptin,False,ngram_guided,1,54.09,57.51,moderate,-2.51,12.49,ergocriptine,0.6182,4,INTRA_STEM_TOO_CLOSE|TRADEMARK_HIT,SIMILARITY_MODERATE,,lidotgliptin,0.0,0.45,0.768,1.0,1.0,0.862,0.103,DPP-4 inhibitor,generic,-gliptin,saturated,False,,
progliptin,False,ngram_guided,1,64.3,70.67,high,-15.67,-0.67,prolastin,0.8945,3,SIMILARITY_TOO_HIGH|INTRA_STEM_TOO_CLOSE|TRADEMARK_HIT,,,progliptin,0.0,1.0,0.658,1.0,1.0,0.873,0.194,DPP-4 inhibitor,generic,-gliptin,saturated,False,,
panilogliptin,False,ngram_guided,1,65.07,57.02,moderate,-2.02,12.98,amlodipine,0.7783,5,INTRA_STEM_TOO_CLOSE|TRADEMARK_HIT,SIMILARITY_MODERATE,,panilogliptin,0.0,0.733,0.869,1.0,1.0,0.624,0.999,DPP-4 inhibitor,generic,-gliptin,saturated,False,,
josampigliptin,True,ngram_guided,1,54.19,56.66,moderate,-1.66,13.34,epicriptine,0.6859,5,,SIMILARITY_MODERATE,,josampigliptin,0.0,0.564,0.845,1.0,1.0,0.527,0.114,DPP-4 inhibitor,generic,-gliptin,saturated,False,,
temagliptin,False,ngram_guided,1,62.29,68.44,moderate,-13.44,1.56,semaglutide,0.7445,4,INTRA_STEM_TOO_CLOSE|TRADEMARK_HIT,SIMILARITY_MODERATE,,temagliptin,0.0,0.6,0.854,1.0,1.0,0.952,0.543,DPP-4 inhibitor,generic,-gliptin,saturated,False,,
pralmegliptin,False,ngram_guided,1,56.0,62.46,moderate,-7.46,7.54,prazimectin,0.7539,4,INTRA_STEM_TOO_CLOSE|TRADEMARK_HIT,SIMILARITY_MODERATE,,pralmegliptin,0.0,0.517,0.684,1.0,1.0,0.755,0.506,DPP-4 inhibitor,generic,-gliptin,saturated,False,,
tovobinegliptin,True,ngram_guided,1,55.96,57.25,moderate,-2.25,12.75,lovotibeglogene,0.6696,6,,SIMILARITY_MODERATE,,tovobinegliptin,0.0,0.6,0.879,1.0,1.0,0.237,0.611,DPP-4 inhibitor,generic,-gliptin,saturated,False,,
palomiplgliptin,True,ngram_guided,1,50.79,54.13,low,0.87,15.87,romiplostim,0.5752,5,,,,palomiplgliptin,0.035,0.6,0.655,0.65,1.0,0.456,0.341,DPP-4 inhibitor,generic,-gliptin,saturated,False,,
ozanitagliptin,False,ngram_guided,1,53.82,56.27,moderate,-1.27,13.73,vitalipid,0.7126,6,INTRA_STEM_TOO_CLOSE|TRADEMARK_HIT,SIMILARITY_MODERATE,,ozanitagliptin,0.0,0.564,0.879,1.0,1.0,0.309,0.305,DPP-4 inhibitor,generic,-gliptin,saturated,False,,
androxygliptin,True,ngram_guided,1,41.53,63.28,moderate,-8.28,6.72,anhydroxylitol,0.9001,5,,SIMILARITY_MODERATE,,androxygliptin,0.0,0.564,0.566,1.0,0.18,0.527,0.739,DPP-4 inhibitor,generic,-gliptin,saturated,False,,
itugliptin,False,ngram_guided+refined,1,66.94,62.45,moderate,-7.45,7.55,tulissin,0.6307,4,INTRA_STEM_TOO_CLOSE|TRADEMARK_HIT,SIMILARITY_MODERATE,ibugliptin,ibugliptin -> itugliptin,0.0,1.0,0.854,1.0,1.0,0.998,0.0,DPP-4 inhibitor,generic,-gliptin,saturated,False,,
ifugliptin,False,ngram_guided+refined,1,66.94,60.95,moderate,-5.95,9.05,epicriptine,0.6312,4,TRADEMARK_HIT,SIMILARITY_MODERATE,ibugliptin,ibugliptin -> itugliptin -> ifugliptin,0.0,1.0,0.854,1.0,1.0,0.998,0.0,DPP-4 inhibitor,generic,-gliptin,saturated,False,,
inugliptin,False,ngram_guided+refined,1,66.94,63.64,moderate,-8.64,6.36,imeglimin,0.6864,4,INTRA_STEM_TOO_CLOSE|TRADEMARK_HIT,SIMILARITY_MODERATE,ibugliptin,ibugliptin -> itugliptin -> ifugliptin -> inugliptin,0.0,1.0,0.854,1.0,1.0,0.998,0.0,DPP-4 inhibitor,generic,-gliptin,saturated,False,,
sutgliptin,False,ngram_guided+refined,1,64.15,62.24,moderate,-7.24,7.76,subtilisin,0.6119,3,INTRA_STEM_TOO_CLOSE|TRADEMARK_HIT,SIMILARITY_MODERATE,sotgliptin,sotgliptin -> sutgliptin,0.0,1.0,0.742,1.0,1.0,0.873,0.004,DPP-4 inhibitor,generic,-gliptin,saturated,False,,
ehogliptin,False,grammar+refined,1,66.94,63.38,moderate,-8.38,6.62,colistin,0.6386,4,INTRA_STEM_TOO_CLOSE|TRADEMARK_HIT,SIMILARITY_MODERATE,ebogliptin,ebogliptin -> ehogliptin,0.0,1.0,0.854,1.0,1.0,0.998,0.0,DPP-4 inhibitor,generic,-gliptin,saturated,False,,
ejogliptin,False,grammar+refined,1,66.94,65.95,moderate,-10.95,4.05,ergocriptine,0.6122,4,INTRA_STEM_TOO_CLOSE|TRADEMARK_HIT,SIMILARITY_MODERATE,ebogliptin,ebogliptin -> ehogliptin -> ejogliptin,0.0,1.0,0.854,1.0,1.0,0.998,0.0,DPP-4 inhibitor,generic,-gliptin,saturated,False,,
epogliptin,False,grammar+refined,1,67.17,70.45,high,-15.45,-0.45,epicriptine,0.7405,4,SIMILARITY_TOO_HIGH|INTRA_STEM_TOO_CLOSE|TRADEMARK_HIT,,ebogliptin,ebogliptin -> ehogliptin -> ejogliptin -> epogliptin,0.0,1.0,0.854,1.0,1.0,0.998,0.033,DPP-4 inhibitor,generic,-gliptin,saturated,False,,
ikogliptin,False,grammar+refined,1,66.94,68.48,moderate,-13.48,1.52,colistin,0.6092,4,INTRA_STEM_TOO_CLOSE|TRADEMARK_HIT,SIMILARITY_MODERATE,ixogliptin,ixogliptin -> ikogliptin,0.0,1.0,0.854,1.0,1.0,0.998,0.0,DPP-4 inhibitor,generic,-gliptin,saturated,False,,
ipogliptin,False,grammar+refined,1,66.94,65.22,moderate,-10.22,4.78,colistin,0.7013,4,INTRA_STEM_TOO_CLOSE|TRADEMARK_HIT,SIMILARITY_MODERATE,ixogliptin,ixogliptin -> ikogliptin -> ipogliptin,0.0,1.0,0.854,1.0,1.0,0.998,0.0,DPP-4 inhibitor,generic,-gliptin,saturated,False,,
ibogliptin,False,grammar+refined,1,66.97,65.32,moderate,-10.32,4.68,imeglimin,0.7014,4,INTRA_STEM_TOO_CLOSE|TRADEMARK_HIT,SIMILARITY_MODERATE,ixogliptin,ixogliptin -> ikogliptin -> ipogliptin -> ibogliptin,0.0,1.0,0.854,1.0,1.0,0.998,0.004,DPP-4 inhibitor,generic,-gliptin,saturated,False,,
muxogliptin,False,grammar+refined,1,66.48,64.58,moderate,-9.58,5.42,ruxolitinib,0.6556,4,INTRA_STEM_TOO_CLOSE|TRADEMARK_HIT,SIMILARITY_MODERATE,maxogliptin,maxogliptin -> muxogliptin,0.0,1.0,0.854,1.0,1.0,0.952,0.0,DPP-4 inhibitor,generic,-gliptin,saturated,False,,
mumogliptin,False,grammar+refined,1,66.48,61.23,moderate,-6.23,8.77,bromocriptine,0.6948,4,INTRA_STEM_TOO_CLOSE|TRADEMARK_HIT,SIMILARITY_MODERATE,maxogliptin,maxogliptin -> muxogliptin -> mumogliptin,0.0,1.0,0.854,1.0,1.0,0.952,0.0,DPP-4 inhibitor,generic,-gliptin,saturated,False,,
mujogliptin,False,grammar+refined,1,66.48,59.09,moderate,-4.09,10.91,colistin,0.6243,4,INTRA_STEM_TOO_CLOSE|TRADEMARK_HIT,SIMILARITY_MODERATE,maxogliptin,maxogliptin -> muxogliptin -> mumogliptin -> mujogliptin,0.0,1.0,0.854,1.0,1.0,0.952,0.0,DPP-4 inhibitor,generic,-gliptin,saturated,False,,
gigigliptin,False,grammar+refined,1,66.48,59.81,moderate,-4.81,10.19,epicriptine,0.6987,4,INTRA_STEM_TOO_CLOSE|TRADEMARK_HIT,SIMILARITY_MODERATE,gidigliptin,gidigliptin -> gigigliptin,0.0,1.0,0.854,1.0,1.0,0.952,0.0,DPP-4 inhibitor,generic,-gliptin,saturated,False,,
gijigliptin,False,grammar+refined,1,66.48,59.81,moderate,-4.81,10.19,epicriptine,0.6139,4,INTRA_STEM_TOO_CLOSE|TRADEMARK_HIT,SIMILARITY_MODERATE,gidigliptin,gidigliptin -> gigigliptin -> gijigliptin,0.0,1.0,0.854,1.0,1.0,0.952,0.0,DPP-4 inhibitor,generic,-gliptin,saturated,False,,
givigliptin,False,grammar+refined,1,63.94,60.33,moderate,-5.33,9.67,epicriptine,0.6758,4,INTRA_STEM_TOO_CLOSE|TRADEMARK_HIT,SIMILARITY_MODERATE,gidigliptin,gidigliptin -> gigigliptin -> gijigliptin -> givigliptin,0.0,0.6,0.854,1.0,1.0,0.952,0.78,DPP-4 inhibitor,generic,-gliptin,saturated,False,,
paxogliptin,False,grammar+refined,1,58.51,70.56,high,-15.56,-0.56,saxagliptin,0.7239,4,SIMILARITY_TOO_HIGH|INTRA_STEM_TOO_CLOSE|TRADEMARK_HIT,,pixogliptin,pixogliptin -> paxogliptin,0.0,0.6,0.854,1.0,1.0,0.952,0.003,DPP-4 inhibitor,generic,-gliptin,saturated,False,,
waxogliptin,False,grammar+refined,1,66.48,65.37,moderate,-10.37,4.63,saxagliptin,0.745,4,INTRA_STEM_TOO_CLOSE|TRADEMARK_HIT,SIMILARITY_MODERATE,pixogliptin,pixogliptin -> paxogliptin -> waxogliptin,0.0,1.0,0.854,1.0,1.0,0.952,0.0,DPP-4 inhibitor,generic,-gliptin,saturated,False,,
wacogliptin,False,grammar+refined,1,66.48,66.61,moderate,-11.61,3.39,colistin,0.6338,4,INTRA_STEM_TOO_CLOSE|TRADEMARK_HIT,SIMILARITY_MODERATE,pixogliptin,pixogliptin -> paxogliptin -> waxogliptin -> wacogliptin,0.0,1.0,0.854,1.0,1.0,0.952,0.0,DPP-4 inhibitor,generic,-gliptin,saturated,False,,
vimogliptin,False,grammar+refined,1,58.81,66.84,moderate,-11.84,3.16,imeglimin,0.7305,4,INTRA_STEM_TOO_CLOSE|TRADEMARK_HIT,SIMILARITY_MODERATE,vilogliptin,vilogliptin -> vimogliptin,0.0,0.6,0.854,1.0,1.0,0.952,0.046,DPP-4 inhibitor,generic,-gliptin,saturated,False,,
vomogliptin,False,grammar+refined,1,66.51,66.86,moderate,-11.86,3.14,bromocriptine,0.6964,4,INTRA_STEM_TOO_CLOSE|TRADEMARK_HIT,SIMILARITY_MODERATE,vilogliptin,vilogliptin -> vimogliptin -> vomogliptin,0.0,1.0,0.854,1.0,1.0,0.952,0.003,DPP-4 inhibitor,generic,-gliptin,saturated,False,,
vemogliptin,False,grammar+refined,1,61.25,61.23,moderate,-6.23,8.77,imeglimin,0.6845,4,INTRA_STEM_TOO_CLOSE|TRADEMARK_HIT,SIMILARITY_MODERATE,vilogliptin,vilogliptin -> vimogliptin -> vomogliptin -> vemogliptin,0.0,0.6,0.854,1.0,1.0,0.952,0.395,DPP-4 inhibitor,generic,-gliptin,saturated,False,,
axindugliptin,True,grammar,2,57.73,55.04,moderate,-0.04,14.96,clinolipid,0.6603,5,,SIMILARITY_MODERATE,,axindugliptin,0.0,0.733,0.845,1.0,1.0,0.624,0.0,DPP-4 inhibitor,generic,-gliptin,saturated,False,,
futogliptin,False,grammar,2,66.6,61.18,moderate,-6.18,8.82,colistin,0.6689,4,INTRA_STEM_TOO_CLOSE|TRADEMARK_HIT,SIMILARITY_MODERATE,,futogliptin,0.0,1.0,0.854,1.0,1.0,0.952,0.017,DPP-4 inhibitor,generic,-gliptin,saturated,False,,
azigliptin,False,grammar,2,73.42,64.15,moderate,-9.15,5.85,epicriptine,0.6491,4,INTRA_STEM_TOO_CLOSE|TRADEMARK_HIT,SIMILARITY_MODERATE,,azigliptin,0.0,1.0,0.854,1.0,1.0,0.998,0.926,DPP-4 inhibitor,generic,-gliptin,saturated,False,,
felmogliptin,False,grammar,2,59.01,64.9,moderate,-9.9,5.1,almotriptan,0.666,4,INTRA_STEM_TOO_CLOSE|TRADEMARK_HIT,SIMILARITY_MODERATE,,felmogliptin,0.0,0.68,0.83,1.0,1.0,0.862,0.026,DPP-4 inhibitor,generic,-gliptin,saturated,False,,
arvegliptin,False,grammar,2,58.16,58.5,moderate,-3.5,11.5,imeglimin,0.7163,4,TRADEMARK_HIT,SIMILARITY_MODERATE,,arvegliptin,0.0,0.6,0.83,1.0,1.0,0.952,0.003,DPP-4 inhibitor,generic,-gliptin,saturated,False,,
sucogliptin,False,grammar,2,66.49,66.61,moderate,-11.61,3.39,colistin,0.8315,4,INTRA_STEM_TOO_CLOSE|TRADEMARK_HIT,SIMILARITY_MODERATE,,sucogliptin,0.0,1.0,0.854,1.0,1.0,0.952,0.001,DPP-4 inhibitor,generic,-gliptin,saturated,False,,
cegigliptin,False,grammar,2,66.48,65.29,moderate,-10.29,4.71,epicriptine,0.6711,4,TRADEMARK_HIT,SIMILARITY_MODERATE,,cegigliptin,0.0,1.0,0.854,1.0,1.0,0.952,0.0,DPP-4 inhibitor,generic,-gliptin,saturated,False,,
phopagliptin,False,grammar,2,58.91,61.9,moderate,-6.9,8.1,sotagliflozin,0.7785,4,INTRA_STEM_TOO_CLOSE|TRADEMARK_HIT,SIMILARITY_MODERATE,,phopagliptin,0.0,0.68,0.83,1.0,1.0,0.862,0.011,DPP-4 inhibitor,generic,-gliptin,saturated,False,,
inagliptin,False,grammar,2,71.56,74.81,high,-19.81,-4.81,linagliptin,0.7149,4,SIMILARITY_TOO_HIGH|INTRA_STEM_TOO_CLOSE|TRADEMARK_HIT,,,inagliptin,0.0,1.0,0.854,1.0,1.0,0.998,0.66,DPP-4 inhibitor,generic,-gliptin,saturated,False,,
elagliptin,False,grammar,2,73.25,64.86,moderate,-9.86,5.14,eletriptan,0.7255,4,INTRA_STEM_TOO_CLOSE|TRADEMARK_HIT,SIMILARITY_MODERATE,,elagliptin,0.0,1.0,0.854,1.0,1.0,0.998,0.902,DPP-4 inhibitor,generic,-gliptin,saturated,False,,
asveogliptin,False,grammar,2,64.13,55.16,moderate,-0.16,14.84,colistin,0.6622,5,INTRA_STEM_TOO_CLOSE|TRADEMARK_HIT,SIMILARITY_MODERATE,,asveogliptin,0.0,1.0,0.845,1.0,1.0,0.731,0.0,DPP-4 inhibitor,generic,-gliptin,saturated,False,,
basomugliptin,True,grammar,2,58.08,63.12,moderate,-8.12,6.88,bromocriptine,0.6638,5,,SIMILARITY_MODERATE,,basomugliptin,0.0,0.733,0.869,1.0,1.0,0.624,0.0,DPP-4 inhibitor,generic,-gliptin,saturated,False,,
edigliptin,False,grammar,2,66.94,71.6,high,-16.6,-1.6,epicriptine,0.7293,4,SIMILARITY_TOO_HIGH|TRADEMARK_HIT,,,edigliptin,0.0,1.0,0.854,1.0,1.0,0.998,0.0,DPP-4 inhibitor,generic,-gliptin,saturated,False,,
atakigliptin,False,grammar,2,64.56,58.26,moderate,-3.26,11.74,epicriptine,0.655,5,TRADEMARK_HIT,SIMILARITY_MODERATE,,atakigliptin,0.0,1.0,0.869,1.0,1.0,0.731,0.012,DPP-4 inhibitor,generic,-gliptin,saturated,False,,
amimigliptin,False,grammar,2,64.78,63.13,moderate,-8.13,6.87,imeglimin,0.6924,5,TRADEMARK_HIT,SIMILARITY_MODERATE,,amimigliptin,0.0,1.0,0.869,1.0,1.0,0.731,0.043,DPP-4 inhibitor,generic,-gliptin,saturated,False,,
tepagliptin,False,grammar,2,60.26,65.72,moderate,-10.72,4.28,epicriptine,0.7186,4,INTRA_STEM_TOO_CLOSE|TRADEMARK_HIT,SIMILARITY_MODERATE,,tepagliptin,0.0,0.6,0.854,1.0,1.0,0.952,0.254,DPP-4 inhibitor,generic,-gliptin,saturated,False,,
agogliptin,False,grammar,2,66.94,67.04,moderate,-12.04,2.96,ergocriptine,0.738,4,INTRA_STEM_TOO_CLOSE|TRADEMARK_HIT,SIMILARITY_MODERATE,,agogliptin,0.0,1.0,0.854,1.0,1.0,0.998,0.0,DPP-4 inhibitor,generic,-gliptin,saturated,False,,
bemigliptin,False,grammar,2,62.59,66.16,moderate,-11.16,3.84,epicriptine,0.7078,4,TRADEMARK_HIT,SIMILARITY_MODERATE,,bemigliptin,0.0,0.6,0.854,1.0,1.0,0.952,0.586,DPP-4 inhibitor,generic,-gliptin,saturated,False,,
pilagliptin,False,grammar,2,66.55,61.28,moderate,-6.28,8.72,epicriptine,0.7352,4,INTRA_STEM_TOO_CLOSE|TRADEMARK_HIT,SIMILARITY_MODERATE,,pilagliptin,0.0,1.0,0.854,1.0,1.0,0.952,0.01,DPP-4 inhibitor,generic,-gliptin,saturated,False,,
lairlonogliptin,True,grammar,2,57.56,56.67,moderate,-1.67,13.33,bromocriptine,0.6711,5,,SIMILARITY_MODERATE,,lairlonogliptin,0.0,0.8,0.845,1.0,1.0,0.456,0.026,DPP-4 inhibitor,generic,-gliptin,saturated,False,,
covagliptin,False,grammar,2,58.53,62.8,moderate,-7.8,7.2,colistin,0.7025,4,INTRA_STEM_TOO_CLOSE|TRADEMARK_HIT,SIMILARITY_MODERATE,,covagliptin,0.0,0.6,0.854,1.0,1.0,0.952,0.006,DPP-4 inhibitor,generic,-gliptin,saturated,False,,
boctigliptin,False,grammar,2,58.83,62.69,moderate,-7.69,7.31,dioctyltin,0.7579,4,TRADEMARK_HIT,SIMILARITY_MODERATE,,boctigliptin,0.0,0.68,0.83,1.0,1.0,0.862,0.0,DPP-4 inhibitor,generic,-gliptin,saturated,False,,
dompogliptin,True,grammar,2,58.84,58.89,moderate,-3.89,11.11,bromocriptine,0.6954,4,,SIMILARITY_MODERATE,,dompogliptin,0.0,0.68,0.83,1.0,1.0,0.862,0.001,DPP-4 inhibitor,generic,-gliptin,saturated,True,,
oqegliptin,False,grammar,2,66.94,63.52,moderate,-8.52,6.48,reclipsen,0.6043,4,INTRA_STEM_TOO_CLOSE|TRADEMARK_HIT,SIMILARITY_MODERATE,,oqegliptin,0.0,1.0,0.854,1.0,1.0,0.998,0.0,DPP-4 inhibitor,generic,-gliptin,saturated,False,,
lumbragliptin,False,ngram_guided,2,49.94,63.15,moderate,-8.15,6.85,umbralisib,0.7574,4,TRADEMARK_HIT,SIMILARITY_MODERATE,,lumbragliptin,0.0,0.517,0.622,1.0,0.53,0.755,0.839,DPP-4 inhibitor,generic,-gliptin,saturated,False,,
barbogliptin,False,ngram_guided,2,58.93,70.07,high,-15.07,-0.07,carboplatin,0.8473,4,SIMILARITY_TOO_HIGH|STEM_FOREIGN_EMBEDDED|TRADEMARK_HIT,,,barbogliptin,0.0,0.68,0.83,1.0,0.59,0.862,0.951,DPP-4 inhibitor,generic,-gliptin,saturated,False,,
firgliptin,False,ngram_guided,2,68.77,62.07,moderate,-7.07,7.93,epicriptine,0.6682,3,INTRA_STEM_TOO_CLOSE|TRADEMARK_HIT,SIMILARITY_MODERATE,,firgliptin,0.0,1.0,0.742,1.0,1.0,0.873,0.663,DPP-4 inhibitor,generic,-gliptin,saturated,False,,
clagliptin,False,ngram_guided,2,67.5,70.42,high,-15.42,-0.42,claritin,0.7516,3,SIMILARITY_TOO_HIGH|INTRA_STEM_TOO_CLOSE|TRADEMARK_HIT,,,clagliptin,0.0,1.0,0.658,1.0,1.0,0.873,0.65,DPP-4 inhibitor,generic,-gliptin,saturated,False,,
capivagliptin,False,ngram_guided,2,51.87,66.67,moderate,-11.67,3.33,capivasertib,0.8038,5,INTRA_STEM_TOO_CLOSE|TRADEMARK_HIT,SIMILARITY_MODERATE,,capivagliptin,0.0,0.3,0.869,1.0,1.0,0.624,0.351,DPP-4 inhibitor,generic,-gliptin,saturated,False,,
antgliptin,False,ngram_guided,2,59.72,64.46,moderate,-9.46,5.54,antitrypsin,0.5608,3,INTRA_STEM_TOO_CLOSE|TRADEMARK_HIT,SIMILARITY_MODERATE,,antgliptin,0.0,1.0,0.574,0.65,1.0,0.873,0.157,DPP-4 inhibitor,generic,-gliptin,saturated,False,,
cetgliptin,False,ngram_guided,2,70.32,65.06,moderate,-10.06,4.94,metreleptin,0.6465,3,INTRA_STEM_TOO_CLOSE|TRADEMARK_HIT,SIMILARITY_MODERATE,,cetgliptin,0.0,1.0,0.742,1.0,1.0,0.873,0.886,DPP-4 inhibitor,generic,-gliptin,saturated,False,,
capagliptin,False,ngram_guided,2,61.99,66.31,moderate,-11.31,3.69,dapagliflozin,0.8133,4,INTRA_STEM_TOO_CLOSE|TRADEMARK_HIT,SIMILARITY_MODERATE,,capagliptin,0.0,0.6,0.854,1.0,1.0,0.952,0.5,DPP-4 inhibitor,generic,-gliptin,saturated,False,,
niagliptin,False,ngram_guided,2,73.79,61.74,moderate,-6.74,8.26,tianeptine,0.6829,4,INTRA_STEM_TOO_CLOSE|TRADEMARK_HIT,SIMILARITY_MODERATE,,niagliptin,0.0,1.0,0.854,1.0,1.0,0.998,0.979,DPP-4 inhibitor,generic,-gliptin,saturated,False,,
cemivagliptin,False,ngram_guided,2,63.57,58.26,moderate,-3.26,11.74,cerivastatin,0.7041,5,TRADEMARK_HIT,SIMILARITY_MODERATE,,cemivagliptin,0.0,0.733,0.869,1.0,1.0,0.624,0.784,DPP-4 inhibitor,generic,-gliptin,saturated,False,,
leuprandgliptin,True,ngram_guided,2,50.31,52.88,low,2.12,17.12,lercanidipine,0.5598,4,,,,leuprandgliptin,0.085,0.6,0.554,0.65,1.0,0.587,0.113,DPP-4 inhibitor,generic,-gliptin,saturated,False,,
tergliptin,False,ngram_guided,2,66.4,66.42,moderate,-11.42,3.58,teglutik,0.7373,3,INTRA_STEM_TOO_CLOSE|TRADEMARK_HIT,SIMILARITY_MODERATE,,tergliptin,0.0,1.0,0.742,1.0,1.0,0.873,0.325,DPP-4 inhibitor,generic,-gliptin,saturated,False,,
catagliptin,False,ngram_guided,2,62.76,65.27,moderate,-10.27,4.73,canagliflozin,0.7612,4,INTRA_STEM_TOO_CLOSE|TRADEMARK_HIT,SIMILARITY_MODERATE,,catagliptin,0.0,0.6,0.854,1.0,1.0,0.952,0.611,DPP-4 inhibitor,generic,-gliptin,saturated,False,,
rosgliptin,False,ngram_guided,2,70.94,62.03,moderate,-7.03,7.97,colistin,0.6264,3,TRADEMARK_HIT,SIMILARITY_MODERATE,,rosgliptin,0.0,1.0,0.742,1.0,1.0,0.873,0.974,DPP-4 inhibitor,generic,-gliptin,saturated,False,,
asemagliptin,False,ngram_guided,2,60.36,67.98,moderate,-12.98,2.02,semaglutide,0.7444,5,INTRA_STEM_TOO_CLOSE|TRADEMARK_HIT,SIMILARITY_MODERATE,,asemagliptin,0.0,0.68,0.869,1.0,1.0,0.731,0.325,DPP-4 inhibitor,generic,-gliptin,saturated,False,,
esogliptin,False,ngram_guided,2,67.86,64.28,moderate,-9.28,5.72,ergocriptine,0.702,4,INTRA_STEM_TOO_CLOSE|TRADEMARK_HIT,SIMILARITY_MODERATE,,esogliptin,0.0,1.0,0.854,1.0,1.0,0.998,0.132,DPP-4 inhibitor,generic,-gliptin,saturated,False,,
vabozagliptin,False,ngram_guided,2,56.38,58.72,moderate,-3.72,11.28,cabozantinib,0.6356,5,INTRA_STEM_TOO_CLOSE|TRADEMARK_HIT,SIMILARITY_MODERATE,,vabozagliptin,0.0,0.517,0.869,1.0,1.0,0.624,0.377,DPP-4 inhibitor,generic,-gliptin,saturated,False,,
cyclgliptin,False,ngram_guided,2,54.57,59.42,moderate,-4.42,10.58,cyclizine,0.6564,3,TRADEMARK_HIT,SIMILARITY_MODERATE,,cyclgliptin,0.0,0.6,0.574,0.65,1.0,0.828,0.629,DPP-4 inhibitor,generic,-gliptin,saturated,False,,
asunvosogliptin,True,ngram_guided,2,53.03,55.41,moderate,-0.41,14.59,sunvozertinib,0.6324,6,,SIMILARITY_MODERATE,,asunvosogliptin,0.0,0.6,0.855,1.0,1.0,0.237,0.242,DPP-4 inhibitor,generic,-gliptin,saturated,False,,
thiethgliptin,False,ngram_guided,2,50.76,56.43,moderate,-1.43,13.57,thiostrepton,0.6436,3,INTRA_STEM_TOO_CLOSE|TRADEMARK_HIT,SIMILARITY_MODERATE,,thiethgliptin,0.0,0.3,0.718,0.65,1.0,0.631,0.937,DPP-4 inhibitor,generic,-gliptin,saturated,False,,
oxymegliptin,True,ngram_guided,2,49.75,64.1,moderate,-9.1,5.9,imeglimin,0.8183,5,,SIMILARITY_MODERATE,,oxymegliptin,0.0,0.45,0.758,1.0,0.53,0.731,0.764,DPP-4 inhibitor,generic,-gliptin,saturated,False,,
ozagliptin,False,ngram_guided,2,67.12,62.27,moderate,-7.27,7.73,oxaliplatin,0.6627,4,INTRA_STEM_TOO_CLOSE|TRADEMARK_HIT,SIMILARITY_MODERATE,,ozagliptin,0.0,1.0,0.854,1.0,1.0,0.998,0.026,DPP-4 inhibitor,generic,-gliptin,saturated,False,,
cabgliptin,False,ngram_guided,2,69.75,62.03,moderate,-7.03,7.97,colistin,0.6186,3,TRADEMARK_HIT,SIMILARITY_MODERATE,,cabgliptin,0.0,1.0,0.742,1.0,1.0,0.873,0.803,DPP-4 inhibitor,generic,-gliptin,saturated,False,,
hexylgliptin,False,ngram_guided,2,49.74,64.03,moderate,-9.03,5.97,hexylnicotinate,0.8686,4,TRADEMARK_HIT,SIMILARITY_MODERATE,,hexylgliptin,0.0,0.45,0.768,1.0,0.53,0.862,0.556,DPP-4 inhibitor,generic,-gliptin,saturated,False,,
neagliptin,False,ngram_guided+refined,2,65.34,61.18,moderate,-6.18,8.82,imeglimin,0.6431,3,INTRA_STEM_TOO_CLOSE|TRADEMARK_HIT,SIMILARITY_MODERATE,niagliptin,niagliptin -> neagliptin,0.0,1.0,0.829,1.0,1.0,0.873,0.0,DPP-4 inhibitor,generic,-gliptin,saturated,False,,
agigliptin,False,grammar+refined,2,66.94,64.33,moderate,-9.33,5.67,epicriptine,0.7192,4,INTRA_STEM_TOO_CLOSE|TRADEMARK_HIT,SIMILARITY_MODERATE,azigliptin,azigliptin -> agigliptin,0.0,1.0,0.854,1.0,1.0,0.998,0.0,DPP-4 inhibitor,generic,-gliptin,saturated,False,,
afigliptin,False,grammar+refined,2,66.95,66.74,moderate,-11.74,3.26,epicriptine,0.6717,4,INTRA_STEM_TOO_CLOSE|TRADEMARK_HIT,SIMILARITY_MODERATE,azigliptin,azigliptin -> agigliptin -> afigliptin,0.0,1.0,0.854,1.0,1.0,0.998,0.001,DPP-4 inhibitor,generic,-gliptin,saturated,False,,
axigliptin,False,grammar+refined,2,67.74,63.0,moderate,-8.0,7.0,epicriptine,0.6699,4,INTRA_STEM_TOO_CLOSE|TRADEMARK_HIT,SIMILARITY_MODERATE,azigliptin,azigliptin -> agigliptin -> afigliptin -> axigliptin,0.0,1.0,0.854,1.0,1.0,0.998,0.114,DPP-4 inhibitor,generic,-gliptin,saturated,False,,
ejagliptin,False,grammar+refined,2,66.94,65.77,moderate,-10.77,4.23,ergocriptine,0.6209,4,INTRA_STEM_TOO_CLOSE|TRADEMARK_HIT,SIMILARITY_MODERATE,elagliptin,elagliptin -> ejagliptin,0.0,1.0,0.854,1.0,1.0,0.998,0.0,DPP-4 inhibitor,generic,-gliptin,saturated,False,,
ewagliptin,False,grammar+refined,2,66.94,62.81,moderate,-7.81,7.19,leptin,0.6267,4,INTRA_STEM_TOO_CLOSE|TRADEMARK_HIT,SIMILARITY_MODERATE,elagliptin,elagliptin -> ejagliptin -> ewagliptin,0.0,1.0,0.854,1.0,1.0,0.998,0.0,DPP-4 inhibitor,generic,-gliptin,saturated,False,,
evagliptin,False,grammar+refined,2,66.94,63.36,moderate,-8.36,6.64,ergocriptine,0.6821,4,INTRA_STEM_TOO_CLOSE|TRADEMARK_HIT,SIMILARITY_MODERATE,elagliptin,elagliptin -> ejagliptin -> ewagliptin -> evagliptin,0.0,1.0,0.854,1.0,1.0,0.998,0.0,DPP-4 inhibitor,generic,-gliptin,saturated,False,,
unagliptin,False,grammar+refined,2,66.94,59.75,moderate,-4.75,10.25,imeglimin,0.6859,4,INTRA_STEM_TOO_CLOSE|TRADEMARK_HIT,SIMILARITY_MODERATE,inagliptin,inagliptin -> unagliptin,0.0,1.0,0.854,1.0,1.0,0.998,0.0,DPP-4 inhibitor,generic,-gliptin,saturated,False,,
uvagliptin,False,grammar+refined,2,66.94,59.69,moderate,-4.69,10.31,leptin,0.6187,4,INTRA_STEM_TOO_CLOSE|TRADEMARK_HIT,SIMILARITY_MODERATE,inagliptin,inagliptin -> unagliptin -> uvagliptin,0.0,1.0,0.854,1.0,1.0,0.998,0.0,DPP-4 inhibitor,generic,-gliptin,saturated,False,,
ulagliptin,False,grammar+refined,2,66.94,64.98,moderate,-9.98,5.02,dulaglutide,0.7036,4,INTRA_STEM_TOO_CLOSE|TRADEMARK_HIT,SIMILARITY_MODERATE,inagliptin,inagliptin -> unagliptin -> uvagliptin -> ulagliptin,0.0,1.0,0.854,1.0,1.0,0.998,0.0,DPP-4 inhibitor,generic,-gliptin,saturated,False,,
rasgliptin,False,ngram_guided+refined,2,65.12,58.14,moderate,-3.14,11.86,colistin,0.6269,3,INTRA_STEM_TOO_CLOSE|TRADEMARK_HIT,SIMILARITY_MODERATE,rosgliptin,rosgliptin -> rasgliptin,0.0,1.0,0.742,1.0,1.0,0.873,0.142,DPP-4 inhibitor,generic,-gliptin,saturated,False,,
rusgliptin,False,ngram_guided+refined,2,64.12,58.14,moderate,-3.14,11.86,colistin,0.6356,3,TRADEMARK_HIT,SIMILARITY_MODERATE,rosgliptin,rosgliptin -> rasgliptin -> rusgliptin,0.0,1.0,0.742,1.0,1.0,0.873,0.0,DPP-4 inhibitor,generic,-gliptin,saturated,False,,
risgliptin,False,ngram_guided+refined,2,67.61,63.03,moderate,-8.03,6.97,cisplatin,0.6583,3,INTRA_STEM_TOO_CLOSE|TRADEMARK_HIT,SIMILARITY_MODERATE,rosgliptin,rosgliptin -> rasgliptin -> rusgliptin -> risgliptin,0.0,1.0,0.742,1.0,1.0,0.873,0.498,DPP-4 inhibitor,generic,-gliptin,saturated,False,,
catgliptin,False,ngram_guided+refined,2,64.21,62.03,moderate,-7.03,7.97,colistin,0.6377,3,INTRA_STEM_TOO_CLOSE|TRADEMARK_HIT,SIMILARITY_MODERATE,cetgliptin,cetgliptin -> catgliptin,0.0,1.0,0.742,1.0,1.0,0.873,0.012,DPP-4 inhibitor,generic,-gliptin,saturated,False,,
cotgliptin,False,ngram_guided+refined,2,64.12,65.92,moderate,-10.92,4.08,colistin,0.6191,3,TRADEMARK_HIT,SIMILARITY_MODERATE,cetgliptin,cetgliptin -> catgliptin -> cotgliptin,0.0,1.0,0.742,1.0,1.0,0.873,0.0,DPP-4 inhibitor,generic,-gliptin,saturated,False,,
cutgliptin,False,ngram_guided+refined,2,64.12,63.3,moderate,-8.3,6.7,colistin,0.6108,3,INTRA_STEM_TOO_CLOSE|TRADEMARK_HIT,SIMILARITY_MODERATE,cetgliptin,cetgliptin -> catgliptin -> cotgliptin -> cutgliptin,0.0,1.0,0.742,1.0,1.0,0.873,0.0,DPP-4 inhibitor,generic,-gliptin,saturated,False,,
cibgliptin,False,ngram_guided+refined,2,64.12,62.74,moderate,-7.74,7.26,cisplatin,0.6076,3,INTRA_STEM_TOO_CLOSE|TRADEMARK_HIT,SIMILARITY_MODERATE,cabgliptin,cabgliptin -> cibgliptin,0.0,1.0,0.742,1.0,1.0,0.873,0.0,DPP-4 inhibitor,generic,-gliptin,saturated,False,,
cubgliptin,False,ngram_guided+refined,2,64.12,63.3,moderate,-8.3,6.7,colistin,0.6378,3,TRADEMARK_HIT,SIMILARITY_MODERATE,cabgliptin,cabgliptin -> cibgliptin -> cubgliptin,0.0,1.0,0.742,1.0,1.0,0.873,0.0,DPP-4 inhibitor,generic,-gliptin,saturated,False,,
fergliptin,False,ngram_guided+refined,2,64.23,63.97,moderate,-8.97,6.03,ergocriptine,0.7267,3,INTRA_STEM_TOO_CLOSE|TRADEMARK_HIT,SIMILARITY_MODERATE,firgliptin,firgliptin -> fergliptin,0.0,1.0,0.742,1.0,1.0,0.873,0.015,DPP-4 inhibitor,generic,-gliptin,saturated,False,,
fargliptin,False,ngram_guided+refined,2,64.12,69.13,moderate,-14.13,0.87,targretin,0.6863,3,INTRA_STEM_TOO_CLOSE|TRADEMARK_HIT,SIMILARITY_MODERATE,firgliptin,firgliptin -> fergliptin -> fargliptin,0.0,1.0,0.742,1.0,1.0,0.873,0.0,DPP-4 inhibitor,generic,-gliptin,saturated,False,,
furgliptin,False,ngram_guided+refined,2,64.12,60.96,moderate,-5.96,9.04,leptin,0.7018,3,INTRA_STEM_TOO_CLOSE|TRADEMARK_HIT,SIMILARITY_MODERATE,firgliptin,firgliptin -> fergliptin -> fargliptin -> furgliptin,0.0,1.0,0.742,1.0,1.0,0.873,0.0,DPP-4 inhibitor,generic,-gliptin,saturated,False,,
irbafegliptin,True,grammar,3,57.78,55.56,moderate,-0.56,14.44,metreleptin,0.6077,5,,SIMILARITY_MODERATE,,irbafegliptin,0.0,0.733,0.845,1.0,1.0,0.624,0.006,DPP-4 inhibitor,generic,-gliptin,saturated,False,,
tedjivogliptin,True,grammar,3,62.12,56.04,moderate,-1.04,13.96,tedizolid,0.6148,5,,SIMILARITY_MODERATE,,tedjivogliptin,0.0,1.0,0.845,1.0,1.0,0.527,0.003,DPP-4 inhibitor,generic,-gliptin,saturated,True,,
rerdegliptin,False,grammar,3,58.83,63.32,moderate,-8.32,6.68,ergocriptine,0.6362,4,INTRA_STEM_TOO_CLOSE,SIMILARITY_MODERATE,,rerdegliptin,0.0,0.68,0.83,1.0,1.0,0.862,0.0,DPP-4 inhibitor,generic,-gliptin,saturated,False,,
orogliptin,False,grammar,3,66.98,63.38,moderate,-8.38,6.62,colistin,0.7887,4,INTRA_STEM_TOO_CLOSE|TRADEMARK_HIT,SIMILARITY_MODERATE,,orogliptin,0.0,1.0,0.854,1.0,1.0,0.998,0.006,DPP-4 inhibitor,generic,-gliptin,saturated,False,,
nelagliptin,False,grammar,3,59.58,65.71,moderate,-10.71,4.29,velagliflozin,0.686,4,INTRA_STEM_TOO_CLOSE|TRADEMARK_HIT,SIMILARITY_MODERATE,,nelagliptin,0.0,0.6,0.854,1.0,1.0,0.952,0.156,DPP-4 inhibitor,generic,-gliptin,saturated,False,,
ipigliptin,False,grammar,3,66.94,73.73,high,-18.73,-3.73,epicriptine,0.6992,4,SIMILARITY_TOO_HIGH|INTRA_STEM_TOO_CLOSE|TRADEMARK_HIT,,,ipigliptin,0.0,1.0,0.854,1.0,1.0,0.998,0.0,DPP-4 inhibitor,generic,-gliptin,saturated,False,,
fesodegliptin,True,grammar,3,58.09,57.61,moderate,-2.61,12.39,felodipine,0.6768,5,,SIMILARITY_MODERATE,,fesodegliptin,0.0,0.733,0.869,1.0,1.0,0.624,0.001,DPP-4 inhibitor,generic,-gliptin,saturated,True,,
mampagliptin,False,grammar,3,58.83,63.87,moderate,-8.87,6.13,empagliflozin,0.6841,4,INTRA_STEM_TOO_CLOSE|TRADEMARK_HIT,SIMILARITY_MODERATE,,mampagliptin,0.0,0.68,0.83,1.0,1.0,0.862,0.0,DPP-4 inhibitor,generic,-gliptin,saturated,False,,
ecegliptin,False,grammar,3,66.94,66.49,moderate,-11.49,3.51,aceclidine,0.636,4,INTRA_STEM_TOO_CLOSE|TRADEMARK_HIT,SIMILARITY_MODERATE,,ecegliptin,0.0,1.0,0.854,1.0,1.0,0.998,0.0,DPP-4 inhibitor,generic,-gliptin,saturated,False,,
levagliptin,False,grammar,3,63.96,66.09,moderate,-11.09,3.91,levamlodipine,0.7388,4,INTRA_STEM_TOO_CLOSE|TRADEMARK_HIT,SIMILARITY_MODERATE,,levagliptin,0.0,0.6,0.854,1.0,1.0,0.952,0.783,DPP-4 inhibitor,generic,-gliptin,saturated,False,,
vocogliptin,False,grammar,3,66.48,66.61,moderate,-11.61,3.39,colistin,0.7217,4,INTRA_STEM_TOO_CLOSE|TRADEMARK_HIT,SIMILARITY_MODERATE,,vocogliptin,0.0,1.0,0.854,1.0,1.0,0.952,0.0,DPP-4 inhibitor,generic,-gliptin,saturated,False,,
casatagliptin,False,grammar,3,58.16,58.14,moderate,-3.14,11.86,satraplatin,0.7106,5,INTRA_STEM_TOO_CLOSE|TRADEMARK_HIT,SIMILARITY_MODERATE,,casatagliptin,0.0,0.733,0.869,1.0,1.0,0.624,0.012,DPP-4 inhibitor,generic,-gliptin,saturated,False,,
bruoxigliptin,True,grammar,3,61.61,59.21,moderate,-4.21,10.79,bromocriptine,0.6278,5,,SIMILARITY_MODERATE,,bruoxigliptin,0.0,1.0,0.739,1.0,1.0,0.624,0.003,DPP-4 inhibitor,generic,-gliptin,saturated,True,,
helogliptin,False,grammar,3,58.54,62.48,moderate,-7.48,7.52,felodipine,0.7662,4,INTRA_STEM_TOO_CLOSE|TRADEMARK_HIT,SIMILARITY_MODERATE,,helogliptin,0.0,0.6,0.854,1.0,1.0,0.952,0.009,DPP-4 inhibitor,generic,-gliptin,saturated,False,,
buntregliptin,True,grammar,3,55.99,68.39,moderate,-13.39,1.61,metreleptin,0.6683,4,,SIMILARITY_MODERATE,,buntregliptin,0.0,0.733,0.622,1.0,1.0,0.755,0.009,DPP-4 inhibitor,generic,-gliptin,saturated,False,,
menzogliptin,False,grammar,3,58.92,63.99,moderate,-8.99,6.01,metreleptin,0.8228,4,TRADEMARK_HIT,SIMILARITY_MODERATE,,menzogliptin,0.0,0.68,0.83,1.0,1.0,0.862,0.012,DPP-4 inhibitor,generic,-gliptin,saturated,False,,
odrorlagliptin,False,grammar,3,56.61,54.07,low,0.93,15.93,bromocriptine,0.6233,5,INTRA_STEM_TOO_CLOSE,,,odrorlagliptin,0.037,0.771,0.714,1.0,1.0,0.527,0.003,DPP-4 inhibitor,generic,-gliptin,saturated,False,,
enegliptin,False,grammar,3,66.96,67.46,moderate,-12.46,2.54,imeglimin,0.6949,4,INTRA_STEM_TOO_CLOSE|TRADEMARK_HIT,SIMILARITY_MODERATE,,enegliptin,0.0,1.0,0.854,1.0,1.0,0.998,0.003,DPP-4 inhibitor,generic,-gliptin,saturated,False,,
lolmigliptin,False,grammar,3,58.91,71.29,high,-16.29,-1.29,zolmitriptan,0.6591,4,SIMILARITY_TOO_HIGH|TRADEMARK_HIT,,,lolmigliptin,0.0,0.68,0.83,1.0,1.0,0.862,0.011,DPP-4 inhibitor,generic,-gliptin,saturated,False,,
bornigliptin,False,grammar,3,58.92,58.06,moderate,-3.06,11.94,ornipressin,0.7597,4,TRADEMARK_HIT,SIMILARITY_MODERATE,,bornigliptin,0.0,0.68,0.83,1.0,1.0,0.862,0.012,DPP-4 inhibitor,generic,-gliptin,saturated,False,,
covegigliptin,True,grammar,3,58.08,57.76,moderate,-2.76,12.24,epicriptine,0.6986,5,,SIMILARITY_MODERATE,,covegigliptin,0.0,0.733,0.869,1.0,1.0,0.624,0.0,DPP-4 inhibitor,generic,-gliptin,saturated,False,,
nantegliptin,False,grammar,3,58.86,63.12,moderate,-8.12,6.88,nateglinide,0.7088,4,TRADEMARK_HIT,SIMILARITY_MODERATE,,nantegliptin,0.0,0.68,0.83,1.0,1.0,0.862,0.003,DPP-4 inhibitor,generic,-gliptin,saturated,False,,
ibtagliptin,False,grammar,3,58.14,59.84,moderate,-4.84,10.16,vitalipid,0.6383,4,INTRA_STEM_TOO_CLOSE|TRADEMARK_HIT,SIMILARITY_MODERATE,,ibtagliptin,0.0,0.6,0.83,1.0,1.0,0.952,0.0,DPP-4 inhibitor,generic,-gliptin,saturated,False,,
pavegliptin,False,grammar,3,58.49,58.88,moderate,-3.88,11.12,paraplatin,0.7172,4,INTRA_STEM_TOO_CLOSE|TRADEMARK_HIT,SIMILARITY_MODERATE,,pavegliptin,0.0,0.6,0.854,1.0,1.0,0.952,0.001,DPP-4 inhibitor,generic,-gliptin,saturated,False,,
rabegliptin,False,ngram_guided,3,59.0,60.72,moderate,-5.72,9.28,imeglimin,0.6771,4,TRADEMARK_HIT,SIMILARITY_MODERATE,,rabegliptin,0.0,0.6,0.854,1.0,1.0,0.952,0.074,DPP-4 inhibitor,generic,-gliptin,saturated,False,,
dorngliptin,True,ngram_guided,3,53.83,57.15,moderate,-2.15,12.85,colistin,0.5357,3,,SIMILARITY_MODERATE,,dorngliptin,0.0,0.6,0.574,0.65,1.0,0.828,0.524,DPP-4 inhibitor,generic,-gliptin,saturated,False,,
fosgliptin,False,ngram_guided,3,69.67,65.18,moderate,-10.18,4.82,follistim,0.631,3,TRADEMARK_HIT,SIMILARITY_MODERATE,,fosgliptin,0.0,1.0,0.742,1.0,1.0,0.873,0.792,DPP-4 inhibitor,generic,-gliptin,saturated,False,,
famigliptin,False,ngram_guided,3,60.78,66.79,moderate,-11.79,3.21,amineptin,0.7552,4,TRADEMARK_HIT,SIMILARITY_MODERATE,,famigliptin,0.0,0.6,0.854,1.0,1.0,0.952,0.327,DPP-4 inhibitor,generic,-gliptin,saturated,False,,
lumbrogliptin,True,ngram_guided,3,46.62,60.84,moderate,-5.84,9.16,lumbrokinase,0.8125,4,,SIMILARITY_MODERATE,,lumbrogliptin,0.0,0.3,0.622,1.0,0.53,0.755,0.983,DPP-4 inhibitor,generic,-gliptin,saturated,False,,
avigliptin,False,ngram_guided,3,68.95,64.89,moderate,-9.89,5.11,epicriptine,0.7502,4,INTRA_STEM_TOO_CLOSE|TRADEMARK_HIT,SIMILARITY_MODERATE,,avigliptin,0.0,1.0,0.854,1.0,1.0,0.998,0.288,DPP-4 inhibitor,generic,-gliptin,saturated,False,,
gefigliptin,False,ngram_guided,3,59.11,67.55,moderate,-12.55,2.45,epicriptine,0.6417,4,TRADEMARK_HIT,SIMILARITY_MODERATE,,gefigliptin,0.0,0.6,0.854,1.0,1.0,0.952,0.09,DPP-4 inhibitor,generic,-gliptin,saturated,False,,
bedinogliptin,False,ngram_guided,3,60.51,56.2,moderate,-1.2,13.8,clinolipid,0.7668,5,TRADEMARK_HIT,SIMILARITY_MODERATE,,bedinogliptin,0.0,0.517,0.869,1.0,1.0,0.624,0.967,DPP-4 inhibitor,generic,-gliptin,saturated,False,,
dexketgliptin,True,ngram_guided,3,53.59,61.48,moderate,-6.48,8.52,dexketoprofen,0.6255,4,,SIMILARITY_MODERATE,,dexketgliptin,0.0,0.3,0.622,1.0,1.0,0.755,0.904,DPP-4 inhibitor,generic,-gliptin,saturated,False,,
tucagliptin,False,ngram_guided,3,59.38,60.95,moderate,-5.95,9.05,eucalyptus,0.6453,4,INTRA_STEM_TOO_CLOSE|TRADEMARK_HIT,SIMILARITY_MODERATE,,tucagliptin,0.0,0.6,0.854,1.0,1.0,0.952,0.127,DPP-4 inhibitor,generic,-gliptin,saturated,False,,
drogliptin,False,ngram_guided,3,69.91,63.84,moderate,-8.84,6.16,prolastin,0.8233,3,INTRA_STEM_TOO_CLOSE|TRADEMARK_HIT,SIMILARITY_MODERATE,,drogliptin,0.0,1.0,0.658,1.0,1.0,0.873,0.995,DPP-4 inhibitor,generic,-gliptin,saturated,False,,
imadefigliptin,True,ngram_guided,3,53.12,57.21,moderate,-2.21,12.79,epicriptine,0.6656,6,,SIMILARITY_MODERATE,,imadefigliptin,0.0,0.564,0.879,1.0,1.0,0.309,0.204,DPP-4 inhibitor,generic,-gliptin,saturated,False,,
telbigliptin,False,ngram_guided,3,59.71,63.37,moderate,-8.37,6.63,albiglutide,0.6972,4,INTRA_STEM_TOO_CLOSE|TRADEMARK_HIT,SIMILARITY_MODERATE,,telbigliptin,0.0,0.45,0.83,1.0,1.0,0.862,0.783,DPP-4 inhibitor,generic,-gliptin,saturated,False,,
practogliptin,False,ngram_guided,3,54.32,61.38,moderate,-6.38,8.62,lactoglobulin,0.8432,4,TRADEMARK_HIT,SIMILARITY_MODERATE,,practogliptin,0.0,0.3,0.684,1.0,1.0,0.755,0.884,DPP-4 inhibitor,generic,-gliptin,saturated,False,,
sofpirgliptin,False,ngram_guided,3,52.22,58.85,moderate,-3.85,11.15,epicriptine,0.6542,4,TRADEMARK_HIT,SIMILARITY_MODERATE,,sofpirgliptin,0.0,0.3,0.743,1.0,1.0,0.755,0.466,DPP-4 inhibitor,generic,-gliptin,saturated,False,,
elygliptin,False,ngram_guided,3,67.43,64.86,moderate,-9.86,5.14,eletriptan,0.6806,4,INTRA_STEM_TOO_CLOSE|TRADEMARK_HIT,SIMILARITY_MODERATE,,elygliptin,0.0,1.0,0.768,1.0,1.0,0.998,0.243,DPP-4 inhibitor,generic,-gliptin,saturated,False,,
succigliptin,False,ngram_guided,3,48.92,61.21,moderate,-6.21,8.79,succinylated,0.7868,4,TRADEMARK_HIT,SIMILARITY_MODERATE,,succigliptin,0.0,0.45,0.83,1.0,0.53,0.862,0.316,DPP-4 inhibitor,generic,-gliptin,saturated,False,,
ivozagliptin,False,ngram_guided,3,53.78,57.52,moderate,-2.52,12.48,sotagliflozin,0.6406,5,TRADEMARK_HIT,SIMILARITY_MODERATE,,ivozagliptin,0.0,0.45,0.869,1.0,1.0,0.731,0.043,DPP-4 inhibitor,generic,-gliptin,saturated,False,,
lumagliptin,False,ngram_guided,3,64.35,66.67,moderate,-11.67,3.33,sumatriptan,0.7545,4,INTRA_STEM_TOO_CLOSE|TRADEMARK_HIT,SIMILARITY_MODERATE,,lumagliptin,0.0,0.6,0.854,1.0,1.0,0.952,0.839,DPP-4 inhibitor,generic,-gliptin,saturated,False,,
drophgliptin,True,ngram_guided,3,46.99,60.88,moderate,-5.88,9.12,bromocriptine,0.6469,3,,SIMILARITY_MODERATE,,drophgliptin,0.0,0.45,0.572,0.65,1.0,0.737,0.109,DPP-4 inhibitor,generic,-gliptin,saturated,False,,
zenogliptin,False,ngram_guided,3,58.81,64.46,moderate,-9.46,5.54,lenograstim,0.7489,4,INTRA_STEM_TOO_CLOSE|TRADEMARK_HIT,SIMILARITY_MODERATE,,zenogliptin,0.0,0.6,0.854,1.0,1.0,0.952,0.046,DPP-4 inhibitor,generic,-gliptin,saturated,False,,
emtugliptin,False,ngram_guided,3,60.91,62.69,moderate,-7.69,7.31,ertugliflozin,0.6444,4,TRADEMARK_HIT,SIMILARITY_MODERATE,,emtugliptin,0.0,0.6,0.83,1.0,1.0,0.952,0.397,DPP-4 inhibitor,generic,-gliptin,saturated,False,,
biltogliptin,False,ngram_guided,3,55.8,61.67,moderate,-6.67,8.33,vildagliptin,0.7189,4,INTRA_STEM_TOO_CLOSE|TRADEMARK_HIT,SIMILARITY_MODERATE,,biltogliptin,0.0,0.45,0.83,1.0,1.0,0.862,0.224,DPP-4 inhibitor,generic,-gliptin,saturated,False,,
sofpireogliptin,True,ngram_guided,3,53.04,56.7,moderate,-1.7,13.3,sofpironium,0.6594,6,,SIMILARITY_MODERATE,,sofpireogliptin,0.0,0.4,0.855,1.0,1.0,0.237,0.815,DPP-4 inhibitor,generic,-gliptin,saturated,False,,
djogliptin,False,ngram_guided+refined,3,62.21,62.81,moderate,-7.81,7.19,colistin,0.5357,3,INTRA_STEM_TOO_CLOSE|TRADEMARK_HIT,SIMILARITY_MODERATE|ILLEGAL_ONSET_CLUSTER,drogliptin,drogliptin -> djogliptin,0.0,1.0,0.606,1.0,1.0,0.873,0.0,DPP-4 inhibitor,generic,-gliptin,saturated,False,,
dsogliptin,False,ngram_guided+refined,3,62.21,63.01,moderate,-8.01,6.99,colistin,0.5729,3,INTRA_STEM_TOO_CLOSE|TRADEMARK_HIT,SIMILARITY_MODERATE|ILLEGAL_ONSET_CLUSTER,drogliptin,drogliptin -> djogliptin -> dsogliptin,0.0,1.0,0.606,1.0,1.0,0.873,0.0,DPP-4 inhibitor,generic,-gliptin,saturated,False,,
dfogliptin,False,ngram_guided+refined,3,62.21,63.71,moderate,-8.71,6.29,follistim,0.5351,3,INTRA_STEM_TOO_CLOSE|TRADEMARK_HIT,SIMILARITY_MODERATE|ILLEGAL_ONSET_CLUSTER,drogliptin,drogliptin -> djogliptin -> dsogliptin -> dfogliptin,0.0,1.0,0.606,1.0,1.0,0.873,0.0,DPP-4 inhibitor,generic,-gliptin,saturated,False,,
fesgliptin,False,ngram_guided+refined,3,64.17,59.11,moderate,-4.11,10.89,metreleptin,0.6441,3,TRADEMARK_HIT,SIMILARITY_MODERATE,fosgliptin,fosgliptin -> fesgliptin,0.0,1.0,0.742,1.0,1.0,0.873,0.006,DPP-4 inhibitor,generic,-gliptin,saturated,False,,
fasgliptin,False,ngram_guided+refined,3,64.12,58.14,moderate,-3.14,11.86,colistin,0.6203,3,INTRA_STEM_TOO_CLOSE|TRADEMARK_HIT,SIMILARITY_MODERATE,fosgliptin,fosgliptin -> fesgliptin -> fasgliptin,0.0,1.0,0.742,1.0,1.0,0.873,0.0,DPP-4 inhibitor,generic,-gliptin,saturated,False,,
abigliptin,False,ngram_guided+refined,3,67.32,67.11,moderate,-12.11,2.89,epicriptine,0.7383,4,INTRA_STEM_TOO_CLOSE|TRADEMARK_HIT,SIMILARITY_MODERATE,avigliptin,avigliptin -> abigliptin,0.0,1.0,0.854,1.0,1.0,0.998,0.054,DPP-4 inhibitor,generic,-gliptin,saturated,False,,
atigliptin,False,ngram_guided+refined,3,69.54,67.85,moderate,-12.85,2.15,epicriptine,0.7376,4,INTRA_STEM_TOO_CLOSE|TRADEMARK_HIT,SIMILARITY_MODERATE,avigliptin,avigliptin -> abigliptin -> atigliptin,0.0,1.0,0.854,1.0,1.0,0.998,0.372,DPP-4 inhibitor,generic,-gliptin,saturated,False,,
aqigliptin,False,ngram_guided+refined,3,66.94,64.17,moderate,-9.17,5.83,epicriptine,0.6394,4,INTRA_STEM_TOO_CLOSE|TRADEMARK_HIT,SIMILARITY_MODERATE,avigliptin,avigliptin -> abigliptin -> atigliptin -> aqigliptin,0.0,1.0,0.854,1.0,1.0,0.998,0.0,DPP-4 inhibitor,generic,-gliptin,saturated,False,,
edygliptin,False,ngram_guided+refined,3,65.73,66.83,moderate,-11.83,3.17,epicriptine,0.6226,4,TRADEMARK_HIT,SIMILARITY_MODERATE,elygliptin,elygliptin -> edygliptin,0.0,1.0,0.768,1.0,1.0,0.998,0.0,DPP-4 inhibitor,generic,-gliptin,saturated,False,,
epygliptin,False,ngram_guided+refined,3,65.73,74.57,high,-19.57,-4.57,epicriptine,0.6133,4,SIMILARITY_TOO_HIGH|TRADEMARK_HIT,,elygliptin,elygliptin -> edygliptin -> epygliptin,0.0,1.0,0.768,1.0,1.0,0.998,0.0,DPP-4 inhibitor,generic,-gliptin,saturated,False,,
eqygliptin,False,ngram_guided+refined,3,65.73,63.91,moderate,-8.91,6.09,epicriptine,0.6384,4,INTRA_STEM_TOO_CLOSE|TRADEMARK_HIT,SIMILARITY_MODERATE,elygliptin,elygliptin -> edygliptin -> epygliptin -> eqygliptin,0.0,1.0,0.768,1.0,1.0,0.998,0.0,DPP-4 inhibitor,generic,-gliptin,saturated,False,,
ojogliptin,False,grammar+refined,3,66.94,64.2,moderate,-9.2,5.8,colistin,0.6184,4,INTRA_STEM_TOO_CLOSE|TRADEMARK_HIT,SIMILARITY_MODERATE,orogliptin,orogliptin -> ojogliptin,0.0,1.0,0.854,1.0,1.0,0.998,0.0,DPP-4 inhibitor,generic,-gliptin,saturated,False,,
obogliptin,False,grammar+refined,3,66.94,63.38,moderate,-8.38,6.62,colistin,0.7049,4,INTRA_STEM_TOO_CLOSE|TRADEMARK_HIT,SIMILARITY_MODERATE,orogliptin,orogliptin -> ojogliptin -> obogliptin,0.0,1.0,0.854,1.0,1.0,0.998,0.0,DPP-4 inhibitor,generic,-gliptin,saturated,False,,
owogliptin,False,grammar+refined,3,66.94,66.03,moderate,-11.03,3.97,colistin,0.6061,4,INTRA_STEM_TOO_CLOSE|TRADEMARK_HIT,SIMILARITY_MODERATE,orogliptin,orogliptin -> ojogliptin -> obogliptin -> owogliptin,0.0,1.0,0.854,1.0,1.0,0.998,0.0,DPP-4 inhibitor,generic,-gliptin,saturated,False,,
esegliptin,False,grammar+refined,3,66.95,64.13,moderate,-9.13,5.87,seglentis,0.6694,4,INTRA_STEM_TOO_CLOSE|TRADEMARK_HIT,SIMILARITY_MODERATE,enegliptin,enegliptin -> esegliptin,0.0,1.0,0.854,1.0,1.0,0.998,0.001,DPP-4 inhibitor,generic,-gliptin,saturated,False,,
efegliptin,False,grammar+refined,3,66.94,65.49,moderate,-10.49,4.51,epicriptine,0.6501,4,INTRA_STEM_TOO_CLOSE|TRADEMARK_HIT,SIMILARITY_MODERATE,enegliptin,enegliptin -> esegliptin -> efegliptin,0.0,1.0,0.854,1.0,1.0,0.998,0.0,DPP-4 inhibitor,generic,-gliptin,saturated,False,,
emegliptin,False,grammar+refined,3,67.21,73.92,high,-18.92,-3.92,imeglimin,0.7016,4,SIMILARITY_TOO_HIGH|TRADEMARK_HIT,,enegliptin,enegliptin -> esegliptin -> efegliptin -> emegliptin,0.0,1.0,0.854,1.0,1.0,0.998,0.038,DPP-4 inhibitor,generic,-gliptin,saturated,False,,
ipegliptin,False,grammar+refined,3,66.94,70.8,high,-15.8,-0.8,imeglimin,0.7251,4,SIMILARITY_TOO_HIGH|INTRA_STEM_TOO_CLOSE|TRADEMARK_HIT,,ipigliptin,ipigliptin -> ipegliptin,0.0,1.0,0.854,1.0,1.0,0.998,0.0,DPP-4 inhibitor,generic,-gliptin,saturated,False,,
lonogliptin,False,grammar,4,65.25,64.68,moderate,-9.68,5.32,lenograstim,0.7707,4,INTRA_STEM_TOO_CLOSE|TRADEMARK_HIT,SIMILARITY_MODERATE,,lonogliptin,0.0,0.6,0.854,1.0,1.0,0.952,0.967,DPP-4 inhibitor,generic,-gliptin,saturated,False,,
sedaugliptin,False,grammar,4,59.18,61.62,moderate,-6.62,8.38,ergocriptine,0.6288,4,INTRA_STEM_TOO_CLOSE|TRADEMARK_HIT,SIMILARITY_MODERATE,,sedaugliptin,0.0,0.68,0.854,1.0,1.0,0.862,0.0,DPP-4 inhibitor,generic,-gliptin,saturated,False,,
echogliptin,False,grammar,4,58.14,65.76,moderate,-10.76,4.24,colistin,0.6948,4,INTRA_STEM_TOO_CLOSE|TRADEMARK_HIT,SIMILARITY_MODERATE,,echogliptin,0.0,0.6,0.83,1.0,1.0,0.952,0.0,DPP-4 inhibitor,generic,-gliptin,saturated,False,,
thaldaegliptin,False,grammar,4,57.19,56.76,moderate,-1.76,13.24,aldesleukin,0.6475,5,INTRA_STEM_TOO_CLOSE,SIMILARITY_MODERATE,,thaldaegliptin,0.0,0.771,0.82,1.0,1.0,0.527,0.001,DPP-4 inhibitor,generic,-gliptin,saturated,False,,
deugliptin,False,grammar,4,65.52,60.96,moderate,-5.96,9.04,leptin,0.696,3,INTRA_STEM_TOO_CLOSE|TRADEMARK_HIT,SIMILARITY_MODERATE,,deugliptin,0.0,1.0,0.829,1.0,1.0,0.873,0.026,DPP-4 inhibitor,generic,-gliptin,saturated,False,,
cotozagliptin,False,grammar,4,58.08,57.53,moderate,-2.53,12.47,sotagliflozin,0.6641,5,TRADEMARK_HIT,SIMILARITY_MODERATE,,cotozagliptin,0.0,0.733,0.869,1.0,1.0,0.624,0.0,DPP-4 inhibitor,generic,-gliptin,saturated,False,,
pelirmigliptin,False,grammar,4,57.53,56.21,moderate,-1.21,13.79,epicriptine,0.6588,5,TRADEMARK_HIT,SIMILARITY_MODERATE,,pelirmigliptin,0.0,0.771,0.845,1.0,1.0,0.527,0.0,DPP-4 inhibitor,generic,-gliptin,saturated,False,,
cedigliptin,False,grammar,4,66.48,66.85,moderate,-11.85,3.15,epicriptine,0.7638,4,INTRA_STEM_TOO_CLOSE|TRADEMARK_HIT,SIMILARITY_MODERATE,,cedigliptin,0.0,1.0,0.854,1.0,1.0,0.952,0.0,DPP-4 inhibitor,generic,-gliptin,saturated,False,,
hopagliptin,False,grammar,4,58.48,60.96,moderate,-5.96,9.04,hemagglutinin,0.7078,4,INTRA_STEM_TOO_CLOSE|TRADEMARK_HIT,SIMILARITY_MODERATE,,hopagliptin,0.0,0.6,0.854,1.0,1.0,0.952,0.0,DPP-4 inhibitor,generic,-gliptin,saturated,False,,
precogliptin,False,grammar,4,53.03,63.01,moderate,-8.01,6.99,reclipsen,0.7584,4,INTRA_STEM_TOO_CLOSE,SIMILARITY_MODERATE,,precogliptin,0.0,0.45,0.709,1.0,1.0,0.862,0.07,DPP-4 inhibitor,generic,-gliptin,saturated,False,,
demphogliptin,True,grammar,4,57.75,57.6,moderate,-2.6,12.4,empagliflozin,0.7463,4,,SIMILARITY_MODERATE,,demphogliptin,0.0,0.733,0.743,1.0,1.0,0.755,0.019,DPP-4 inhibitor,generic,-gliptin,saturated,False,,
rigidugliptin,True,grammar,4,59.8,53.21,low,1.79,16.79,quinupristin,0.6295,5,,,,rigidugliptin,0.072,0.733,0.869,1.0,1.0,0.624,0.0,DPP-4 inhibitor,generic,-gliptin,saturated,True,,
sizagliptin,False,grammar,4,66.51,75.42,high,-20.42,-5.42,sitagliptin,0.6496,4,SIMILARITY_TOO_HIGH|INTRA_STEM_TOO_CLOSE|TRADEMARK_HIT,,,sizagliptin,0.0,1.0,0.854,1.0,1.0,0.952,0.004,DPP-4 inhibitor,generic,-gliptin,saturated,False,,
dabugliptin,False,grammar,4,66.53,61.56,moderate,-6.56,8.44,dibutyltin,0.6101,4,TRADEMARK_HIT,SIMILARITY_MODERATE,,dabugliptin,0.0,1.0,0.854,1.0,1.0,0.952,0.006,DPP-4 inhibitor,generic,-gliptin,saturated,False,,
paibigliptin,False,grammar,4,65.59,61.96,moderate,-6.96,8.04,epicriptine,0.6202,4,TRADEMARK_HIT,SIMILARITY_MODERATE,,paibigliptin,0.0,1.0,0.854,1.0,1.0,0.862,0.001,DPP-4 inhibitor,generic,-gliptin,saturated,False,,
vibogliptin,False,grammar,4,58.51,60.21,moderate,-5.21,9.79,imeglimin,0.7103,4,INTRA_STEM_TOO_CLOSE|TRADEMARK_HIT,SIMILARITY_MODERATE,,vibogliptin,0.0,0.6,0.854,1.0,1.0,0.952,0.003,DPP-4 inhibitor,generic,-gliptin,saturated,False,,
zixigliptin,False,grammar,4,66.48,58.82,moderate,-3.82,11.18,mexiletine,0.621,4,INTRA_STEM_TOO_CLOSE|TRADEMARK_HIT,SIMILARITY_MODERATE,,zixigliptin,0.0,1.0,0.854,1.0,1.0,0.952,0.0,DPP-4 inhibitor,generic,-gliptin,saturated,False,,
octogliptin,False,grammar,4,63.5,65.36,moderate,-10.36,4.64,colistin,0.8181,4,INTRA_STEM_TOO_CLOSE|TRADEMARK_HIT,SIMILARITY_MODERATE,,octogliptin,0.0,0.6,0.83,1.0,1.0,0.952,0.766,DPP-4 inhibitor,generic,-gliptin,saturated,False,,
menligliptin,False,grammar,4,58.84,66.4,moderate,-11.4,3.6,teneligliptin,0.7342,4,INTRA_STEM_TOO_CLOSE|TRADEMARK_HIT,SIMILARITY_MODERATE,,menligliptin,0.0,0.68,0.83,1.0,1.0,0.862,0.001,DPP-4 inhibitor,generic,-gliptin,saturated,False,,
madotogliptin,True,grammar,4,58.08,56.38,moderate,-1.38,13.62,metreleptin,0.7157,5,,SIMILARITY_MODERATE,,madotogliptin,0.0,0.733,0.869,1.0,1.0,0.624,0.0,DPP-4 inhibitor,generic,-gliptin,saturated,False,,
somegliptin,False,grammar,4,63.53,67.34,moderate,-12.34,2.66,imeglimin,0.7538,4,INTRA_STEM_TOO_CLOSE|TRADEMARK_HIT,SIMILARITY_MODERATE,,somegliptin,0.0,0.6,0.854,1.0,1.0,0.952,0.721,DPP-4 inhibitor,generic,-gliptin,saturated,False,,
fodnadegliptin,True,grammar,4,59.09,53.37,low,1.63,16.63,nateglinide,0.6166,5,,,,fodnadegliptin,0.065,0.771,0.845,1.0,1.0,0.527,0.0,DPP-4 inhibitor,generic,-gliptin,saturated,True,,
diisuigliptin,True,grammar,4,58.08,61.02,moderate,-6.02,8.98,dibutyltin,0.638,5,,SIMILARITY_MODERATE,,diisuigliptin,0.0,0.733,0.869,1.0,1.0,0.624,0.0,DPP-4 inhibitor,generic,-gliptin,saturated,False,,
dobogliptin,False,grammar,4,66.48,62.24,moderate,-7.24,7.76,bromocriptine,0.7079,4,INTRA_STEM_TOO_CLOSE|TRADEMARK_HIT,SIMILARITY_MODERATE,,dobogliptin,0.0,1.0,0.854,1.0,1.0,0.952,0.0,DPP-4 inhibitor,generic,-gliptin,saturated,False,,
encogliptin,False,ngram_guided,4,62.54,66.61,moderate,-11.61,3.39,colistin,0.6871,4,INTRA_STEM_TOO_CLOSE|TRADEMARK_HIT,SIMILARITY_MODERATE,,encogliptin,0.0,0.6,0.83,1.0,1.0,0.952,0.629,DPP-4 inhibitor,generic,-gliptin,saturated,False,,
daunogliptin,False,ngram_guided,4,58.8,63.67,moderate,-8.67,6.33,daunorubicin,0.6573,4,INTRA_STEM_TOO_CLOSE|TRADEMARK_HIT,SIMILARITY_MODERATE,,daunogliptin,0.0,0.45,0.854,1.0,1.0,0.862,0.602,DPP-4 inhibitor,generic,-gliptin,saturated,False,,
esmgliptin,False,ngram_guided,4,58.85,59.13,moderate,-4.13,10.87,epicriptine,0.5423,3,TRADEMARK_HIT,SIMILARITY_MODERATE,,esmgliptin,0.0,1.0,0.574,0.65,1.0,0.873,0.033,DPP-4 inhibitor,generic,-gliptin,saturated,False,,
ixekigliptin,False,ngram_guided,4,54.48,61.3,moderate,-6.3,8.7,epicriptine,0.6617,5,TRADEMARK_HIT,SIMILARITY_MODERATE,,ixekigliptin,0.0,0.45,0.869,1.0,1.0,0.731,0.142,DPP-4 inhibitor,generic,-gliptin,saturated,False,,
zongeligliptin,False,ngram_guided,4,57.98,57.38,moderate,-2.38,12.62,teneligliptin,0.7084,5,INTRA_STEM_TOO_CLOSE,SIMILARITY_MODERATE,,zongeligliptin,0.0,0.564,0.845,1.0,1.0,0.527,0.657,DPP-4 inhibitor,generic,-gliptin,saturated,False,,
myrtegliptin,False,ngram_guided,4,53.7,66.79,moderate,-11.79,3.21,metreleptin,0.7056,4,TRADEMARK_HIT,SIMILARITY_MODERATE,,myrtegliptin,0.0,0.45,0.743,1.0,1.0,0.862,0.097,DPP-4 inhibitor,generic,-gliptin,saturated,False,,
maftivozgliptin,True,ngram_guided,4,53.37,50.33,low,4.67,19.67,metreleptin,0.6222,5,,,,maftivozgliptin,0.187,0.4,0.758,1.0,1.0,0.456,0.103,DPP-4 inhibitor,generic,-gliptin,saturated,False,,
ibagliptin,False,ngram_guided,4,69.53,65.28,moderate,-10.28,4.72,imeglimin,0.6444,4,INTRA_STEM_TOO_CLOSE|TRADEMARK_HIT,SIMILARITY_MODERATE,,ibagliptin,0.0,1.0,0.854,1.0,1.0,0.998,0.37,DPP-4 inhibitor,generic,-gliptin,saturated,False,,
dacaulgliptin,False,ngram_guided,4,58.39,56.16,moderate,-1.16,13.84,dapagliflozin,0.6963,4,TRADEMARK_HIT,SIMILARITY_MODERATE,,dacaulgliptin,0.0,0.517,0.768,1.0,1.0,0.755,0.68,DPP-4 inhibitor,generic,-gliptin,saturated,False,,
thigliptin,False,ngram_guided,4,70.13,66.77,moderate,-11.77,3.23,epicriptine,0.7633,3,INTRA_STEM_TOO_CLOSE|TRADEMARK_HIT,SIMILARITY_MODERATE,,thigliptin,0.0,1.0,0.804,1.0,1.0,0.873,0.734,DPP-4 inhibitor,generic,-gliptin,saturated,False,,
dornoxgliptin,True,ngram_guided,4,57.91,56.32,moderate,-1.32,13.68,bromocriptine,0.5259,4,,SIMILARITY_MODERATE,,dornoxgliptin,0.0,0.517,0.6,1.0,1.0,0.755,0.947,DPP-4 inhibitor,generic,-gliptin,saturated,False,,
theogliptin,False,ngram_guided,4,61.12,61.03,moderate,-6.03,8.97,colistin,0.694,4,INTRA_STEM_TOO_CLOSE|TRADEMARK_HIT,SIMILARITY_MODERATE,,theogliptin,0.0,0.6,0.83,1.0,1.0,0.952,0.427,DPP-4 inhibitor,generic,-gliptin,saturated,False,,
josagliptin,False,ngram_guided,4,58.49,59.43,moderate,-4.43,10.57,sotagliflozin,0.6966,4,INTRA_STEM_TOO_CLOSE|TRADEMARK_HIT,SIMILARITY_MODERATE,,josagliptin,0.0,0.6,0.854,1.0,1.0,0.952,0.001,DPP-4 inhibitor,generic,-gliptin,saturated,False,,
pongliptin,False,ngram_guided,4,69.9,62.03,moderate,-7.03,7.97,colistin,0.722,3,TRADEMARK_HIT,SIMILARITY_MODERATE,,pongliptin,0.0,1.0,0.742,1.0,1.0,0.873,0.826,DPP-4 inhibitor,generic,-gliptin,saturated,False,,
lutgliptin,False,ngram_guided,4,64.79,59.87,moderate,-4.87,10.13,metreleptin,0.6145,3,INTRA_STEM_TOO_CLOSE|TRADEMARK_HIT,SIMILARITY_MODERATE,,lutgliptin,0.0,1.0,0.742,1.0,1.0,0.873,0.095,DPP-4 inhibitor,generic,-gliptin,saturated,False,,
avugliptin,False,ngram_guided,4,67.54,59.69,moderate,-4.69,10.31,leptin,0.6465,4,INTRA_STEM_TOO_CLOSE|TRADEMARK_HIT,SIMILARITY_MODERATE,,avugliptin,0.0,1.0,0.854,1.0,1.0,0.998,0.086,DPP-4 inhibitor,generic,-gliptin,saturated,False,,
ustgliptin,False,ngram_guided,4,58.62,59.87,moderate,-4.87,10.13,metreleptin,0.5139,3,INTRA_STEM_TOO_CLOSE|TRADEMARK_HIT,SIMILARITY_MODERATE,,ustgliptin,0.0,1.0,0.574,0.65,1.0,0.873,0.0,DPP-4 inhibitor,generic,-gliptin,saturated,False,,
lebogliptin,False,ngram_guided,4,60.0,63.86,moderate,-8.86,6.14,lenograstim,0.7493,4,INTRA_STEM_TOO_CLOSE|TRADEMARK_HIT,SIMILARITY_MODERATE,,lebogliptin,0.0,0.6,0.854,1.0,1.0,0.952,0.217,DPP-4 inhibitor,generic,-gliptin,saturated,False,,
nirmatorgliptin,True,ngram_guided,4,53.67,55.62,moderate,-0.62,14.38,nirmatrelvir,0.643,5,,SIMILARITY_MODERATE,,nirmatorgliptin,0.0,0.4,0.758,1.0,1.0,0.456,0.786,DPP-4 inhibitor,generic,-gliptin,saturated,False,,
cafegliptin,False,ngram_guided,4,62.36,58.33,moderate,-3.33,11.67,colistin,0.6873,4,INTRA_STEM_TOO_CLOSE|TRADEMARK_HIT,SIMILARITY_MODERATE,,cafegliptin,0.0,0.6,0.854,1.0,1.0,0.952,0.554,DPP-4 inhibitor,generic,-gliptin,saturated,False,,
busegliptin,False,ngram_guided,4,59.81,59.13,moderate,-4.13,10.87,seglentis,0.6659,4,TRADEMARK_HIT,SIMILARITY_MODERATE,,busegliptin,0.0,0.6,0.854,1.0,1.0,0.952,0.189,DPP-4 inhibitor,generic,-gliptin,saturated,False,,
cabazigliptin,False,ngram_guided,4,55.62,55.64,moderate,-0.64,14.36,canagliflozin,0.6621,5,TRADEMARK_HIT,SIMILARITY_MODERATE,,cabazigliptin,0.0,0.3,0.869,1.0,1.0,0.624,0.887,DPP-4 inhibitor,generic,-gliptin,saturated,False,,
paclagliptin,False,ngram_guided,4,63.14,61.37,moderate,-6.37,8.63,claritin,0.6878,4,INTRA_STEM_TOO_CLOSE|TRADEMARK_HIT,SIMILARITY_MODERATE,,paclagliptin,0.0,0.68,0.709,1.0,1.0,0.862,0.857,DPP-4 inhibitor,generic,-gliptin,saturated,False,,
tofagliptin,False,ngram_guided,4,61.11,63.62,moderate,-8.62,6.38,tofacitinib,0.6909,4,INTRA_STEM_TOO_CLOSE|TRADEMARK_HIT,SIMILARITY_MODERATE,,tofagliptin,0.0,0.6,0.854,1.0,1.0,0.952,0.375,DPP-4 inhibitor,generic,-gliptin,saturated,False,,
tjigliptin,False,ngram_guided+refined,4,62.21,63.95,moderate,-8.95,6.05,epicriptine,0.5408,3,TRADEMARK_HIT,SIMILARITY_MODERATE|ILLEGAL_ONSET_CLUSTER,thigliptin,thigliptin -> tjigliptin,0.0,1.0,0.606,1.0,1.0,0.873,0.0,DPP-4 inhibitor,generic,-gliptin,saturated,False,,
trigliptin,False,ngram_guided+refined,4,64.34,71.55,high,-16.55,-1.55,triceptin,0.8422,3,SIMILARITY_TOO_HIGH|INTRA_STEM_TOO_CLOSE|TRADEMARK_HIT,,thigliptin,thigliptin -> tjigliptin -> trigliptin,0.0,1.0,0.658,1.0,1.0,0.873,0.2,DPP-4 inhibitor,generic,-gliptin,saturated,False,,
tregliptin,False,ngram_guided+refined,4,67.61,71.44,high,-16.44,-1.44,metreleptin,0.7922,3,SIMILARITY_TOO_HIGH|INTRA_STEM_TOO_CLOSE|TRADEMARK_HIT,,thigliptin,thigliptin -> tjigliptin -> trigliptin -> tregliptin,0.0,1.0,0.658,1.0,1.0,0.873,0.666,DPP-4 inhibitor,generic,-gliptin,saturated,False,,
pengliptin,False,ngram_guided+refined,4,66.28,61.36,moderate,-6.36,8.64,ergocriptine,0.7287,3,TRADEMARK_HIT,SIMILARITY_MODERATE,pongliptin,pongliptin -> pengliptin,0.0,1.0,0.742,1.0,1.0,0.873,0.308,DPP-4 inhibitor,generic,-gliptin,saturated,False,,
pangliptin,False,ngram_guided+refined,4,69.2,68.29,moderate,-13.29,1.71,pancreatin,0.7601,3,INTRA_STEM_TOO_CLOSE|TRADEMARK_HIT,SIMILARITY_MODERATE,pongliptin,pongliptin -> pengliptin -> pangliptin,0.0,1.0,0.742,1.0,1.0,0.873,0.725,DPP-4 inhibitor,generic,-gliptin,saturated,False,,
iqagliptin,False,ngram_guided+refined,4,66.94,62.81,moderate,-7.81,7.19,leptin,0.6051,4,INTRA_STEM_TOO_CLOSE|TRADEMARK_HIT,SIMILARITY_MODERATE,ibagliptin,ibagliptin -> iqagliptin,0.0,1.0,0.854,1.0,1.0,0.998,0.0,DPP-4 inhibitor,generic,-gliptin,saturated,False,,
iwagliptin,False,ngram_guided+refined,4,66.94,59.69,moderate,-4.69,10.31,leptin,0.6288,4,INTRA_STEM_TOO_CLOSE|TRADEMARK_HIT,SIMILARITY_MODERATE,ibagliptin,ibagliptin -> iqagliptin -> iwagliptin,0.0,1.0,0.854,1.0,1.0,0.998,0.0,DPP-4 inhibitor,generic,-gliptin,saturated,False,,
ivagliptin,False,ngram_guided+refined,4,66.96,62.9,moderate,-7.9,7.1,imeglimin,0.6854,4,INTRA_STEM_TOO_CLOSE|TRADEMARK_HIT,SIMILARITY_MODERATE,ibagliptin,ibagliptin -> iqagliptin -> iwagliptin -> ivagliptin,0.0,1.0,0.854,1.0,1.0,0.998,0.003,DPP-4 inhibitor,generic,-gliptin,saturated,False,,
amugliptin,False,ngram_guided+refined,4,66.94,64.83,moderate,-9.83,5.17,amineptin,0.6885,4,INTRA_STEM_TOO_CLOSE|TRADEMARK_HIT,SIMILARITY_MODERATE,avugliptin,avugliptin -> amugliptin,0.0,1.0,0.854,1.0,1.0,0.998,0.0,DPP-4 inhibitor,generic,-gliptin,saturated,False,,
awugliptin,False,ngram_guided+refined,4,66.94,62.81,moderate,-7.81,7.19,leptin,0.6051,4,INTRA_STEM_TOO_CLOSE|TRADEMARK_HIT,SIMILARITY_MODERATE,avugliptin,avugliptin -> amugliptin -> awugliptin,0.0,1.0,0.854,1.0,1.0,0.998,0.0,DPP-4 inhibitor,generic,-gliptin,saturated,False,,
axugliptin,False,ngram_guided+refined,4,66.94,61.7,moderate,-6.7,8.3,saxagliptin,0.6192,4,INTRA_STEM_TOO_CLOSE|TRADEMARK_HIT,SIMILARITY_MODERATE,avugliptin,avugliptin -> amugliptin -> awugliptin -> axugliptin,0.0,1.0,0.854,1.0,1.0,0.998,0.0,DPP-4 inhibitor,generic,-gliptin,saturated,False,,
dadugliptin,False,grammar+refined,4,58.63,61.71,moderate,-6.71,8.29,teduglutide,0.6441,4,INTRA_STEM_TOO_CLOSE|TRADEMARK_HIT,SIMILARITY_MODERATE,dabugliptin,dabugliptin -> dadugliptin,0.0,0.6,0.854,1.0,1.0,0.952,0.021,DPP-4 inhibitor,generic,-gliptin,saturated,False,,
dalugliptin,False,grammar+refined,4,58.53,62.1,moderate,-7.1,7.9,dalfopristin,0.6504,4,INTRA_STEM_TOO_CLOSE|TRADEMARK_HIT,SIMILARITY_MODERATE,dabugliptin,dabugliptin -> dadugliptin -> dalugliptin,0.0,0.6,0.854,1.0,1.0,0.952,0.006,DPP-4 inhibitor,generic,-gliptin,saturated,False,,
datugliptin,False,grammar+refined,4,58.72,59.52,moderate,-4.52,10.48,ertugliflozin,0.6998,4,TRADEMARK_HIT,SIMILARITY_MODERATE,dabugliptin,dabugliptin -> dadugliptin -> dalugliptin -> datugliptin,0.0,0.6,0.854,1.0,1.0,0.952,0.033,DPP-4 inhibitor,generic,-gliptin,saturated,False,,
sixagliptin,False,grammar+refined,4,66.49,77.08,high,-22.08,-7.08,saxagliptin,0.6236,4,SIMILARITY_TOO_HIGH|INTRA_STEM_TOO_CLOSE|TRADEMARK_HIT,,sizagliptin,sizagliptin -> sixagliptin,0.0,1.0,0.854,1.0,1.0,0.952,0.001,DPP-4 inhibitor,generic,-gliptin,saturated,False,,
saxagliptin,False,grammar+refined,4,59.72,100.0,high,-45.0,-30.0,saxagliptin,0.6931,4,EXACT_NAME_COLLISION|INTRA_STEM_TOO_CLOSE|TRADEMARK_HIT,,sizagliptin,sizagliptin -> sixagliptin -> saxagliptin,0.0,0.6,0.854,1.0,1.0,0.952,0.176,DPP-4 inhibitor,generic,-gliptin,saturated,False,,
saragliptin,False,grammar+refined,4,59.53,68.59,moderate,-13.59,1.41,paraplatin,0.7803,4,INTRA_STEM_TOO_CLOSE|TRADEMARK_HIT,SIMILARITY_MODERATE,sizagliptin,sizagliptin -> sixagliptin -> saxagliptin -> saragliptin,0.0,0.6,0.854,1.0,1.0,0.952,0.15,DPP-4 inhibitor,generic,-gliptin,saturated,False,,
cehigliptin,False,grammar+refined,4,66.48,61.64,moderate,-6.64,8.36,epicriptine,0.6048,4,TRADEMARK_HIT,SIMILARITY_MODERATE,cedigliptin,cedigliptin -> cehigliptin,0.0,1.0,0.854,1.0,1.0,0.952,0.0,DPP-4 inhibitor,generic,-gliptin,saturated,False,,
cohigliptin,True,grammar+refined,4,66.48,62.8,moderate,-7.8,7.2,colistin,0.6961,4,,SIMILARITY_MODERATE,cedigliptin,cedigliptin -> cehigliptin -> cohigliptin,0.0,1.0,0.854,1.0,1.0,0.952,0.0,DPP-4 inhibitor,generic,-gliptin,saturated,True,,
zifigliptin,False,grammar+refined,4,66.48,62.07,moderate,-7.07,7.93,epicriptine,0.628,4,INTRA_STEM_TOO_CLOSE|TRADEMARK_HIT,SIMILARITY_MODERATE,zixigliptin,zixigliptin -> zifigliptin,0.0,1.0,0.854,1.0,1.0,0.952,0.0,DPP-4 inhibitor,generic,-gliptin,saturated,False,,
zidigliptin,False,grammar+refined,4,58.57,61.37,moderate,-6.37,8.63,epicriptine,0.7402,4,INTRA_STEM_TOO_CLOSE|TRADEMARK_HIT,SIMILARITY_MODERATE,zixigliptin,zixigliptin -> zifigliptin -> zidigliptin,0.0,0.6,0.854,1.0,1.0,0.952,0.012,DPP-4 inhibitor,generic,-gliptin,saturated,False,,
maxogliflozin,False,grammar,1,61.94,58.61,moderate,-3.61,11.39,saxagliptin,0.7492,5,INTRA_STEM_TOO_CLOSE|TRADEMARK_HIT,SIMILARITY_MODERATE,,maxogliflozin,0.0,1.0,0.763,1.0,1.0,0.624,0.001,SGLT2 inhibitor,generic,-gliflozin,saturated,False,,
tatugliflozin,False,grammar,1,53.94,55.45,moderate,-0.45,14.55,ertugliflozin,0.7338,5,INTRA_STEM_TOO_CLOSE|TRADEMARK_HIT,SIMILARITY_MODERATE,,tatugliflozin,0.0,0.6,0.763,1.0,1.0,0.624,0.001,SGLT2 inhibitor,generic,-gliflozin,saturated,False,,
purzeprugliflozin,True,grammar,1,58.81,47.51,low,7.49,22.49,peoniflorin,0.6986,6,,,,purzeprugliflozin,0.3,0.8,0.638,1.0,1.0,0.168,0.0,SGLT2 inhibitor,generic,-gliflozin,saturated,True,,
ebogliflozin,False,grammar,1,63.0,63.57,moderate,-8.57,6.43,peoniflorin,0.7199,5,INTRA_STEM_TOO_CLOSE|TRADEMARK_HIT,SIMILARITY_MODERATE,,ebogliflozin,0.0,1.0,0.763,1.0,1.0,0.731,0.0,SGLT2 inhibitor,generic,-gliflozin,saturated,False,,
cyxonogliflozin,True,grammar,1,58.18,53.56,low,1.44,16.44,peoniflorin,0.6402,6,,,,cyxonogliflozin,0.058,1.0,0.672,1.0,1.0,0.237,0.001,SGLT2 inhibitor,generic,-gliflozin,saturated,True,,
mulogliflozin,False,grammar,1,54.02,59.48,moderate,-4.48,10.52,alogliptin,0.7821,5,INTRA_STEM_TOO_CLOSE|TRADEMARK_HIT,SIMILARITY_MODERATE,,mulogliflozin,0.0,0.6,0.763,1.0,1.0,0.624,0.013,SGLT2 inhibitor,generic,-gliflozin,saturated,False,,
vilogliflozin,False,grammar,1,60.92,65.75,moderate,-10.75,4.25,velagliflozin,0.7635,5,INTRA_STEM_TOO_CLOSE|TRADEMARK_HIT,SIMILARITY_MODERATE,,vilogliflozin,0.0,0.6,0.763,1.0,1.0,0.624,0.999,SGLT2 inhibitor,generic,-gliflozin,saturated,False,,
larragliflozin,False,grammar,1,55.08,54.12,low,0.88,15.88,lauroylproline,0.7271,5,INTRA_STEM_TOO_CLOSE|TRADEMARK_HIT,,,larragliflozin,0.035,0.68,0.739,1.0,1.0,0.527,0.003,SGLT2 inhibitor,generic,-gliflozin,saturated,False,,
liolsodugliflozin,True,grammar,1,59.72,47.32,low,7.68,22.68,zoliflodacin,0.6308,7,,,,liolsodugliflozin,0.307,0.8,0.773,1.0,1.0,0.052,0.0,SGLT2 inhibitor,generic,-gliflozin,saturated,True,,
tocegliflozin,False,grammar,1,58.2,58.41,moderate,-3.41,11.59,peoniflorin,0.6787,5,INTRA_STEM_TOO_CLOSE|TRADEMARK_HIT,SIMILARITY_MODERATE,,tocegliflozin,0.0,0.6,0.763,1.0,1.0,0.624,0.611,SGLT2 inhibitor,generic,-gliflozin,saturated,False,,
gidigliflozin,False,grammar,1,61.93,57.64,moderate,-2.64,12.36,diglycerin,0.7005,5,INTRA_STEM_TOO_CLOSE|TRADEMARK_HIT,SIMILARITY_MODERATE,,gidigliflozin,0.0,1.0,0.763,1.0,1.0,0.624,0.0,SGLT2 inhibitor,generic,-gliflozin,saturated,False,,
samigliflozin,False,grammar,1,57.62,54.48,low,0.52,15.52,miglitol,0.7905,5,INTRA_STEM_TOO_CLOSE|TRADEMARK_HIT,,,samigliflozin,0.021,0.6,0.763,1.0,1.0,0.624,0.456,SGLT2 inhibitor,generic,-gliflozin,saturated,False,,
pamimlegliflozin,True,grammar,1,58.61,49.13,low,5.87,20.87,peoniflorin,0.6696,6,,,,pamimlegliflozin,0.235,0.771,0.759,1.0,1.0,0.192,0.0,SGLT2 inhibitor,generic,-gliflozin,saturated,True,,
nerfegliflozin,False,grammar,1,54.22,57.03,moderate,-2.03,12.97,peoniflorin,0.6676,5,INTRA_STEM_TOO_CLOSE|TRADEMARK_HIT,SIMILARITY_MODERATE,,nerfegliflozin,0.0,0.68,0.739,1.0,1.0,0.527,0.001,SGLT2 inhibitor,generic,-gliflozin,saturated,False,,
sirnogliflozin,False,grammar,1,60.62,56.8,moderate,-1.8,13.2,peoniflorin,0.6388,5,INTRA_STEM_TOO_CLOSE|TRADEMARK_HIT,SIMILARITY_MODERATE,,sirnogliflozin,0.0,1.0,0.739,1.0,1.0,0.527,0.0,SGLT2 inhibitor,generic,-gliflozin,saturated,False,,
zitrugliflozin,False,grammar,1,52.95,61.98,moderate,-6.98,8.02,nitroglycerin,0.6635,5,INTRA_STEM_TOO_CLOSE,SIMILARITY_MODERATE,,zitrugliflozin,0.0,0.68,0.648,1.0,1.0,0.527,0.0,SGLT2 inhibitor,generic,-gliflozin,saturated,False,,
noregliflozin,False,grammar,1,53.96,59.44,moderate,-4.44,10.56,boroglycerin,0.729,5,INTRA_STEM_TOO_CLOSE|TRADEMARK_HIT,SIMILARITY_MODERATE,,noregliflozin,0.0,0.6,0.763,1.0,1.0,0.624,0.004,SGLT2 inhibitor,generic,-gliflozin,saturated,False,,
semnigliflozin,False,grammar,1,55.58,59.08,moderate,-4.08,10.92,peoniflorin,0.695,5,INTRA_STEM_TOO_CLOSE,SIMILARITY_MODERATE,,semnigliflozin,0.0,0.68,0.739,1.0,1.0,0.527,0.195,SGLT2 inhibitor,generic,-gliflozin,saturated,False,,
bapiigliflozin,False,grammar,1,59.06,59.31,moderate,-4.31,10.69,capillifolium,0.6211,6,INTRA_STEM_TOO_CLOSE|TRADEMARK_HIT,SIMILARITY_MODERATE,,bapiigliflozin,0.0,1.0,0.784,1.0,1.0,0.309,0.0,SGLT2 inhibitor,generic,-gliflozin,saturated,False,,
kilfigliflozin,True,grammar,1,55.73,53.42,low,1.58,16.58,vildagliptin,0.6127,5,,,,kilfigliflozin,0.063,0.68,0.739,1.0,1.0,0.527,0.0,SGLT2 inhibitor,generic,-gliflozin,saturated,False,,
ixogliflozin,False,grammar,1,63.0,61.0,moderate,-6.0,9.0,zoliflodacin,0.6998,5,INTRA_STEM_TOO_CLOSE|TRADEMARK_HIT,SIMILARITY_MODERATE,,ixogliflozin,0.0,1.0,0.763,1.0,1.0,0.731,0.0,SGLT2 inhibitor,generic,-gliflozin,saturated,False,,
lidadegliflozin,False,grammar,1,53.01,56.35,moderate,-1.35,13.65,linagliptin,0.7115,6,INTRA_STEM_TOO_CLOSE|TRADEMARK_HIT,SIMILARITY_MODERATE,,lidadegliflozin,0.0,0.733,0.784,1.0,1.0,0.237,0.0,SGLT2 inhibitor,generic,-gliflozin,saturated,False,,
pixogliflozin,False,grammar,1,61.93,59.86,moderate,-4.86,10.14,peoniflorin,0.6992,5,INTRA_STEM_TOO_CLOSE|TRADEMARK_HIT,SIMILARITY_MODERATE,,pixogliflozin,0.0,1.0,0.763,1.0,1.0,0.624,0.0,SGLT2 inhibitor,generic,-gliflozin,saturated,False,,
hecragliflozin,False,grammar,1,59.45,54.89,low,0.11,15.11,grandiflorum,0.6824,5,INTRA_STEM_TOO_CLOSE|TRADEMARK_HIT,,,hecragliflozin,0.004,1.0,0.648,1.0,1.0,0.527,0.0,SGLT2 inhibitor,generic,-gliflozin,saturated,False,,
tragliflozin,False,ngram_guided,1,64.68,61.49,moderate,-6.49,8.51,troglitazone,0.8432,4,INTRA_STEM_TOO_CLOSE|TRADEMARK_HIT,SIMILARITY_MODERATE,,tragliflozin,0.0,1.0,0.648,1.0,1.0,0.862,0.283,SGLT2 inhibitor,generic,-gliflozin,saturated,False,,
testgliflozin,False,ngram_guided,1,53.64,55.94,moderate,-0.94,14.06,peoniflorin,0.5428,4,INTRA_STEM_TOO_CLOSE|TRADEMARK_HIT,SIMILARITY_MODERATE,,testgliflozin,0.0,0.6,0.519,0.65,1.0,0.755,0.711,SGLT2 inhibitor,generic,-gliflozin,saturated,False,,
neparvogliflozin,False,ngram_guided,1,45.18,52.76,low,2.24,17.24,parviflora,0.7144,6,TRADEMARK_HIT,,,neparvogliflozin,0.09,0.15,0.759,1.0,1.0,0.192,0.354,SGLT2 inhibitor,generic,-gliflozin,saturated,False,,
sotgliflozin,False,ngram_guided,1,67.92,71.9,high,-16.9,-1.9,sotagliflozin,0.6255,4,SIMILARITY_TOO_HIGH|INTRA_STEM_TOO_CLOSE|TRADEMARK_HIT,,,sotgliflozin,0.0,1.0,0.647,1.0,1.0,0.862,0.75,SGLT2 inhibitor,generic,-gliflozin,saturated,False,,
zuralagliflozin,False,ngram_guided,1,49.0,59.85,moderate,-4.85,10.15,trelagliptin,0.6916,6,INTRA_STEM_TOO_CLOSE|TRADEMARK_HIT,SIMILARITY_MODERATE,,zuralagliflozin,0.0,0.517,0.784,1.0,1.0,0.237,0.046,SGLT2 inhibitor,generic,-gliflozin,saturated,False,,
bacagliflozin,False,ngram_guided,1,58.68,64.0,moderate,-9.0,6.0,dapagliflozin,0.7368,5,INTRA_STEM_TOO_CLOSE|TRADEMARK_HIT,SIMILARITY_MODERATE,,bacagliflozin,0.0,0.6,0.763,1.0,1.0,0.624,0.678,SGLT2 inhibitor,generic,-gliflozin,saturated,False,,
ibugliflozin,False,ngram_guided,1,67.33,56.67,moderate,-1.67,13.33,zoliflodacin,0.6319,5,INTRA_STEM_TOO_CLOSE|TRADEMARK_HIT,SIMILARITY_MODERATE,,ibugliflozin,0.0,1.0,0.763,1.0,1.0,0.731,0.618,SGLT2 inhibitor,generic,-gliflozin,saturated,False,,
ensaribogliflozin,True,ngram_guided,1,56.95,51.4,low,3.6,18.6,riboflavin,0.727,7,,,,ensaribogliflozin,0.144,0.6,0.773,1.0,1.0,0.052,0.736,SGLT2 inhibitor,generic,-gliflozin,saturated,True,,
imexgliflozin,False,ngram_guided,1,51.11,59.49,moderate,-4.49,10.51,bexagliflozin,0.5355,5,INTRA_STEM_TOO_CLOSE|TRADEMARK_HIT,SIMILARITY_MODERATE,,imexgliflozin,0.0,0.6,0.549,1.0,1.0,0.624,0.026,SGLT2 inhibitor,generic,-gliflozin,saturated,False,,
ramilogliflozin,True,ngram_guided,1,46.3,57.16,moderate,-2.16,12.84,amyloglucosidase,0.7909,6,,SIMILARITY_MODERATE,,ramilogliflozin,0.0,0.517,0.784,1.0,0.53,0.237,0.735,SGLT2 inhibitor,generic,-gliflozin,saturated,False,,
odrogliflozin,False,ngram_guided,1,53.47,61.48,moderate,-6.48,8.52,troglitazone,0.7624,5,INTRA_STEM_TOO_CLOSE|TRADEMARK_HIT,SIMILARITY_MODERATE,,odrogliflozin,0.0,0.6,0.648,1.0,1.0,0.624,0.165,SGLT2 inhibitor,generic,-gliflozin,saturated,False,,
gefibrikgliflozin,True,ngram_guided,1,54.06,47.72,low,7.28,22.28,betibeglogene,0.6222,6,,,,gefibrikgliflozin,0.291,0.6,0.577,1.0,1.0,0.168,0.046,SGLT2 inhibitor,generic,-gliflozin,saturated,False,,
degagliflozin,False,ngram_guided,1,56.95,56.49,moderate,-1.49,13.51,bexagliflozin,0.653,5,INTRA_STEM_TOO_CLOSE|TRADEMARK_HIT,SIMILARITY_MODERATE,,degagliflozin,0.0,0.6,0.763,1.0,1.0,0.624,0.432,SGLT2 inhibitor,generic,-gliflozin,saturated,False,,
nilvagliflozin,False,ngram_guided,1,52.98,62.96,moderate,-7.96,7.04,vildagliptin,0.6911,5,INTRA_STEM_TOO_CLOSE|TRADEMARK_HIT,SIMILARITY_MODERATE,,nilvagliflozin,0.0,0.45,0.739,1.0,1.0,0.527,0.48,SGLT2 inhibitor,generic,-gliflozin,saturated,False,,
lidotgliflozin,False,ngram_guided,1,49.47,59.28,moderate,-4.28,10.72,lidoflazine,0.6308,5,INTRA_STEM_TOO_CLOSE|TRADEMARK_HIT,SIMILARITY_MODERATE,,lidotgliflozin,0.0,0.45,0.677,1.0,1.0,0.527,0.103,SGLT2 inhibitor,generic,-gliflozin,saturated,False,,
progliflozin,False,ngram_guided,1,64.05,65.7,moderate,-10.7,4.3,peoniflorin,0.8945,4,INTRA_STEM_TOO_CLOSE|TRADEMARK_HIT,SIMILARITY_MODERATE,,progliflozin,0.0,1.0,0.648,1.0,1.0,0.862,0.194,SGLT2 inhibitor,generic,-gliflozin,saturated,False,,
panilogliflozin,False,ngram_guided,1,60.0,56.46,moderate,-1.46,13.54,teneligliptin,0.7922,6,INTRA_STEM_TOO_CLOSE,SIMILARITY_MODERATE,,panilogliflozin,0.0,0.733,0.784,1.0,1.0,0.237,0.999,SGLT2 inhibitor,generic,-gliflozin,saturated,False,,
josampigliflozin,False,ngram_guided,1,54.13,50.32,low,4.68,19.68,pivampicillin,0.7052,6,INTRA_STEM_TOO_CLOSE|TRADEMARK_HIT,,,josampigliflozin,0.187,0.564,0.759,1.0,1.0,0.192,0.114,SGLT2 inhibitor,generic,-gliflozin,saturated,False,,
temagliflozin,False,ngram_guided,1,57.73,59.03,moderate,-4.03,10.97,peoniflorin,0.7659,5,INTRA_STEM_TOO_CLOSE|TRADEMARK_HIT,SIMILARITY_MODERATE,,temagliflozin,0.0,0.6,0.763,1.0,1.0,0.624,0.543,SGLT2 inhibitor,generic,-gliflozin,saturated,False,,
pralmegliflozin,False,ngram_guided,1,52.16,56.07,moderate,-1.07,13.93,pralmorelin,0.7718,5,TRADEMARK_HIT,SIMILARITY_MODERATE,,pralmegliflozin,0.0,0.517,0.623,1.0,1.0,0.456,0.506,SGLT2 inhibitor,generic,-gliflozin,saturated,False,,
tovobinegliflozin,True,ngram_guided,1,52.97,56.77,moderate,-1.77,13.23,lovotibeglogene,0.687,7,,SIMILARITY_MODERATE,,tovobinegliflozin,0.0,0.6,0.798,1.0,1.0,0.052,0.611,SGLT2 inhibitor,generic,-gliflozin,saturated,False,,
palomiplgliflozin,True,ngram_guided,1,53.31,47.42,low,7.58,22.58,talampicillin,0.5922,6,,,,palomiplgliflozin,0.303,0.6,0.579,0.65,1.0,0.168,0.341,SGLT2 inhibitor,generic,-gliflozin,saturated,False,,
ozanitagliflozin,False,ngram_guided,1,50.35,55.76,moderate,-0.76,14.24,sitagliptin,0.7325,7,INTRA_STEM_TOO_CLOSE|TRADEMARK_HIT,SIMILARITY_MODERATE,,ozanitagliflozin,0.0,0.564,0.798,1.0,1.0,0.076,0.305,SGLT2 inhibitor,generic,-gliflozin,saturated,False,,
daridogliflozin,False,ngram_guided,1,48.0,54.87,low,0.13,15.13,lidoflazine,0.8077,6,INTRA_STEM_TOO_CLOSE|TRADEMARK_HIT,,,daridogliflozin,0.005,0.3,0.784,1.0,1.0,0.237,0.504,SGLT2 inhibitor,generic,-gliflozin,saturated,False,,
sowgliflozin,False,ngram_guided+refined,1,62.67,61.21,moderate,-6.21,8.79,zoliflodacin,0.612,4,INTRA_STEM_TOO_CLOSE|TRADEMARK_HIT,SIMILARITY_MODERATE,sotgliflozin,sotgliflozin -> sowgliflozin,0.0,1.0,0.647,1.0,1.0,0.862,0.0,SGLT2 inhibitor,generic,-gliflozin,saturated,False,,
sawgliflozin,False,ngram_guided+refined,1,62.67,58.59,moderate,-3.59,11.41,zoliflodacin,0.6441,4,INTRA_STEM_TOO_CLOSE|TRADEMARK_HIT,SIMILARITY_MODERATE,sotgliflozin,sotgliflozin -> sowgliflozin -> sawgliflozin,0.0,1.0,0.647,1.0,1.0,0.862,0.0,SGLT2 inhibitor,generic,-gliflozin,saturated,False,,
suwgliflozin,False,ngram_guided+refined,1,62.67,56.36,moderate,-1.36,13.64,peoniflorin,0.6359,4,INTRA_STEM_TOO_CLOSE|TRADEMARK_HIT,SIMILARITY_MODERATE,sotgliflozin,sotgliflozin -> sowgliflozin -> sawgliflozin -> suwgliflozin,0.0,1.0,0.647,1.0,1.0,0.862,0.0,SGLT2 inhibitor,generic,-gliflozin,saturated,False,,
ipugliflozin,False,ngram_guided+refined,1,63.0,60.53,moderate,-5.53,9.47,peoniflorin,0.6242,5,INTRA_STEM_TOO_CLOSE|TRADEMARK_HIT,SIMILARITY_MODERATE,ibugliflozin,ibugliflozin -> ipugliflozin,0.0,1.0,0.763,1.0,1.0,0.731,0.0,SGLT2 inhibitor,generic,-gliflozin,saturated,False,,
itugliflozin,False,ngram_guided+refined,1,63.0,63.65,moderate,-8.65,6.35,ertugliflozin,0.6493,5,INTRA_STEM_TOO_CLOSE|TRADEMARK_HIT,SIMILARITY_MODERATE,ibugliflozin,ibugliflozin -> ipugliflozin -> itugliflozin,0.0,1.0,0.763,1.0,1.0,0.731,0.0,SGLT2 inhibitor,generic,-gliflozin,saturated,False,,
tbagliflozin,False,ngram_guided+refined,1,62.14,57.75,moderate,-2.75,12.25,taxifolin,0.5694,4,INTRA_STEM_TOO_CLOSE|TRADEMARK_HIT,SIMILARITY_MODERATE|ILLEGAL_ONSET_CLUSTER,tragliflozin,tragliflozin -> tbagliflozin,0.0,1.0,0.609,1.0,1.0,0.862,0.0,SGLT2 inhibitor,generic,-gliflozin,saturated,False,,
tjagliflozin,False,ngram_guided+refined,1,62.14,57.26,moderate,-2.26,12.74,taxifolin,0.5566,4,INTRA_STEM_TOO_CLOSE|TRADEMARK_HIT,SIMILARITY_MODERATE|ILLEGAL_ONSET_CLUSTER,tragliflozin,tragliflozin -> tbagliflozin -> tjagliflozin,0.0,1.0,0.609,1.0,1.0,0.862,0.0,SGLT2 inhibitor,generic,-gliflozin,saturated,False,,
twagliflozin,False,ngram_guided+refined,1,62.69,57.09,moderate,-2.09,12.91,taxifolin,0.6517,4,INTRA_STEM_TOO_CLOSE|TRADEMARK_HIT,SIMILARITY_MODERATE,tragliflozin,tragliflozin -> tbagliflozin -> tjagliflozin -> twagliflozin,0.0,1.0,0.648,1.0,1.0,0.862,0.0,SGLT2 inhibitor,generic,-gliflozin,saturated,False,,
pbogliflozin,False,ngram_guided+refined,1,62.14,67.3,moderate,-12.3,2.7,peoniflorin,0.5728,4,INTRA_STEM_TOO_CLOSE|TRADEMARK_HIT,SIMILARITY_MODERATE|ILLEGAL_ONSET_CLUSTER,progliflozin,progliflozin -> pbogliflozin,0.0,1.0,0.609,1.0,1.0,0.862,0.0,SGLT2 inhibitor,generic,-gliflozin,saturated,False,,
ppogliflozin,False,ngram_guided+refined,1,63.54,69.36,moderate,-14.36,0.64,peoniflorin,0.6489,4,INTRA_STEM_TOO_CLOSE|TRADEMARK_HIT,SIMILARITY_MODERATE,progliflozin,progliflozin -> pbogliflozin -> ppogliflozin,0.0,1.0,0.709,1.0,1.0,0.862,0.0,SGLT2 inhibitor,generic,-gliflozin,saturated,False,,
pjogliflozin,False,ngram_guided+refined,1,62.14,65.7,moderate,-10.7,4.3,peoniflorin,0.5641,4,INTRA_STEM_TOO_CLOSE|TRADEMARK_HIT,SIMILARITY_MODERATE|ILLEGAL_ONSET_CLUSTER,progliflozin,progliflozin -> pbogliflozin -> ppogliflozin -> pjogliflozin,0.0,1.0,0.609,1.0,1.0,0.862,0.0,SGLT2 inhibitor,generic,-gliflozin,saturated,False,,
evogliflozin,False,grammar+refined,1,63.25,63.72,moderate,-8.72,6.28,zoliflodacin,0.7427,5,INTRA_STEM_TOO_CLOSE|TRADEMARK_HIT,SIMILARITY_MODERATE,ebogliflozin,ebogliflozin -> evogliflozin,0.0,1.0,0.763,1.0,1.0,0.731,0.036,SGLT2 inhibitor,generic,-gliflozin,saturated,False,,
epogliflozin,False,grammar+refined,1,63.23,65.22,moderate,-10.22,4.78,peoniflorin,0.7636,5,INTRA_STEM_TOO_CLOSE|TRADEMARK_HIT,SIMILARITY_MODERATE,ebogliflozin,ebogliflozin -> evogliflozin -> epogliflozin,0.0,1.0,0.763,1.0,1.0,0.731,0.033,SGLT2 inhibitor,generic,-gliflozin,saturated,False,,
ewogliflozin,False,grammar+refined,1,63.0,61.46,moderate,-6.46,8.54,peoniflorin,0.6562,5,INTRA_STEM_TOO_CLOSE|TRADEMARK_HIT,SIMILARITY_MODERATE,ebogliflozin,ebogliflozin -> evogliflozin -> epogliflozin -> ewogliflozin,0.0,1.0,0.763,1.0,1.0,0.731,0.0,SGLT2 inhibitor,generic,-gliflozin,saturated,False,,
icogliflozin,False,grammar+refined,1,63.0,62.58,moderate,-7.58,7.42,peoniflorin,0.7328,5,INTRA_STEM_TOO_CLOSE|TRADEMARK_HIT,SIMILARITY_MODERATE,ixogliflozin,ixogliflozin -> icogliflozin,0.0,1.0,0.763,1.0,1.0,0.731,0.0,SGLT2 inhibitor,generic,-gliflozin,saturated,False,,
ivogliflozin,False,grammar+refined,1,63.09,63.72,moderate,-8.72,6.28,zoliflodacin,0.6849,5,INTRA_STEM_TOO_CLOSE|TRADEMARK_HIT,SIMILARITY_MODERATE,ixogliflozin,ixogliflozin -> icogliflozin -> ivogliflozin,0.0,1.0,0.763,1.0,1.0,0.731,0.013,SGLT2 inhibitor,generic,-gliflozin,saturated,False,,
isogliflozin,False,grammar+refined,1,67.97,64.35,moderate,-9.35,5.65,zoliflodacin,0.8026,5,INTRA_STEM_TOO_CLOSE|TRADEMARK_HIT,SIMILARITY_MODERATE,ixogliflozin,ixogliflozin -> icogliflozin -> ivogliflozin -> isogliflozin,0.0,1.0,0.763,1.0,1.0,0.731,0.71,SGLT2 inhibitor,generic,-gliflozin,saturated,False,,
mexogliflozin,False,grammar+refined,1,54.0,72.78,high,-17.78,-2.78,bexagliflozin,0.758,5,SIMILARITY_TOO_HIGH|INTRA_STEM_TOO_CLOSE|TRADEMARK_HIT,,maxogliflozin,maxogliflozin -> mexogliflozin,0.0,0.6,0.763,1.0,1.0,0.624,0.011,SGLT2 inhibitor,generic,-gliflozin,saturated,False,,
mexagliflozin,False,grammar+refined,1,61.96,85.88,high,-30.88,-15.88,bexagliflozin,0.7581,5,SIMILARITY_TOO_HIGH|INTRA_STEM_TOO_CLOSE|TRADEMARK_HIT,,maxogliflozin,maxogliflozin -> mexogliflozin -> mexagliflozin,0.0,1.0,0.763,1.0,1.0,0.624,0.004,SGLT2 inhibitor,generic,-gliflozin,saturated,False,,
fexagliflozin,False,grammar+refined,1,54.18,81.44,high,-26.44,-11.44,bexagliflozin,0.7366,5,SIMILARITY_TOO_HIGH|INTRA_STEM_TOO_CLOSE|TRADEMARK_HIT,,maxogliflozin,maxogliflozin -> mexogliflozin -> mexagliflozin -> fexagliflozin,0.0,0.6,0.763,1.0,1.0,0.624,0.035,SGLT2 inhibitor,generic,-gliflozin,saturated,False,,
gicigliflozin,False,grammar+refined,1,63.35,53.53,low,1.47,16.47,sitagliptin,0.6771,5,INTRA_STEM_TOO_CLOSE|TRADEMARK_HIT,,gidigliflozin,gidigliflozin -> gicigliflozin,0.059,1.0,0.763,1.0,1.0,0.624,0.001,SGLT2 inhibitor,generic,-gliflozin,saturated,False,,
gikigliflozin,False,grammar+refined,1,63.35,53.53,low,1.47,16.47,sitagliptin,0.6414,5,INTRA_STEM_TOO_CLOSE|TRADEMARK_HIT,,gidigliflozin,gidigliflozin -> gicigliflozin -> gikigliflozin,0.059,1.0,0.763,1.0,1.0,0.624,0.001,SGLT2 inhibitor,generic,-gliflozin,saturated,False,,
giwigliflozin,False,grammar+refined,1,62.1,54.82,low,0.18,15.18,viridiflora,0.673,5,INTRA_STEM_TOO_CLOSE|TRADEMARK_HIT,,gidigliflozin,gidigliflozin -> gicigliflozin -> gikigliflozin -> giwigliflozin,0.007,1.0,0.763,1.0,1.0,0.624,0.0,SGLT2 inhibitor,generic,-gliflozin,saturated,False,,
bemntagliflozin,False,grammar,2,57.86,58.8,moderate,-3.8,11.2,empagliflozin,0.6444,5,INTRA_STEM_TOO_CLOSE|TRADEMARK_HIT,SIMILARITY_MODERATE,,bemntagliflozin,0.0,1.0,0.592,1.0,1.0,0.456,0.003,SGLT2 inhibitor,generic,-gliflozin,saturated,False,,
erdigliflozin,False,grammar,2,53.58,59.75,moderate,-4.75,10.25,diglycerin,0.7295,5,INTRA_STEM_TOO_CLOSE|TRADEMARK_HIT,SIMILARITY_MODERATE,,erdigliflozin,0.0,0.6,0.739,1.0,1.0,0.624,0.0,SGLT2 inhibitor,generic,-gliflozin,saturated,False,,
lategliflozin,False,grammar,2,53.94,64.76,moderate,-9.76,5.24,lateriflora,0.8317,5,INTRA_STEM_TOO_CLOSE|TRADEMARK_HIT,SIMILARITY_MODERATE,,lategliflozin,0.0,0.6,0.763,1.0,1.0,0.624,0.001,SGLT2 inhibitor,generic,-gliflozin,saturated,False,,
arvegliflozin,False,grammar,2,53.61,57.47,moderate,-2.47,12.53,peoniflorin,0.7405,5,INTRA_STEM_TOO_CLOSE|TRADEMARK_HIT,SIMILARITY_MODERATE,,arvegliflozin,0.0,0.6,0.739,1.0,1.0,0.624,0.003,SGLT2 inhibitor,generic,-gliflozin,saturated,False,,
sucogliflozin,False,grammar,2,61.94,58.41,moderate,-3.41,11.59,peoniflorin,0.8408,5,INTRA_STEM_TOO_CLOSE|TRADEMARK_HIT,SIMILARITY_MODERATE,,sucogliflozin,0.0,1.0,0.763,1.0,1.0,0.624,0.001,SGLT2 inhibitor,generic,-gliflozin,saturated,False,,
cegigliflozin,False,grammar,2,61.93,55.87,moderate,-0.87,14.13,peoniflorin,0.6948,5,INTRA_STEM_TOO_CLOSE|TRADEMARK_HIT,SIMILARITY_MODERATE,,cegigliflozin,0.0,1.0,0.763,1.0,1.0,0.624,0.0,SGLT2 inhibitor,generic,-gliflozin,saturated,False,,
phopagliflozin,False,grammar,2,54.29,64.38,moderate,-9.38,5.62,sotagliflozin,0.7935,5,INTRA_STEM_TOO_CLOSE|TRADEMARK_HIT,SIMILARITY_MODERATE,,phopagliflozin,0.0,0.68,0.739,1.0,1.0,0.527,0.011,SGLT2 inhibitor,generic,-gliflozin,saturated,False,,
inagliflozin,False,grammar,2,67.62,65.37,moderate,-10.37,4.63,linagliptin,0.7415,5,INTRA_STEM_TOO_CLOSE|TRADEMARK_HIT,SIMILARITY_MODERATE,,inagliflozin,0.0,1.0,0.763,1.0,1.0,0.731,0.66,SGLT2 inhibitor,generic,-gliflozin,saturated,False,,
elagliflozin,False,grammar,2,69.31,74.81,high,-19.81,-4.81,velagliflozin,0.7507,5,SIMILARITY_TOO_HIGH|INTRA_STEM_TOO_CLOSE|TRADEMARK_HIT,,,elagliflozin,0.0,1.0,0.763,1.0,1.0,0.731,0.902,SGLT2 inhibitor,generic,-gliflozin,saturated,False,,
asveogliflozin,False,grammar,2,58.72,60.92,moderate,-5.92,9.08,peoniflorin,0.6832,6,INTRA_STEM_TOO_CLOSE|TRADEMARK_HIT,SIMILARITY_MODERATE,,asveogliflozin,0.0,1.0,0.759,1.0,1.0,0.309,0.0,SGLT2 inhibitor,generic,-gliflozin,saturated,False,,
basomugliflozin,False,grammar,2,56.24,51.64,low,3.36,18.36,peoniflorin,0.6833,6,TRADEMARK_HIT,,,basomugliflozin,0.134,0.733,0.784,1.0,1.0,0.237,0.0,SGLT2 inhibitor,generic,-gliflozin,saturated,False,,
edigliflozin,False,grammar,2,63.0,61.66,moderate,-6.66,8.34,diglycerin,0.7537,5,INTRA_STEM_TOO_CLOSE|TRADEMARK_HIT,SIMILARITY_MODERATE,,edigliflozin,0.0,1.0,0.763,1.0,1.0,0.731,0.0,SGLT2 inhibitor,generic,-gliflozin,saturated,False,,
lorrinagliflozin,True,grammar,2,53.02,57.57,moderate,-2.57,12.43,linagliptin,0.7405,6,,SIMILARITY_MODERATE,,lorrinagliflozin,0.0,0.771,0.759,1.0,1.0,0.192,0.006,SGLT2 inhibitor,generic,-gliflozin,saturated,False,,
atakigliflozin,False,grammar,2,61.3,52.76,low,2.24,17.24,taxifolin,0.6753,6,INTRA_STEM_TOO_CLOSE|TRADEMARK_HIT,,,atakigliflozin,0.09,1.0,0.784,1.0,1.0,0.309,0.012,SGLT2 inhibitor,generic,-gliflozin,saturated,False,,
tarogliflozin,False,grammar,2,58.43,63.4,moderate,-8.4,6.6,troglitazone,0.7701,5,INTRA_STEM_TOO_CLOSE|TRADEMARK_HIT,SIMILARITY_MODERATE,,tarogliflozin,0.0,0.6,0.763,1.0,1.0,0.624,0.643,SGLT2 inhibitor,generic,-gliflozin,saturated,False,,
agogliflozin,False,grammar,2,63.0,61.22,moderate,-6.22,8.78,zoliflodacin,0.7615,5,INTRA_STEM_TOO_CLOSE|TRADEMARK_HIT,SIMILARITY_MODERATE,,agogliflozin,0.0,1.0,0.763,1.0,1.0,0.731,0.0,SGLT2 inhibitor,generic,-gliflozin,saturated,False,,
cotegliflozin,False,grammar,2,53.94,64.3,moderate,-9.3,5.7,sotagliflozin,0.7609,5,INTRA_STEM_TOO_CLOSE|TRADEMARK_HIT,SIMILARITY_MODERATE,,cotegliflozin,0.0,0.6,0.763,1.0,1.0,0.624,0.001,SGLT2 inhibitor,generic,-gliflozin,saturated,False,,
pilagliflozin,False,grammar,2,62.0,59.84,moderate,-4.84,10.16,vildagliptin,0.7575,5,INTRA_STEM_TOO_CLOSE|TRADEMARK_HIT,SIMILARITY_MODERATE,,pilagliflozin,0.0,1.0,0.763,1.0,1.0,0.624,0.01,SGLT2 inhibitor,generic,-gliflozin,saturated,False,,
octfutogliflozin,True,grammar,2,59.66,50.87,low,4.13,19.13,peoniflorin,0.6238,6,,,,octfutogliflozin,0.165,1.0,0.622,1.0,1.0,0.192,0.01,SGLT2 inhibitor,generic,-gliflozin,saturated,True,,
covagliflozin,False,grammar,2,53.97,56.31,moderate,-1.31,13.69,zoliflodacin,0.7262,5,INTRA_STEM_TOO_CLOSE|TRADEMARK_HIT,SIMILARITY_MODERATE,,covagliflozin,0.0,0.6,0.763,1.0,1.0,0.624,0.006,SGLT2 inhibitor,generic,-gliflozin,saturated,False,,
tovagliflozin,False,grammar,2,54.29,58.0,moderate,-3.0,12.0,sotagliflozin,0.6974,5,INTRA_STEM_TOO_CLOSE|TRADEMARK_HIT,SIMILARITY_MODERATE,,tovagliflozin,0.0,0.6,0.763,1.0,1.0,0.624,0.051,SGLT2 inhibitor,generic,-gliflozin,saturated,False,,
boctigliflozin,False,grammar,2,57.44,51.64,low,3.36,18.36,zoliflodacin,0.7766,5,INTRA_STEM_TOO_CLOSE|TRADEMARK_HIT,,,boctigliflozin,0.134,0.68,0.739,1.0,1.0,0.527,0.0,SGLT2 inhibitor,generic,-gliflozin,saturated,False,,
oqegliflozin,False,grammar,2,63.0,61.29,moderate,-6.29,8.71,peoniflorin,0.6107,5,INTRA_STEM_TOO_CLOSE|TRADEMARK_HIT,SIMILARITY_MODERATE,,oqegliflozin,0.0,1.0,0.763,1.0,1.0,0.731,0.0,SGLT2 inhibitor,generic,-gliflozin,saturated,False,,
gosogliflozin,False,grammar,2,61.98,60.2,moderate,-5.2,9.8,zoliflodacin,0.6972,5,INTRA_STEM_TOO_CLOSE|TRADEMARK_HIT,SIMILARITY_MODERATE,,gosogliflozin,0.0,1.0,0.763,1.0,1.0,0.624,0.007,SGLT2 inhibitor,generic,-gliflozin,saturated,False,,
atogliflozin,False,ngram_guided,2,68.53,64.23,moderate,-9.23,5.77,peoniflorin,0.7301,5,INTRA_STEM_TOO_CLOSE|TRADEMARK_HIT,SIMILARITY_MODERATE,,atogliflozin,0.0,1.0,0.763,1.0,1.0,0.731,0.79,SGLT2 inhibitor,generic,-gliflozin,saturated,False,,
neuruxgliflozin,True,ngram_guided,2,54.57,56.4,moderate,-1.4,13.6,deuruxolitinib,0.542,5,,SIMILARITY_MODERATE,,neuruxgliflozin,0.0,0.517,0.549,1.0,1.0,0.456,0.999,SGLT2 inhibitor,generic,-gliflozin,saturated,False,,
etogliflozin,False,ngram_guided,2,66.24,64.23,moderate,-9.23,5.77,peoniflorin,0.7804,5,INTRA_STEM_TOO_CLOSE|TRADEMARK_HIT,SIMILARITY_MODERATE,,etogliflozin,0.0,1.0,0.763,1.0,1.0,0.731,0.463,SGLT2 inhibitor,generic,-gliflozin,saturated,False,,
revigliflozin,False,ngram_guided,2,58.46,61.11,moderate,-6.11,8.89,rosiglitazone,0.7832,5,INTRA_STEM_TOO_CLOSE|TRADEMARK_HIT,SIMILARITY_MODERATE,,revigliflozin,0.0,0.6,0.763,1.0,1.0,0.624,0.647,SGLT2 inhibitor,generic,-gliflozin,saturated,False,,
oprgliflozin,False,ngram_guided,2,57.75,55.9,moderate,-0.9,14.1,peoniflorin,0.5313,4,INTRA_STEM_TOO_CLOSE|TRADEMARK_HIT,SIMILARITY_MODERATE,,oprgliflozin,0.0,1.0,0.519,0.65,1.0,0.862,0.003,SGLT2 inhibitor,generic,-gliflozin,saturated,False,,
decagliflozin,False,ngram_guided,2,56.51,60.74,moderate,-5.74,9.26,bexagliflozin,0.7856,5,INTRA_STEM_TOO_CLOSE|TRADEMARK_HIT,SIMILARITY_MODERATE,,decagliflozin,0.0,0.6,0.763,1.0,1.0,0.624,0.368,SGLT2 inhibitor,generic,-gliflozin,saturated,False,,
ofatumgliflozin,False,ngram_guided,2,51.08,51.87,low,3.13,18.13,peoniflorin,0.6803,6,TRADEMARK_HIT,,,ofatumgliflozin,0.125,0.3,0.697,1.0,1.0,0.237,0.707,SGLT2 inhibitor,generic,-gliflozin,saturated,False,,
doxogliflozin,False,ngram_guided,2,60.84,58.85,moderate,-3.85,11.15,oxaliplatin,0.7938,5,INTRA_STEM_TOO_CLOSE|TRADEMARK_HIT,SIMILARITY_MODERATE,,doxogliflozin,0.0,0.6,0.763,1.0,1.0,0.624,0.987,SGLT2 inhibitor,generic,-gliflozin,saturated,False,,
novobicigliflozin,True,ngram_guided,2,48.83,54.03,low,0.97,15.97,novobiocin,0.6763,7,,,,novobicigliflozin,0.039,0.4,0.798,1.0,1.0,0.052,0.458,SGLT2 inhibitor,generic,-gliflozin,saturated,False,,
clebogliflozin,False,ngram_guided,2,54.04,58.41,moderate,-3.41,11.59,peoniflorin,0.7662,5,TRADEMARK_HIT,SIMILARITY_MODERATE,,clebogliflozin,0.0,0.45,0.648,1.0,1.0,0.527,0.814,SGLT2 inhibitor,generic,-gliflozin,saturated,False,,
brivigliflozin,True,ngram_guided,2,54.42,55.91,moderate,-0.91,14.09,rosiglitazone,0.7219,5,,SIMILARITY_MODERATE,,brivigliflozin,0.0,0.45,0.648,1.0,1.0,0.527,0.867,SGLT2 inhibitor,generic,-gliflozin,saturated,False,,
arbogliflozin,False,ngram_guided,2,57.49,59.35,moderate,-4.35,10.65,peoniflorin,0.8494,5,INTRA_STEM_TOO_CLOSE|TRADEMARK_HIT,SIMILARITY_MODERATE,,arbogliflozin,0.0,0.6,0.739,1.0,1.0,0.624,0.558,SGLT2 inhibitor,generic,-gliflozin,saturated,False,,
ardegliflozin,False,ngram_guided,2,54.86,58.41,moderate,-3.41,11.59,peoniflorin,0.7313,5,INTRA_STEM_TOO_CLOSE|TRADEMARK_HIT,SIMILARITY_MODERATE,,ardegliflozin,0.0,0.6,0.739,1.0,1.0,0.624,0.182,SGLT2 inhibitor,generic,-gliflozin,saturated,False,,
rethigliflozin,False,ngram_guided,2,53.82,55.44,moderate,-0.44,14.56,methdilazine,0.8243,5,INTRA_STEM_TOO_CLOSE|TRADEMARK_HIT,SIMILARITY_MODERATE,,rethigliflozin,0.0,0.45,0.739,1.0,1.0,0.527,0.6,SGLT2 inhibitor,generic,-gliflozin,saturated,False,,
carbogliflozin,False,ngram_guided,2,43.71,59.51,moderate,-4.51,10.49,carboplatin,0.8986,5,INTRA_STEM_TOO_CLOSE|TRADEMARK_HIT,SIMILARITY_MODERATE,,carbogliflozin,0.0,0.45,0.739,1.0,0.53,0.527,0.23,SGLT2 inhibitor,generic,-gliflozin,saturated,False,,
cyclgliflozin,False,ngram_guided,2,53.07,56.6,moderate,-1.6,13.4,cyclacillin,0.6776,4,INTRA_STEM_TOO_CLOSE|TRADEMARK_HIT,SIMILARITY_MODERATE,,cyclgliflozin,0.0,0.6,0.519,0.65,1.0,0.755,0.629,SGLT2 inhibitor,generic,-gliflozin,saturated,False,,
arggliflozin,False,ngram_guided,2,58.27,56.39,moderate,-1.39,13.61,zoliflodacin,0.664,4,INTRA_STEM_TOO_CLOSE|TRADEMARK_HIT,SIMILARITY_MODERATE,,arggliflozin,0.0,1.0,0.647,0.4,1.0,0.862,0.142,SGLT2 inhibitor,generic,-gliflozin,saturated,False,,
ilugliflozin,False,ngram_guided,2,63.3,59.23,moderate,-4.23,10.77,fluciclovine,0.6387,5,INTRA_STEM_TOO_CLOSE|TRADEMARK_HIT,SIMILARITY_MODERATE,,ilugliflozin,0.0,1.0,0.763,1.0,1.0,0.731,0.043,SGLT2 inhibitor,generic,-gliflozin,saturated,False,,
ketgliflozin,False,ngram_guided,2,63.12,59.92,moderate,-4.92,10.08,peoniflorin,0.6434,4,INTRA_STEM_TOO_CLOSE|TRADEMARK_HIT,SIMILARITY_MODERATE,,ketgliflozin,0.0,1.0,0.647,1.0,1.0,0.862,0.063,SGLT2 inhibitor,generic,-gliflozin,saturated,False,,
algavigliflozin,False,ngram_guided,2,54.19,52.98,low,2.02,17.02,valganciclovir,0.6932,6,TRADEMARK_HIT,,,algavigliflozin,0.081,0.517,0.759,1.0,1.0,0.237,0.56,SGLT2 inhibitor,generic,-gliflozin,saturated,False,,
thiagliflozin,False,ngram_guided,2,57.45,57.0,moderate,-2.0,13.0,sitagliptin,0.7409,5,INTRA_STEM_TOO_CLOSE|TRADEMARK_HIT,SIMILARITY_MODERATE,,thiagliflozin,0.0,0.6,0.739,1.0,1.0,0.624,0.552,SGLT2 inhibitor,generic,-gliflozin,saturated,False,,
halclogliflozin,True,ngram_guided,2,51.78,55.04,moderate,-0.04,14.96,alogliptin,0.7549,5,,SIMILARITY_MODERATE,,halclogliflozin,0.0,0.517,0.561,1.0,1.0,0.456,0.575,SGLT2 inhibitor,generic,-gliflozin,saturated,False,,
butgliflozin,False,ngram_guided,2,66.97,56.74,moderate,-1.74,13.26,buclizine,0.6589,4,INTRA_STEM_TOO_CLOSE|TRADEMARK_HIT,SIMILARITY_MODERATE,,butgliflozin,0.0,1.0,0.647,1.0,1.0,0.862,0.614,SGLT2 inhibitor,generic,-gliflozin,saturated,False,,
phytgliflozin,False,ngram_guided,2,60.06,54.76,low,0.24,15.24,sitagliptin,0.6458,4,INTRA_STEM_TOO_CLOSE|TRADEMARK_HIT,,,phytgliflozin,0.01,0.6,0.647,1.0,1.0,0.755,0.889,SGLT2 inhibitor,generic,-gliflozin,saturated,False,,
ulagliflozin,False,grammar+refined,2,63.0,57.61,moderate,-2.61,12.39,longiflorium,0.7294,5,INTRA_STEM_TOO_CLOSE|TRADEMARK_HIT,SIMILARITY_MODERATE,elagliflozin,elagliflozin -> ulagliflozin,0.0,1.0,0.763,1.0,1.0,0.731,0.0,SGLT2 inhibitor,generic,-gliflozin,saturated,False,,
uvagliflozin,False,grammar+refined,2,63.0,57.29,moderate,-2.29,12.71,acriflavine,0.634,5,INTRA_STEM_TOO_CLOSE|TRADEMARK_HIT,SIMILARITY_MODERATE,elagliflozin,elagliflozin -> ulagliflozin -> uvagliflozin,0.0,1.0,0.763,1.0,1.0,0.731,0.0,SGLT2 inhibitor,generic,-gliflozin,saturated,False,,
adogliflozin,False,ngram_guided+refined,2,63.01,62.78,moderate,-7.78,7.22,zoliflodacin,0.7925,5,INTRA_STEM_TOO_CLOSE|TRADEMARK_HIT,SIMILARITY_MODERATE,atogliflozin,atogliflozin -> adogliflozin,0.0,1.0,0.763,1.0,1.0,0.731,0.001,SGLT2 inhibitor,generic,-gliflozin,saturated,False,,
ayogliflozin,False,ngram_guided+refined,2,63.0,63.87,moderate,-8.87,6.13,peoniflorin,0.6187,5,INTRA_STEM_TOO_CLOSE|TRADEMARK_HIT,SIMILARITY_MODERATE,atogliflozin,atogliflozin -> adogliflozin -> ayogliflozin,0.0,1.0,0.763,1.0,1.0,0.731,0.0,SGLT2 inhibitor,generic,-gliflozin,saturated,False,,
isagliflozin,False,grammar+refined,2,63.67,57.82,moderate,-2.82,12.18,sitagliptin,0.7549,5,INTRA_STEM_TOO_CLOSE|TRADEMARK_HIT,SIMILARITY_MODERATE,inagliflozin,inagliflozin -> isagliflozin,0.0,1.0,0.763,1.0,1.0,0.731,0.096,SGLT2 inhibitor,generic,-gliflozin,saturated,False,,
ipagliflozin,False,grammar+refined,2,63.0,60.74,moderate,-5.74,9.26,peoniflorin,0.7139,5,INTRA_STEM_TOO_CLOSE|TRADEMARK_HIT,SIMILARITY_MODERATE,inagliflozin,inagliflozin -> isagliflozin -> ipagliflozin,0.0,1.0,0.763,1.0,1.0,0.731,0.0,SGLT2 inhibitor,generic,-gliflozin,saturated,False,,
ijagliflozin,False,grammar+refined,2,63.0,57.98,moderate,-2.98,12.02,sitagliptin,0.6189,5,INTRA_STEM_TOO_CLOSE|TRADEMARK_HIT,SIMILARITY_MODERATE,inagliflozin,inagliflozin -> isagliflozin -> ipagliflozin -> ijagliflozin,0.0,1.0,0.763,1.0,1.0,0.731,0.0,SGLT2 inhibitor,generic,-gliflozin,saturated,False,,
betgliflozin,False,ngram_guided+refined,2,68.23,60.88,moderate,-5.88,9.12,peoniflorin,0.6521,4,INTRA_STEM_TOO_CLOSE|TRADEMARK_HIT,SIMILARITY_MODERATE,butgliflozin,butgliflozin -> betgliflozin,0.0,1.0,0.647,1.0,1.0,0.862,0.794,SGLT2 inhibitor,generic,-gliflozin,saturated,False,,
botgliflozin,False,ngram_guided+refined,2,62.67,57.95,moderate,-2.95,12.05,zoliflodacin,0.6255,4,INTRA_STEM_TOO_CLOSE|TRADEMARK_HIT,SIMILARITY_MODERATE,butgliflozin,butgliflozin -> betgliflozin -> botgliflozin,0.0,1.0,0.647,1.0,1.0,0.862,0.0,SGLT2 inhibitor,generic,-gliflozin,saturated,False,,
erogliflozin,False,ngram_guided+refined,2,63.08,61.71,moderate,-6.71,8.29,troglitazone,0.8012,5,INTRA_STEM_TOO_CLOSE|TRADEMARK_HIT,SIMILARITY_MODERATE,etogliflozin,etogliflozin -> erogliflozin,0.0,1.0,0.763,1.0,1.0,0.731,0.012,SGLT2 inhibitor,generic,-gliflozin,saturated,False,,
esogliflozin,False,ngram_guided+refined,2,63.92,64.35,moderate,-9.35,5.65,zoliflodacin,0.7273,5,INTRA_STEM_TOO_CLOSE|TRADEMARK_HIT,SIMILARITY_MODERATE,etogliflozin,etogliflozin -> erogliflozin -> esogliflozin,0.0,1.0,0.763,1.0,1.0,0.731,0.132,SGLT2 inhibitor,generic,-gliflozin,saturated,False,,
exogliflozin,False,ngram_guided+refined,2,63.02,64.47,moderate,-9.47,5.53,bexagliflozin,0.767,5,INTRA_STEM_TOO_CLOSE|TRADEMARK_HIT,SIMILARITY_MODERATE,etogliflozin,etogliflozin -> erogliflozin -> esogliflozin -> exogliflozin,0.0,1.0,0.763,1.0,1.0,0.731,0.003,SGLT2 inhibitor,generic,-gliflozin,saturated,False,,
ikugliflozin,False,ngram_guided+refined,2,63.0,55.66,moderate,-0.66,14.34,zoliflodacin,0.6174,5,INTRA_STEM_TOO_CLOSE|TRADEMARK_HIT,SIMILARITY_MODERATE,ilugliflozin,ilugliflozin -> ikugliflozin,0.0,1.0,0.763,1.0,1.0,0.731,0.0,SGLT2 inhibitor,generic,-gliflozin,saturated,False,,
iyugliflozin,False,ngram_guided+refined,2,59.84,56.64,moderate,-1.64,13.36,zoliflodacin,0.4882,6,INTRA_STEM_TOO_CLOSE|TRADEMARK_HIT,SIMILARITY_MODERATE,ilugliflozin,ilugliflozin -> ikugliflozin -> iyugliflozin,0.0,1.0,0.694,1.0,1.0,0.513,0.0,SGLT2 inhibitor,generic,-gliflozin,saturated,False,,
izugliflozin,False,ngram_guided+refined,2,63.0,62.39,moderate,-7.39,7.61,zoliflodacin,0.6161,5,INTRA_STEM_TOO_CLOSE|TRADEMARK_HIT,SIMILARITY_MODERATE,ilugliflozin,ilugliflozin -> ikugliflozin -> iyugliflozin -> izugliflozin,0.0,1.0,0.763,1.0,1.0,0.731,0.0,SGLT2 inhibitor,generic,-gliflozin,saturated,False,,
kutgliflozin,False,ngram_guided+refined,2,62.67,55.56,moderate,-0.56,14.44,peoniflorin,0.6051,4,INTRA_STEM_TOO_CLOSE|TRADEMARK_HIT,SIMILARITY_MODERATE,ketgliflozin,ketgliflozin -> kutgliflozin,0.0,1.0,0.647,1.0,1.0,0.862,0.0,SGLT2 inhibitor,generic,-gliflozin,saturated,False,,
epigliflozin,False,grammar+refined,2,63.96,60.74,moderate,-5.74,9.26,peoniflorin,0.7682,5,INTRA_STEM_TOO_CLOSE|TRADEMARK_HIT,SIMILARITY_MODERATE,edigliflozin,edigliflozin -> epigliflozin,0.0,1.0,0.763,1.0,1.0,0.731,0.137,SGLT2 inhibitor,generic,-gliflozin,saturated,False,,
ebigliflozin,False,grammar+refined,2,63.0,57.42,moderate,-2.42,12.58,diglycerin,0.7023,5,INTRA_STEM_TOO_CLOSE|TRADEMARK_HIT,SIMILARITY_MODERATE,edigliflozin,edigliflozin -> epigliflozin -> ebigliflozin,0.0,1.0,0.763,1.0,1.0,0.731,0.0,SGLT2 inhibitor,generic,-gliflozin,saturated,False,,
efigliflozin,False,grammar+refined,2,63.14,57.11,moderate,-2.11,12.89,filifolium,0.6906,5,INTRA_STEM_TOO_CLOSE|TRADEMARK_HIT,SIMILARITY_MODERATE,edigliflozin,edigliflozin -> epigliflozin -> ebigliflozin -> efigliflozin,0.0,1.0,0.763,1.0,1.0,0.731,0.02,SGLT2 inhibitor,generic,-gliflozin,saturated,False,,
budasigliflozin,False,grammar,3,56.57,51.3,low,3.7,18.7,rosiglitazone,0.7057,6,INTRA_STEM_TOO_CLOSE|TRADEMARK_HIT,,,budasigliflozin,0.148,0.733,0.784,1.0,1.0,0.237,0.001,SGLT2 inhibitor,generic,-gliflozin,saturated,False,,
pontibagliflozin,False,grammar,3,51.57,52.24,low,2.76,17.76,sitagliptin,0.6779,6,TRADEMARK_HIT,,,pontibagliflozin,0.11,0.564,0.759,1.0,1.0,0.192,0.013,SGLT2 inhibitor,generic,-gliflozin,saturated,False,,
brogodugliflozin,True,grammar,3,57.69,48.72,low,6.28,21.28,rosiglitazone,0.6779,6,,,,brogodugliflozin,0.251,0.771,0.663,1.0,1.0,0.192,0.004,SGLT2 inhibitor,generic,-gliflozin,saturated,True,,
orogliflozin,False,grammar,3,63.04,63.32,moderate,-8.32,6.68,boroglycerin,0.8064,5,INTRA_STEM_TOO_CLOSE|TRADEMARK_HIT,SIMILARITY_MODERATE,,orogliflozin,0.0,1.0,0.763,1.0,1.0,0.731,0.006,SGLT2 inhibitor,generic,-gliflozin,saturated,False,,
encoogliflozin,False,grammar,3,56.12,53.06,low,1.94,16.94,zoliflodacin,0.6315,5,INTRA_STEM_TOO_CLOSE|TRADEMARK_HIT,,,encoogliflozin,0.078,0.68,0.739,1.0,1.0,0.527,0.006,SGLT2 inhibitor,generic,-gliflozin,saturated,False,,
ipigliflozin,False,grammar,3,63.0,60.74,moderate,-5.74,9.26,peoniflorin,0.7249,5,INTRA_STEM_TOO_CLOSE|TRADEMARK_HIT,SIMILARITY_MODERATE,,ipigliflozin,0.0,1.0,0.763,1.0,1.0,0.731,0.0,SGLT2 inhibitor,generic,-gliflozin,saturated,False,,
mampagliflozin,False,grammar,3,54.22,68.39,moderate,-13.39,1.61,empagliflozin,0.7065,5,INTRA_STEM_TOO_CLOSE|TRADEMARK_HIT,SIMILARITY_MODERATE,,mampagliflozin,0.0,0.68,0.739,1.0,1.0,0.527,0.0,SGLT2 inhibitor,generic,-gliflozin,saturated,False,,
ecegliflozin,False,grammar,3,63.0,62.58,moderate,-7.58,7.42,peoniflorin,0.6557,5,INTRA_STEM_TOO_CLOSE|TRADEMARK_HIT,SIMILARITY_MODERATE,,ecegliflozin,0.0,1.0,0.763,1.0,1.0,0.731,0.0,SGLT2 inhibitor,generic,-gliflozin,saturated,False,,
levagliflozin,False,grammar,3,59.41,58.95,moderate,-3.95,11.05,linagliptin,0.7606,5,INTRA_STEM_TOO_CLOSE|TRADEMARK_HIT,SIMILARITY_MODERATE,,levagliflozin,0.0,0.6,0.763,1.0,1.0,0.624,0.783,SGLT2 inhibitor,generic,-gliflozin,saturated,False,,
vocogliflozin,False,grammar,3,61.93,58.41,moderate,-3.41,11.59,peoniflorin,0.7457,5,INTRA_STEM_TOO_CLOSE|TRADEMARK_HIT,SIMILARITY_MODERATE,,vocogliflozin,0.0,1.0,0.763,1.0,1.0,0.624,0.0,SGLT2 inhibitor,generic,-gliflozin,saturated,False,,
casatagliflozin,False,grammar,3,53.09,57.11,moderate,-2.11,12.89,saxagliptin,0.7311,6,INTRA_STEM_TOO_CLOSE|TRADEMARK_HIT,SIMILARITY_MODERATE,,casatagliflozin,0.0,0.733,0.784,1.0,1.0,0.237,0.012,SGLT2 inhibitor,generic,-gliflozin,saturated,False,,
zopedogliflozin,False,grammar,3,53.03,60.71,moderate,-5.71,9.29,peoniflorin,0.6799,6,TRADEMARK_HIT,SIMILARITY_MODERATE,,zopedogliflozin,0.0,0.733,0.784,1.0,1.0,0.237,0.003,SGLT2 inhibitor,generic,-gliflozin,saturated,False,,
ipogliflozin,False,grammar,3,63.0,65.22,moderate,-10.22,4.78,peoniflorin,0.7267,5,INTRA_STEM_TOO_CLOSE|TRADEMARK_HIT,SIMILARITY_MODERATE,,ipogliflozin,0.0,1.0,0.763,1.0,1.0,0.731,0.0,SGLT2 inhibitor,generic,-gliflozin,saturated,False,,
vafrogliflozin,False,grammar,3,52.95,57.21,moderate,-2.21,12.79,troglitazone,0.7107,5,INTRA_STEM_TOO_CLOSE|TRADEMARK_HIT,SIMILARITY_MODERATE,,vafrogliflozin,0.0,0.68,0.648,1.0,1.0,0.527,0.0,SGLT2 inhibitor,generic,-gliflozin,saturated,False,,
tilomogliflozin,True,grammar,3,54.49,54.03,low,0.97,15.97,longiflorium,0.7177,6,,,,tilomogliflozin,0.039,0.733,0.784,1.0,1.0,0.237,0.078,SGLT2 inhibitor,generic,-gliflozin,saturated,False,,
menzogliflozin,False,grammar,3,54.3,59.32,moderate,-4.32,10.68,zoliflodacin,0.8326,5,INTRA_STEM_TOO_CLOSE,SIMILARITY_MODERATE,,menzogliflozin,0.0,0.68,0.739,1.0,1.0,0.527,0.012,SGLT2 inhibitor,generic,-gliflozin,saturated,False,,
enegliflozin,False,grammar,3,63.02,60.93,moderate,-5.93,9.07,peoniflorin,0.7201,5,INTRA_STEM_TOO_CLOSE|TRADEMARK_HIT,SIMILARITY_MODERATE,,enegliflozin,0.0,1.0,0.763,1.0,1.0,0.731,0.003,SGLT2 inhibitor,generic,-gliflozin,saturated,False,,
lolmigliflozin,True,grammar,3,54.29,57.51,moderate,-2.51,12.49,longiflorium,0.68,5,,SIMILARITY_MODERATE,,lolmigliflozin,0.0,0.68,0.739,1.0,1.0,0.527,0.011,SGLT2 inhibitor,generic,-gliflozin,saturated,False,,
cetigliflozin,False,grammar,3,55.8,56.88,moderate,-1.88,13.12,cetiirizine,0.8359,5,INTRA_STEM_TOO_CLOSE|TRADEMARK_HIT,SIMILARITY_MODERATE,,cetigliflozin,0.0,0.6,0.763,1.0,1.0,0.624,0.267,SGLT2 inhibitor,generic,-gliflozin,saturated,False,,
bornigliflozin,True,grammar,3,54.3,56.36,moderate,-1.36,13.64,boroglycerin,0.7786,5,,SIMILARITY_MODERATE,,bornigliflozin,0.0,0.68,0.739,1.0,1.0,0.527,0.012,SGLT2 inhibitor,generic,-gliflozin,saturated,False,,
nantegliflozin,False,grammar,3,54.24,56.26,moderate,-1.26,13.74,peoniflorin,0.731,5,INTRA_STEM_TOO_CLOSE|TRADEMARK_HIT,SIMILARITY_MODERATE,,nantegliflozin,0.0,0.68,0.739,1.0,1.0,0.527,0.003,SGLT2 inhibitor,generic,-gliflozin,saturated,False,,
ibtagliflozin,False,grammar,3,53.58,59.12,moderate,-4.12,10.88,sitagliptin,0.6566,5,INTRA_STEM_TOO_CLOSE|TRADEMARK_HIT,SIMILARITY_MODERATE,,ibtagliflozin,0.0,0.6,0.739,1.0,1.0,0.624,0.0,SGLT2 inhibitor,generic,-gliflozin,saturated,False,,
evumagliflozin,False,grammar,3,52.69,55.55,moderate,-0.55,14.45,fumagillin,0.702,6,INTRA_STEM_TOO_CLOSE|TRADEMARK_HIT,SIMILARITY_MODERATE,,evumagliflozin,0.0,0.68,0.784,1.0,1.0,0.309,0.003,SGLT2 inhibitor,generic,-gliflozin,saturated,False,,
naegliflozin,False,grammar,3,63.0,59.89,moderate,-4.89,10.11,peoniflorin,0.6711,5,INTRA_STEM_TOO_CLOSE|TRADEMARK_HIT,SIMILARITY_MODERATE,,naegliflozin,0.0,1.0,0.763,1.0,1.0,0.731,0.0,SGLT2 inhibitor,generic,-gliflozin,saturated,False,,
pibrovagliflozin,True,ngram_guided,3,55.03,52.16,low,2.84,17.84,trelagliptin,0.6914,6,,,,pibrovagliflozin,0.114,0.564,0.663,1.0,1.0,0.192,0.688,SGLT2 inhibitor,generic,-gliflozin,saturated,False,,
cosidegliflozin,True,ngram_guided,3,49.75,53.61,low,1.39,16.39,sitagliptin,0.8298,6,,,,cosidegliflozin,0.056,0.3,0.784,1.0,1.0,0.237,0.582,SGLT2 inhibitor,generic,-gliflozin,saturated,False,,
epligliflozin,False,ngram_guided,3,58.81,58.76,moderate,-3.76,11.24,lidoflazine,0.7164,5,INTRA_STEM_TOO_CLOSE|TRADEMARK_HIT,SIMILARITY_MODERATE,,epligliflozin,0.0,0.6,0.648,1.0,1.0,0.624,0.928,SGLT2 inhibitor,generic,-gliflozin,saturated,False,,
desgliflozin,False,ngram_guided,3,65.82,59.92,moderate,-4.92,10.08,peoniflorin,0.726,4,INTRA_STEM_TOO_CLOSE|TRADEMARK_HIT,SIMILARITY_MODERATE,,desgliflozin,0.0,1.0,0.647,1.0,1.0,0.862,0.449,SGLT2 inhibitor,generic,-gliflozin,saturated,False,,
mevagliflozin,False,ngram_guided,3,58.11,56.16,moderate,-1.16,13.84,methdilazine,0.7052,5,INTRA_STEM_TOO_CLOSE|TRADEMARK_HIT,SIMILARITY_MODERATE,,mevagliflozin,0.0,0.6,0.763,1.0,1.0,0.624,0.597,SGLT2 inhibitor,generic,-gliflozin,saturated,False,,
deurokigliflozin,True,ngram_guided,3,55.05,55.05,moderate,-0.05,14.95,rosiglitazone,0.6888,6,,SIMILARITY_MODERATE,,deurokigliflozin,0.0,0.564,0.784,1.0,1.0,0.192,0.839,SGLT2 inhibitor,generic,-gliflozin,saturated,False,,
tedugliflozin,False,ngram_guided,3,55.95,58.96,moderate,-3.96,11.04,peoniflorin,0.7101,5,INTRA_STEM_TOO_CLOSE|TRADEMARK_HIT,SIMILARITY_MODERATE,,tedugliflozin,0.0,0.6,0.763,1.0,1.0,0.624,0.289,SGLT2 inhibitor,generic,-gliflozin,saturated,False,,
tepogliflozin,False,ngram_guided,3,57.16,63.87,moderate,-8.87,6.13,peoniflorin,0.751,5,INTRA_STEM_TOO_CLOSE|TRADEMARK_HIT,SIMILARITY_MODERATE,,tepogliflozin,0.0,0.6,0.763,1.0,1.0,0.624,0.462,SGLT2 inhibitor,generic,-gliflozin,saturated,False,,
bamgliflozin,False,ngram_guided,3,65.14,56.97,moderate,-1.97,13.03,tamsulosin,0.6928,4,INTRA_STEM_TOO_CLOSE|TRADEMARK_HIT,SIMILARITY_MODERATE,,bamgliflozin,0.0,1.0,0.647,1.0,1.0,0.862,0.352,SGLT2 inhibitor,generic,-gliflozin,saturated,False,,
ribogliflozin,False,ngram_guided,3,60.48,63.13,moderate,-8.13,6.87,riboflavin,0.7294,5,INTRA_STEM_TOO_CLOSE|TRADEMARK_HIT,SIMILARITY_MODERATE,,ribogliflozin,0.0,0.6,0.763,1.0,1.0,0.624,0.936,SGLT2 inhibitor,generic,-gliflozin,saturated,False,,
degaspogliflozin,False,ngram_guided,3,50.82,54.1,low,0.9,15.9,peoniflorin,0.7416,6,INTRA_STEM_TOO_CLOSE|TRADEMARK_HIT,,,degaspogliflozin,0.036,0.564,0.663,1.0,1.0,0.192,0.352,SGLT2 inhibitor,generic,-gliflozin,saturated,False,,
ixetgliflozin,False,ngram_guided,3,52.84,55.3,moderate,-0.3,14.7,peoniflorin,0.6277,5,INTRA_STEM_TOO_CLOSE|TRADEMARK_HIT,SIMILARITY_MODERATE,,ixetgliflozin,0.0,0.6,0.677,1.0,1.0,0.624,0.018,SGLT2 inhibitor,generic,-gliflozin,saturated,False,,
pivagliflozin,False,ngram_guided,3,56.73,59.28,moderate,-4.28,10.72,sitagliptin,0.7789,5,INTRA_STEM_TOO_CLOSE|TRADEMARK_HIT,SIMILARITY_MODERATE,,pivagliflozin,0.0,0.6,0.763,1.0,1.0,0.624,0.4,SGLT2 inhibitor,generic,-gliflozin,saturated,False,,
cyprogliflozin,False,ngram_guided,3,44.16,58.41,moderate,-3.41,11.59,peoniflorin,0.8563,5,TRADEMARK_HIT,SIMILARITY_MODERATE,,cyprogliflozin,0.0,0.45,0.561,1.0,0.53,0.527,0.649,SGLT2 inhibitor,generic,-gliflozin,saturated,False,,
cobiogliflozin,False,ngram_guided,3,56.95,57.33,moderate,-2.33,12.67,peoniflorin,0.7784,6,INTRA_STEM_TOO_CLOSE,SIMILARITY_MODERATE,,cobiogliflozin,0.0,0.68,0.784,1.0,1.0,0.309,0.612,SGLT2 inhibitor,generic,-gliflozin,saturated,False,,
euonygliflozin,False,ngram_guided,3,43.9,57.26,moderate,-2.26,12.74,peoniflorin,0.616,6,INTRA_STEM_TOO_CLOSE,SIMILARITY_MODERATE,,euonygliflozin,0.0,0.45,0.697,0.65,1.0,0.309,0.029,SGLT2 inhibitor,generic,-gliflozin,saturated,False,,
zamivagliflozin,False,ngram_guided,3,53.29,52.89,low,2.11,17.11,bivalirudin,0.7303,6,INTRA_STEM_TOO_CLOSE|TRADEMARK_HIT,,,zamivagliflozin,0.084,0.517,0.784,1.0,1.0,0.237,0.369,SGLT2 inhibitor,generic,-gliflozin,saturated,False,,
govigliflozin,False,ngram_guided,3,57.46,58.6,moderate,-3.6,11.4,rosiglitazone,0.6993,5,INTRA_STEM_TOO_CLOSE|TRADEMARK_HIT,SIMILARITY_MODERATE,,govigliflozin,0.0,0.6,0.763,1.0,1.0,0.624,0.504,SGLT2 inhibitor,generic,-gliflozin,saturated,False,,
spiragliflozin,False,ngram_guided,3,43.69,57.81,moderate,-2.81,12.19,spiralis,0.8055,5,INTRA_STEM_TOO_CLOSE|TRADEMARK_HIT,SIMILARITY_MODERATE,,spiragliflozin,0.0,0.45,0.648,1.0,0.53,0.527,0.41,SGLT2 inhibitor,generic,-gliflozin,saturated,False,,
rabepoxigliflozin,True,ngram_guided,3,59.61,48.47,low,6.53,21.53,oxaliplatin,0.6771,7,,,,rabepoxigliflozin,0.261,0.6,0.798,1.0,1.0,0.052,0.664,SGLT2 inhibitor,generic,-gliflozin,saturated,True,,
imidegliflozin,False,ngram_guided,3,54.39,55.69,moderate,-0.69,14.31,peoniflorin,0.7959,6,INTRA_STEM_TOO_CLOSE|TRADEMARK_HIT,SIMILARITY_MODERATE,,imidegliflozin,0.0,0.45,0.784,1.0,1.0,0.309,0.904,SGLT2 inhibitor,generic,-gliflozin,saturated,False,,
cefovegliflozin,False,ngram_guided,3,50.92,54.09,low,0.91,15.91,peoniflorin,0.7519,6,INTRA_STEM_TOO_CLOSE,,,cefovegliflozin,0.036,0.3,0.784,1.0,1.0,0.237,0.814,SGLT2 inhibitor,generic,-gliflozin,saturated,False,,
vosegliflozin,False,ngram_guided,3,54.24,58.86,moderate,-3.86,11.14,rosiglitazone,0.6911,5,INTRA_STEM_TOO_CLOSE|TRADEMARK_HIT,SIMILARITY_MODERATE,,vosegliflozin,0.0,0.6,0.763,1.0,1.0,0.624,0.045,SGLT2 inhibitor,generic,-gliflozin,saturated,False,,
largengliflozin,True,ngram_guided,3,49.97,54.14,low,0.86,15.86,carbenicillin,0.7303,5,,,,largengliflozin,0.034,0.517,0.758,1.0,0.53,0.456,0.88,SGLT2 inhibitor,generic,-gliflozin,saturated,False,,
dosgliflozin,False,ngram_guided+refined,3,63.39,57.95,moderate,-2.95,12.05,zoliflodacin,0.6404,4,INTRA_STEM_TOO_CLOSE|TRADEMARK_HIT,SIMILARITY_MODERATE,desgliflozin,desgliflozin -> dosgliflozin,0.0,1.0,0.647,1.0,1.0,0.862,0.103,SGLT2 inhibitor,generic,-gliflozin,saturated,False,,
bemgliflozin,False,ngram_guided+refined,3,62.73,63.12,moderate,-8.12,6.88,peoniflorin,0.6554,4,INTRA_STEM_TOO_CLOSE|TRADEMARK_HIT,SIMILARITY_MODERATE,bamgliflozin,bamgliflozin -> bemgliflozin,0.0,1.0,0.647,1.0,1.0,0.862,0.007,SGLT2 inhibitor,generic,-gliflozin,saturated,False,,
bimgliflozin,False,ngram_guided+refined,3,62.7,55.52,moderate,-0.52,14.48,peoniflorin,0.6397,4,INTRA_STEM_TOO_CLOSE|TRADEMARK_HIT,SIMILARITY_MODERATE,bamgliflozin,bamgliflozin -> bemgliflozin -> bimgliflozin,0.0,1.0,0.647,1.0,1.0,0.862,0.003,SGLT2 inhibitor,generic,-gliflozin,saturated,False,,
ologliflozin,False,grammar+refined,3,63.01,63.76,moderate,-8.76,6.24,alogliptin,0.7612,5,INTRA_STEM_TOO_CLOSE|TRADEMARK_HIT,SIMILARITY_MODERATE,orogliflozin,orogliflozin -> ologliflozin,0.0,1.0,0.763,1.0,1.0,0.731,0.001,SGLT2 inhibitor,generic,-gliflozin,saturated,False,,
ozogliflozin,False,grammar+refined,3,63.24,67.57,moderate,-12.57,2.43,zoliflodacin,0.7129,5,INTRA_STEM_TOO_CLOSE|TRADEMARK_HIT,SIMILARITY_MODERATE,orogliflozin,orogliflozin -> ologliflozin -> ozogliflozin,0.0,1.0,0.763,1.0,1.0,0.731,0.034,SGLT2 inhibitor,generic,-gliflozin,saturated,False,,
ojogliflozin,False,grammar+refined,3,63.0,62.94,moderate,-7.94,7.06,zoliflodacin,0.6336,5,INTRA_STEM_TOO_CLOSE|TRADEMARK_HIT,SIMILARITY_MODERATE,orogliflozin,orogliflozin -> ologliflozin -> ozogliflozin -> ojogliflozin,0.0,1.0,0.763,1.0,1.0,0.731,0.0,SGLT2 inhibitor,generic,-gliflozin,saturated,False,,
edegliflozin,False,grammar+refined,3,63.0,62.58,moderate,-7.58,7.42,peoniflorin,0.6764,5,INTRA_STEM_TOO_CLOSE|TRADEMARK_HIT,SIMILARITY_MODERATE,enegliflozin,enegliflozin -> edegliflozin,0.0,1.0,0.763,1.0,1.0,0.731,0.0,SGLT2 inhibitor,generic,-gliflozin,saturated,False,,
eqegliflozin,False,grammar+refined,3,63.0,62.16,moderate,-7.16,7.84,peoniflorin,0.647,5,INTRA_STEM_TOO_CLOSE|TRADEMARK_HIT,SIMILARITY_MODERATE,enegliflozin,enegliflozin -> edegliflozin -> eqegliflozin,0.0,1.0,0.763,1.0,1.0,0.731,0.0,SGLT2 inhibitor,generic,-gliflozin,saturated,False,,
ezegliflozin,False,grammar+refined,3,63.0,62.63,moderate,-7.63,7.37,zoliflodacin,0.6238,5,INTRA_STEM_TOO_CLOSE|TRADEMARK_HIT,SIMILARITY_MODERATE,enegliflozin,enegliflozin -> edegliflozin -> eqegliflozin -> ezegliflozin,0.0,1.0,0.763,1.0,1.0,0.731,0.0,SGLT2 inhibitor,generic,-gliflozin,saturated,False,,
izigliflozin,False,grammar+refined,3,63.0,60.87,moderate,-5.87,9.13,zoliflodacin,0.612,5,INTRA_STEM_TOO_CLOSE|TRADEMARK_HIT,SIMILARITY_MODERATE,ipigliflozin,ipigliflozin -> izigliflozin,0.0,1.0,0.763,1.0,1.0,0.731,0.0,SGLT2 inhibitor,generic,-gliflozin,saturated,False,,
isigliflozin,False,grammar+refined,3,63.0,58.71,moderate,-3.71,11.29,rosiglitazone,0.7294,5,INTRA_STEM_TOO_CLOSE|TRADEMARK_HIT,SIMILARITY_MODERATE,ipigliflozin,ipigliflozin -> izigliflozin -> isigliflozin,0.0,1.0,0.763,1.0,1.0,0.731,0.0,SGLT2 inhibitor,generic,-gliflozin,saturated,False,,
inigliflozin,False,grammar+refined,3,63.02,57.42,moderate,-2.42,12.58,linagliptin,0.7489,5,INTRA_STEM_TOO_CLOSE|TRADEMARK_HIT,SIMILARITY_MODERATE,ipigliflozin,ipigliflozin -> izigliflozin -> isigliflozin -> inigliflozin,0.0,1.0,0.763,1.0,1.0,0.731,0.003,SGLT2 inhibitor,generic,-gliflozin,saturated,False,,
neegliflozin,False,grammar+refined,3,63.89,57.92,moderate,-2.92,12.08,peoniflorin,0.6286,4,INTRA_STEM_TOO_CLOSE|TRADEMARK_HIT,SIMILARITY_MODERATE,naegliflozin,naegliflozin -> neegliflozin,0.0,1.0,0.733,1.0,1.0,0.862,0.0,SGLT2 inhibitor,generic,-gliflozin,saturated,False,,
niegliflozin,False,grammar+refined,3,63.89,57.92,moderate,-2.92,12.08,peoniflorin,0.6781,4,INTRA_STEM_TOO_CLOSE|TRADEMARK_HIT,SIMILARITY_MODERATE,naegliflozin,naegliflozin -> neegliflozin -> niegliflozin,0.0,1.0,0.733,1.0,1.0,0.862,0.0,SGLT2 inhibitor,generic,-gliflozin,saturated,False,,
nuegliflozin,False,grammar+refined,3,63.89,58.25,moderate,-3.25,11.75,peoniflorin,0.6295,4,INTRA_STEM_TOO_CLOSE|TRADEMARK_HIT,SIMILARITY_MODERATE,naegliflozin,naegliflozin -> neegliflozin -> niegliflozin -> nuegliflozin,0.0,1.0,0.733,1.0,1.0,0.862,0.0,SGLT2 inhibitor,generic,-gliflozin,saturated,False,,
echogliflozin,False,grammar,4,53.58,60.39,moderate,-5.39,9.61,peoniflorin,0.718,5,INTRA_STEM_TOO_CLOSE|TRADEMARK_HIT,SIMILARITY_MODERATE,,echogliflozin,0.0,0.6,0.739,1.0,1.0,0.624,0.0,SGLT2 inhibitor,generic,-gliflozin,saturated,False,,
thaldaegliflozin,False,grammar,4,52.64,58.03,moderate,-3.03,11.97,vildagliptin,0.664,6,INTRA_STEM_TOO_CLOSE|TRADEMARK_HIT,SIMILARITY_MODERATE,,thaldaegliflozin,0.0,0.771,0.734,1.0,1.0,0.192,0.001,SGLT2 inhibitor,generic,-gliflozin,saturated,False,,
deugliflozin,False,grammar,4,64.07,59.78,moderate,-4.78,10.22,peoniflorin,0.7211,4,INTRA_STEM_TOO_CLOSE|TRADEMARK_HIT,SIMILARITY_MODERATE,,deugliflozin,0.0,1.0,0.733,1.0,1.0,0.862,0.026,SGLT2 inhibitor,generic,-gliflozin,saturated,False,,
dempigliflozin,False,grammar,4,54.46,66.8,moderate,-11.8,3.2,empagliflozin,0.7164,5,INTRA_STEM_TOO_CLOSE|TRADEMARK_HIT,SIMILARITY_MODERATE,,dempigliflozin,0.0,0.68,0.739,1.0,1.0,0.527,0.035,SGLT2 inhibitor,generic,-gliflozin,saturated,False,,
cotozagliflozin,False,grammar,4,56.7,51.16,low,3.84,18.84,zoliflodacin,0.6838,6,INTRA_STEM_TOO_CLOSE|TRADEMARK_HIT,,,cotozagliflozin,0.154,0.733,0.784,1.0,1.0,0.237,0.0,SGLT2 inhibitor,generic,-gliflozin,saturated,False,,
citegogliflozin,True,grammar,4,53.02,57.28,moderate,-2.28,12.72,peoniflorin,0.7269,6,,SIMILARITY_MODERATE,,citegogliflozin,0.0,0.733,0.784,1.0,1.0,0.237,0.001,SGLT2 inhibitor,generic,-gliflozin,saturated,False,,
cedigliflozin,False,grammar,4,61.93,57.64,moderate,-2.64,12.36,diglycerin,0.7833,5,INTRA_STEM_TOO_CLOSE|TRADEMARK_HIT,SIMILARITY_MODERATE,,cedigliflozin,0.0,1.0,0.763,1.0,1.0,0.624,0.0,SGLT2 inhibitor,generic,-gliflozin,saturated,False,,
lablapogliflozin,False,grammar,4,54.81,51.7,low,3.3,18.3,peoniflorin,0.6824,6,TRADEMARK_HIT,,,lablapogliflozin,0.132,0.771,0.663,1.0,1.0,0.192,0.001,SGLT2 inhibitor,generic,-gliflozin,saturated,False,,
demphogliflozin,False,grammar,4,53.49,59.36,moderate,-4.36,10.64,empagliflozin,0.7647,5,INTRA_STEM_TOO_CLOSE|TRADEMARK_HIT,SIMILARITY_MODERATE,,demphogliflozin,0.0,0.733,0.652,1.0,1.0,0.456,0.019,SGLT2 inhibitor,generic,-gliflozin,saturated,False,,
rigidugliflozin,False,grammar,4,58.16,49.64,low,5.36,20.36,lidoflazine,0.6446,6,INTRA_STEM_TOO_CLOSE,,,rigidugliflozin,0.214,0.733,0.784,1.0,1.0,0.237,0.0,SGLT2 inhibitor,generic,-gliflozin,saturated,False,,
sizagliflozin,False,grammar,4,61.96,65.27,moderate,-10.27,4.73,sitagliptin,0.671,5,INTRA_STEM_TOO_CLOSE|TRADEMARK_HIT,SIMILARITY_MODERATE,,sizagliflozin,0.0,1.0,0.763,1.0,1.0,0.624,0.004,SGLT2 inhibitor,generic,-gliflozin,saturated,False,,
reragliflozin,False,grammar,4,54.01,61.28,moderate,-6.28,8.72,trelagliptin,0.7063,5,INTRA_STEM_TOO_CLOSE|TRADEMARK_HIT,SIMILARITY_MODERATE,,reragliflozin,0.0,0.6,0.763,1.0,1.0,0.624,0.012,SGLT2 inhibitor,generic,-gliflozin,saturated,False,,
dabugliflozin,False,grammar,4,61.97,63.12,moderate,-8.12,6.88,dapagliflozin,0.6196,5,INTRA_STEM_TOO_CLOSE|TRADEMARK_HIT,SIMILARITY_MODERATE,,dabugliflozin,0.0,1.0,0.763,1.0,1.0,0.624,0.006,SGLT2 inhibitor,generic,-gliflozin,saturated,False,,
vibogliflozin,False,grammar,4,53.95,59.35,moderate,-4.35,10.65,peoniflorin,0.7342,5,INTRA_STEM_TOO_CLOSE|TRADEMARK_HIT,SIMILARITY_MODERATE,,vibogliflozin,0.0,0.6,0.763,1.0,1.0,0.624,0.003,SGLT2 inhibitor,generic,-gliflozin,saturated,False,,
tibiruigliflozin,True,grammar,4,56.87,51.3,low,3.7,18.7,viridiflora,0.6206,6,,,,tibiruigliflozin,0.148,0.771,0.784,1.0,1.0,0.192,0.0,SGLT2 inhibitor,generic,-gliflozin,saturated,True,,
zixigliflozin,False,grammar,4,62.02,54.91,low,0.09,15.09,saxagliptin,0.6359,5,INTRA_STEM_TOO_CLOSE|TRADEMARK_HIT,,,zixigliflozin,0.004,1.0,0.763,1.0,1.0,0.624,0.0,SGLT2 inhibitor,generic,-gliflozin,saturated,False,,
menligliflozin,False,grammar,4,54.22,63.5,moderate,-8.5,6.5,teneligliptin,0.7547,5,INTRA_STEM_TOO_CLOSE,SIMILARITY_MODERATE,,menligliflozin,0.0,0.68,0.739,1.0,1.0,0.527,0.001,SGLT2 inhibitor,generic,-gliflozin,saturated,False,,
madotogliflozin,False,grammar,4,54.11,53.85,low,1.15,16.15,peoniflorin,0.7366,6,INTRA_STEM_TOO_CLOSE|TRADEMARK_HIT,,,madotogliflozin,0.046,0.733,0.784,1.0,1.0,0.237,0.0,SGLT2 inhibitor,generic,-gliflozin,saturated,False,,
somegliflozin,False,grammar,4,58.98,57.78,moderate,-2.78,12.22,peoniflorin,0.7747,5,INTRA_STEM_TOO_CLOSE|TRADEMARK_HIT,SIMILARITY_MODERATE,,somegliflozin,0.0,0.6,0.763,1.0,1.0,0.624,0.721,SGLT2 inhibitor,generic,-gliflozin,saturated,False,,
trenigliflozin,False,grammar,4,56.32,58.64,moderate,-3.64,11.36,trelagliptin,0.7913,5,INTRA_STEM_TOO_CLOSE,SIMILARITY_MODERATE,,trenigliflozin,0.0,0.68,0.648,1.0,1.0,0.527,0.482,SGLT2 inhibitor,generic,-gliflozin,saturated,False,,
diisuigliflozin,True,grammar,4,55.68,52.22,low,2.78,17.78,ijquinolizin,0.654,6,,,,diisuigliflozin,0.111,0.733,0.784,1.0,1.0,0.237,0.0,SGLT2 inhibitor,generic,-gliflozin,saturated,False,,
dobogliflozin,False,grammar,4,61.93,59.35,moderate,-4.35,10.65,peoniflorin,0.7319,5,INTRA_STEM_TOO_CLOSE|TRADEMARK_HIT,SIMILARITY_MODERATE,,dobogliflozin,0.0,1.0,0.763,1.0,1.0,0.624,0.0,SGLT2 inhibitor,generic,-gliflozin,saturated,False,,
ticaxagliflozin,False,grammar,4,53.07,61.09,moderate,-6.09,8.91,saxagliptin,0.6509,6,INTRA_STEM_TOO_CLOSE|TRADEMARK_HIT,SIMILARITY_MODERATE,,ticaxagliflozin,0.0,0.733,0.784,1.0,1.0,0.237,0.009,SGLT2 inhibitor,generic,-gliflozin,saturated,False,,
esegliflozin,False,grammar,4,63.01,60.93,moderate,-5.93,9.07,peoniflorin,0.6948,5,INTRA_STEM_TOO_CLOSE|TRADEMARK_HIT,SIMILARITY_MODERATE,,esegliflozin,0.0,1.0,0.763,1.0,1.0,0.731,0.001,SGLT2 inhibitor,generic,-gliflozin,saturated,False,,
chlogliflozin,False,ngram_guided,4,55.56,60.28,moderate,-5.28,9.72,alogliptin,0.9032,4,INTRA_STEM_TOO_CLOSE|TRADEMARK_HIT,SIMILARITY_MODERATE,,chlogliflozin,0.0,0.6,0.561,1.0,1.0,0.755,0.449,SGLT2 inhibitor,generic,-gliflozin,saturated,False,,
cobicgliflozin,False,ngram_guided,4,55.48,51.64,low,3.36,18.36,zoliflodacin,0.6336,5,INTRA_STEM_TOO_CLOSE|TRADEMARK_HIT,,,cobicgliflozin,0.134,0.45,0.677,1.0,1.0,0.527,0.5,SGLT2 inhibitor,generic,-gliflozin,saturated,False,,
octocogliflozin,True,ngram_guided,4,42.55,53.13,low,1.87,16.87,peoniflorin,0.8254,6,,,,octocogliflozin,0.075,0.3,0.759,1.0,0.53,0.237,0.611,SGLT2 inhibitor,generic,-gliflozin,saturated,False,,
myrtegliflozin,False,ngram_guided,4,49.08,57.97,moderate,-2.97,12.03,peoniflorin,0.7273,5,INTRA_STEM_TOO_CLOSE|TRADEMARK_HIT,SIMILARITY_MODERATE,,myrtegliflozin,0.0,0.45,0.652,1.0,1.0,0.527,0.097,SGLT2 inhibitor,generic,-gliflozin,saturated,False,,
plutimligliflozin,True,ngram_guided,4,47.35,52.65,low,2.35,17.35,teneligliptin,0.6986,6,,,,plutimligliflozin,0.094,0.4,0.638,1.0,1.0,0.168,0.211,SGLT2 inhibitor,generic,-gliflozin,saturated,False,,
irbangliflozin,False,ngram_guided,4,50.16,56.56,moderate,-1.56,13.44,peoniflorin,0.6621,5,INTRA_STEM_TOO_CLOSE|TRADEMARK_HIT,SIMILARITY_MODERATE,,irbangliflozin,0.0,0.45,0.758,1.0,1.0,0.527,0.038,SGLT2 inhibitor,generic,-gliflozin,saturated,False,,
rhynchogliflozin,True,ngram_guided,4,40.6,58.0,moderate,-3.0,12.0,rhynchophylline,0.669,5,,SIMILARITY_MODERATE|ILLEGAL_ONSET_CLUSTER,,rhynchogliflozin,0.0,0.15,0.53,1.0,1.0,0.411,0.154,SGLT2 inhibitor,generic,-gliflozin,saturated,False,,
posamigliflozin,False,ngram_guided,4,54.1,53.17,low,1.83,16.83,rosiglitazone,0.7745,6,INTRA_STEM_TOO_CLOSE|TRADEMARK_HIT,,,posamigliflozin,0.073,0.517,0.784,1.0,1.0,0.237,0.524,SGLT2 inhibitor,generic,-gliflozin,saturated,False,,
zuramgliflozin,False,ngram_guided,4,53.4,55.44,moderate,-0.44,14.56,grandiflorum,0.6584,5,TRADEMARK_HIT,SIMILARITY_MODERATE,,zuramgliflozin,0.0,0.68,0.677,1.0,1.0,0.527,0.006,SGLT2 inhibitor,generic,-gliflozin,saturated,False,,
basgliflozin,False,ngram_guided,4,63.03,56.55,moderate,-1.55,13.45,passiflorad,0.6528,4,INTRA_STEM_TOO_CLOSE|TRADEMARK_HIT,SIMILARITY_MODERATE,,basgliflozin,0.0,1.0,0.647,1.0,1.0,0.862,0.05,SGLT2 inhibitor,generic,-gliflozin,saturated,False,,
acregliflozin,False,ngram_guided,4,55.06,60.84,moderate,-5.84,9.16,acriflavine,0.7905,5,INTRA_STEM_TOO_CLOSE|TRADEMARK_HIT,SIMILARITY_MODERATE,,acregliflozin,0.0,0.6,0.648,1.0,1.0,0.624,0.393,SGLT2 inhibitor,generic,-gliflozin,saturated,False,,
nusinogliflozin,True,ngram_guided,4,56.42,52.96,low,2.04,17.04,linagliptin,0.7506,6,,,,nusinogliflozin,0.082,0.517,0.784,1.0,1.0,0.237,0.826,SGLT2 inhibitor,generic,-gliflozin,saturated,True,,
tocogliflozin,False,ngram_guided,4,55.58,59.19,moderate,-4.19,10.81,peoniflorin,0.7956,5,INTRA_STEM_TOO_CLOSE|TRADEMARK_HIT,SIMILARITY_MODERATE,,tocogliflozin,0.0,0.6,0.763,1.0,1.0,0.624,0.235,SGLT2 inhibitor,generic,-gliflozin,saturated,False,,
xamogliflozin,False,ngram_guided,4,53.93,57.78,moderate,-2.78,12.22,peoniflorin,0.6944,5,INTRA_STEM_TOO_CLOSE|TRADEMARK_HIT,SIMILARITY_MODERATE,,xamogliflozin,0.0,0.6,0.763,1.0,1.0,0.624,0.0,SGLT2 inhibitor,generic,-gliflozin,saturated,False,,
bisabgliflozin,False,ngram_guided,4,51.99,53.67,low,1.33,16.33,bivalirudin,0.6282,5,INTRA_STEM_TOO_CLOSE|TRADEMARK_HIT,,,bisabgliflozin,0.053,0.45,0.677,1.0,1.0,0.527,0.28,SGLT2 inhibitor,generic,-gliflozin,saturated,False,,
ixekigliflozin,False,ngram_guided,4,52.15,51.78,low,3.22,18.22,peoniflorin,0.6824,6,INTRA_STEM_TOO_CLOSE,,,ixekigliflozin,0.129,0.45,0.784,1.0,1.0,0.309,0.142,SGLT2 inhibitor,generic,-gliflozin,saturated,False,,
sebegliflozin,False,ngram_guided,4,59.52,59.35,moderate,-4.35,10.65,peoniflorin,0.7133,5,INTRA_STEM_TOO_CLOSE|TRADEMARK_HIT,SIMILARITY_MODERATE,,sebegliflozin,0.0,0.6,0.763,1.0,1.0,0.624,0.798,SGLT2 inhibitor,generic,-gliflozin,saturated,False,,
midgliflozin,False,ngram_guided,4,69.42,58.75,moderate,-3.75,11.25,lidoflazine,0.6732,4,INTRA_STEM_TOO_CLOSE|TRADEMARK_HIT,SIMILARITY_MODERATE,,midgliflozin,0.0,1.0,0.647,1.0,1.0,0.862,0.964,SGLT2 inhibitor,generic,-gliflozin,saturated,False,,
abagliflozin,False,ngram_guided,4,66.06,57.29,moderate,-2.29,12.71,acriflavine,0.6852,5,INTRA_STEM_TOO_CLOSE|TRADEMARK_HIT,SIMILARITY_MODERATE,,abagliflozin,0.0,1.0,0.763,1.0,1.0,0.731,0.437,SGLT2 inhibitor,generic,-gliflozin,saturated,False,,
tobragliflozin,False,ngram_guided,4,53.29,54.07,low,0.93,15.93,grandiflorum,0.7376,5,INTRA_STEM_TOO_CLOSE|TRADEMARK_HIT,,,tobragliflozin,0.037,0.45,0.648,1.0,1.0,0.527,0.579,SGLT2 inhibitor,generic,-gliflozin,saturated,False,,
febargliflozin,False,ngram_guided,4,56.18,52.19,low,2.81,17.81,peoniflorin,0.7236,5,INTRA_STEM_TOO_CLOSE|TRADEMARK_HIT,,,febargliflozin,0.112,0.45,0.677,1.0,1.0,0.527,0.676,SGLT2 inhibitor,generic,-gliflozin,saturated,False,,
alecgliflozin,False,ngram_guided,4,56.96,59.08,moderate,-4.08,10.92,alogliptin,0.631,5,INTRA_STEM_TOO_CLOSE|TRADEMARK_HIT,SIMILARITY_MODERATE,,alecgliflozin,0.0,0.6,0.677,1.0,1.0,0.624,0.606,SGLT2 inhibitor,generic,-gliflozin,saturated,False,,
fenpulgliflozin,False,ngram_guided,4,55.83,56.41,moderate,-1.41,13.59,teneligliptin,0.743,5,INTRA_STEM_TOO_CLOSE|TRADEMARK_HIT,SIMILARITY_MODERATE,,fenpulgliflozin,0.0,0.517,0.652,1.0,1.0,0.456,0.973,SGLT2 inhibitor,generic,-gliflozin,saturated,False,,
revumegliflozin,True,ngram_guided,4,52.35,51.87,low,3.13,18.13,revumenib,0.686,6,,,,revumegliflozin,0.125,0.3,0.784,1.0,1.0,0.237,0.714,SGLT2 inhibitor,generic,-gliflozin,saturated,False,,
modgliflozin,False,ngram_guided+refined,4,62.67,58.33,moderate,-3.33,11.67,longiflorium,0.6751,4,INTRA_STEM_TOO_CLOSE|TRADEMARK_HIT,SIMILARITY_MODERATE,midgliflozin,midgliflozin -> modgliflozin,0.0,1.0,0.647,1.0,1.0,0.862,0.0,SGLT2 inhibitor,generic,-gliflozin,saturated,False,,
madgliflozin,False,ngram_guided+refined,4,62.67,59.21,moderate,-4.21,10.79,mangiferin,0.6282,4,INTRA_STEM_TOO_CLOSE|TRADEMARK_HIT,SIMILARITY_MODERATE,midgliflozin,midgliflozin -> modgliflozin -> madgliflozin,0.0,1.0,0.647,1.0,1.0,0.862,0.0,SGLT2 inhibitor,generic,-gliflozin,saturated,False,,
medgliflozin,False,ngram_guided+refined,4,68.31,60.88,moderate,-5.88,9.12,peoniflorin,0.6423,4,INTRA_STEM_TOO_CLOSE|TRADEMARK_HIT,SIMILARITY_MODERATE,midgliflozin,midgliflozin -> modgliflozin -> madgliflozin -> medgliflozin,0.0,1.0,0.647,1.0,1.0,0.862,0.805,SGLT2 inhibitor,generic,-gliflozin,saturated,False,,
anagliflozin,False,ngram_guided+refined,4,64.13,74.81,high,-19.81,-4.81,canagliflozin,0.7687,5,SIMILARITY_TOO_HIGH|INTRA_STEM_TOO_CLOSE|TRADEMARK_HIT,,abagliflozin,abagliflozin -> anagliflozin,0.0,1.0,0.763,1.0,1.0,0.731,0.162,SGLT2 inhibitor,generic,-gliflozin,saturated,False,,
unagliflozin,False,ngram_guided+refined,4,63.0,60.19,moderate,-5.19,9.81,linagliptin,0.7117,5,INTRA_STEM_TOO_CLOSE|TRADEMARK_HIT,SIMILARITY_MODERATE,abagliflozin,abagliflozin -> anagliflozin -> unagliflozin,0.0,1.0,0.763,1.0,1.0,0.731,0.0,SGLT2 inhibitor,generic,-gliflozin,saturated,False,,
uragliflozin,False,ngram_guided+refined,4,63.0,58.45,moderate,-3.45,11.55,grandiflorum,0.7635,5,INTRA_STEM_TOO_CLOSE|TRADEMARK_HIT,SIMILARITY_MODERATE,abagliflozin,abagliflozin -> anagliflozin -> unagliflozin -> uragliflozin,0.0,1.0,0.763,1.0,1.0,0.731,0.0,SGLT2 inhibitor,generic,-gliflozin,saturated,False,,
daugliflozin,False,grammar+refined,4,63.95,58.59,moderate,-3.59,11.41,zoliflodacin,0.6661,4,INTRA_STEM_TOO_CLOSE|TRADEMARK_HIT,SIMILARITY_MODERATE,deugliflozin,deugliflozin -> daugliflozin,0.0,1.0,0.733,1.0,1.0,0.862,0.009,SGLT2 inhibitor,generic,-gliflozin,saturated,False,,
diugliflozin,False,grammar+refined,4,63.0,60.14,moderate,-5.14,9.86,diglycerin,0.6746,5,INTRA_STEM_TOO_CLOSE|TRADEMARK_HIT,SIMILARITY_MODERATE,deugliflozin,deugliflozin -> daugliflozin -> diugliflozin,0.0,1.0,0.763,1.0,1.0,0.731,0.0,SGLT2 inhibitor,generic,-gliflozin,saturated,False,,
besgliflozin,False,ngram_guided+refined,4,62.75,60.89,moderate,-5.89,9.11,besifloxacin,0.6919,4,INTRA_STEM_TOO_CLOSE|TRADEMARK_HIT,SIMILARITY_MODERATE,basgliflozin,basgliflozin -> besgliflozin,0.0,1.0,0.647,1.0,1.0,0.862,0.011,SGLT2 inhibitor,generic,-gliflozin,saturated,False,,
emegliflozin,False,grammar+refined,4,63.27,61.92,moderate,-6.92,8.08,peoniflorin,0.7271,5,INTRA_STEM_TOO_CLOSE|TRADEMARK_HIT,SIMILARITY_MODERATE,esegliflozin,esegliflozin -> emegliflozin,0.0,1.0,0.763,1.0,1.0,0.731,0.038,SGLT2 inhibitor,generic,-gliflozin,saturated,False,,
evegliflozin,False,grammar+refined,4,63.05,61.59,moderate,-6.59,8.41,peoniflorin,0.708,5,INTRA_STEM_TOO_CLOSE|TRADEMARK_HIT,SIMILARITY_MODERATE,esegliflozin,esegliflozin -> emegliflozin -> evegliflozin,0.0,1.0,0.763,1.0,1.0,0.731,0.007,SGLT2 inhibitor,generic,-gliflozin,saturated,False,,
etegliflozin,False,grammar+refined,4,65.51,64.23,moderate,-9.23,5.77,peoniflorin,0.7063,5,INTRA_STEM_TOO_CLOSE|TRADEMARK_HIT,SIMILARITY_MODERATE,esegliflozin,esegliflozin -> emegliflozin -> evegliflozin -> etegliflozin,0.0,1.0,0.763,1.0,1.0,0.731,0.359,SGLT2 inhibitor,generic,-gliflozin,saturated,False,,
zuxigliflozin,False,grammar+refined,4,62.92,53.97,low,1.03,16.03,zoliflodacin,0.6393,5,INTRA_STEM_TOO_CLOSE|TRADEMARK_HIT,,zixigliflozin,zixigliflozin -> zuxigliflozin,0.041,1.0,0.763,1.0,1.0,0.624,0.0,SGLT2 inhibitor,generic,-gliflozin,saturated,False,,
zaxigliflozin,False,grammar+refined,4,61.94,62.0,moderate,-7.0,8.0,saxagliptin,0.6416,5,INTRA_STEM_TOO_CLOSE|TRADEMARK_HIT,SIMILARITY_MODERATE,zixigliflozin,zixigliflozin -> zuxigliflozin -> zaxigliflozin,0.0,1.0,0.763,1.0,1.0,0.624,0.001,SGLT2 inhibitor,generic,-gliflozin,saturated,False,,
zahigliflozin,False,grammar+refined,4,61.93,55.01,moderate,-0.01,14.99,zoliflodacin,0.6284,5,INTRA_STEM_TOO_CLOSE|TRADEMARK_HIT,SIMILARITY_MODERATE,zixigliflozin,zixigliflozin -> zuxigliflozin -> zaxigliflozin -> zahigliflozin,0.0,1.0,0.763,1.0,1.0,0.624,0.0,SGLT2 inhibitor,generic,-gliflozin,saturated,False,,
debugliflozin,False,grammar+refined,4,61.93,57.39,moderate,-2.39,12.61,peoniflorin,0.6364,5,INTRA_STEM_TOO_CLOSE|TRADEMARK_HIT,SIMILARITY_MODERATE,dabugliflozin,dabugliflozin -> debugliflozin,0.0,1.0,0.763,1.0,1.0,0.624,0.0,SGLT2 inhibitor,generic,-gliflozin,saturated,False,,
sezagliflozin,False,grammar+refined,4,53.99,59.56,moderate,-4.56,10.44,sitagliptin,0.6416,5,INTRA_STEM_TOO_CLOSE|TRADEMARK_HIT,SIMILARITY_MODERATE,sizagliflozin,sizagliflozin -> sezagliflozin,0.0,0.6,0.763,1.0,1.0,0.624,0.009,SGLT2 inhibitor,generic,-gliflozin,saturated,False,,
sesagliflozin,False,grammar+refined,4,53.94,59.56,moderate,-4.56,10.44,sitagliptin,0.7221,5,INTRA_STEM_TOO_CLOSE|TRADEMARK_HIT,SIMILARITY_MODERATE,sizagliflozin,sizagliflozin -> sezagliflozin -> sesagliflozin,0.0,0.6,0.763,1.0,1.0,0.624,0.001,SGLT2 inhibitor,generic,-gliflozin,saturated,False,,
secagliflozin,False,grammar+refined,4,55.93,61.08,moderate,-6.08,8.92,sitagliptin,0.717,5,INTRA_STEM_TOO_CLOSE|TRADEMARK_HIT,SIMILARITY_MODERATE,sizagliflozin,sizagliflozin -> sezagliflozin -> sesagliflozin -> secagliflozin,0.0,0.6,0.763,1.0,1.0,0.624,0.286,SGLT2 inhibitor,generic,-gliflozin,saturated,False,,
maxoparib,True,grammar,1,68.83,65.42,moderate,-10.42,4.58,nadroparin,0.7083,4,,SIMILARITY_MODERATE,,maxoparib,0.0,1.0,1.0,1.0,1.0,0.983,0.001,PARP inhibitor,generic,-parib,saturated,True,,
murofuparib,True,grammar,1,61.88,58.36,moderate,-3.36,11.64,dirofilaria,0.6371,5,,SIMILARITY_MODERATE,,murofuparib,0.0,0.733,1.0,1.0,1.0,0.821,0.0,PARP inhibitor,generic,-parib,saturated,False,,
purzepruparib,True,grammar,1,60.27,54.11,low,0.89,15.89,prepared,0.6544,5,,,,purzepruparib,0.036,0.8,0.869,1.0,1.0,0.624,0.0,PARP inhibitor,generic,-parib,saturated,False,,
eboparib,True,grammar,1,68.12,64.93,moderate,-9.93,5.07,certoparin,0.6843,4,,SIMILARITY_MODERATE,,eboparib,0.0,1.0,1.0,1.0,1.0,0.912,0.0,PARP inhibitor,generic,-parib,saturated,True,,
cyxonoparib,True,grammar,1,65.66,59.41,moderate,-4.41,10.59,certoparin,0.6202,5,,SIMILARITY_MODERATE,,cyxonoparib,0.0,1.0,0.889,1.0,1.0,0.821,0.001,PARP inhibitor,generic,-parib,saturated,False,,
muloparib,False,grammar,1,60.92,76.4,high,-21.4,-6.4,semuloparin,0.7988,4,SIMILARITY_TOO_HIGH,,,muloparib,0.0,0.6,1.0,1.0,1.0,0.983,0.013,PARP inhibitor,generic,-parib,saturated,False,,
metuvoparib,True,grammar,1,61.93,63.28,moderate,-8.28,6.72,semuloparin,0.6822,5,,SIMILARITY_MODERATE,,metuvoparib,0.0,0.733,1.0,1.0,1.0,0.821,0.007,PARP inhibitor,generic,-parib,saturated,False,,
larraparib,True,grammar,1,62.6,68.47,moderate,-13.47,1.53,parnaparin,0.7032,4,,SIMILARITY_MODERATE,,larraparib,0.0,0.68,1.0,1.0,1.0,0.998,0.003,PARP inhibitor,generic,-parib,saturated,False,,
conecleparib,True,grammar,1,60.25,55.46,moderate,-0.46,14.54,nectarine,0.7563,5,,SIMILARITY_MODERATE,,conecleparib,0.0,0.771,0.894,1.0,1.0,0.731,0.0,PARP inhibitor,generic,-parib,saturated,False,,
toceparib,True,grammar,1,65.1,69.05,moderate,-14.05,0.95,toceranib,0.7532,4,,SIMILARITY_MODERATE,,toceparib,0.0,0.6,1.0,1.0,1.0,0.983,0.611,PARP inhibitor,generic,-parib,saturated,False,,
gidiparib,True,grammar,1,68.83,64.19,moderate,-9.19,5.81,bemiparin,0.6833,4,,SIMILARITY_MODERATE,,gidiparib,0.0,1.0,1.0,1.0,1.0,0.983,0.0,PARP inhibitor,generic,-parib,saturated,True,,
erpiciparib,True,grammar,1,61.88,65.03,moderate,-10.03,4.97,persicaria,0.6806,5,,SIMILARITY_MODERATE,,erpiciparib,0.0,0.733,1.0,1.0,1.0,0.821,0.0,PARP inhibitor,generic,-parib,saturated,False,,
intucaparib,False,grammar,1,62.3,60.04,moderate,-5.04,9.96,enoxaparin,0.6576,5,INTRA_STEM_TOO_CLOSE,SIMILARITY_MODERATE,,intucaparib,0.0,0.733,1.0,1.0,1.0,0.821,0.06,PARP inhibitor,generic,-parib,saturated,False,,
nerfeparib,True,grammar,1,62.59,68.11,moderate,-13.11,1.89,mercenaria,0.665,4,,SIMILARITY_MODERATE,,nerfeparib,0.0,0.68,1.0,1.0,1.0,0.998,0.001,PARP inhibitor,generic,-parib,saturated,False,,
sirnoparib,False,grammar,1,68.98,71.08,high,-16.08,-1.08,certoparin,0.618,4,SIMILARITY_TOO_HIGH,,,sirnoparib,0.0,1.0,1.0,1.0,1.0,0.998,0.0,PARP inhibitor,generic,-parib,saturated,False,,
zitruparib,True,grammar,1,60.89,66.02,moderate,-11.02,3.98,strumarium,0.6229,4,,SIMILARITY_MODERATE,,zitruparib,0.0,0.68,0.879,1.0,1.0,0.998,0.0,PARP inhibitor,generic,-parib,saturated,False,,
noturdiparib,True,grammar,1,62.03,54.69,low,0.31,15.31,pituitarium,0.6963,5,,,,noturdiparib,0.012,0.771,1.0,1.0,1.0,0.731,0.0,PARP inhibitor,generic,-parib,saturated,False,,
semniparib,False,grammar,1,63.94,71.84,high,-16.84,-1.84,bemiparin,0.6564,4,SIMILARITY_TOO_HIGH,,,semniparib,0.0,0.68,1.0,1.0,1.0,0.998,0.195,PARP inhibitor,generic,-parib,saturated,False,,
bapiiparib,True,grammar,1,67.67,68.22,moderate,-13.22,1.78,bemiparin,0.6021,5,,SIMILARITY_MODERATE,,bapiiparib,0.0,1.0,1.0,1.0,1.0,0.867,0.0,PARP inhibitor,generic,-parib,saturated,False,,
kilfiparib,True,grammar,1,62.58,67.42,moderate,-12.42,2.58,filspari,0.6036,4,,SIMILARITY_MODERATE,,kilfiparib,0.0,0.68,1.0,1.0,1.0,0.998,0.0,PARP inhibitor,generic,-parib,saturated,False,,
ixoparib,True,grammar,1,68.12,66.82,moderate,-11.82,3.18,scoparia,0.6536,4,,SIMILARITY_MODERATE,,ixoparib,0.0,1.0,1.0,1.0,1.0,0.912,0.0,PARP inhibitor,generic,-parib,saturated,True,,
lidadeparib,True,grammar,1,61.88,63.26,moderate,-8.26,6.74,dalteparin,0.6763,5,,SIMILARITY_MODERATE,,lidadeparib,0.0,0.733,1.0,1.0,1.0,0.821,0.0,PARP inhibitor,generic,-parib,saturated,False,,
pixoparib,True,grammar,1,68.83,62.09,moderate,-7.09,7.91,pazopanib,0.6565,4,,SIMILARITY_MODERATE,,pixoparib,0.0,1.0,1.0,1.0,1.0,0.983,0.0,PARP inhibitor,generic,-parib,saturated,True,,
hecraparib,True,grammar,1,67.29,59.37,moderate,-4.37,10.63,dicrateria,0.6546,4,,SIMILARITY_MODERATE,,hecraparib,0.0,1.0,0.879,1.0,1.0,0.998,0.0,PARP inhibitor,generic,-parib,saturated,False,,
traparib,False,ngram_guided,1,66.81,70.75,high,-15.75,-0.75,fragarin,0.8603,3,SIMILARITY_TOO_HIGH|INTRA_STEM_TOO_CLOSE,,,traparib,0.0,1.0,0.854,1.0,1.0,0.787,0.283,PARP inhibitor,generic,-parib,saturated,False,,
testparib,True,ngram_guided,1,61.59,64.31,moderate,-9.31,5.69,certoparin,0.6389,3,,SIMILARITY_MODERATE,,testparib,0.0,0.6,0.788,1.0,1.0,0.858,0.711,PARP inhibitor,generic,-parib,saturated,False,,
neparvoparib,True,ngram_guided,1,51.79,63.55,moderate,-8.55,6.45,neparvovec,0.6835,5,,SIMILARITY_MODERATE,,neparvoparib,0.0,0.15,1.0,1.0,1.0,0.731,0.354,PARP inhibitor,generic,-parib,saturated,False,,
sotparib,True,ngram_guided,1,72.12,65.03,moderate,-10.03,4.97,scoparia,0.6276,3,,SIMILARITY_MODERATE,,sotparib,0.0,1.0,1.0,1.0,1.0,0.787,0.75,PARP inhibitor,generic,-parib,saturated,True,,
zuralaparib,True,ngram_guided,1,57.87,57.31,moderate,-2.31,12.69,zelapar,0.663,5,,SIMILARITY_MODERATE,,zuralaparib,0.0,0.517,1.0,1.0,1.0,0.821,0.046,PARP inhibitor,generic,-parib,saturated,False,,
bacaparib,False,ngram_guided,1,65.57,70.7,high,-15.7,-0.7,backprin,0.8316,4,SIMILARITY_TOO_HIGH|INTRA_STEM_TOO_CLOSE|TRADEMARK_HIT,,,bacaparib,0.0,0.6,1.0,1.0,1.0,0.983,0.678,PARP inhibitor,generic,-parib,saturated,False,,
ibuparib,True,ngram_guided,1,72.45,62.15,moderate,-7.15,7.85,aucuparia,0.6726,4,,SIMILARITY_MODERATE,,ibuparib,0.0,1.0,1.0,1.0,1.0,0.912,0.618,PARP inhibitor,generic,-parib,saturated,True,,
ensariboparib,True,ngram_guided,1,60.21,58.59,moderate,-3.59,11.41,riboprine,0.7038,6,,SIMILARITY_MODERATE,,ensariboparib,0.0,0.6,1.0,1.0,1.0,0.406,0.736,PARP inhibitor,generic,-parib,saturated,False,,
imexparib,True,ngram_guided,1,59.31,63.41,moderate,-8.41,6.59,exparel,0.6741,4,,SIMILARITY_MODERATE,,imexparib,0.0,0.6,0.879,1.0,1.0,0.983,0.026,PARP inhibitor,generic,-parib,saturated,False,,
ramiloparib,True,ngram_guided,1,55.17,68.45,moderate,-13.45,1.55,semuloparin,0.8094,5,,SIMILARITY_MODERATE,,ramiloparib,0.0,0.517,1.0,1.0,0.53,0.821,0.735,PARP inhibitor,generic,-parib,saturated,False,,
odroparib,False,ngram_guided,1,60.29,74.62,high,-19.62,-4.62,nadroparin,0.7838,4,SIMILARITY_TOO_HIGH,,,odroparib,0.0,0.6,0.879,1.0,1.0,0.983,0.165,PARP inhibitor,generic,-parib,saturated,False,,
gefibrikparib,True,ngram_guided,1,55.73,57.26,moderate,-2.26,12.74,fibricor,0.6089,5,,SIMILARITY_MODERATE,,gefibrikparib,0.0,0.6,0.869,1.0,1.0,0.624,0.046,PARP inhibitor,generic,-parib,saturated,False,,
degaparib,False,ngram_guided,1,63.85,70.01,high,-15.01,-0.01,pegaptanib,0.6887,4,SIMILARITY_TOO_HIGH,,,degaparib,0.0,0.6,1.0,1.0,1.0,0.983,0.432,PARP inhibitor,generic,-parib,saturated,False,,
nilvaparib,False,ngram_guided,1,61.34,64.31,moderate,-9.31,5.69,tinzaparin,0.663,4,INTRA_STEM_TOO_CLOSE,SIMILARITY_MODERATE,,nilvaparib,0.0,0.45,1.0,1.0,1.0,0.998,0.48,PARP inhibitor,generic,-parib,saturated,False,,
lidotparib,True,ngram_guided,1,58.7,62.52,moderate,-7.52,7.48,lidotran,0.6351,4,,SIMILARITY_MODERATE,,lidotparib,0.0,0.45,1.0,1.0,1.0,0.998,0.103,PARP inhibitor,generic,-parib,saturated,False,,
proparib,False,ngram_guided,1,66.18,75.28,high,-20.28,-5.28,prepared,0.9514,3,SIMILARITY_TOO_HIGH|TRADEMARK_HIT,,,proparib,0.0,1.0,0.854,1.0,1.0,0.787,0.194,PARP inhibitor,generic,-parib,saturated,False,,
paniloparib,True,ngram_guided,1,68.87,65.43,moderate,-10.43,4.57,semuloparin,0.8113,5,,SIMILARITY_MODERATE,,paniloparib,0.0,0.733,1.0,1.0,1.0,0.821,0.999,PARP inhibitor,generic,-parib,saturated,True,,
josampiparib,True,ngram_guided,1,58.4,57.14,moderate,-2.14,12.86,morandipark,0.6978,5,,SIMILARITY_MODERATE,,josampiparib,0.0,0.564,1.0,1.0,1.0,0.731,0.114,PARP inhibitor,generic,-parib,saturated,False,,
temaparib,False,ngram_guided,1,64.63,70.9,high,-15.9,-0.9,bemiparin,0.7042,4,SIMILARITY_TOO_HIGH,,,temaparib,0.0,0.6,1.0,1.0,1.0,0.983,0.543,PARP inhibitor,generic,-parib,saturated,False,,
pralmeparib,True,ngram_guided,1,60.36,66.15,moderate,-11.15,3.85,dalteparin,0.7842,4,,SIMILARITY_MODERATE,,pralmeparib,0.0,0.517,0.854,1.0,1.0,0.952,0.506,PARP inhibitor,generic,-parib,saturated,False,,
fluocinaparib,True,ngram_guided,1,40.06,62.31,moderate,-7.31,7.69,fluocinonide,0.8411,6,,SIMILARITY_MODERATE,,fluocinaparib,0.0,0.2,0.904,1.0,0.53,0.406,0.266,PARP inhibitor,generic,-parib,saturated,False,,
tovobineparib,True,ngram_guided,1,59.33,58.44,moderate,-3.44,11.56,norepinephrine,0.6771,6,,SIMILARITY_MODERATE,,tovobineparib,0.0,0.6,1.0,1.0,1.0,0.406,0.611,PARP inhibitor,generic,-parib,saturated,False,,
palomiplparib,True,ngram_guided,1,58.65,53.51,low,1.49,16.49,clomipramine,0.6305,5,,,,palomiplparib,0.06,0.6,0.828,1.0,1.0,0.624,0.341,PARP inhibitor,generic,-parib,saturated,False,,
ozanitaparib,True,ngram_guided,1,57.55,62.15,moderate,-7.15,7.85,zanidatamab,0.7242,6,,SIMILARITY_MODERATE,,ozanitaparib,0.0,0.564,1.0,1.0,1.0,0.513,0.305,PARP inhibitor,generic,-parib,saturated,False,,
sircoparib,False,grammar+refined,1,62.58,74.4,high,-19.4,-4.4,scoparia,0.6876,4,SIMILARITY_TOO_HIGH,,sirnoparib,sirnoparib -> sircoparib,0.0,0.68,1.0,1.0,1.0,0.998,0.0,PARP inhibitor,generic,-parib,saturated,False,,
surcoparib,False,grammar+refined,1,62.58,74.4,high,-19.4,-4.4,scoparia,0.726,4,SIMILARITY_TOO_HIGH,,sirnoparib,sirnoparib -> sircoparib -> surcoparib,0.0,0.68,1.0,1.0,1.0,0.998,0.0,PARP inhibitor,generic,-parib,saturated,False,,
gurcoparib,True,grammar+refined,1,62.58,66.83,moderate,-11.83,3.17,certoparin,0.6267,4,,SIMILARITY_MODERATE,sirnoparib,sirnoparib -> sircoparib -> surcoparib -> gurcoparib,0.0,0.68,1.0,1.0,1.0,0.998,0.0,PARP inhibitor,generic,-parib,saturated,False,,
troparib,True,ngram_guided+refined,1,68.06,69.0,moderate,-14.0,1.0,prepared,0.9288,3,,SIMILARITY_MODERATE,traparib,traparib -> troparib,0.0,1.0,0.854,1.0,1.0,0.787,0.462,PARP inhibitor,generic,-parib,saturated,True,,
ppoparib,True,ngram_guided+refined,1,66.87,68.29,moderate,-13.29,1.71,scoparia,0.6147,3,,SIMILARITY_MODERATE,proparib,proparib -> ppoparib,0.0,1.0,1.0,1.0,1.0,0.787,0.0,PARP inhibitor,generic,-parib,saturated,False,,
bazaparib,True,ngram_guided+refined,1,60.87,68.06,moderate,-13.06,1.94,pazopanib,0.738,4,,SIMILARITY_MODERATE,bacaparib,bacaparib -> bazaparib,0.0,0.6,1.0,1.0,1.0,0.983,0.006,PARP inhibitor,generic,-parib,saturated,False,,
tumaparib,True,ngram_guided+refined,1,60.83,65.33,moderate,-10.33,4.67,tinzaparin,0.7129,4,,SIMILARITY_MODERATE,temaparib,temaparib -> tumaparib,0.0,0.6,1.0,1.0,1.0,0.983,0.0,PARP inhibitor,generic,-parib,saturated,False,,
semnoparib,False,grammar+refined,1,63.69,71.21,high,-16.21,-1.21,semuloparin,0.7132,4,SIMILARITY_TOO_HIGH,,semniparib,semniparib -> semnoparib,0.0,0.45,1.0,1.0,1.0,0.998,0.816,PARP inhibitor,generic,-parib,saturated,False,,
semneparib,True,grammar+refined,1,62.76,65.73,moderate,-10.73,4.27,bemiparin,0.633,4,,SIMILARITY_MODERATE,semniparib,semniparib -> semnoparib -> semneparib,0.0,0.68,1.0,1.0,1.0,0.998,0.026,PARP inhibitor,generic,-parib,saturated,False,,
dogaparib,True,ngram_guided+refined,1,68.83,65.37,moderate,-10.37,4.63,enoxaparin,0.6617,4,,SIMILARITY_MODERATE,degaparib,degaparib -> dogaparib,0.0,1.0,1.0,1.0,1.0,0.983,0.001,PARP inhibitor,generic,-parib,saturated,True,,
injucaparib,False,grammar+refined,1,61.89,61.64,moderate,-6.64,8.36,tinzaparin,0.6101,5,INTRA_STEM_TOO_CLOSE,SIMILARITY_MODERATE,intucaparib,intucaparib -> injucaparib,0.0,0.733,1.0,1.0,1.0,0.821,0.001,PARP inhibitor,generic,-parib,saturated,False,,
inhucaparib,False,grammar+refined,1,61.89,59.6,moderate,-4.6,10.4,enoxaparin,0.6328,5,INTRA_STEM_TOO_CLOSE,SIMILARITY_MODERATE,intucaparib,intucaparib -> injucaparib -> inhucaparib,0.0,0.733,1.0,1.0,1.0,0.821,0.001,PARP inhibitor,generic,-parib,saturated,False,,
doqomi,True,grammar,1,66.5,61.81,moderate,-6.81,8.19,atomy,0.6003,3,,SIMILARITY_MODERATE,,doqomi,0.0,1.0,1.0,1.0,,,0.0,"proprietary mark, cardiovascular",brand,,brand,True,1.0,0.9
supida,False,grammar,1,62.77,71.5,high,-16.5,-1.5,puvida,0.8758,3,SIMILARITY_TOO_HIGH|TRADEMARK_HIT,,,supida,0.0,0.733,1.0,1.0,,,0.001,"proprietary mark, cardiovascular",brand,,brand,False,1.0,0.9
bexege,True,grammar,1,64.75,65.0,moderate,-10.0,5.0,excede,0.6066,2,,SIMILARITY_MODERATE,,bexege,0.0,1.0,1.0,1.0,,,0.0,"proprietary mark, cardiovascular",brand,,brand,True,1.0,0.783
bamano,False,grammar,1,62.77,79.75,high,-24.75,-9.75,banana,0.6552,3,SIMILARITY_TOO_HIGH|TRADEMARK_HIT,,,bamano,0.0,0.733,1.0,1.0,,,0.001,"proprietary mark, cardiovascular",brand,,brand,False,1.0,0.9
delulia,True,grammar,1,61.95,65.52,moderate,-10.52,4.48,gelusil,0.668,4,,SIMILARITY_MODERATE,,delulia,0.0,0.771,1.0,1.0,,,0.003,"proprietary mark, cardiovascular",brand,,brand,False,1.0,0.808
trunhalo,True,grammar,1,61.39,65.31,moderate,-10.31,4.69,trehalose,0.6103,3,,SIMILARITY_MODERATE,,trunhalo,0.0,0.8,0.829,1.0,,,0.019,"proprietary mark, cardiovascular",brand,,brand,False,1.0,0.895
bantahi,True,grammar,1,63.72,68.24,moderate,-13.24,1.76,bancha,0.6497,3,,SIMILARITY_MODERATE,,bantahi,0.0,0.771,1.0,1.0,,,0.005,"proprietary mark, cardiovascular",brand,,brand,True,1.0,0.925
osgogi,False,grammar,1,62.02,71.67,high,-16.67,-1.67,gogi,0.6,3,SIMILARITY_TOO_HIGH,,,osgogi,0.0,0.733,1.0,1.0,,,0.0,"proprietary mark, cardiovascular",brand,,brand,False,1.0,0.85
neldo,False,grammar,1,62.81,75.33,high,-20.33,-5.33,meld,0.6168,2,SIMILARITY_TOO_HIGH,,,neldo,0.0,1.0,1.0,1.0,,,0.0,"proprietary mark, cardiovascular",brand,,brand,False,1.0,0.654
bissiacue,True,grammar,1,60.86,63.16,moderate,-8.16,6.84,bisac,0.6678,4,,SIMILARITY_MODERATE,,bissiacue,0.0,0.822,1.0,1.0,,,0.001,"proprietary mark, cardiovascular",brand,,brand,False,1.0,0.69
barictra,False,grammar,1,60.62,78.65,high,-23.65,-8.65,arixtra,0.7905,3,SIMILARITY_TOO_HIGH|TRADEMARK_HIT,,,barictra,0.0,0.6,0.788,1.0,,,0.346,"proprietary mark, cardiovascular",brand,,brand,False,1.0,0.895
trueglera,True,grammar,1,58.9,60.92,moderate,-5.92,9.08,prunifera,0.6785,3,,SIMILARITY_MODERATE,,trueglera,0.0,0.822,0.683,1.0,,,0.091,"proprietary mark, cardiovascular",brand,,brand,False,1.0,0.806
pimihe,True,grammar,1,61.02,69.61,moderate,-14.61,0.39,epimide,0.6009,2,,SIMILARITY_MODERATE,,pimihe,0.0,0.733,1.0,1.0,,,0.0,"proprietary mark, cardiovascular",brand,,brand,False,1.0,0.783
tyzachi,True,grammar,1,60.87,64.99,moderate,-9.99,5.01,tygacil,0.6214,3,,SIMILARITY_MODERATE,,tyzachi,0.0,0.771,0.889,1.0,,,0.0,"proprietary mark, cardiovascular",brand,,brand,False,1.0,0.842
cunotre,True,grammar,1,59.81,63.73,moderate,-8.73,6.27,cuvitru,0.6028,2,,SIMILARITY_MODERATE,,cunotre,0.0,0.771,0.849,1.0,,,0.0,"proprietary mark, cardiovascular",brand,,brand,False,1.0,0.808
izabee,False,grammar,1,58.98,73.24,high,-18.24,-3.24,babee,0.6023,3,SIMILARITY_TOO_HIGH|TRADEMARK_HIT,,,izabee,0.0,0.517,1.0,1.0,,,0.0,"proprietary mark, cardiovascular",brand,,brand,False,1.0,0.85
gejogo,True,grammar,1,66.5,58.68,moderate,-3.68,11.32,genone,0.6003,3,,SIMILARITY_MODERATE,,gejogo,0.0,1.0,1.0,1.0,,,0.0,"proprietary mark, cardiovascular",brand,,brand,True,1.0,0.9
intaipai,True,grammar,1,60.29,62.01,moderate,-7.01,7.99,intimate,0.6085,3,,SIMILARITY_MODERATE,,intaipai,0.0,0.6,1.0,1.0,,,0.0,"proprietary mark, cardiovascular",brand,,brand,False,1.0,0.86
wavocle,True,grammar,1,59.81,65.22,moderate,-10.22,4.78,avaclyr,0.7052,2,,SIMILARITY_MODERATE,,wavocle,0.0,0.771,0.849,1.0,,,0.001,"proprietary mark, cardiovascular",brand,,brand,False,1.0,0.808
zazuna,True,grammar,1,66.5,65.06,moderate,-10.06,4.94,guazuma,0.6001,3,,SIMILARITY_MODERATE,,zazuna,0.0,1.0,1.0,1.0,,,0.0,"proprietary mark, cardiovascular",brand,,brand,True,1.0,0.9
fioldugi,True,grammar,1,61.88,56.89,moderate,-1.89,13.11,field,0.6,4,,SIMILARITY_MODERATE,,fioldugi,0.0,0.8,1.0,1.0,,,0.0,"proprietary mark, cardiovascular",brand,,brand,False,1.0,0.779
berci,False,grammar,1,58.33,78.75,high,-23.75,-8.75,percy,0.6107,2,SIMILARITY_TOO_HIGH|TRADEMARK_HIT,,,berci,0.0,0.68,1.0,1.0,,,0.0,"proprietary mark, cardiovascular",brand,,brand,False,1.0,0.654
viphonbo,True,grammar,1,60.48,57.43,moderate,-2.43,12.57,visions,0.6117,3,,SIMILARITY_MODERATE,,viphonbo,0.0,0.6,0.975,1.0,,,0.0,"proprietary mark, cardiovascular",brand,,brand,False,1.0,0.895
vettoigra,True,grammar,1,60.87,60.04,moderate,-5.04,9.96,vector,0.6198,3,,SIMILARITY_MODERATE,,vettoigra,0.0,0.822,0.874,1.0,,,0.002,"proprietary mark, cardiovascular",brand,,brand,False,1.0,0.806
zafin,False,ngram_guided,1,62.71,71.74,high,-16.74,-1.74,satin,0.6991,2,SIMILARITY_TOO_HIGH|TRADEMARK_HIT,,,zafin,0.0,0.68,1.0,1.0,,,0.43,"proprietary mark, cardiovascular",brand,,brand,False,1.0,0.717
numteral,True,ngram_guided,1,62.36,66.02,moderate,-11.02,3.98,temporal,0.6604,3,,SIMILARITY_MODERATE,,numteral,0.0,0.6,1.0,1.0,,,0.124,"proprietary mark, cardiovascular",brand,,brand,False,1.0,0.931
vonelonofil,True,ngram_guided,1,62.7,56.47,moderate,-1.47,13.53,lomotil,0.6763,5,,SIMILARITY_MODERATE,,vonelonofil,0.0,0.855,1.0,1.0,,,0.467,"proprietary mark, cardiovascular",brand,,brand,False,1.0,0.533
latine,False,ngram_guided,1,57.2,77.69,high,-22.69,-7.69,lactin,0.9986,2,SIMILARITY_TOO_HIGH|TRADEMARK_HIT,,,latine,0.0,0.3,1.0,1.0,,,0.281,"proprietary mark, cardiovascular",brand,,brand,False,1.0,0.783
hibfkeicid,True,ngram_guided,1,59.07,59.14,moderate,-4.14,10.86,hibiscus,0.6008,3,,SIMILARITY_MODERATE,,hibfkeicid,0.0,0.84,0.788,1.0,,,0.004,"proprietary mark, cardiovascular",brand,,brand,False,1.0,0.75
ceptodulcep,True,ngram_guided,1,57.51,58.44,moderate,-3.44,11.56,peptones,0.6819,4,,SIMILARITY_MODERATE|STEM_EMBEDDED_IN_BRAND,,ceptodulcep,0.0,0.668,0.975,1.0,,,0.463,"proprietary mark, cardiovascular",brand,,brand,False,0.8,0.6
bromide,False,ngram_guided,1,52.69,81.23,high,-26.23,-11.23,bromine,0.9822,2,SIMILARITY_TOO_HIGH|TRADEMARK_HIT,,,bromide,0.0,0.15,0.803,1.0,,,0.277,"proprietary mark, cardiovascular",brand,,brand,False,1.0,0.808
cucumb,False,ngram_guided,1,54.62,84.49,high,-29.49,-14.49,cucumber,0.6213,2,SIMILARITY_TOO_HIGH|TRADEMARK_HIT,,,cucumb,0.0,0.3,0.849,1.0,,,0.318,"proprietary mark, cardiovascular",brand,,brand,False,1.0,0.733
veoyrzal,True,ngram_guided,1,61.57,60.55,moderate,-5.55,9.45,feirza,0.6002,3,,SIMILARITY_MODERATE,,veoyrzal,0.0,0.8,0.889,1.0,,,0.004,"proprietary mark, cardiovascular",brand,,brand,False,1.0,0.86
parxdem,False,ngram_guided,1,56.77,70.83,high,-15.83,-0.83,barkstem,0.5203,2,SIMILARITY_TOO_HIGH,,,parxdem,0.0,0.771,0.67,1.0,,,0.011,"proprietary mark, cardiovascular",brand,,brand,False,1.0,0.767
delithergel,True,ngram_guided,1,62.93,61.67,moderate,-6.67,8.33,tridergel,0.9113,4,,SIMILARITY_MODERATE,,delithergel,0.0,0.668,0.975,1.0,,,0.741,"proprietary mark, cardiovascular",brand,,brand,True,1.0,0.6
okenapgo,False,ngram_guided,1,60.15,74.54,high,-19.54,-4.54,onapgo,0.6231,4,SIMILARITY_TOO_HIGH|TRADEMARK_HIT,,,okenapgo,0.0,0.6,1.0,1.0,,,0.067,"proprietary mark, cardiovascular",brand,,brand,False,1.0,0.814
medzryl,False,ngram_guided,1,59.77,70.52,high,-15.52,-0.52,cedryl,0.603,2,SIMILARITY_TOO_HIGH,,,medzryl,0.0,1.0,0.737,1.0,,,0.025,"proprietary mark, cardiovascular",brand,,brand,False,1.0,0.683
vivoyeason,True,ngram_guided,1,61.05,58.13,moderate,-3.13,11.87,season,0.7653,4,,SIMILARITY_MODERATE,,vivoyeason,0.0,0.65,1.0,1.0,,,0.327,"proprietary mark, cardiovascular",brand,,brand,False,1.0,0.689
altussincoc,True,ngram_guided,1,57.04,64.58,moderate,-9.58,5.42,siltussin,0.6941,4,,SIMILARITY_MODERATE,,altussincoc,0.0,0.295,0.951,1.0,,,0.747,"proprietary mark, cardiovascular",brand,,brand,False,1.0,0.575
volex,False,ngram_guided,1,56.66,87.76,high,-32.76,-17.76,dolex,0.8775,2,SIMILARITY_TOO_HIGH|TRADEMARK_HIT,,,volex,0.0,0.45,0.849,1.0,,,0.341,"proprietary mark, cardiovascular",brand,,brand,False,1.0,0.717
taragesic,False,ngram_guided,1,57.18,82.95,high,-27.95,-12.95,calagesic,0.856,4,SIMILARITY_TOO_HIGH|TRADEMARK_HIT,,,taragesic,0.0,0.239,1.0,1.0,,,0.386,"proprietary mark, cardiovascular",brand,,brand,False,1.0,0.783
posantin,False,ngram_guided,1,64.46,71.75,high,-16.75,-1.75,bosentan,0.9871,3,SIMILARITY_TOO_HIGH|TRADEMARK_HIT,,,posantin,0.0,0.6,1.0,1.0,,,0.387,"proprietary mark, cardiovascular",brand,,brand,False,1.0,0.931
minnorlodaf,True,ngram_guided,1,59.96,54.7,low,0.3,15.3,minor,0.6307,4,,,,minnorlodaf,0.012,0.855,0.975,1.0,,,0.007,"proprietary mark, cardiovascular",brand,,brand,False,1.0,0.6
dyremilex,True,ngram_guided,1,58.54,63.35,moderate,-8.35,6.65,arimidex,0.679,4,,SIMILARITY_MODERATE,,dyremilex,0.0,0.628,0.813,1.0,,,0.319,"proprietary mark, cardiovascular",brand,,brand,False,1.0,0.721
lybur,True,ngram_guided,1,53.1,63.61,moderate,-8.61,6.39,silybum,0.6328,2,,SIMILARITY_MODERATE,,lybur,0.0,0.45,0.889,1.0,,,0.06,"proprietary mark, cardiovascular",brand,,brand,False,1.0,0.592
atogammakra,True,ngram_guided,1,59.47,58.42,moderate,-3.42,11.58,gammaked,0.6514,5,,SIMILARITY_MODERATE,,atogammakra,0.0,0.482,0.915,1.0,,,0.959,"proprietary mark, cardiovascular",brand,,brand,False,1.0,0.483
alkine,False,ngram_guided,1,61.67,86.3,high,-31.3,-16.3,alkane,0.9601,2,SIMILARITY_TOO_HIGH|TRADEMARK_HIT,,,alkine,0.0,0.517,1.0,1.0,,,0.554,"proprietary mark, cardiovascular",brand,,brand,False,1.0,0.733
camta,False,ngram_guided,1,62.44,73.55,high,-18.55,-3.55,comtan,0.6892,2,SIMILARITY_TOO_HIGH|TRADEMARK_HIT,,,camta,0.0,0.68,1.0,1.0,,,0.513,"proprietary mark, cardiovascular",brand,,brand,False,1.0,0.654
posanxin,True,ngram_guided+refined,1,65.63,65.2,moderate,-10.2,4.8,brovanexine,0.8195,3,,SIMILARITY_MODERATE,posantin,posantin -> posanxin,0.0,0.8,0.899,1.0,,,0.359,"proprietary mark, cardiovascular",brand,,brand,True,1.0,0.931
nerdo,True,grammar+refined,1,58.33,69.0,moderate,-14.0,1.0,nerve,0.6115,2,,SIMILARITY_MODERATE,neldo,neldo -> nerdo,0.0,0.68,1.0,1.0,,,0.0,"proprietary mark, cardiovascular",brand,,brand,False,1.0,0.654
dupida,False,grammar+refined,1,62.77,71.5,high,-16.5,-1.5,puvida,0.6807,3,SIMILARITY_TOO_HIGH|TRADEMARK_HIT,,supida,supida -> dupida,0.0,0.733,1.0,1.0,,,0.001,"proprietary mark, cardiovascular",brand,,brand,False,1.0,0.9
dulida,False,grammar+refined,1,62.79,75.5,high,-20.5,-5.5,tulipa,0.7907,3,SIMILARITY_TOO_HIGH|TRADEMARK_HIT,,supida,supida -> dupida -> dulida,0.0,0.733,1.0,1.0,,,0.004,"proprietary mark, cardiovascular",brand,,brand,False,1.0,0.9
duleda,False,grammar+refined,1,62.83,80.17,high,-25.17,-10.17,dulera,0.6291,3,SIMILARITY_TOO_HIGH|TRADEMARK_HIT,,supida,supida -> dupida -> dulida -> duleda,0.0,0.733,1.0,1.0,,,0.007,"proprietary mark, cardiovascular",brand,,brand,False,1.0,0.9
bawano,True,grammar+refined,1,62.77,68.79,moderate,-13.79,1.21,banana,0.6011,3,,SIMILARITY_MODERATE,bamano,bamano -> bawano,0.0,0.733,1.0,1.0,,,0.0,"proprietary mark, cardiovascular",brand,,brand,False,1.0,0.9
zayin,False,ngram_guided+refined,1,63.75,72.36,high,-17.36,-2.36,zein,0.6243,2,SIMILARITY_TOO_HIGH,,zafin,zafin -> zayin,0.0,1.0,1.0,1.0,,,0.0,"proprietary mark, cardiovascular",brand,,brand,False,1.0,0.717
nayin,True,ngram_guided+refined,1,63.75,68.38,moderate,-13.38,1.62,maine,0.6324,2,,SIMILARITY_MODERATE,zafin,zafin -> zayin -> nayin,0.0,1.0,1.0,1.0,,,0.0,"proprietary mark, cardiovascular",brand,,brand,True,1.0,0.717
camfa,False,ngram_guided+refined,1,62.84,77.68,high,-22.68,-7.68,camph,0.6047,2,SIMILARITY_TOO_HIGH|TRADEMARK_HIT,,camta,camta -> camfa,0.0,1.0,1.0,1.0,,,0.004,"proprietary mark, cardiovascular",brand,,brand,False,1.0,0.654
camga,True,ngram_guided+refined,1,62.84,69.91,moderate,-14.91,0.09,cambia,0.6328,2,,SIMILARITY_MODERATE,camta,camta -> camfa -> camga,0.0,1.0,1.0,1.0,,,0.003,"proprietary mark, cardiovascular",brand,,brand,True,1.0,0.654
otgogi,False,grammar+refined,1,62.02,71.67,high,-16.67,-1.67,gogi,0.6,3,SIMILARITY_TOO_HIGH,,osgogi,osgogi -> otgogi,0.0,0.733,1.0,1.0,,,0.0,"proprietary mark, cardiovascular",brand,,brand,False,1.0,0.85
otfogi,True,grammar+refined,1,67.03,53.67,low,1.33,16.33,motpoly,0.6,3,,,osgogi,osgogi -> otgogi -> otfogi,0.053,1.0,1.0,1.0,,,0.0,"proprietary mark, cardiovascular",brand,,brand,True,1.0,0.85
alqine,False,ngram_guided+refined,1,64.05,79.13,high,-24.13,-9.13,alpine,0.6739,2,SIMILARITY_TOO_HIGH|TRADEMARK_HIT,,alkine,alkine -> alqine,0.0,1.0,1.0,1.0,,,0.006,"proprietary mark, cardiovascular",brand,,brand,False,1.0,0.733
alqane,False,ngram_guided+refined,1,64.03,79.13,high,-24.13,-9.13,alkane,0.604,2,SIMILARITY_TOO_HIGH|TRADEMARK_HIT,,alkine,alkine -> alqine -> alqane,0.0,1.0,1.0,1.0,,,0.004,"proprietary mark, cardiovascular",brand,,brand,False,1.0,0.733
aldane,False,ngram_guided+refined,1,61.64,83.43,high,-28.43,-13.43,alkane,0.8055,2,SIMILARITY_TOO_HIGH|TRADEMARK_HIT,,alkine,alkine -> alqine -> alqane -> aldane,0.0,0.733,1.0,1.0,,,0.172,"proprietary mark, cardiovascular",brand,,brand,False,1.0,0.733
doqomi,True,grammar,1,66.5,61.81,moderate,-6.81,8.19,atomy,0.6003,3,,SIMILARITY_MODERATE,,doqomi,0.0,1.0,1.0,1.0,,,0.0,"proprietary mark, oncology",brand,,brand,True,1.0,0.9
supida,False,grammar,1,62.77,71.5,high,-16.5,-1.5,puvida,0.8758,3,SIMILARITY_TOO_HIGH|TRADEMARK_HIT,,,supida,0.0,0.733,1.0,1.0,,,0.001,"proprietary mark, oncology",brand,,brand,False,1.0,0.9
bexege,True,grammar,1,64.75,65.0,moderate,-10.0,5.0,excede,0.6066,2,,SIMILARITY_MODERATE,,bexege,0.0,1.0,1.0,1.0,,,0.0,"proprietary mark, oncology",brand,,brand,True,1.0,0.783
bamano,False,grammar,1,62.77,79.75,high,-24.75,-9.75,banana,0.6552,3,SIMILARITY_TOO_HIGH|TRADEMARK_HIT,,,bamano,0.0,0.733,1.0,1.0,,,0.001,"proprietary mark, oncology",brand,,brand,False,1.0,0.9
delulia,True,grammar,1,61.95,65.52,moderate,-10.52,4.48,gelusil,0.668,4,,SIMILARITY_MODERATE,,delulia,0.0,0.771,1.0,1.0,,,0.003,"proprietary mark, oncology",brand,,brand,False,1.0,0.808
trunhalo,True,grammar,1,61.39,65.31,moderate,-10.31,4.69,trehalose,0.6103,3,,SIMILARITY_MODERATE,,trunhalo,0.0,0.8,0.829,1.0,,,0.019,"proprietary mark, oncology",brand,,brand,False,1.0,0.895
bantahi,True,grammar,1,63.72,68.24,moderate,-13.24,1.76,bancha,0.6497,3,,SIMILARITY_MODERATE,,bantahi,0.0,0.771,1.0,1.0,,,0.005,"proprietary mark, oncology",brand,,brand,True,1.0,0.925
osgogi,False,grammar,1,62.02,71.67,high,-16.67,-1.67,gogi,0.6,3,SIMILARITY_TOO_HIGH,,,osgogi,0.0,0.733,1.0,1.0,,,0.0,"proprietary mark, oncology",brand,,brand,False,1.0,0.85
neldo,False,grammar,1,62.81,75.33,high,-20.33,-5.33,meld,0.6168,2,SIMILARITY_TOO_HIGH,,,neldo,0.0,1.0,1.0,1.0,,,0.0,"proprietary mark, oncology",brand,,brand,False,1.0,0.654
bissiacue,True,grammar,1,60.86,63.16,moderate,-8.16,6.84,bisac,0.6678,4,,SIMILARITY_MODERATE,,bissiacue,0.0,0.822,1.0,1.0,,,0.001,"proprietary mark, oncology",brand,,brand,False,1.0,0.69
barictra,False,grammar,1,60.62,78.65,high,-23.65,-8.65,arixtra,0.7905,3,SIMILARITY_TOO_HIGH|TRADEMARK_HIT,,,barictra,0.0,0.6,0.788,1.0,,,0.346,"proprietary mark, oncology",brand,,brand,False,1.0,0.895
trueglera,True,grammar,1,58.9,60.92,moderate,-5.92,9.08,prunifera,0.6785,3,,SIMILARITY_MODERATE,,trueglera,0.0,0.822,0.683,1.0,,,0.091,"proprietary mark, oncology",brand,,brand,False,1.0,0.806
pimihe,True,grammar,1,61.02,69.61,moderate,-14.61,0.39,epimide,0.6009,2,,SIMILARITY_MODERATE,,pimihe,0.0,0.733,1.0,1.0,,,0.0,"proprietary mark, oncology",brand,,brand,False,1.0,0.783
tyzachi,True,grammar,1,60.87,64.99,moderate,-9.99,5.01,tygacil,0.6214,3,,SIMILARITY_MODERATE,,tyzachi,0.0,0.771,0.889,1.0,,,0.0,"proprietary mark, oncology",brand,,brand,False,1.0,0.842
cunotre,True,grammar,1,59.81,63.73,moderate,-8.73,6.27,cuvitru,0.6028,2,,SIMILARITY_MODERATE,,cunotre,0.0,0.771,0.849,1.0,,,0.0,"proprietary mark, oncology",brand,,brand,False,1.0,0.808
izabee,False,grammar,1,58.98,73.24,high,-18.24,-3.24,babee,0.6023,3,SIMILARITY_TOO_HIGH|TRADEMARK_HIT,,,izabee,0.0,0.517,1.0,1.0,,,0.0,"proprietary mark, oncology",brand,,brand,False,1.0,0.85
gejogo,True,grammar,1,66.5,58.68,moderate,-3.68,11.32,genone,0.6003,3,,SIMILARITY_MODERATE,,gejogo,0.0,1.0,1.0,1.0,,,0.0,"proprietary mark, oncology",brand,,brand,True,1.0,0.9
intaipai,True,grammar,1,60.29,62.01,moderate,-7.01,7.99,intimate,0.6085,3,,SIMILARITY_MODERATE,,intaipai,0.0,0.6,1.0,1.0,,,0.0,"proprietary mark, oncology",brand,,brand,False,1.0,0.86
wavocle,True,grammar,1,59.81,65.22,moderate,-10.22,4.78,avaclyr,0.7052,2,,SIMILARITY_MODERATE,,wavocle,0.0,0.771,0.849,1.0,,,0.001,"proprietary mark, oncology",brand,,brand,False,1.0,0.808
zazuna,True,grammar,1,66.5,65.06,moderate,-10.06,4.94,guazuma,0.6001,3,,SIMILARITY_MODERATE,,zazuna,0.0,1.0,1.0,1.0,,,0.0,"proprietary mark, oncology",brand,,brand,True,1.0,0.9
fioldugi,True,grammar,1,61.88,56.89,moderate,-1.89,13.11,field,0.6,4,,SIMILARITY_MODERATE,,fioldugi,0.0,0.8,1.0,1.0,,,0.0,"proprietary mark, oncology",brand,,brand,False,1.0,0.779
berci,False,grammar,1,58.33,78.75,high,-23.75,-8.75,percy,0.6107,2,SIMILARITY_TOO_HIGH|TRADEMARK_HIT,,,berci,0.0,0.68,1.0,1.0,,,0.0,"proprietary mark, oncology",brand,,brand,False,1.0,0.654
viphonbo,True,grammar,1,60.48,57.43,moderate,-2.43,12.57,visions,0.6117,3,,SIMILARITY_MODERATE,,viphonbo,0.0,0.6,0.975,1.0,,,0.0,"proprietary mark, oncology",brand,,brand,False,1.0,0.895
vettoigra,True,grammar,1,60.87,60.04,moderate,-5.04,9.96,vector,0.6198,3,,SIMILARITY_MODERATE,,vettoigra,0.0,0.822,0.874,1.0,,,0.002,"proprietary mark, oncology",brand,,brand,False,1.0,0.806
zafin,False,ngram_guided,1,62.71,71.74,high,-16.74,-1.74,satin,0.6991,2,SIMILARITY_TOO_HIGH|TRADEMARK_HIT,,,zafin,0.0,0.68,1.0,1.0,,,0.43,"proprietary mark, oncology",brand,,brand,False,1.0,0.717
numteral,True,ngram_guided,1,62.36,66.02,moderate,-11.02,3.98,temporal,0.6604,3,,SIMILARITY_MODERATE,,numteral,0.0,0.6,1.0,1.0,,,0.124,"proprietary mark, oncology",brand,,brand,False,1.0,0.931
vonelonofil,True,ngram_guided,1,62.7,56.47,moderate,-1.47,13.53,lomotil,0.6763,5,,SIMILARITY_MODERATE,,vonelonofil,0.0,0.855,1.0,1.0,,,0.467,"proprietary mark, oncology",brand,,brand,False,1.0,0.533
latine,False,ngram_guided,1,57.2,77.69,high,-22.69,-7.69,lactin,0.9986,2,SIMILARITY_TOO_HIGH|TRADEMARK_HIT,,,latine,0.0,0.3,1.0,1.0,,,0.281,"proprietary mark, oncology",brand,,brand,False,1.0,0.783
hibfkeicid,True,ngram_guided,1,59.07,59.14,moderate,-4.14,10.86,hibiscus,0.6008,3,,SIMILARITY_MODERATE,,hibfkeicid,0.0,0.84,0.788,1.0,,,0.004,"proprietary mark, oncology",brand,,brand,False,1.0,0.75
ceptodulcep,True,ngram_guided,1,57.51,58.44,moderate,-3.44,11.56,peptones,0.6819,4,,SIMILARITY_MODERATE|STEM_EMBEDDED_IN_BRAND,,ceptodulcep,0.0,0.668,0.975,1.0,,,0.463,"proprietary mark, oncology",brand,,brand,False,0.8,0.6
bromide,False,ngram_guided,1,52.69,81.23,high,-26.23,-11.23,bromine,0.9822,2,SIMILARITY_TOO_HIGH|TRADEMARK_HIT,,,bromide,0.0,0.15,0.803,1.0,,,0.277,"proprietary mark, oncology",brand,,brand,False,1.0,0.808
cucumb,False,ngram_guided,1,54.62,84.49,high,-29.49,-14.49,cucumber,0.6213,2,SIMILARITY_TOO_HIGH|TRADEMARK_HIT,,,cucumb,0.0,0.3,0.849,1.0,,,0.318,"proprietary mark, oncology",brand,,brand,False,1.0,0.733
veoyrzal,True,ngram_guided,1,61.57,60.55,moderate,-5.55,9.45,feirza,0.6002,3,,SIMILARITY_MODERATE,,veoyrzal,0.0,0.8,0.889,1.0,,,0.004,"proprietary mark, oncology",brand,,brand,False,1.0,0.86
parxdem,False,ngram_guided,1,56.77,70.83,high,-15.83,-0.83,barkstem,0.5203,2,SIMILARITY_TOO_HIGH,,,parxdem,0.0,0.771,0.67,1.0,,,0.011,"proprietary mark, oncology",brand,,brand,False,1.0,0.767
delithergel,True,ngram_guided,1,62.93,61.67,moderate,-6.67,8.33,tridergel,0.9113,4,,SIMILARITY_MODERATE,,delithergel,0.0,0.668,0.975,1.0,,,0.741,"proprietary mark, oncology",brand,,brand,True,1.0,0.6
okenapgo,False,ngram_guided,1,60.15,74.54,high,-19.54,-4.54,onapgo,0.6231,4,SIMILARITY_TOO_HIGH|TRADEMARK_HIT,,,okenapgo,0.0,0.6,1.0,1.0,,,0.067,"proprietary mark, oncology",brand,,brand,False,1.0,0.814
medzryl,False,ngram_guided,1,59.77,70.52,high,-15.52,-0.52,cedryl,0.603,2,SIMILARITY_TOO_HIGH,,,medzryl,0.0,1.0,0.737,1.0,,,0.025,"proprietary mark, oncology",brand,,brand,False,1.0,0.683
vivoyeason,True,ngram_guided,1,61.05,58.13,moderate,-3.13,11.87,season,0.7653,4,,SIMILARITY_MODERATE,,vivoyeason,0.0,0.65,1.0,1.0,,,0.327,"proprietary mark, oncology",brand,,brand,False,1.0,0.689
altussincoc,True,ngram_guided,1,57.04,64.58,moderate,-9.58,5.42,siltussin,0.6941,4,,SIMILARITY_MODERATE,,altussincoc,0.0,0.295,0.951,1.0,,,0.747,"proprietary mark, oncology",brand,,brand,False,1.0,0.575
volex,False,ngram_guided,1,56.66,87.76,high,-32.76,-17.76,dolex,0.8775,2,SIMILARITY_TOO_HIGH|TRADEMARK_HIT,,,volex,0.0,0.45,0.849,1.0,,,0.341,"proprietary mark, oncology",brand,,brand,False,1.0,0.717
taragesic,False,ngram_guided,1,57.18,82.95,high,-27.95,-12.95,calagesic,0.856,4,SIMILARITY_TOO_HIGH|TRADEMARK_HIT,,,taragesic,0.0,0.239,1.0,1.0,,,0.386,"proprietary mark, oncology",brand,,brand,False,1.0,0.783
posantin,False,ngram_guided,1,64.46,71.75,high,-16.75,-1.75,bosentan,0.9871,3,SIMILARITY_TOO_HIGH|TRADEMARK_HIT,,,posantin,0.0,0.6,1.0,1.0,,,0.387,"proprietary mark, oncology",brand,,brand,False,1.0,0.931
minnorlodaf,True,ngram_guided,1,59.96,54.7,low,0.3,15.3,minor,0.6307,4,,,,minnorlodaf,0.012,0.855,0.975,1.0,,,0.007,"proprietary mark, oncology",brand,,brand,False,1.0,0.6
dyremilex,True,ngram_guided,1,58.54,63.35,moderate,-8.35,6.65,arimidex,0.679,4,,SIMILARITY_MODERATE,,dyremilex,0.0,0.628,0.813,1.0,,,0.319,"proprietary mark, oncology",brand,,brand,False,1.0,0.721
lybur,True,ngram_guided,1,53.1,63.61,moderate,-8.61,6.39,silybum,0.6328,2,,SIMILARITY_MODERATE,,lybur,0.0,0.45,0.889,1.0,,,0.06,"proprietary mark, oncology",brand,,brand,False,1.0,0.592
atogammakra,True,ngram_guided,1,59.47,58.42,moderate,-3.42,11.58,gammaked,0.6514,5,,SIMILARITY_MODERATE,,atogammakra,0.0,0.482,0.915,1.0,,,0.959,"proprietary mark, oncology",brand,,brand,False,1.0,0.483
alkine,False,ngram_guided,1,61.67,86.3,high,-31.3,-16.3,alkane,0.9601,2,SIMILARITY_TOO_HIGH|TRADEMARK_HIT,,,alkine,0.0,0.517,1.0,1.0,,,0.554,"proprietary mark, oncology",brand,,brand,False,1.0,0.733
camta,False,ngram_guided,1,62.44,73.55,high,-18.55,-3.55,comtan,0.6892,2,SIMILARITY_TOO_HIGH|TRADEMARK_HIT,,,camta,0.0,0.68,1.0,1.0,,,0.513,"proprietary mark, oncology",brand,,brand,False,1.0,0.654
posanxin,True,ngram_guided+refined,1,65.63,65.2,moderate,-10.2,4.8,brovanexine,0.8195,3,,SIMILARITY_MODERATE,posantin,posantin -> posanxin,0.0,0.8,0.899,1.0,,,0.359,"proprietary mark, oncology",brand,,brand,True,1.0,0.931
nerdo,True,grammar+refined,1,58.33,69.0,moderate,-14.0,1.0,nerve,0.6115,2,,SIMILARITY_MODERATE,neldo,neldo -> nerdo,0.0,0.68,1.0,1.0,,,0.0,"proprietary mark, oncology",brand,,brand,False,1.0,0.654
dupida,False,grammar+refined,1,62.77,71.5,high,-16.5,-1.5,puvida,0.6807,3,SIMILARITY_TOO_HIGH|TRADEMARK_HIT,,supida,supida -> dupida,0.0,0.733,1.0,1.0,,,0.001,"proprietary mark, oncology",brand,,brand,False,1.0,0.9
dulida,False,grammar+refined,1,62.79,75.5,high,-20.5,-5.5,tulipa,0.7907,3,SIMILARITY_TOO_HIGH|TRADEMARK_HIT,,supida,supida -> dupida -> dulida,0.0,0.733,1.0,1.0,,,0.004,"proprietary mark, oncology",brand,,brand,False,1.0,0.9
duleda,False,grammar+refined,1,62.83,80.17,high,-25.17,-10.17,dulera,0.6291,3,SIMILARITY_TOO_HIGH|TRADEMARK_HIT,,supida,supida -> dupida -> dulida -> duleda,0.0,0.733,1.0,1.0,,,0.007,"proprietary mark, oncology",brand,,brand,False,1.0,0.9
bawano,True,grammar+refined,1,62.77,68.79,moderate,-13.79,1.21,banana,0.6011,3,,SIMILARITY_MODERATE,bamano,bamano -> bawano,0.0,0.733,1.0,1.0,,,0.0,"proprietary mark, oncology",brand,,brand,False,1.0,0.9
zayin,False,ngram_guided+refined,1,63.75,72.36,high,-17.36,-2.36,zein,0.6243,2,SIMILARITY_TOO_HIGH,,zafin,zafin -> zayin,0.0,1.0,1.0,1.0,,,0.0,"proprietary mark, oncology",brand,,brand,False,1.0,0.717
nayin,True,ngram_guided+refined,1,63.75,68.38,moderate,-13.38,1.62,maine,0.6324,2,,SIMILARITY_MODERATE,zafin,zafin -> zayin -> nayin,0.0,1.0,1.0,1.0,,,0.0,"proprietary mark, oncology",brand,,brand,True,1.0,0.717
camfa,False,ngram_guided+refined,1,62.84,77.68,high,-22.68,-7.68,camph,0.6047,2,SIMILARITY_TOO_HIGH|TRADEMARK_HIT,,camta,camta -> camfa,0.0,1.0,1.0,1.0,,,0.004,"proprietary mark, oncology",brand,,brand,False,1.0,0.654
camga,True,ngram_guided+refined,1,62.84,69.91,moderate,-14.91,0.09,cambia,0.6328,2,,SIMILARITY_MODERATE,camta,camta -> camfa -> camga,0.0,1.0,1.0,1.0,,,0.003,"proprietary mark, oncology",brand,,brand,True,1.0,0.654
otgogi,False,grammar+refined,1,62.02,71.67,high,-16.67,-1.67,gogi,0.6,3,SIMILARITY_TOO_HIGH,,osgogi,osgogi -> otgogi,0.0,0.733,1.0,1.0,,,0.0,"proprietary mark, oncology",brand,,brand,False,1.0,0.85
otfogi,True,grammar+refined,1,67.03,53.67,low,1.33,16.33,motpoly,0.6,3,,,osgogi,osgogi -> otgogi -> otfogi,0.053,1.0,1.0,1.0,,,0.0,"proprietary mark, oncology",brand,,brand,True,1.0,0.85
alqine,False,ngram_guided+refined,1,64.05,79.13,high,-24.13,-9.13,alpine,0.6739,2,SIMILARITY_TOO_HIGH|TRADEMARK_HIT,,alkine,alkine -> alqine,0.0,1.0,1.0,1.0,,,0.006,"proprietary mark, oncology",brand,,brand,False,1.0,0.733
alqane,False,ngram_guided+refined,1,64.03,79.13,high,-24.13,-9.13,alkane,0.604,2,SIMILARITY_TOO_HIGH|TRADEMARK_HIT,,alkine,alkine -> alqine -> alqane,0.0,1.0,1.0,1.0,,,0.004,"proprietary mark, oncology",brand,,brand,False,1.0,0.733
aldane,False,ngram_guided+refined,1,61.64,83.43,high,-28.43,-13.43,alkane,0.8055,2,SIMILARITY_TOO_HIGH|TRADEMARK_HIT,,alkine,alkine -> alqine -> alqane -> aldane,0.0,0.733,1.0,1.0,,,0.172,"proprietary mark, oncology",brand,,brand,False,1.0,0.733
doqomi,True,grammar,1,66.5,61.81,moderate,-6.81,8.19,atomy,0.6003,3,,SIMILARITY_MODERATE,,doqomi,0.0,1.0,1.0,1.0,,,0.0,"proprietary mark, CNS / neurology",brand,,brand,True,1.0,0.9
supida,False,grammar,1,62.77,71.5,high,-16.5,-1.5,puvida,0.8758,3,SIMILARITY_TOO_HIGH|TRADEMARK_HIT,,,supida,0.0,0.733,1.0,1.0,,,0.001,"proprietary mark, CNS / neurology",brand,,brand,False,1.0,0.9
bexege,True,grammar,1,64.75,65.0,moderate,-10.0,5.0,excede,0.6066,2,,SIMILARITY_MODERATE,,bexege,0.0,1.0,1.0,1.0,,,0.0,"proprietary mark, CNS / neurology",brand,,brand,True,1.0,0.783
bamano,False,grammar,1,62.77,79.75,high,-24.75,-9.75,banana,0.6552,3,SIMILARITY_TOO_HIGH|TRADEMARK_HIT,,,bamano,0.0,0.733,1.0,1.0,,,0.001,"proprietary mark, CNS / neurology",brand,,brand,False,1.0,0.9
delulia,True,grammar,1,61.95,65.52,moderate,-10.52,4.48,gelusil,0.668,4,,SIMILARITY_MODERATE,,delulia,0.0,0.771,1.0,1.0,,,0.003,"proprietary mark, CNS / neurology",brand,,brand,False,1.0,0.808
trunhalo,True,grammar,1,61.39,65.31,moderate,-10.31,4.69,trehalose,0.6103,3,,SIMILARITY_MODERATE,,trunhalo,0.0,0.8,0.829,1.0,,,0.019,"proprietary mark, CNS / neurology",brand,,brand,False,1.0,0.895
bantahi,True,grammar,1,63.72,68.24,moderate,-13.24,1.76,bancha,0.6497,3,,SIMILARITY_MODERATE,,bantahi,0.0,0.771,1.0,1.0,,,0.005,"proprietary mark, CNS / neurology",brand,,brand,True,1.0,0.925
osgogi,False,grammar,1,62.02,71.67,high,-16.67,-1.67,gogi,0.6,3,SIMILARITY_TOO_HIGH,,,osgogi,0.0,0.733,1.0,1.0,,,0.0,"proprietary mark, CNS / neurology",brand,,brand,False,1.0,0.85
neldo,False,grammar,1,62.81,75.33,high,-20.33,-5.33,meld,0.6168,2,SIMILARITY_TOO_HIGH,,,neldo,0.0,1.0,1.0,1.0,,,0.0,"proprietary mark, CNS / neurology",brand,,brand,False,1.0,0.654
bissiacue,True,grammar,1,60.86,63.16,moderate,-8.16,6.84,bisac,0.6678,4,,SIMILARITY_MODERATE,,bissiacue,0.0,0.822,1.0,1.0,,,0.001,"proprietary mark, CNS / neurology",brand,,brand,False,1.0,0.69
barictra,False,grammar,1,60.62,78.65,high,-23.65,-8.65,arixtra,0.7905,3,SIMILARITY_TOO_HIGH|TRADEMARK_HIT,,,barictra,0.0,0.6,0.788,1.0,,,0.346,"proprietary mark, CNS / neurology",brand,,brand,False,1.0,0.895
trueglera,True,grammar,1,58.9,60.92,moderate,-5.92,9.08,prunifera,0.6785,3,,SIMILARITY_MODERATE,,trueglera,0.0,0.822,0.683,1.0,,,0.091,"proprietary mark, CNS / neurology",brand,,brand,False,1.0,0.806
pimihe,True,grammar,1,61.02,69.61,moderate,-14.61,0.39,epimide,0.6009,2,,SIMILARITY_MODERATE,,pimihe,0.0,0.733,1.0,1.0,,,0.0,"proprietary mark, CNS / neurology",brand,,brand,False,1.0,0.783
tyzachi,True,grammar,1,60.87,64.99,moderate,-9.99,5.01,tygacil,0.6214,3,,SIMILARITY_MODERATE,,tyzachi,0.0,0.771,0.889,1.0,,,0.0,"proprietary mark, CNS / neurology",brand,,brand,False,1.0,0.842
cunotre,True,grammar,1,59.81,63.73,moderate,-8.73,6.27,cuvitru,0.6028,2,,SIMILARITY_MODERATE,,cunotre,0.0,0.771,0.849,1.0,,,0.0,"proprietary mark, CNS / neurology",brand,,brand,False,1.0,0.808
izabee,False,grammar,1,58.98,73.24,high,-18.24,-3.24,babee,0.6023,3,SIMILARITY_TOO_HIGH|TRADEMARK_HIT,,,izabee,0.0,0.517,1.0,1.0,,,0.0,"proprietary mark, CNS / neurology",brand,,brand,False,1.0,0.85
gejogo,True,grammar,1,66.5,58.68,moderate,-3.68,11.32,genone,0.6003,3,,SIMILARITY_MODERATE,,gejogo,0.0,1.0,1.0,1.0,,,0.0,"proprietary mark, CNS / neurology",brand,,brand,True,1.0,0.9
intaipai,True,grammar,1,60.29,62.01,moderate,-7.01,7.99,intimate,0.6085,3,,SIMILARITY_MODERATE,,intaipai,0.0,0.6,1.0,1.0,,,0.0,"proprietary mark, CNS / neurology",brand,,brand,False,1.0,0.86
wavocle,True,grammar,1,59.81,65.22,moderate,-10.22,4.78,avaclyr,0.7052,2,,SIMILARITY_MODERATE,,wavocle,0.0,0.771,0.849,1.0,,,0.001,"proprietary mark, CNS / neurology",brand,,brand,False,1.0,0.808
zazuna,True,grammar,1,66.5,65.06,moderate,-10.06,4.94,guazuma,0.6001,3,,SIMILARITY_MODERATE,,zazuna,0.0,1.0,1.0,1.0,,,0.0,"proprietary mark, CNS / neurology",brand,,brand,True,1.0,0.9
fioldugi,True,grammar,1,61.88,56.89,moderate,-1.89,13.11,field,0.6,4,,SIMILARITY_MODERATE,,fioldugi,0.0,0.8,1.0,1.0,,,0.0,"proprietary mark, CNS / neurology",brand,,brand,False,1.0,0.779
berci,False,grammar,1,58.33,78.75,high,-23.75,-8.75,percy,0.6107,2,SIMILARITY_TOO_HIGH|TRADEMARK_HIT,,,berci,0.0,0.68,1.0,1.0,,,0.0,"proprietary mark, CNS / neurology",brand,,brand,False,1.0,0.654
viphonbo,True,grammar,1,60.48,57.43,moderate,-2.43,12.57,visions,0.6117,3,,SIMILARITY_MODERATE,,viphonbo,0.0,0.6,0.975,1.0,,,0.0,"proprietary mark, CNS / neurology",brand,,brand,False,1.0,0.895
vettoigra,True,grammar,1,60.87,60.04,moderate,-5.04,9.96,vector,0.6198,3,,SIMILARITY_MODERATE,,vettoigra,0.0,0.822,0.874,1.0,,,0.002,"proprietary mark, CNS / neurology",brand,,brand,False,1.0,0.806
zafin,False,ngram_guided,1,62.71,71.74,high,-16.74,-1.74,satin,0.6991,2,SIMILARITY_TOO_HIGH|TRADEMARK_HIT,,,zafin,0.0,0.68,1.0,1.0,,,0.43,"proprietary mark, CNS / neurology",brand,,brand,False,1.0,0.717
numteral,True,ngram_guided,1,62.36,66.02,moderate,-11.02,3.98,temporal,0.6604,3,,SIMILARITY_MODERATE,,numteral,0.0,0.6,1.0,1.0,,,0.124,"proprietary mark, CNS / neurology",brand,,brand,False,1.0,0.931
vonelonofil,True,ngram_guided,1,62.7,56.47,moderate,-1.47,13.53,lomotil,0.6763,5,,SIMILARITY_MODERATE,,vonelonofil,0.0,0.855,1.0,1.0,,,0.467,"proprietary mark, CNS / neurology",brand,,brand,False,1.0,0.533
latine,False,ngram_guided,1,57.2,77.69,high,-22.69,-7.69,lactin,0.9986,2,SIMILARITY_TOO_HIGH|TRADEMARK_HIT,,,latine,0.0,0.3,1.0,1.0,,,0.281,"proprietary mark, CNS / neurology",brand,,brand,False,1.0,0.783
hibfkeicid,True,ngram_guided,1,59.07,59.14,moderate,-4.14,10.86,hibiscus,0.6008,3,,SIMILARITY_MODERATE,,hibfkeicid,0.0,0.84,0.788,1.0,,,0.004,"proprietary mark, CNS / neurology",brand,,brand,False,1.0,0.75
ceptodulcep,True,ngram_guided,1,57.51,58.44,moderate,-3.44,11.56,peptones,0.6819,4,,SIMILARITY_MODERATE|STEM_EMBEDDED_IN_BRAND,,ceptodulcep,0.0,0.668,0.975,1.0,,,0.463,"proprietary mark, CNS / neurology",brand,,brand,False,0.8,0.6
bromide,False,ngram_guided,1,52.69,81.23,high,-26.23,-11.23,bromine,0.9822,2,SIMILARITY_TOO_HIGH|TRADEMARK_HIT,,,bromide,0.0,0.15,0.803,1.0,,,0.277,"proprietary mark, CNS / neurology",brand,,brand,False,1.0,0.808
cucumb,False,ngram_guided,1,54.62,84.49,high,-29.49,-14.49,cucumber,0.6213,2,SIMILARITY_TOO_HIGH|TRADEMARK_HIT,,,cucumb,0.0,0.3,0.849,1.0,,,0.318,"proprietary mark, CNS / neurology",brand,,brand,False,1.0,0.733
veoyrzal,True,ngram_guided,1,61.57,60.55,moderate,-5.55,9.45,feirza,0.6002,3,,SIMILARITY_MODERATE,,veoyrzal,0.0,0.8,0.889,1.0,,,0.004,"proprietary mark, CNS / neurology",brand,,brand,False,1.0,0.86
parxdem,False,ngram_guided,1,56.77,70.83,high,-15.83,-0.83,barkstem,0.5203,2,SIMILARITY_TOO_HIGH,,,parxdem,0.0,0.771,0.67,1.0,,,0.011,"proprietary mark, CNS / neurology",brand,,brand,False,1.0,0.767
delithergel,True,ngram_guided,1,62.93,61.67,moderate,-6.67,8.33,tridergel,0.9113,4,,SIMILARITY_MODERATE,,delithergel,0.0,0.668,0.975,1.0,,,0.741,"proprietary mark, CNS / neurology",brand,,brand,True,1.0,0.6
okenapgo,False,ngram_guided,1,60.15,74.54,high,-19.54,-4.54,onapgo,0.6231,4,SIMILARITY_TOO_HIGH|TRADEMARK_HIT,,,okenapgo,0.0,0.6,1.0,1.0,,,0.067,"proprietary mark, CNS / neurology",brand,,brand,False,1.0,0.814
medzryl,False,ngram_guided,1,59.77,70.52,high,-15.52,-0.52,cedryl,0.603,2,SIMILARITY_TOO_HIGH,,,medzryl,0.0,1.0,0.737,1.0,,,0.025,"proprietary mark, CNS / neurology",brand,,brand,False,1.0,0.683
vivoyeason,True,ngram_guided,1,61.05,58.13,moderate,-3.13,11.87,season,0.7653,4,,SIMILARITY_MODERATE,,vivoyeason,0.0,0.65,1.0,1.0,,,0.327,"proprietary mark, CNS / neurology",brand,,brand,False,1.0,0.689
altussincoc,True,ngram_guided,1,57.04,64.58,moderate,-9.58,5.42,siltussin,0.6941,4,,SIMILARITY_MODERATE,,altussincoc,0.0,0.295,0.951,1.0,,,0.747,"proprietary mark, CNS / neurology",brand,,brand,False,1.0,0.575
volex,False,ngram_guided,1,56.66,87.76,high,-32.76,-17.76,dolex,0.8775,2,SIMILARITY_TOO_HIGH|TRADEMARK_HIT,,,volex,0.0,0.45,0.849,1.0,,,0.341,"proprietary mark, CNS / neurology",brand,,brand,False,1.0,0.717
taragesic,False,ngram_guided,1,57.18,82.95,high,-27.95,-12.95,calagesic,0.856,4,SIMILARITY_TOO_HIGH|TRADEMARK_HIT,,,taragesic,0.0,0.239,1.0,1.0,,,0.386,"proprietary mark, CNS / neurology",brand,,brand,False,1.0,0.783
posantin,False,ngram_guided,1,64.46,71.75,high,-16.75,-1.75,bosentan,0.9871,3,SIMILARITY_TOO_HIGH|TRADEMARK_HIT,,,posantin,0.0,0.6,1.0,1.0,,,0.387,"proprietary mark, CNS / neurology",brand,,brand,False,1.0,0.931
minnorlodaf,True,ngram_guided,1,59.96,54.7,low,0.3,15.3,minor,0.6307,4,,,,minnorlodaf,0.012,0.855,0.975,1.0,,,0.007,"proprietary mark, CNS / neurology",brand,,brand,False,1.0,0.6
dyremilex,True,ngram_guided,1,58.54,63.35,moderate,-8.35,6.65,arimidex,0.679,4,,SIMILARITY_MODERATE,,dyremilex,0.0,0.628,0.813,1.0,,,0.319,"proprietary mark, CNS / neurology",brand,,brand,False,1.0,0.721
lybur,True,ngram_guided,1,53.1,63.61,moderate,-8.61,6.39,silybum,0.6328,2,,SIMILARITY_MODERATE,,lybur,0.0,0.45,0.889,1.0,,,0.06,"proprietary mark, CNS / neurology",brand,,brand,False,1.0,0.592
atogammakra,True,ngram_guided,1,59.47,58.42,moderate,-3.42,11.58,gammaked,0.6514,5,,SIMILARITY_MODERATE,,atogammakra,0.0,0.482,0.915,1.0,,,0.959,"proprietary mark, CNS / neurology",brand,,brand,False,1.0,0.483
alkine,False,ngram_guided,1,61.67,86.3,high,-31.3,-16.3,alkane,0.9601,2,SIMILARITY_TOO_HIGH|TRADEMARK_HIT,,,alkine,0.0,0.517,1.0,1.0,,,0.554,"proprietary mark, CNS / neurology",brand,,brand,False,1.0,0.733
camta,False,ngram_guided,1,62.44,73.55,high,-18.55,-3.55,comtan,0.6892,2,SIMILARITY_TOO_HIGH|TRADEMARK_HIT,,,camta,0.0,0.68,1.0,1.0,,,0.513,"proprietary mark, CNS / neurology",brand,,brand,False,1.0,0.654
posanxin,True,ngram_guided+refined,1,65.63,65.2,moderate,-10.2,4.8,brovanexine,0.8195,3,,SIMILARITY_MODERATE,posantin,posantin -> posanxin,0.0,0.8,0.899,1.0,,,0.359,"proprietary mark, CNS / neurology",brand,,brand,True,1.0,0.931
nerdo,True,grammar+refined,1,58.33,69.0,moderate,-14.0,1.0,nerve,0.6115,2,,SIMILARITY_MODERATE,neldo,neldo -> nerdo,0.0,0.68,1.0,1.0,,,0.0,"proprietary mark, CNS / neurology",brand,,brand,False,1.0,0.654
dupida,False,grammar+refined,1,62.77,71.5,high,-16.5,-1.5,puvida,0.6807,3,SIMILARITY_TOO_HIGH|TRADEMARK_HIT,,supida,supida -> dupida,0.0,0.733,1.0,1.0,,,0.001,"proprietary mark, CNS / neurology",brand,,brand,False,1.0,0.9
dulida,False,grammar+refined,1,62.79,75.5,high,-20.5,-5.5,tulipa,0.7907,3,SIMILARITY_TOO_HIGH|TRADEMARK_HIT,,supida,supida -> dupida -> dulida,0.0,0.733,1.0,1.0,,,0.004,"proprietary mark, CNS / neurology",brand,,brand,False,1.0,0.9
duleda,False,grammar+refined,1,62.83,80.17,high,-25.17,-10.17,dulera,0.6291,3,SIMILARITY_TOO_HIGH|TRADEMARK_HIT,,supida,supida -> dupida -> dulida -> duleda,0.0,0.733,1.0,1.0,,,0.007,"proprietary mark, CNS / neurology",brand,,brand,False,1.0,0.9
bawano,True,grammar+refined,1,62.77,68.79,moderate,-13.79,1.21,banana,0.6011,3,,SIMILARITY_MODERATE,bamano,bamano -> bawano,0.0,0.733,1.0,1.0,,,0.0,"proprietary mark, CNS / neurology",brand,,brand,False,1.0,0.9
zayin,False,ngram_guided+refined,1,63.75,72.36,high,-17.36,-2.36,zein,0.6243,2,SIMILARITY_TOO_HIGH,,zafin,zafin -> zayin,0.0,1.0,1.0,1.0,,,0.0,"proprietary mark, CNS / neurology",brand,,brand,False,1.0,0.717
nayin,True,ngram_guided+refined,1,63.75,68.38,moderate,-13.38,1.62,maine,0.6324,2,,SIMILARITY_MODERATE,zafin,zafin -> zayin -> nayin,0.0,1.0,1.0,1.0,,,0.0,"proprietary mark, CNS / neurology",brand,,brand,True,1.0,0.717
camfa,False,ngram_guided+refined,1,62.84,77.68,high,-22.68,-7.68,camph,0.6047,2,SIMILARITY_TOO_HIGH|TRADEMARK_HIT,,camta,camta -> camfa,0.0,1.0,1.0,1.0,,,0.004,"proprietary mark, CNS / neurology",brand,,brand,False,1.0,0.654
camga,True,ngram_guided+refined,1,62.84,69.91,moderate,-14.91,0.09,cambia,0.6328,2,,SIMILARITY_MODERATE,camta,camta -> camfa -> camga,0.0,1.0,1.0,1.0,,,0.003,"proprietary mark, CNS / neurology",brand,,brand,True,1.0,0.654
otgogi,False,grammar+refined,1,62.02,71.67,high,-16.67,-1.67,gogi,0.6,3,SIMILARITY_TOO_HIGH,,osgogi,osgogi -> otgogi,0.0,0.733,1.0,1.0,,,0.0,"proprietary mark, CNS / neurology",brand,,brand,False,1.0,0.85
otfogi,True,grammar+refined,1,67.03,53.67,low,1.33,16.33,motpoly,0.6,3,,,osgogi,osgogi -> otgogi -> otfogi,0.053,1.0,1.0,1.0,,,0.0,"proprietary mark, CNS / neurology",brand,,brand,True,1.0,0.85
alqine,False,ngram_guided+refined,1,64.05,79.13,high,-24.13,-9.13,alpine,0.6739,2,SIMILARITY_TOO_HIGH|TRADEMARK_HIT,,alkine,alkine -> alqine,0.0,1.0,1.0,1.0,,,0.006,"proprietary mark, CNS / neurology",brand,,brand,False,1.0,0.733
alqane,False,ngram_guided+refined,1,64.03,79.13,high,-24.13,-9.13,alkane,0.604,2,SIMILARITY_TOO_HIGH|TRADEMARK_HIT,,alkine,alkine -> alqine -> alqane,0.0,1.0,1.0,1.0,,,0.004,"proprietary mark, CNS / neurology",brand,,brand,False,1.0,0.733
aldane,False,ngram_guided+refined,1,61.64,83.43,high,-28.43,-13.43,alkane,0.8055,2,SIMILARITY_TOO_HIGH|TRADEMARK_HIT,,alkine,alkine -> alqine -> alqane -> aldane,0.0,0.733,1.0,1.0,,,0.172,"proprietary mark, CNS / neurology",brand,,brand,False,1.0,0.733
doqomi,True,grammar,1,66.5,61.81,moderate,-6.81,8.19,atomy,0.6003,3,,SIMILARITY_MODERATE,,doqomi,0.0,1.0,1.0,1.0,,,0.0,"proprietary mark, anti-infective",brand,,brand,True,1.0,0.9
supida,False,grammar,1,62.77,71.5,high,-16.5,-1.5,puvida,0.8758,3,SIMILARITY_TOO_HIGH|TRADEMARK_HIT,,,supida,0.0,0.733,1.0,1.0,,,0.001,"proprietary mark, anti-infective",brand,,brand,False,1.0,0.9
bexege,True,grammar,1,64.75,65.0,moderate,-10.0,5.0,excede,0.6066,2,,SIMILARITY_MODERATE,,bexege,0.0,1.0,1.0,1.0,,,0.0,"proprietary mark, anti-infective",brand,,brand,True,1.0,0.783
bamano,False,grammar,1,62.77,79.75,high,-24.75,-9.75,banana,0.6552,3,SIMILARITY_TOO_HIGH|TRADEMARK_HIT,,,bamano,0.0,0.733,1.0,1.0,,,0.001,"proprietary mark, anti-infective",brand,,brand,False,1.0,0.9
delulia,True,grammar,1,61.95,65.52,moderate,-10.52,4.48,gelusil,0.668,4,,SIMILARITY_MODERATE,,delulia,0.0,0.771,1.0,1.0,,,0.003,"proprietary mark, anti-infective",brand,,brand,False,1.0,0.808
trunhalo,True,grammar,1,61.39,65.31,moderate,-10.31,4.69,trehalose,0.6103,3,,SIMILARITY_MODERATE,,trunhalo,0.0,0.8,0.829,1.0,,,0.019,"proprietary mark, anti-infective",brand,,brand,False,1.0,0.895
bantahi,True,grammar,1,63.72,68.24,moderate,-13.24,1.76,bancha,0.6497,3,,SIMILARITY_MODERATE,,bantahi,0.0,0.771,1.0,1.0,,,0.005,"proprietary mark, anti-infective",brand,,brand,True,1.0,0.925
osgogi,False,grammar,1,62.02,71.67,high,-16.67,-1.67,gogi,0.6,3,SIMILARITY_TOO_HIGH,,,osgogi,0.0,0.733,1.0,1.0,,,0.0,"proprietary mark, anti-infective",brand,,brand,False,1.0,0.85
neldo,False,grammar,1,62.81,75.33,high,-20.33,-5.33,meld,0.6168,2,SIMILARITY_TOO_HIGH,,,neldo,0.0,1.0,1.0,1.0,,,0.0,"proprietary mark, anti-infective",brand,,brand,False,1.0,0.654
bissiacue,True,grammar,1,60.86,63.16,moderate,-8.16,6.84,bisac,0.6678,4,,SIMILARITY_MODERATE,,bissiacue,0.0,0.822,1.0,1.0,,,0.001,"proprietary mark, anti-infective",brand,,brand,False,1.0,0.69
barictra,False,grammar,1,60.62,78.65,high,-23.65,-8.65,arixtra,0.7905,3,SIMILARITY_TOO_HIGH|TRADEMARK_HIT,,,barictra,0.0,0.6,0.788,1.0,,,0.346,"proprietary mark, anti-infective",brand,,brand,False,1.0,0.895
trueglera,True,grammar,1,58.9,60.92,moderate,-5.92,9.08,prunifera,0.6785,3,,SIMILARITY_MODERATE,,trueglera,0.0,0.822,0.683,1.0,,,0.091,"proprietary mark, anti-infective",brand,,brand,False,1.0,0.806
pimihe,True,grammar,1,61.02,69.61,moderate,-14.61,0.39,epimide,0.6009,2,,SIMILARITY_MODERATE,,pimihe,0.0,0.733,1.0,1.0,,,0.0,"proprietary mark, anti-infective",brand,,brand,False,1.0,0.783
tyzachi,True,grammar,1,60.87,64.99,moderate,-9.99,5.01,tygacil,0.6214,3,,SIMILARITY_MODERATE,,tyzachi,0.0,0.771,0.889,1.0,,,0.0,"proprietary mark, anti-infective",brand,,brand,False,1.0,0.842
cunotre,True,grammar,1,59.81,63.73,moderate,-8.73,6.27,cuvitru,0.6028,2,,SIMILARITY_MODERATE,,cunotre,0.0,0.771,0.849,1.0,,,0.0,"proprietary mark, anti-infective",brand,,brand,False,1.0,0.808
izabee,False,grammar,1,58.98,73.24,high,-18.24,-3.24,babee,0.6023,3,SIMILARITY_TOO_HIGH|TRADEMARK_HIT,,,izabee,0.0,0.517,1.0,1.0,,,0.0,"proprietary mark, anti-infective",brand,,brand,False,1.0,0.85
gejogo,True,grammar,1,66.5,58.68,moderate,-3.68,11.32,genone,0.6003,3,,SIMILARITY_MODERATE,,gejogo,0.0,1.0,1.0,1.0,,,0.0,"proprietary mark, anti-infective",brand,,brand,True,1.0,0.9
intaipai,True,grammar,1,60.29,62.01,moderate,-7.01,7.99,intimate,0.6085,3,,SIMILARITY_MODERATE,,intaipai,0.0,0.6,1.0,1.0,,,0.0,"proprietary mark, anti-infective",brand,,brand,False,1.0,0.86
wavocle,True,grammar,1,59.81,65.22,moderate,-10.22,4.78,avaclyr,0.7052,2,,SIMILARITY_MODERATE,,wavocle,0.0,0.771,0.849,1.0,,,0.001,"proprietary mark, anti-infective",brand,,brand,False,1.0,0.808
zazuna,True,grammar,1,66.5,65.06,moderate,-10.06,4.94,guazuma,0.6001,3,,SIMILARITY_MODERATE,,zazuna,0.0,1.0,1.0,1.0,,,0.0,"proprietary mark, anti-infective",brand,,brand,True,1.0,0.9
fioldugi,True,grammar,1,61.88,56.89,moderate,-1.89,13.11,field,0.6,4,,SIMILARITY_MODERATE,,fioldugi,0.0,0.8,1.0,1.0,,,0.0,"proprietary mark, anti-infective",brand,,brand,False,1.0,0.779
berci,False,grammar,1,58.33,78.75,high,-23.75,-8.75,percy,0.6107,2,SIMILARITY_TOO_HIGH|TRADEMARK_HIT,,,berci,0.0,0.68,1.0,1.0,,,0.0,"proprietary mark, anti-infective",brand,,brand,False,1.0,0.654
viphonbo,True,grammar,1,60.48,57.43,moderate,-2.43,12.57,visions,0.6117,3,,SIMILARITY_MODERATE,,viphonbo,0.0,0.6,0.975,1.0,,,0.0,"proprietary mark, anti-infective",brand,,brand,False,1.0,0.895
vettoigra,True,grammar,1,60.87,60.04,moderate,-5.04,9.96,vector,0.6198,3,,SIMILARITY_MODERATE,,vettoigra,0.0,0.822,0.874,1.0,,,0.002,"proprietary mark, anti-infective",brand,,brand,False,1.0,0.806
zafin,False,ngram_guided,1,62.71,71.74,high,-16.74,-1.74,satin,0.6991,2,SIMILARITY_TOO_HIGH|TRADEMARK_HIT,,,zafin,0.0,0.68,1.0,1.0,,,0.43,"proprietary mark, anti-infective",brand,,brand,False,1.0,0.717
numteral,True,ngram_guided,1,62.36,66.02,moderate,-11.02,3.98,temporal,0.6604,3,,SIMILARITY_MODERATE,,numteral,0.0,0.6,1.0,1.0,,,0.124,"proprietary mark, anti-infective",brand,,brand,False,1.0,0.931
vonelonofil,True,ngram_guided,1,62.7,56.47,moderate,-1.47,13.53,lomotil,0.6763,5,,SIMILARITY_MODERATE,,vonelonofil,0.0,0.855,1.0,1.0,,,0.467,"proprietary mark, anti-infective",brand,,brand,False,1.0,0.533
latine,False,ngram_guided,1,57.2,77.69,high,-22.69,-7.69,lactin,0.9986,2,SIMILARITY_TOO_HIGH|TRADEMARK_HIT,,,latine,0.0,0.3,1.0,1.0,,,0.281,"proprietary mark, anti-infective",brand,,brand,False,1.0,0.783
hibfkeicid,True,ngram_guided,1,59.07,59.14,moderate,-4.14,10.86,hibiscus,0.6008,3,,SIMILARITY_MODERATE,,hibfkeicid,0.0,0.84,0.788,1.0,,,0.004,"proprietary mark, anti-infective",brand,,brand,False,1.0,0.75
ceptodulcep,True,ngram_guided,1,57.51,58.44,moderate,-3.44,11.56,peptones,0.6819,4,,SIMILARITY_MODERATE|STEM_EMBEDDED_IN_BRAND,,ceptodulcep,0.0,0.668,0.975,1.0,,,0.463,"proprietary mark, anti-infective",brand,,brand,False,0.8,0.6
bromide,False,ngram_guided,1,52.69,81.23,high,-26.23,-11.23,bromine,0.9822,2,SIMILARITY_TOO_HIGH|TRADEMARK_HIT,,,bromide,0.0,0.15,0.803,1.0,,,0.277,"proprietary mark, anti-infective",brand,,brand,False,1.0,0.808
cucumb,False,ngram_guided,1,54.62,84.49,high,-29.49,-14.49,cucumber,0.6213,2,SIMILARITY_TOO_HIGH|TRADEMARK_HIT,,,cucumb,0.0,0.3,0.849,1.0,,,0.318,"proprietary mark, anti-infective",brand,,brand,False,1.0,0.733
veoyrzal,True,ngram_guided,1,61.57,60.55,moderate,-5.55,9.45,feirza,0.6002,3,,SIMILARITY_MODERATE,,veoyrzal,0.0,0.8,0.889,1.0,,,0.004,"proprietary mark, anti-infective",brand,,brand,False,1.0,0.86
parxdem,False,ngram_guided,1,56.77,70.83,high,-15.83,-0.83,barkstem,0.5203,2,SIMILARITY_TOO_HIGH,,,parxdem,0.0,0.771,0.67,1.0,,,0.011,"proprietary mark, anti-infective",brand,,brand,False,1.0,0.767
delithergel,True,ngram_guided,1,62.93,61.67,moderate,-6.67,8.33,tridergel,0.9113,4,,SIMILARITY_MODERATE,,delithergel,0.0,0.668,0.975,1.0,,,0.741,"proprietary mark, anti-infective",brand,,brand,True,1.0,0.6
okenapgo,False,ngram_guided,1,60.15,74.54,high,-19.54,-4.54,onapgo,0.6231,4,SIMILARITY_TOO_HIGH|TRADEMARK_HIT,,,okenapgo,0.0,0.6,1.0,1.0,,,0.067,"proprietary mark, anti-infective",brand,,brand,False,1.0,0.814
medzryl,False,ngram_guided,1,59.77,70.52,high,-15.52,-0.52,cedryl,0.603,2,SIMILARITY_TOO_HIGH,,,medzryl,0.0,1.0,0.737,1.0,,,0.025,"proprietary mark, anti-infective",brand,,brand,False,1.0,0.683
vivoyeason,True,ngram_guided,1,61.05,58.13,moderate,-3.13,11.87,season,0.7653,4,,SIMILARITY_MODERATE,,vivoyeason,0.0,0.65,1.0,1.0,,,0.327,"proprietary mark, anti-infective",brand,,brand,False,1.0,0.689
altussincoc,True,ngram_guided,1,57.04,64.58,moderate,-9.58,5.42,siltussin,0.6941,4,,SIMILARITY_MODERATE,,altussincoc,0.0,0.295,0.951,1.0,,,0.747,"proprietary mark, anti-infective",brand,,brand,False,1.0,0.575
volex,False,ngram_guided,1,56.66,87.76,high,-32.76,-17.76,dolex,0.8775,2,SIMILARITY_TOO_HIGH|TRADEMARK_HIT,,,volex,0.0,0.45,0.849,1.0,,,0.341,"proprietary mark, anti-infective",brand,,brand,False,1.0,0.717
taragesic,False,ngram_guided,1,57.18,82.95,high,-27.95,-12.95,calagesic,0.856,4,SIMILARITY_TOO_HIGH|TRADEMARK_HIT,,,taragesic,0.0,0.239,1.0,1.0,,,0.386,"proprietary mark, anti-infective",brand,,brand,False,1.0,0.783
posantin,False,ngram_guided,1,64.46,71.75,high,-16.75,-1.75,bosentan,0.9871,3,SIMILARITY_TOO_HIGH|TRADEMARK_HIT,,,posantin,0.0,0.6,1.0,1.0,,,0.387,"proprietary mark, anti-infective",brand,,brand,False,1.0,0.931
minnorlodaf,True,ngram_guided,1,59.96,54.7,low,0.3,15.3,minor,0.6307,4,,,,minnorlodaf,0.012,0.855,0.975,1.0,,,0.007,"proprietary mark, anti-infective",brand,,brand,False,1.0,0.6
dyremilex,True,ngram_guided,1,58.54,63.35,moderate,-8.35,6.65,arimidex,0.679,4,,SIMILARITY_MODERATE,,dyremilex,0.0,0.628,0.813,1.0,,,0.319,"proprietary mark, anti-infective",brand,,brand,False,1.0,0.721
lybur,True,ngram_guided,1,53.1,63.61,moderate,-8.61,6.39,silybum,0.6328,2,,SIMILARITY_MODERATE,,lybur,0.0,0.45,0.889,1.0,,,0.06,"proprietary mark, anti-infective",brand,,brand,False,1.0,0.592
atogammakra,True,ngram_guided,1,59.47,58.42,moderate,-3.42,11.58,gammaked,0.6514,5,,SIMILARITY_MODERATE,,atogammakra,0.0,0.482,0.915,1.0,,,0.959,"proprietary mark, anti-infective",brand,,brand,False,1.0,0.483
alkine,False,ngram_guided,1,61.67,86.3,high,-31.3,-16.3,alkane,0.9601,2,SIMILARITY_TOO_HIGH|TRADEMARK_HIT,,,alkine,0.0,0.517,1.0,1.0,,,0.554,"proprietary mark, anti-infective",brand,,brand,False,1.0,0.733
camta,False,ngram_guided,1,62.44,73.55,high,-18.55,-3.55,comtan,0.6892,2,SIMILARITY_TOO_HIGH|TRADEMARK_HIT,,,camta,0.0,0.68,1.0,1.0,,,0.513,"proprietary mark, anti-infective",brand,,brand,False,1.0,0.654
posanxin,True,ngram_guided+refined,1,65.63,65.2,moderate,-10.2,4.8,brovanexine,0.8195,3,,SIMILARITY_MODERATE,posantin,posantin -> posanxin,0.0,0.8,0.899,1.0,,,0.359,"proprietary mark, anti-infective",brand,,brand,True,1.0,0.931
nerdo,True,grammar+refined,1,58.33,69.0,moderate,-14.0,1.0,nerve,0.6115,2,,SIMILARITY_MODERATE,neldo,neldo -> nerdo,0.0,0.68,1.0,1.0,,,0.0,"proprietary mark, anti-infective",brand,,brand,False,1.0,0.654
dupida,False,grammar+refined,1,62.77,71.5,high,-16.5,-1.5,puvida,0.6807,3,SIMILARITY_TOO_HIGH|TRADEMARK_HIT,,supida,supida -> dupida,0.0,0.733,1.0,1.0,,,0.001,"proprietary mark, anti-infective",brand,,brand,False,1.0,0.9
dulida,False,grammar+refined,1,62.79,75.5,high,-20.5,-5.5,tulipa,0.7907,3,SIMILARITY_TOO_HIGH|TRADEMARK_HIT,,supida,supida -> dupida -> dulida,0.0,0.733,1.0,1.0,,,0.004,"proprietary mark, anti-infective",brand,,brand,False,1.0,0.9
duleda,False,grammar+refined,1,62.83,80.17,high,-25.17,-10.17,dulera,0.6291,3,SIMILARITY_TOO_HIGH|TRADEMARK_HIT,,supida,supida -> dupida -> dulida -> duleda,0.0,0.733,1.0,1.0,,,0.007,"proprietary mark, anti-infective",brand,,brand,False,1.0,0.9
bawano,True,grammar+refined,1,62.77,68.79,moderate,-13.79,1.21,banana,0.6011,3,,SIMILARITY_MODERATE,bamano,bamano -> bawano,0.0,0.733,1.0,1.0,,,0.0,"proprietary mark, anti-infective",brand,,brand,False,1.0,0.9
zayin,False,ngram_guided+refined,1,63.75,72.36,high,-17.36,-2.36,zein,0.6243,2,SIMILARITY_TOO_HIGH,,zafin,zafin -> zayin,0.0,1.0,1.0,1.0,,,0.0,"proprietary mark, anti-infective",brand,,brand,False,1.0,0.717
nayin,True,ngram_guided+refined,1,63.75,68.38,moderate,-13.38,1.62,maine,0.6324,2,,SIMILARITY_MODERATE,zafin,zafin -> zayin -> nayin,0.0,1.0,1.0,1.0,,,0.0,"proprietary mark, anti-infective",brand,,brand,True,1.0,0.717
camfa,False,ngram_guided+refined,1,62.84,77.68,high,-22.68,-7.68,camph,0.6047,2,SIMILARITY_TOO_HIGH|TRADEMARK_HIT,,camta,camta -> camfa,0.0,1.0,1.0,1.0,,,0.004,"proprietary mark, anti-infective",brand,,brand,False,1.0,0.654
camga,True,ngram_guided+refined,1,62.84,69.91,moderate,-14.91,0.09,cambia,0.6328,2,,SIMILARITY_MODERATE,camta,camta -> camfa -> camga,0.0,1.0,1.0,1.0,,,0.003,"proprietary mark, anti-infective",brand,,brand,True,1.0,0.654
otgogi,False,grammar+refined,1,62.02,71.67,high,-16.67,-1.67,gogi,0.6,3,SIMILARITY_TOO_HIGH,,osgogi,osgogi -> otgogi,0.0,0.733,1.0,1.0,,,0.0,"proprietary mark, anti-infective",brand,,brand,False,1.0,0.85
otfogi,True,grammar+refined,1,67.03,53.67,low,1.33,16.33,motpoly,0.6,3,,,osgogi,osgogi -> otgogi -> otfogi,0.053,1.0,1.0,1.0,,,0.0,"proprietary mark, anti-infective",brand,,brand,True,1.0,0.85
alqine,False,ngram_guided+refined,1,64.05,79.13,high,-24.13,-9.13,alpine,0.6739,2,SIMILARITY_TOO_HIGH|TRADEMARK_HIT,,alkine,alkine -> alqine,0.0,1.0,1.0,1.0,,,0.006,"proprietary mark, anti-infective",brand,,brand,False,1.0,0.733
alqane,False,ngram_guided+refined,1,64.03,79.13,high,-24.13,-9.13,alkane,0.604,2,SIMILARITY_TOO_HIGH|TRADEMARK_HIT,,alkine,alkine -> alqine -> alqane,0.0,1.0,1.0,1.0,,,0.004,"proprietary mark, anti-infective",brand,,brand,False,1.0,0.733
aldane,False,ngram_guided+refined,1,61.64,83.43,high,-28.43,-13.43,alkane,0.8055,2,SIMILARITY_TOO_HIGH|TRADEMARK_HIT,,alkine,alkine -> alqine -> alqane -> aldane,0.0,0.733,1.0,1.0,,,0.172,"proprietary mark, anti-infective",brand,,brand,False,1.0,0.733
doqomi,True,grammar,1,66.5,61.81,moderate,-6.81,8.19,atomy,0.6003,3,,SIMILARITY_MODERATE,,doqomi,0.0,1.0,1.0,1.0,,,0.0,"proprietary mark, respiratory",brand,,brand,True,1.0,0.9
supida,False,grammar,1,62.77,71.5,high,-16.5,-1.5,puvida,0.8758,3,SIMILARITY_TOO_HIGH|TRADEMARK_HIT,,,supida,0.0,0.733,1.0,1.0,,,0.001,"proprietary mark, respiratory",brand,,brand,False,1.0,0.9
bexege,True,grammar,1,64.75,65.0,moderate,-10.0,5.0,excede,0.6066,2,,SIMILARITY_MODERATE,,bexege,0.0,1.0,1.0,1.0,,,0.0,"proprietary mark, respiratory",brand,,brand,True,1.0,0.783
bamano,False,grammar,1,62.77,79.75,high,-24.75,-9.75,banana,0.6552,3,SIMILARITY_TOO_HIGH|TRADEMARK_HIT,,,bamano,0.0,0.733,1.0,1.0,,,0.001,"proprietary mark, respiratory",brand,,brand,False,1.0,0.9
delulia,True,grammar,1,61.95,65.52,moderate,-10.52,4.48,gelusil,0.668,4,,SIMILARITY_MODERATE,,delulia,0.0,0.771,1.0,1.0,,,0.003,"proprietary mark, respiratory",brand,,brand,False,1.0,0.808
trunhalo,True,grammar,1,61.39,65.31,moderate,-10.31,4.69,trehalose,0.6103,3,,SIMILARITY_MODERATE,,trunhalo,0.0,0.8,0.829,1.0,,,0.019,"proprietary mark, respiratory",brand,,brand,False,1.0,0.895
bantahi,True,grammar,1,63.72,68.24,moderate,-13.24,1.76,bancha,0.6497,3,,SIMILARITY_MODERATE,,bantahi,0.0,0.771,1.0,1.0,,,0.005,"proprietary mark, respiratory",brand,,brand,True,1.0,0.925
osgogi,False,grammar,1,62.02,71.67,high,-16.67,-1.67,gogi,0.6,3,SIMILARITY_TOO_HIGH,,,osgogi,0.0,0.733,1.0,1.0,,,0.0,"proprietary mark, respiratory",brand,,brand,False,1.0,0.85
neldo,False,grammar,1,62.81,75.33,high,-20.33,-5.33,meld,0.6168,2,SIMILARITY_TOO_HIGH,,,neldo,0.0,1.0,1.0,1.0,,,0.0,"proprietary mark, respiratory",brand,,brand,False,1.0,0.654
bissiacue,True,grammar,1,60.86,63.16,moderate,-8.16,6.84,bisac,0.6678,4,,SIMILARITY_MODERATE,,bissiacue,0.0,0.822,1.0,1.0,,,0.001,"proprietary mark, respiratory",brand,,brand,False,1.0,0.69
barictra,False,grammar,1,60.62,78.65,high,-23.65,-8.65,arixtra,0.7905,3,SIMILARITY_TOO_HIGH|TRADEMARK_HIT,,,barictra,0.0,0.6,0.788,1.0,,,0.346,"proprietary mark, respiratory",brand,,brand,False,1.0,0.895
trueglera,True,grammar,1,58.9,60.92,moderate,-5.92,9.08,prunifera,0.6785,3,,SIMILARITY_MODERATE,,trueglera,0.0,0.822,0.683,1.0,,,0.091,"proprietary mark, respiratory",brand,,brand,False,1.0,0.806
pimihe,True,grammar,1,61.02,69.61,moderate,-14.61,0.39,epimide,0.6009,2,,SIMILARITY_MODERATE,,pimihe,0.0,0.733,1.0,1.0,,,0.0,"proprietary mark, respiratory",brand,,brand,False,1.0,0.783
tyzachi,True,grammar,1,60.87,64.99,moderate,-9.99,5.01,tygacil,0.6214,3,,SIMILARITY_MODERATE,,tyzachi,0.0,0.771,0.889,1.0,,,0.0,"proprietary mark, respiratory",brand,,brand,False,1.0,0.842
cunotre,True,grammar,1,59.81,63.73,moderate,-8.73,6.27,cuvitru,0.6028,2,,SIMILARITY_MODERATE,,cunotre,0.0,0.771,0.849,1.0,,,0.0,"proprietary mark, respiratory",brand,,brand,False,1.0,0.808
izabee,False,grammar,1,58.98,73.24,high,-18.24,-3.24,babee,0.6023,3,SIMILARITY_TOO_HIGH|TRADEMARK_HIT,,,izabee,0.0,0.517,1.0,1.0,,,0.0,"proprietary mark, respiratory",brand,,brand,False,1.0,0.85
gejogo,True,grammar,1,66.5,58.68,moderate,-3.68,11.32,genone,0.6003,3,,SIMILARITY_MODERATE,,gejogo,0.0,1.0,1.0,1.0,,,0.0,"proprietary mark, respiratory",brand,,brand,True,1.0,0.9
intaipai,True,grammar,1,60.29,62.01,moderate,-7.01,7.99,intimate,0.6085,3,,SIMILARITY_MODERATE,,intaipai,0.0,0.6,1.0,1.0,,,0.0,"proprietary mark, respiratory",brand,,brand,False,1.0,0.86
wavocle,True,grammar,1,59.81,65.22,moderate,-10.22,4.78,avaclyr,0.7052,2,,SIMILARITY_MODERATE,,wavocle,0.0,0.771,0.849,1.0,,,0.001,"proprietary mark, respiratory",brand,,brand,False,1.0,0.808
zazuna,True,grammar,1,66.5,65.06,moderate,-10.06,4.94,guazuma,0.6001,3,,SIMILARITY_MODERATE,,zazuna,0.0,1.0,1.0,1.0,,,0.0,"proprietary mark, respiratory",brand,,brand,True,1.0,0.9
fioldugi,True,grammar,1,61.88,56.89,moderate,-1.89,13.11,field,0.6,4,,SIMILARITY_MODERATE,,fioldugi,0.0,0.8,1.0,1.0,,,0.0,"proprietary mark, respiratory",brand,,brand,False,1.0,0.779
berci,False,grammar,1,58.33,78.75,high,-23.75,-8.75,percy,0.6107,2,SIMILARITY_TOO_HIGH|TRADEMARK_HIT,,,berci,0.0,0.68,1.0,1.0,,,0.0,"proprietary mark, respiratory",brand,,brand,False,1.0,0.654
viphonbo,True,grammar,1,60.48,57.43,moderate,-2.43,12.57,visions,0.6117,3,,SIMILARITY_MODERATE,,viphonbo,0.0,0.6,0.975,1.0,,,0.0,"proprietary mark, respiratory",brand,,brand,False,1.0,0.895
vettoigra,True,grammar,1,60.87,60.04,moderate,-5.04,9.96,vector,0.6198,3,,SIMILARITY_MODERATE,,vettoigra,0.0,0.822,0.874,1.0,,,0.002,"proprietary mark, respiratory",brand,,brand,False,1.0,0.806
zafin,False,ngram_guided,1,62.71,71.74,high,-16.74,-1.74,satin,0.6991,2,SIMILARITY_TOO_HIGH|TRADEMARK_HIT,,,zafin,0.0,0.68,1.0,1.0,,,0.43,"proprietary mark, respiratory",brand,,brand,False,1.0,0.717
numteral,True,ngram_guided,1,62.36,66.02,moderate,-11.02,3.98,temporal,0.6604,3,,SIMILARITY_MODERATE,,numteral,0.0,0.6,1.0,1.0,,,0.124,"proprietary mark, respiratory",brand,,brand,False,1.0,0.931
vonelonofil,True,ngram_guided,1,62.7,56.47,moderate,-1.47,13.53,lomotil,0.6763,5,,SIMILARITY_MODERATE,,vonelonofil,0.0,0.855,1.0,1.0,,,0.467,"proprietary mark, respiratory",brand,,brand,False,1.0,0.533
latine,False,ngram_guided,1,57.2,77.69,high,-22.69,-7.69,lactin,0.9986,2,SIMILARITY_TOO_HIGH|TRADEMARK_HIT,,,latine,0.0,0.3,1.0,1.0,,,0.281,"proprietary mark, respiratory",brand,,brand,False,1.0,0.783
hibfkeicid,True,ngram_guided,1,59.07,59.14,moderate,-4.14,10.86,hibiscus,0.6008,3,,SIMILARITY_MODERATE,,hibfkeicid,0.0,0.84,0.788,1.0,,,0.004,"proprietary mark, respiratory",brand,,brand,False,1.0,0.75
ceptodulcep,True,ngram_guided,1,57.51,58.44,moderate,-3.44,11.56,peptones,0.6819,4,,SIMILARITY_MODERATE|STEM_EMBEDDED_IN_BRAND,,ceptodulcep,0.0,0.668,0.975,1.0,,,0.463,"proprietary mark, respiratory",brand,,brand,False,0.8,0.6
bromide,False,ngram_guided,1,52.69,81.23,high,-26.23,-11.23,bromine,0.9822,2,SIMILARITY_TOO_HIGH|TRADEMARK_HIT,,,bromide,0.0,0.15,0.803,1.0,,,0.277,"proprietary mark, respiratory",brand,,brand,False,1.0,0.808
cucumb,False,ngram_guided,1,54.62,84.49,high,-29.49,-14.49,cucumber,0.6213,2,SIMILARITY_TOO_HIGH|TRADEMARK_HIT,,,cucumb,0.0,0.3,0.849,1.0,,,0.318,"proprietary mark, respiratory",brand,,brand,False,1.0,0.733
veoyrzal,True,ngram_guided,1,61.57,60.55,moderate,-5.55,9.45,feirza,0.6002,3,,SIMILARITY_MODERATE,,veoyrzal,0.0,0.8,0.889,1.0,,,0.004,"proprietary mark, respiratory",brand,,brand,False,1.0,0.86
parxdem,False,ngram_guided,1,56.77,70.83,high,-15.83,-0.83,barkstem,0.5203,2,SIMILARITY_TOO_HIGH,,,parxdem,0.0,0.771,0.67,1.0,,,0.011,"proprietary mark, respiratory",brand,,brand,False,1.0,0.767
delithergel,True,ngram_guided,1,62.93,61.67,moderate,-6.67,8.33,tridergel,0.9113,4,,SIMILARITY_MODERATE,,delithergel,0.0,0.668,0.975,1.0,,,0.741,"proprietary mark, respiratory",brand,,brand,True,1.0,0.6
okenapgo,False,ngram_guided,1,60.15,74.54,high,-19.54,-4.54,onapgo,0.6231,4,SIMILARITY_TOO_HIGH|TRADEMARK_HIT,,,okenapgo,0.0,0.6,1.0,1.0,,,0.067,"proprietary mark, respiratory",brand,,brand,False,1.0,0.814
medzryl,False,ngram_guided,1,59.77,70.52,high,-15.52,-0.52,cedryl,0.603,2,SIMILARITY_TOO_HIGH,,,medzryl,0.0,1.0,0.737,1.0,,,0.025,"proprietary mark, respiratory",brand,,brand,False,1.0,0.683
vivoyeason,True,ngram_guided,1,61.05,58.13,moderate,-3.13,11.87,season,0.7653,4,,SIMILARITY_MODERATE,,vivoyeason,0.0,0.65,1.0,1.0,,,0.327,"proprietary mark, respiratory",brand,,brand,False,1.0,0.689
altussincoc,True,ngram_guided,1,57.04,64.58,moderate,-9.58,5.42,siltussin,0.6941,4,,SIMILARITY_MODERATE,,altussincoc,0.0,0.295,0.951,1.0,,,0.747,"proprietary mark, respiratory",brand,,brand,False,1.0,0.575
volex,False,ngram_guided,1,56.66,87.76,high,-32.76,-17.76,dolex,0.8775,2,SIMILARITY_TOO_HIGH|TRADEMARK_HIT,,,volex,0.0,0.45,0.849,1.0,,,0.341,"proprietary mark, respiratory",brand,,brand,False,1.0,0.717
taragesic,False,ngram_guided,1,57.18,82.95,high,-27.95,-12.95,calagesic,0.856,4,SIMILARITY_TOO_HIGH|TRADEMARK_HIT,,,taragesic,0.0,0.239,1.0,1.0,,,0.386,"proprietary mark, respiratory",brand,,brand,False,1.0,0.783
posantin,False,ngram_guided,1,64.46,71.75,high,-16.75,-1.75,bosentan,0.9871,3,SIMILARITY_TOO_HIGH|TRADEMARK_HIT,,,posantin,0.0,0.6,1.0,1.0,,,0.387,"proprietary mark, respiratory",brand,,brand,False,1.0,0.931
minnorlodaf,True,ngram_guided,1,59.96,54.7,low,0.3,15.3,minor,0.6307,4,,,,minnorlodaf,0.012,0.855,0.975,1.0,,,0.007,"proprietary mark, respiratory",brand,,brand,False,1.0,0.6
dyremilex,True,ngram_guided,1,58.54,63.35,moderate,-8.35,6.65,arimidex,0.679,4,,SIMILARITY_MODERATE,,dyremilex,0.0,0.628,0.813,1.0,,,0.319,"proprietary mark, respiratory",brand,,brand,False,1.0,0.721
lybur,True,ngram_guided,1,53.1,63.61,moderate,-8.61,6.39,silybum,0.6328,2,,SIMILARITY_MODERATE,,lybur,0.0,0.45,0.889,1.0,,,0.06,"proprietary mark, respiratory",brand,,brand,False,1.0,0.592
atogammakra,True,ngram_guided,1,59.47,58.42,moderate,-3.42,11.58,gammaked,0.6514,5,,SIMILARITY_MODERATE,,atogammakra,0.0,0.482,0.915,1.0,,,0.959,"proprietary mark, respiratory",brand,,brand,False,1.0,0.483
alkine,False,ngram_guided,1,61.67,86.3,high,-31.3,-16.3,alkane,0.9601,2,SIMILARITY_TOO_HIGH|TRADEMARK_HIT,,,alkine,0.0,0.517,1.0,1.0,,,0.554,"proprietary mark, respiratory",brand,,brand,False,1.0,0.733
camta,False,ngram_guided,1,62.44,73.55,high,-18.55,-3.55,comtan,0.6892,2,SIMILARITY_TOO_HIGH|TRADEMARK_HIT,,,camta,0.0,0.68,1.0,1.0,,,0.513,"proprietary mark, respiratory",brand,,brand,False,1.0,0.654
posanxin,True,ngram_guided+refined,1,65.63,65.2,moderate,-10.2,4.8,brovanexine,0.8195,3,,SIMILARITY_MODERATE,posantin,posantin -> posanxin,0.0,0.8,0.899,1.0,,,0.359,"proprietary mark, respiratory",brand,,brand,True,1.0,0.931
nerdo,True,grammar+refined,1,58.33,69.0,moderate,-14.0,1.0,nerve,0.6115,2,,SIMILARITY_MODERATE,neldo,neldo -> nerdo,0.0,0.68,1.0,1.0,,,0.0,"proprietary mark, respiratory",brand,,brand,False,1.0,0.654
dupida,False,grammar+refined,1,62.77,71.5,high,-16.5,-1.5,puvida,0.6807,3,SIMILARITY_TOO_HIGH|TRADEMARK_HIT,,supida,supida -> dupida,0.0,0.733,1.0,1.0,,,0.001,"proprietary mark, respiratory",brand,,brand,False,1.0,0.9
dulida,False,grammar+refined,1,62.79,75.5,high,-20.5,-5.5,tulipa,0.7907,3,SIMILARITY_TOO_HIGH|TRADEMARK_HIT,,supida,supida -> dupida -> dulida,0.0,0.733,1.0,1.0,,,0.004,"proprietary mark, respiratory",brand,,brand,False,1.0,0.9
duleda,False,grammar+refined,1,62.83,80.17,high,-25.17,-10.17,dulera,0.6291,3,SIMILARITY_TOO_HIGH|TRADEMARK_HIT,,supida,supida -> dupida -> dulida -> duleda,0.0,0.733,1.0,1.0,,,0.007,"proprietary mark, respiratory",brand,,brand,False,1.0,0.9
bawano,True,grammar+refined,1,62.77,68.79,moderate,-13.79,1.21,banana,0.6011,3,,SIMILARITY_MODERATE,bamano,bamano -> bawano,0.0,0.733,1.0,1.0,,,0.0,"proprietary mark, respiratory",brand,,brand,False,1.0,0.9
zayin,False,ngram_guided+refined,1,63.75,72.36,high,-17.36,-2.36,zein,0.6243,2,SIMILARITY_TOO_HIGH,,zafin,zafin -> zayin,0.0,1.0,1.0,1.0,,,0.0,"proprietary mark, respiratory",brand,,brand,False,1.0,0.717
nayin,True,ngram_guided+refined,1,63.75,68.38,moderate,-13.38,1.62,maine,0.6324,2,,SIMILARITY_MODERATE,zafin,zafin -> zayin -> nayin,0.0,1.0,1.0,1.0,,,0.0,"proprietary mark, respiratory",brand,,brand,True,1.0,0.717
camfa,False,ngram_guided+refined,1,62.84,77.68,high,-22.68,-7.68,camph,0.6047,2,SIMILARITY_TOO_HIGH|TRADEMARK_HIT,,camta,camta -> camfa,0.0,1.0,1.0,1.0,,,0.004,"proprietary mark, respiratory",brand,,brand,False,1.0,0.654
camga,True,ngram_guided+refined,1,62.84,69.91,moderate,-14.91,0.09,cambia,0.6328,2,,SIMILARITY_MODERATE,camta,camta -> camfa -> camga,0.0,1.0,1.0,1.0,,,0.003,"proprietary mark, respiratory",brand,,brand,True,1.0,0.654
otgogi,False,grammar+refined,1,62.02,71.67,high,-16.67,-1.67,gogi,0.6,3,SIMILARITY_TOO_HIGH,,osgogi,osgogi -> otgogi,0.0,0.733,1.0,1.0,,,0.0,"proprietary mark, respiratory",brand,,brand,False,1.0,0.85
otfogi,True,grammar+refined,1,67.03,53.67,low,1.33,16.33,motpoly,0.6,3,,,osgogi,osgogi -> otgogi -> otfogi,0.053,1.0,1.0,1.0,,,0.0,"proprietary mark, respiratory",brand,,brand,True,1.0,0.85
alqine,False,ngram_guided+refined,1,64.05,79.13,high,-24.13,-9.13,alpine,0.6739,2,SIMILARITY_TOO_HIGH|TRADEMARK_HIT,,alkine,alkine -> alqine,0.0,1.0,1.0,1.0,,,0.006,"proprietary mark, respiratory",brand,,brand,False,1.0,0.733
alqane,False,ngram_guided+refined,1,64.03,79.13,high,-24.13,-9.13,alkane,0.604,2,SIMILARITY_TOO_HIGH|TRADEMARK_HIT,,alkine,alkine -> alqine -> alqane,0.0,1.0,1.0,1.0,,,0.004,"proprietary mark, respiratory",brand,,brand,False,1.0,0.733
aldane,False,ngram_guided+refined,1,61.64,83.43,high,-28.43,-13.43,alkane,0.8055,2,SIMILARITY_TOO_HIGH|TRADEMARK_HIT,,alkine,alkine -> alqine -> alqane -> aldane,0.0,0.733,1.0,1.0,,,0.172,"proprietary mark, respiratory",brand,,brand,False,1.0,0.733
doqomi,True,grammar,1,66.5,61.81,moderate,-6.81,8.19,atomy,0.6003,3,,SIMILARITY_MODERATE,,doqomi,0.0,1.0,1.0,1.0,,,0.0,"proprietary mark, dermatology",brand,,brand,True,1.0,0.9
supida,False,grammar,1,62.77,71.5,high,-16.5,-1.5,puvida,0.8758,3,SIMILARITY_TOO_HIGH|TRADEMARK_HIT,,,supida,0.0,0.733,1.0,1.0,,,0.001,"proprietary mark, dermatology",brand,,brand,False,1.0,0.9
bexege,True,grammar,1,64.75,65.0,moderate,-10.0,5.0,excede,0.6066,2,,SIMILARITY_MODERATE,,bexege,0.0,1.0,1.0,1.0,,,0.0,"proprietary mark, dermatology",brand,,brand,True,1.0,0.783
bamano,False,grammar,1,62.77,79.75,high,-24.75,-9.75,banana,0.6552,3,SIMILARITY_TOO_HIGH|TRADEMARK_HIT,,,bamano,0.0,0.733,1.0,1.0,,,0.001,"proprietary mark, dermatology",brand,,brand,False,1.0,0.9
delulia,True,grammar,1,61.95,65.52,moderate,-10.52,4.48,gelusil,0.668,4,,SIMILARITY_MODERATE,,delulia,0.0,0.771,1.0,1.0,,,0.003,"proprietary mark, dermatology",brand,,brand,False,1.0,0.808
trunhalo,True,grammar,1,61.39,65.31,moderate,-10.31,4.69,trehalose,0.6103,3,,SIMILARITY_MODERATE,,trunhalo,0.0,0.8,0.829,1.0,,,0.019,"proprietary mark, dermatology",brand,,brand,False,1.0,0.895
bantahi,True,grammar,1,63.72,68.24,moderate,-13.24,1.76,bancha,0.6497,3,,SIMILARITY_MODERATE,,bantahi,0.0,0.771,1.0,1.0,,,0.005,"proprietary mark, dermatology",brand,,brand,True,1.0,0.925
osgogi,False,grammar,1,62.02,71.67,high,-16.67,-1.67,gogi,0.6,3,SIMILARITY_TOO_HIGH,,,osgogi,0.0,0.733,1.0,1.0,,,0.0,"proprietary mark, dermatology",brand,,brand,False,1.0,0.85
neldo,False,grammar,1,62.81,75.33,high,-20.33,-5.33,meld,0.6168,2,SIMILARITY_TOO_HIGH,,,neldo,0.0,1.0,1.0,1.0,,,0.0,"proprietary mark, dermatology",brand,,brand,False,1.0,0.654
bissiacue,True,grammar,1,60.86,63.16,moderate,-8.16,6.84,bisac,0.6678,4,,SIMILARITY_MODERATE,,bissiacue,0.0,0.822,1.0,1.0,,,0.001,"proprietary mark, dermatology",brand,,brand,False,1.0,0.69
barictra,False,grammar,1,60.62,78.65,high,-23.65,-8.65,arixtra,0.7905,3,SIMILARITY_TOO_HIGH|TRADEMARK_HIT,,,barictra,0.0,0.6,0.788,1.0,,,0.346,"proprietary mark, dermatology",brand,,brand,False,1.0,0.895
trueglera,True,grammar,1,58.9,60.92,moderate,-5.92,9.08,prunifera,0.6785,3,,SIMILARITY_MODERATE,,trueglera,0.0,0.822,0.683,1.0,,,0.091,"proprietary mark, dermatology",brand,,brand,False,1.0,0.806
pimihe,True,grammar,1,61.02,69.61,moderate,-14.61,0.39,epimide,0.6009,2,,SIMILARITY_MODERATE,,pimihe,0.0,0.733,1.0,1.0,,,0.0,"proprietary mark, dermatology",brand,,brand,False,1.0,0.783
tyzachi,True,grammar,1,60.87,64.99,moderate,-9.99,5.01,tygacil,0.6214,3,,SIMILARITY_MODERATE,,tyzachi,0.0,0.771,0.889,1.0,,,0.0,"proprietary mark, dermatology",brand,,brand,False,1.0,0.842
cunotre,True,grammar,1,59.81,63.73,moderate,-8.73,6.27,cuvitru,0.6028,2,,SIMILARITY_MODERATE,,cunotre,0.0,0.771,0.849,1.0,,,0.0,"proprietary mark, dermatology",brand,,brand,False,1.0,0.808
izabee,False,grammar,1,58.98,73.24,high,-18.24,-3.24,babee,0.6023,3,SIMILARITY_TOO_HIGH|TRADEMARK_HIT,,,izabee,0.0,0.517,1.0,1.0,,,0.0,"proprietary mark, dermatology",brand,,brand,False,1.0,0.85
gejogo,True,grammar,1,66.5,58.68,moderate,-3.68,11.32,genone,0.6003,3,,SIMILARITY_MODERATE,,gejogo,0.0,1.0,1.0,1.0,,,0.0,"proprietary mark, dermatology",brand,,brand,True,1.0,0.9
intaipai,True,grammar,1,60.29,62.01,moderate,-7.01,7.99,intimate,0.6085,3,,SIMILARITY_MODERATE,,intaipai,0.0,0.6,1.0,1.0,,,0.0,"proprietary mark, dermatology",brand,,brand,False,1.0,0.86
wavocle,True,grammar,1,59.81,65.22,moderate,-10.22,4.78,avaclyr,0.7052,2,,SIMILARITY_MODERATE,,wavocle,0.0,0.771,0.849,1.0,,,0.001,"proprietary mark, dermatology",brand,,brand,False,1.0,0.808
zazuna,True,grammar,1,66.5,65.06,moderate,-10.06,4.94,guazuma,0.6001,3,,SIMILARITY_MODERATE,,zazuna,0.0,1.0,1.0,1.0,,,0.0,"proprietary mark, dermatology",brand,,brand,True,1.0,0.9
fioldugi,True,grammar,1,61.88,56.89,moderate,-1.89,13.11,field,0.6,4,,SIMILARITY_MODERATE,,fioldugi,0.0,0.8,1.0,1.0,,,0.0,"proprietary mark, dermatology",brand,,brand,False,1.0,0.779
berci,False,grammar,1,58.33,78.75,high,-23.75,-8.75,percy,0.6107,2,SIMILARITY_TOO_HIGH|TRADEMARK_HIT,,,berci,0.0,0.68,1.0,1.0,,,0.0,"proprietary mark, dermatology",brand,,brand,False,1.0,0.654
viphonbo,True,grammar,1,60.48,57.43,moderate,-2.43,12.57,visions,0.6117,3,,SIMILARITY_MODERATE,,viphonbo,0.0,0.6,0.975,1.0,,,0.0,"proprietary mark, dermatology",brand,,brand,False,1.0,0.895
vettoigra,True,grammar,1,60.87,60.04,moderate,-5.04,9.96,vector,0.6198,3,,SIMILARITY_MODERATE,,vettoigra,0.0,0.822,0.874,1.0,,,0.002,"proprietary mark, dermatology",brand,,brand,False,1.0,0.806
zafin,False,ngram_guided,1,62.71,71.74,high,-16.74,-1.74,satin,0.6991,2,SIMILARITY_TOO_HIGH|TRADEMARK_HIT,,,zafin,0.0,0.68,1.0,1.0,,,0.43,"proprietary mark, dermatology",brand,,brand,False,1.0,0.717
numteral,True,ngram_guided,1,62.36,66.02,moderate,-11.02,3.98,temporal,0.6604,3,,SIMILARITY_MODERATE,,numteral,0.0,0.6,1.0,1.0,,,0.124,"proprietary mark, dermatology",brand,,brand,False,1.0,0.931
vonelonofil,True,ngram_guided,1,62.7,56.47,moderate,-1.47,13.53,lomotil,0.6763,5,,SIMILARITY_MODERATE,,vonelonofil,0.0,0.855,1.0,1.0,,,0.467,"proprietary mark, dermatology",brand,,brand,False,1.0,0.533
latine,False,ngram_guided,1,57.2,77.69,high,-22.69,-7.69,lactin,0.9986,2,SIMILARITY_TOO_HIGH|TRADEMARK_HIT,,,latine,0.0,0.3,1.0,1.0,,,0.281,"proprietary mark, dermatology",brand,,brand,False,1.0,0.783
hibfkeicid,True,ngram_guided,1,59.07,59.14,moderate,-4.14,10.86,hibiscus,0.6008,3,,SIMILARITY_MODERATE,,hibfkeicid,0.0,0.84,0.788,1.0,,,0.004,"proprietary mark, dermatology",brand,,brand,False,1.0,0.75
ceptodulcep,True,ngram_guided,1,57.51,58.44,moderate,-3.44,11.56,peptones,0.6819,4,,SIMILARITY_MODERATE|STEM_EMBEDDED_IN_BRAND,,ceptodulcep,0.0,0.668,0.975,1.0,,,0.463,"proprietary mark, dermatology",brand,,brand,False,0.8,0.6
bromide,False,ngram_guided,1,52.69,81.23,high,-26.23,-11.23,bromine,0.9822,2,SIMILARITY_TOO_HIGH|TRADEMARK_HIT,,,bromide,0.0,0.15,0.803,1.0,,,0.277,"proprietary mark, dermatology",brand,,brand,False,1.0,0.808
cucumb,False,ngram_guided,1,54.62,84.49,high,-29.49,-14.49,cucumber,0.6213,2,SIMILARITY_TOO_HIGH|TRADEMARK_HIT,,,cucumb,0.0,0.3,0.849,1.0,,,0.318,"proprietary mark, dermatology",brand,,brand,False,1.0,0.733
veoyrzal,True,ngram_guided,1,61.57,60.55,moderate,-5.55,9.45,feirza,0.6002,3,,SIMILARITY_MODERATE,,veoyrzal,0.0,0.8,0.889,1.0,,,0.004,"proprietary mark, dermatology",brand,,brand,False,1.0,0.86
parxdem,False,ngram_guided,1,56.77,70.83,high,-15.83,-0.83,barkstem,0.5203,2,SIMILARITY_TOO_HIGH,,,parxdem,0.0,0.771,0.67,1.0,,,0.011,"proprietary mark, dermatology",brand,,brand,False,1.0,0.767
delithergel,True,ngram_guided,1,62.93,61.67,moderate,-6.67,8.33,tridergel,0.9113,4,,SIMILARITY_MODERATE,,delithergel,0.0,0.668,0.975,1.0,,,0.741,"proprietary mark, dermatology",brand,,brand,True,1.0,0.6
okenapgo,False,ngram_guided,1,60.15,74.54,high,-19.54,-4.54,onapgo,0.6231,4,SIMILARITY_TOO_HIGH|TRADEMARK_HIT,,,okenapgo,0.0,0.6,1.0,1.0,,,0.067,"proprietary mark, dermatology",brand,,brand,False,1.0,0.814
medzryl,False,ngram_guided,1,59.77,70.52,high,-15.52,-0.52,cedryl,0.603,2,SIMILARITY_TOO_HIGH,,,medzryl,0.0,1.0,0.737,1.0,,,0.025,"proprietary mark, dermatology",brand,,brand,False,1.0,0.683
vivoyeason,True,ngram_guided,1,61.05,58.13,moderate,-3.13,11.87,season,0.7653,4,,SIMILARITY_MODERATE,,vivoyeason,0.0,0.65,1.0,1.0,,,0.327,"proprietary mark, dermatology",brand,,brand,False,1.0,0.689
altussincoc,True,ngram_guided,1,57.04,64.58,moderate,-9.58,5.42,siltussin,0.6941,4,,SIMILARITY_MODERATE,,altussincoc,0.0,0.295,0.951,1.0,,,0.747,"proprietary mark, dermatology",brand,,brand,False,1.0,0.575
volex,False,ngram_guided,1,56.66,87.76,high,-32.76,-17.76,dolex,0.8775,2,SIMILARITY_TOO_HIGH|TRADEMARK_HIT,,,volex,0.0,0.45,0.849,1.0,,,0.341,"proprietary mark, dermatology",brand,,brand,False,1.0,0.717
taragesic,False,ngram_guided,1,57.18,82.95,high,-27.95,-12.95,calagesic,0.856,4,SIMILARITY_TOO_HIGH|TRADEMARK_HIT,,,taragesic,0.0,0.239,1.0,1.0,,,0.386,"proprietary mark, dermatology",brand,,brand,False,1.0,0.783
posantin,False,ngram_guided,1,64.46,71.75,high,-16.75,-1.75,bosentan,0.9871,3,SIMILARITY_TOO_HIGH|TRADEMARK_HIT,,,posantin,0.0,0.6,1.0,1.0,,,0.387,"proprietary mark, dermatology",brand,,brand,False,1.0,0.931
minnorlodaf,True,ngram_guided,1,59.96,54.7,low,0.3,15.3,minor,0.6307,4,,,,minnorlodaf,0.012,0.855,0.975,1.0,,,0.007,"proprietary mark, dermatology",brand,,brand,False,1.0,0.6
dyremilex,True,ngram_guided,1,58.54,63.35,moderate,-8.35,6.65,arimidex,0.679,4,,SIMILARITY_MODERATE,,dyremilex,0.0,0.628,0.813,1.0,,,0.319,"proprietary mark, dermatology",brand,,brand,False,1.0,0.721
lybur,True,ngram_guided,1,53.1,63.61,moderate,-8.61,6.39,silybum,0.6328,2,,SIMILARITY_MODERATE,,lybur,0.0,0.45,0.889,1.0,,,0.06,"proprietary mark, dermatology",brand,,brand,False,1.0,0.592
atogammakra,True,ngram_guided,1,59.47,58.42,moderate,-3.42,11.58,gammaked,0.6514,5,,SIMILARITY_MODERATE,,atogammakra,0.0,0.482,0.915,1.0,,,0.959,"proprietary mark, dermatology",brand,,brand,False,1.0,0.483
alkine,False,ngram_guided,1,61.67,86.3,high,-31.3,-16.3,alkane,0.9601,2,SIMILARITY_TOO_HIGH|TRADEMARK_HIT,,,alkine,0.0,0.517,1.0,1.0,,,0.554,"proprietary mark, dermatology",brand,,brand,False,1.0,0.733
camta,False,ngram_guided,1,62.44,73.55,high,-18.55,-3.55,comtan,0.6892,2,SIMILARITY_TOO_HIGH|TRADEMARK_HIT,,,camta,0.0,0.68,1.0,1.0,,,0.513,"proprietary mark, dermatology",brand,,brand,False,1.0,0.654
posanxin,True,ngram_guided+refined,1,65.63,65.2,moderate,-10.2,4.8,brovanexine,0.8195,3,,SIMILARITY_MODERATE,posantin,posantin -> posanxin,0.0,0.8,0.899,1.0,,,0.359,"proprietary mark, dermatology",brand,,brand,True,1.0,0.931
nerdo,True,grammar+refined,1,58.33,69.0,moderate,-14.0,1.0,nerve,0.6115,2,,SIMILARITY_MODERATE,neldo,neldo -> nerdo,0.0,0.68,1.0,1.0,,,0.0,"proprietary mark, dermatology",brand,,brand,False,1.0,0.654
dupida,False,grammar+refined,1,62.77,71.5,high,-16.5,-1.5,puvida,0.6807,3,SIMILARITY_TOO_HIGH|TRADEMARK_HIT,,supida,supida -> dupida,0.0,0.733,1.0,1.0,,,0.001,"proprietary mark, dermatology",brand,,brand,False,1.0,0.9
dulida,False,grammar+refined,1,62.79,75.5,high,-20.5,-5.5,tulipa,0.7907,3,SIMILARITY_TOO_HIGH|TRADEMARK_HIT,,supida,supida -> dupida -> dulida,0.0,0.733,1.0,1.0,,,0.004,"proprietary mark, dermatology",brand,,brand,False,1.0,0.9
duleda,False,grammar+refined,1,62.83,80.17,high,-25.17,-10.17,dulera,0.6291,3,SIMILARITY_TOO_HIGH|TRADEMARK_HIT,,supida,supida -> dupida -> dulida -> duleda,0.0,0.733,1.0,1.0,,,0.007,"proprietary mark, dermatology",brand,,brand,False,1.0,0.9
bawano,True,grammar+refined,1,62.77,68.79,moderate,-13.79,1.21,banana,0.6011,3,,SIMILARITY_MODERATE,bamano,bamano -> bawano,0.0,0.733,1.0,1.0,,,0.0,"proprietary mark, dermatology",brand,,brand,False,1.0,0.9
zayin,False,ngram_guided+refined,1,63.75,72.36,high,-17.36,-2.36,zein,0.6243,2,SIMILARITY_TOO_HIGH,,zafin,zafin -> zayin,0.0,1.0,1.0,1.0,,,0.0,"proprietary mark, dermatology",brand,,brand,False,1.0,0.717
nayin,True,ngram_guided+refined,1,63.75,68.38,moderate,-13.38,1.62,maine,0.6324,2,,SIMILARITY_MODERATE,zafin,zafin -> zayin -> nayin,0.0,1.0,1.0,1.0,,,0.0,"proprietary mark, dermatology",brand,,brand,True,1.0,0.717
camfa,False,ngram_guided+refined,1,62.84,77.68,high,-22.68,-7.68,camph,0.6047,2,SIMILARITY_TOO_HIGH|TRADEMARK_HIT,,camta,camta -> camfa,0.0,1.0,1.0,1.0,,,0.004,"proprietary mark, dermatology",brand,,brand,False,1.0,0.654
camga,True,ngram_guided+refined,1,62.84,69.91,moderate,-14.91,0.09,cambia,0.6328,2,,SIMILARITY_MODERATE,camta,camta -> camfa -> camga,0.0,1.0,1.0,1.0,,,0.003,"proprietary mark, dermatology",brand,,brand,True,1.0,0.654
otgogi,False,grammar+refined,1,62.02,71.67,high,-16.67,-1.67,gogi,0.6,3,SIMILARITY_TOO_HIGH,,osgogi,osgogi -> otgogi,0.0,0.733,1.0,1.0,,,0.0,"proprietary mark, dermatology",brand,,brand,False,1.0,0.85
otfogi,True,grammar+refined,1,67.03,53.67,low,1.33,16.33,motpoly,0.6,3,,,osgogi,osgogi -> otgogi -> otfogi,0.053,1.0,1.0,1.0,,,0.0,"proprietary mark, dermatology",brand,,brand,True,1.0,0.85
alqine,False,ngram_guided+refined,1,64.05,79.13,high,-24.13,-9.13,alpine,0.6739,2,SIMILARITY_TOO_HIGH|TRADEMARK_HIT,,alkine,alkine -> alqine,0.0,1.0,1.0,1.0,,,0.006,"proprietary mark, dermatology",brand,,brand,False,1.0,0.733
alqane,False,ngram_guided+refined,1,64.03,79.13,high,-24.13,-9.13,alkane,0.604,2,SIMILARITY_TOO_HIGH|TRADEMARK_HIT,,alkine,alkine -> alqine -> alqane,0.0,1.0,1.0,1.0,,,0.004,"proprietary mark, dermatology",brand,,brand,False,1.0,0.733
aldane,False,ngram_guided+refined,1,61.64,83.43,high,-28.43,-13.43,alkane,0.8055,2,SIMILARITY_TOO_HIGH|TRADEMARK_HIT,,alkine,alkine -> alqine -> alqane -> aldane,0.0,0.733,1.0,1.0,,,0.172,"proprietary mark, dermatology",brand,,brand,False,1.0,0.733
