generic_name_raw,brand_name_raw,product_type,route,generic_name,brand_name
Testosterone Cypionate,Testosterone Cypionate,HUMAN PRESCRIPTION DRUG,INTRAMUSCULAR,testosterone cypionate,testosterone cypionate
HISTAMINE DIHYDROCHLORIDE,Histaminum Hydrochloricum,HUMAN OTC DRUG,SUBLINGUAL,histamine dihydrochloride,histaminum hydrochloricum
Amoxicillin,Amoxicillin,HUMAN PRESCRIPTION DRUG,ORAL,amoxicillin,amoxicillin
Lisinopril,LISINOPRIL,HUMAN PRESCRIPTION DRUG,ORAL,lisinopril,lisinopril
"HOMOSALATE, OCTISALATE, OCTOCRYLENE, ZINC OXIDE",e.l.f. Hydrating Camo CC Cream SPF30 Rich 660 N,HUMAN OTC DRUG,TOPICAL,homosalate octisalate octocrylene zinc oxide,elf hydrating camo cc cream spf30 rich 660 n
Gemachlich ZuHause WART REMOVER,Gemachlich ZuHause WART REMOVER,HUMAN OTC DRUG,TOPICAL,gemachlich zuhause wart remover,gemachlich zuhause wart remover
SIMVASTATIN,ZOCOR,HUMAN PRESCRIPTION DRUG,ORAL,simvastatin,zocor
LIDOCAINE,Meijer Lidocaine Pain Relief Patch Assortment Large,HUMAN OTC DRUG,TOPICAL,lidocaine,meijer lidocaine pain relief patch assortment large
"acetaminophen, dextromethorphan hydrobromide, guaifenesin, phenylephrine hydrochloride, doxylamine succinate",daytime cold and flu nighttime cold and flu,HUMAN OTC DRUG,,acetaminophen dextromethorphan hydrobromide guaifenesin phenylephrine hydrochloride doxylamine succinate,daytime cold and flu nighttime cold and flu
"HOMOSALATE, OCTOCRYLENE, ZINC OXIDE",Target Up and Up Morning Facial Moisturizing with SPF 30 Sunscreen and Ceramides,HUMAN OTC DRUG,TOPICAL,homosalate octocrylene zinc oxide,target up and up morning facial moisturizing with spf 30 sunscreen and ceramides
"Avobenzone, Octisalate, and Octocrylene",Lancome Paris Renergie HPN 300 Peptide Sunscreen Broad Spectrum SPF 25 High-Performance Day,HUMAN OTC DRUG,TOPICAL,avobenzone octisalate and octocrylene,lancome paris renergie hpn 300 peptide sunscreen broad spectrum spf 25 high-performance day
Professional Choice Toothpaste,Professional Choice,HUMAN OTC DRUG,DENTAL,professional choice toothpaste,professional choice
Sennosides,Laxative,HUMAN OTC DRUG,ORAL,sennosides,laxative
"Acetaminophen, Dextromethorphan Hydrobromide, Doxylamine Succinate, Phenylephrine hydrochloride",Daytime Nighttime Cold and Flu,HUMAN OTC DRUG,ORAL,acetaminophen dextromethorphan hydrobromide doxylamine succinate phenylephrine hydrochloride,daytime nighttime cold and flu
Celecoxib,Celecoxib,HUMAN PRESCRIPTION DRUG,ORAL,celecoxib,celecoxib
Hydralazine Hydrochloride,Hydralazine Hydrochloride,HUMAN PRESCRIPTION DRUG,ORAL,hydralazine hydrochloride,hydralazine hydrochloride
Meloxicam,Meloxicam,HUMAN PRESCRIPTION DRUG,ORAL,meloxicam,meloxicam
Primidone,Primidone,HUMAN PRESCRIPTION DRUG,ORAL,primidone,primidone
Iohexol,Iohexol,HUMAN PRESCRIPTION DRUG,INTRA-ARTICULAR,iohexol,iohexol
Sunscreen,Le Mieux Naked Glow Bronzer SPF 50,HUMAN OTC DRUG,TOPICAL,sunscreen,le mieux naked glow bronzer spf 50
Docosanol,Cold Sore Treatment,HUMAN OTC DRUG,TOPICAL,docosanol,cold sore treatment
Lotilaner ophthalmic solution,XDEMVY,HUMAN PRESCRIPTION DRUG,OPHTHALMIC,lotilaner ophthalmic solution,xdemvy
ZINC OXIDE,Curology the sunscreen broad spectrum SPF 30,HUMAN OTC DRUG,TOPICAL,zinc oxide,curology the sunscreen broad spectrum spf 30
Right Guard Xtreme Defense Antiperspirant Deodorant Invisible Solid Arctic Refresh,Right Guard Xtreme Defense Antiperspirant Deodorant Invisible Solid Arctic Refresh,HUMAN OTC DRUG,TOPICAL,right guard xtreme defense antiperspirant deodorant invisible solid arctic refresh,right guard xtreme defense antiperspirant deodorant invisible solid arctic refresh
Fluconazole,Fluconazole,HUMAN PRESCRIPTION DRUG,ORAL,fluconazole,fluconazole
PROGESTERONE,PROGESTERONE,HUMAN PRESCRIPTION DRUG,ORAL,progesterone,progesterone
Menthol,Healing Hand Cream 2000mg,HUMAN OTC DRUG,TOPICAL,menthol,healing hand cream 2000mg
Natrum Phosphoricum,Bestmade Natural Products Nat Phos 8x,HUMAN OTC DRUG,ORAL,natrum phosphoricum,bestmade natural products nat phos 8x
"Ailanthus gland, Amygdalus amara, Guaiacum, Kali perm, Phytolacca berry",Bestmade Natural Products BM225,HUMAN OTC DRUG,ORAL,ailanthus gland amygdalus amara guaiacum kali perm phytolacca berry,bestmade natural products bm225
"Echinacea, Oleum Jeco, Thuja Occ",BM OLEUM JECORIS DROPS,HUMAN OTC DRUG,ORAL,echinacea oleum jeco thuja occ,bm oleum jecoris drops
"Foeniculum Vulgare, Ammonium Bromatum, Fucus Vesiculosus, Lecithin (Derived From Egg), Capsicum Annuum, Caulophyllum Thalictrines, Cimicifuga Racemosa, Galium Aparine, Hypothalamus Suis, Kali Bichromicum, Lac Defloratum, Phytolacca Decandra, Rubus Idaeus, Thyroidinum (Bovine), Pituitarum Posterium (Bovine), Antimonium Crudum, Argentum Metallicum, Calcarea Carbonica, Adrenalinum, Phosphorus, Hepar Sulphuris Calcareum, Progesterone, Oxytocin",Weight Loss Support Plus Female Balance,HUMAN OTC DRUG,ORAL,foeniculum vulgare ammonium bromatum fucus vesiculosus lecithin derived from egg capsicum annuum caulophyllum thalictrines cimicifuga racemosa galium aparine hypothalamus suis kali bichromicum lac defloratum phytolacca decandra rubus idaeus thyroidinum bovine pituitarum posterium bovine antimonium crudum argentum metallicum calcarea carbonica adrenalinum phosphorus hepar sulphuris calcareum progesterone oxytocin,weight loss support plus female balance
Salicylic Acid,Resurfacing acne swipes,HUMAN OTC DRUG,TOPICAL,salicylic acid,resurfacing acne swipes
Calcium Carbonate,MGC Health Calcium Carbonate Antacid Assorted Berries,HUMAN OTC DRUG,ORAL,calcium carbonate,mgc health calcium carbonate antacid assorted berries
Salicylic Acid,CLARIFYING TONER,HUMAN OTC DRUG,TOPICAL,salicylic acid,clarifying toner
"Polyvinyl alcohol, Povidone",Quality Choice Artificial Tears Lubricant Eye Drops,HUMAN OTC DRUG,OPHTHALMIC,polyvinyl alcohol povidone,quality choice artificial tears lubricant eye drops
Betamethasone Dipropionate,Betamethasone Dipropionate,HUMAN PRESCRIPTION DRUG,TOPICAL,betamethasone dipropionate,betamethasone dipropionate
ustekinumab-ttwe,PYZCHIVA,HUMAN PRESCRIPTION DRUG,SUBCUTANEOUS,ustekinumab-ttwe,pyzchiva
piperacillin and tazobactam,Piperacillin and Tazobactam,HUMAN PRESCRIPTION DRUG,INTRAVENOUS,piperacillin and tazobactam,piperacillin and tazobactam
"Glycerin, Petrolatum, Phenylephrine HCl, Pramoxine HCl",Bloop Hemorrhoid Relief Topical,HUMAN OTC DRUG,TOPICAL,glycerin petrolatum phenylephrine hcl pramoxine hcl,bloop hemorrhoid relief topical
Alprazolam,Alprazolam,HUMAN PRESCRIPTION DRUG,ORAL,alprazolam,alprazolam
"Avobenzone, and Octisalate",Tula Skincare Radiant Skin Brightening Serum Skin Tint Broad Spectrum SPF 30 11 Light Medium-Neutral,HUMAN OTC DRUG,TOPICAL,avobenzone and octisalate,tula skincare radiant skin brightening serum skin tint broad spectrum spf 30 11 light medium-neutral
Stannous fluoride,Crest Pro-Health Gum Detoxify Plus,HUMAN OTC DRUG,DENTAL,stannous fluoride,crest pro-health gum detoxify plus
"Avobenzone, Homosalate, Octisalate, Octocrylene",Black Girl Sunscreen SPF 45,HUMAN OTC DRUG,TOPICAL,avobenzone homosalate octisalate octocrylene,black girl sunscreen spf 45
Acetaminophen,Revasol Acetaminophen Suspension,HUMAN OTC DRUG,ORAL,acetaminophen,revasol acetaminophen suspension
Dimethicone,V Relief Serum,HUMAN OTC DRUG,TOPICAL,dimethicone,v relief serum
"Avobenzone, Homosalate, Octisalate, Octocrylene",ANUA INVISIBLE GLOW FINISH SUNSCREEN,HUMAN OTC DRUG,TOPICAL,avobenzone homosalate octisalate octocrylene,anua invisible glow finish sunscreen
"AVONBENZONE,HOMOSALATE,OCTISALATE,OCTOCRYLENE",Ultra Violette Preen Screen Broad Spectrum SPF 50,HUMAN OTC DRUG,TOPICAL,avonbenzonehomosalateoctisalateoctocrylene,ultra violette preen screen broad spectrum spf 50
Kali Phosphoricum,Schuessler Tissue Salts Kali Phos Nerve Nutrient 6,HUMAN OTC DRUG,ORAL,kali phosphoricum,schuessler tissue salts kali phos nerve nutrient 6
Zinc Oxide,tinted face and body mineral sunscreen SPF40,HUMAN OTC DRUG,TOPICAL,zinc oxide,tinted face and body mineral sunscreen spf40
"Homosalate, Octocryene, Octisalate, Qctinoxate, Avobenzone",Poolside Sun Silk Body Cream SUNGLOW 05 FRAGRANCE Sunscreen SPF 30 body cream,HUMAN OTC DRUG,TOPICAL,homosalate octocryene octisalate qctinoxate avobenzone,poolside sun silk body cream sunglow 05 fragrance sunscreen spf 30 body cream
Naphazoline HCL 0.05% ORIGINAL NASAL,SKAPEMED ORIGINAL NASAL,HUMAN OTC DRUG,NASAL,naphazoline hcl 005 original nasal,skapemed original nasal
"Titanium Dioxide, Zinc Oxide",Matte Shield SPF,HUMAN OTC DRUG,TOPICAL,titanium dioxide zinc oxide,matte shield spf
Pyrithione zinc,ANTI DANDRUFF SHAMPOO473ml,HUMAN OTC DRUG,TOPICAL,pyrithione zinc,anti dandruff shampoo473ml
Diclofenac Sodium,Diclofenac Sodium,HUMAN PRESCRIPTION DRUG,TOPICAL,diclofenac sodium,diclofenac sodium
Salicylic Acid,Goodnites Wart Removal Gel,HUMAN OTC DRUG,TOPICAL,salicylic acid,goodnites wart removal gel
"Titanium Dioxide, Zinc Oxide",Daily Shade Matte Tinted,HUMAN OTC DRUG,TOPICAL,titanium dioxide zinc oxide,daily shade matte tinted
Amoxicillin and Clavulanate Potassium,Amoxicillin and Clavulanate Potassium,HUMAN PRESCRIPTION DRUG,ORAL,amoxicillin and clavulanate potassium,amoxicillin and clavulanate potassium
Natrum Phosphoricum,BM Nat Phos,HUMAN OTC DRUG,ORAL,natrum phosphoricum,bm nat phos
Cetirizine hydrochloride,Allergy Relief,HUMAN OTC DRUG,ORAL,cetirizine hydrochloride,allergy relief
Alcohol,Hand Sanitizer plus Serum Caela,HUMAN OTC DRUG,TOPICAL,alcohol,hand sanitizer plus serum caela
Ropinirole,Ropinirole,HUMAN PRESCRIPTION DRUG,ORAL,ropinirole,ropinirole
Zinc Oxide 24%,ONSART Mineral Sunscreen,HUMAN OTC DRUG,TOPICAL,zinc oxide 24,onsart mineral sunscreen
epoetin alfa-epbx,RETACRIT,HUMAN PRESCRIPTION DRUG,INTRAVENOUS,epoetin alfa-epbx,retacrit
phenobarbital,Phenobarbital,HUMAN PRESCRIPTION DRUG,ORAL,phenobarbital,phenobarbital
salicylic acid 1% MILIA REMOVER ESSENCE,SPESOLSKII MILIA REMOVER ESSENCE,HUMAN OTC DRUG,TOPICAL,salicylic acid 1 milia remover essence,spesolskii milia remover essence
Colloidal Oatmeal,Crogooe Skin Relief Cream,HUMAN OTC DRUG,CUTANEOUS,colloidal oatmeal,crogooe skin relief cream
Hydrocortisone,,BULK INGREDIENT,,hydrocortisone,
"ibuprofen, diphenhydramine citrate",,DRUG FOR FURTHER PROCESSING,,ibuprofen diphenhydramine citrate,
Insulin Detemir,,BULK INGREDIENT,,insulin detemir,
Titanium Dioxide,bareMinerals ORIGINAL Liquid Mineral Foundation Broad Spectrum SPF 20 Sunscreen FAIRLY MEDIUM 05,HUMAN OTC DRUG,TOPICAL,titanium dioxide,bareminerals original liquid mineral foundation broad spectrum spf 20 sunscreen fairly medium 05
Potassium Nitrate,,BULK INGREDIENT,,potassium nitrate,
Choline Chloride,,BULK INGREDIENT,,choline chloride,
Ferrous Fumarate,,DRUG FOR FURTHER PROCESSING,,ferrous fumarate,
"Acetaminophen, Dextromethorphan hydrobromide, Doxylamine hydrogen succinate",,DRUG FOR FURTHER PROCESSING,,acetaminophen dextromethorphan hydrobromide doxylamine hydrogen succinate,
FEXOFENADINE HYDROCHLORIDE,,DRUG FOR FURTHER PROCESSING,,fexofenadine hydrochloride,
methotrexate,,BULK INGREDIENT,,methotrexate,
QUETIAPINE FUMARATE,,BULK INGREDIENT,,quetiapine fumarate,
Apremilast,,BULK INGREDIENT,,apremilast,
Metoprolol Tartrate,,BULK INGREDIENT,,metoprolol tartrate,
LAMOTRIGINE,,BULK INGREDIENT,,lamotrigine,
Pioglitazone Hydrochloride,,BULK INGREDIENT,,pioglitazone hydrochloride,
Baricitinib,,BULK INGREDIENT,,baricitinib,
CALCIUM POLYCARBOPHIL,,BULK INGREDIENT,,calcium polycarbophil,
Fluoxetine HCl,,BULK INGREDIENT,,fluoxetine hcl,
Miconazole Nitrate,,BULK INGREDIENT,,miconazole nitrate,
Testosterone Isocaproate,,BULK INGREDIENT,,testosterone isocaproate,
Sulfasalazine,,BULK INGREDIENT,,sulfasalazine,
Naltrexone Hydrochloride(Nitrogen Flush),,BULK INGREDIENT,,naltrexone hydrochloridenitrogen flush,
calcium folinate,LEDERLE LEUCOVORIN,HUMAN PRESCRIPTION DRUG,ORAL,calcium folinate,lederle leucovorin
Potassium chloride,,BULK INGREDIENT,,potassium chloride,
Lidocaine Hydrochloride,First Aid Only Burn,HUMAN OTC DRUG,TOPICAL,lidocaine hydrochloride,first aid only burn
TAR-200,,DRUG FOR FURTHER PROCESSING,,tar-200,
"sodium chloride, sodium lactate, calcium chloride, magnesium chloride and dextrose",DIANEAL LOW CALCIUM WITH DEXTROSE,HUMAN PRESCRIPTION DRUG,INTRAPERITONEAL,sodium chloride sodium lactate calcium chloride magnesium chloride and dextrose,dianeal low calcium with dextrose
Anticoagulant Citrate Phosphate Dextrose Adenine,CPDA-1,HUMAN PRESCRIPTION DRUG,INTRAVENOUS,anticoagulant citrate phosphate dextrose adenine,cpda-1
Adapalene,,BULK INGREDIENT,,adapalene,
Fluorometholone,,BULK INGREDIENT,,fluorometholone,
Ertugliflozin L-Pyroglutamic Acid,,BULK INGREDIENT,,ertugliflozin l-pyroglutamic acid,
dexmethylphenidate hydrochloride,,DRUG FOR FURTHER PROCESSING,,dexmethylphenidate hydrochloride,
voriconazole,,BULK INGREDIENT,,voriconazole,
"HOMOSALATE, OCTOCRYLENE, OCTISALATE, AVOBENZONE",Carmex Daily Care Moisturizing Lip SPF 15 Assorted,HUMAN OTC DRUG,,homosalate octocrylene octisalate avobenzone,carmex daily care moisturizing lip spf 15 assorted
Fenofibrate micronized,,BULK INGREDIENT,,fenofibrate micronized,
LEUCOVORIN CALCIUM,,BULK INGREDIENT,,leucovorin calcium,
CLOMIPRAMINE,,BULK INGREDIENT,,clomipramine,
Sodium citrate,,BULK INGREDIENT,,sodium citrate,
Doxycycline Hyclate,,BULK INGREDIENT,,doxycycline hyclate,
Tranexamic Acid,,BULK INGREDIENT,,tranexamic acid,
Octreotide,,BULK INGREDIENT,,octreotide,
bortezomib,,BULK INGREDIENT,,bortezomib,
Beclomethasone Dipropionate Anhydrous Micronized W.S,,BULK INGREDIENT,,beclomethasone dipropionate anhydrous micronized ws,
diclofenac sodium,,DRUG FOR FURTHER PROCESSING,,diclofenac sodium,
DAPAGLIFLOZIN PROPANEDIOL,,BULK INGREDIENT,,dapagliflozin propanediol,
Omeprazole Magnesium,,BULK INGREDIENT,,omeprazole magnesium,
PANCURONIUM BROMIDE,,BULK INGREDIENT,,pancuronium bromide,
Processed nerve allograft,,DRUG FOR FURTHER PROCESSING,,processed nerve allograft,
"Enterococcus Faecalis, Pneumococcinum, Streptococcus Viridans",,DRUG FOR FURTHER PROCESSING,,enterococcus faecalis pneumococcinum streptococcus viridans,
"Eucalyptol, menthol, methyl salicylate, thymol",Antispetic,HUMAN OTC DRUG,ORAL,eucalyptol menthol methyl salicylate thymol,antispetic
"OCTINOXATE, OXYBENZONE",Carmex Daily Care Moisturizing Lip Balm SPF 15 Assorted,HUMAN OTC DRUG,,octinoxate oxybenzone,carmex daily care moisturizing lip balm spf 15 assorted
Eletriptan Hydrobromide,,BULK INGREDIENT,,eletriptan hydrobromide,
Iron Sucrose,,BULK INGREDIENT,,iron sucrose,
Balsalazide Disodium Dihydrate,,BULK INGREDIENT,,balsalazide disodium dihydrate,
Sulfur,Naturasil Tinea Versicolor,HUMAN OTC DRUG,TOPICAL,sulfur,naturasil tinea versicolor
Nitrogen,Nitrogen,HUMAN PRESCRIPTION DRUG,RESPIRATORY (INHALATION),nitrogen,nitrogen
Aluminum Zirconium Tetrachlorohydrex Gly liquid,Mitchum Smart Solid,HUMAN OTC DRUG,TOPICAL,aluminum zirconium tetrachlorohydrex gly liquid,mitchum smart solid
Docusate Sodium,,DRUG FOR FURTHER PROCESSING,,docusate sodium,
Glipizide,,BULK INGREDIENT,,glipizide,
PAROXETINE HYDROCHLORIDE HEMIHYDRATE,,BULK INGREDIENT,,paroxetine hydrochloride hemihydrate,
Chlorothiazide,,BULK INGREDIENT,,chlorothiazide,
Atropine sulfate,,BULK INGREDIENT,,atropine sulfate,
OCTOCRYLENE,,BULK INGREDIENT,,octocrylene,
nicotine polacrilex,,DRUG FOR FURTHER PROCESSING,,nicotine polacrilex,
THALIDOMIDE,,BULK INGREDIENT,,thalidomide,
lorazepam,,BULK INGREDIENT,,lorazepam,
Schoenocaulon officinalis,,DRUG FOR FURTHER PROCESSING,,schoenocaulon officinalis,
ROFLUMILAST,,BULK INGREDIENT,,roflumilast,
olanzapine and samidorphan l-malate,,DRUG FOR FURTHER PROCESSING,,olanzapine and samidorphan l-malate,
Atomoxetine,,DRUG FOR FURTHER PROCESSING,,atomoxetine,
Moxifloxacin Hydrochloride,,DRUG FOR FURTHER PROCESSING,,moxifloxacin hydrochloride,
Pemetrexed,,BULK INGREDIENT,,pemetrexed,
Trientine Hydrochloride,,BULK INGREDIENT,,trientine hydrochloride,
Lenvatinib Mesylate,,BULK INGREDIENT,,lenvatinib mesylate,
Desmopressin Acetate,,BULK INGREDIENT,,desmopressin acetate,
ARIPIPRAZOLE,,BULK INGREDIENT,,aripiprazole,
Mineral Oil,,BULK INGREDIENT,,mineral oil,
Mometasone Furoate,,BULK INGREDIENT,,mometasone furoate,
Dolutegravir,,BULK INGREDIENT,,dolutegravir,
Fosfomycin Tromethamine,,BULK INGREDIENT,,fosfomycin tromethamine,
Sacubutrile and Valsartan (Amorphous),,BULK INGREDIENT,,sacubutrile and valsartan amorphous,
Zinc Oxide,,DRUG FOR FURTHER PROCESSING,,zinc oxide,
Nitazoxanide,,BULK INGREDIENT,,nitazoxanide,
Durlobactam Sodium,,BULK INGREDIENT,,durlobactam sodium,
Felbamate,,BULK INGREDIENT,,felbamate,
Pramlintide,,BULK INGREDIENT,,pramlintide,
Penicillamine,,BULK INGREDIENT,,penicillamine,
Chlordiazepoxide,,BULK INGREDIENT,,chlordiazepoxide,
Mexiletine hydrochloride,,BULK INGREDIENT,,mexiletine hydrochloride,
PALBOCICLIB,,BULK INGREDIENT,,palbociclib,
PRASTERONE,,DRUG FOR FURTHER PROCESSING,,prasterone,
"Amlodipine, valsartan and hydrochlorothiazide",,DRUG FOR FURTHER PROCESSING,,amlodipine valsartan and hydrochlorothiazide,
PREDNISOLONE ACETATE,,BULK INGREDIENT,,prednisolone acetate,
ADENOSINUM CICLOPHOSPHORICUM - MELATONIN - PHOSPHORUS - SUS SCROFA ADRENAL GLAND - SUS SCROFA HYPOTHALAMUS - SUS SCROFA PANCREAS - SUS SCROFA PINEAL GLAND - SUS SCROFA PITUITARY GLAND - SUS SCROFA TESTICLE - SUS SCROFA THYMUS - THYROID - TURNERA DIFFUSA TOP -,GUNA-MALE,HUMAN OTC DRUG,ORAL,adenosinum ciclophosphoricum - melatonin - phosphorus - sus scrofa adrenal gland - sus scrofa hypothalamus - sus scrofa pancreas - sus scrofa pineal gland - sus scrofa pituitary gland - sus scrofa testicle - sus scrofa thymus - thyroid - turnera diffusa top -,guna-male
Sodium Polystyrene Sulfonate,Sodium Polystyrene Sulfonate,HUMAN PRESCRIPTION DRUG,ORAL,sodium polystyrene sulfonate,sodium polystyrene sulfonate
Antacid Tablets,Extra Strength,HUMAN OTC DRUG,ORAL,antacid tablets,extra strength
miconazole nitrate,signature care miconazole 7,HUMAN OTC DRUG,VAGINAL,miconazole nitrate,signature care miconazole 7
"Glycerin, Hypromellose, Polyethylene glycol 400",Rite Aid Eye Drops Dry Eye Relief,HUMAN OTC DRUG,OPHTHALMIC,glycerin hypromellose polyethylene glycol 400,rite aid eye drops dry eye relief
Lidocaine HCL,Rite Aid Pain Relieving Roll-On,HUMAN OTC DRUG,TOPICAL,lidocaine hcl,rite aid pain relieving roll-on
oxymetazoline hydrochloride,Up and up nasal,HUMAN OTC DRUG,NASAL,oxymetazoline hydrochloride,up and up nasal
gentle hemorrhoidal care,up and up medicated wipes manixim strength,HUMAN OTC DRUG,TOPICAL,gentle hemorrhoidal care,up and up medicated wipes manixim strength
Metformin Hydrochloride Extended-Release Tablets,Metformin Hydrochloride,HUMAN PRESCRIPTION DRUG,ORAL,metformin hydrochloride extended-release tablets,metformin hydrochloride
Anti Itch,Hydrocortisone,HUMAN OTC DRUG,TOPICAL,anti itch,hydrocortisone
"OCTINOXATE, ZINC OXIDE",LBEL CONCENTRE GLOBAL ANTI AGING SERUM CONCEALER SPF 15 EYES FACE CREME 110,HUMAN OTC DRUG,TOPICAL,octinoxate zinc oxide,lbel concentre global anti aging serum concealer spf 15 eyes face creme 110
palovarotene,SOHONOS,HUMAN PRESCRIPTION DRUG,ORAL,palovarotene,sohonos
NATRUM MUR,NATRUM MUR,HUMAN OTC DRUG,ORAL,natrum mur,natrum mur
Cyclobenzaprine Hydrochloride,Cyclobenzaprine Hydrochloride,HUMAN PRESCRIPTION DRUG,ORAL,cyclobenzaprine hydrochloride,cyclobenzaprine hydrochloride
desogestrel/ethinyl estradiol and ethinyl estradiol,PIMTREA,HUMAN PRESCRIPTION DRUG,,desogestrelethinyl estradiol and ethinyl estradiol,pimtrea
CAPECITABINE,CAPECITABINE,HUMAN PRESCRIPTION DRUG,ORAL,capecitabine,capecitabine
Phenytoin Sodium,Phenytoin Sodium,HUMAN PRESCRIPTION DRUG,ORAL,phenytoin sodium,phenytoin sodium
ibuprofen,childrens ibuprofen,HUMAN OTC DRUG,ORAL,ibuprofen,childrens ibuprofen
Bumetanide,Bumex,HUMAN PRESCRIPTION DRUG,ORAL,bumetanide,bumex
BUPIVACAINE HYDROCHLORIDE,BUPIVACAINE HYDROCHLORIDE,HUMAN PRESCRIPTION DRUG,EPIDURAL,bupivacaine hydrochloride,bupivacaine hydrochloride
Venlafaxine Hydrochloride,Venlafaxine Hydrochloride,HUMAN PRESCRIPTION DRUG,ORAL,venlafaxine hydrochloride,venlafaxine hydrochloride
Elaeagnus angustifolia,Russian Olive Pollen,NON-STANDARDIZED ALLERGENIC,INTRADERMAL,elaeagnus angustifolia,russian olive pollen
Mometasone furoate,Mometasone furoate,HUMAN PRESCRIPTION DRUG,TOPICAL,mometasone furoate,mometasone furoate
Artemisia ludoviciana,Prairie Mugwort Darkleaved Sagebrush,NON-STANDARDIZED ALLERGENIC,INTRADERMAL,artemisia ludoviciana,prairie mugwort darkleaved sagebrush
Quetiapine,Quetiapine,HUMAN PRESCRIPTION DRUG,ORAL,quetiapine,quetiapine
Juglans regia,English Walnut,NON-STANDARDIZED ALLERGENIC,INTRADERMAL,juglans regia,english walnut
FLUOXETINE,FLUOXETINE,HUMAN PRESCRIPTION DRUG,ORAL,fluoxetine,fluoxetine
Verapamil hydrochloride,Verapamil hydrochloride,HUMAN PRESCRIPTION DRUG,INTRAVENOUS,verapamil hydrochloride,verapamil hydrochloride
clonidine hydrochloride oral,JAVADIN,HUMAN PRESCRIPTION DRUG,ORAL,clonidine hydrochloride oral,javadin
Docusate sodium,Docusate sodium,HUMAN OTC DRUG,ORAL,docusate sodium,docusate sodium
cefoxitin,Cefoxitin,HUMAN PRESCRIPTION DRUG,INTRAVENOUS,cefoxitin,cefoxitin
ECULIZUMAB,SOLIRIS,HUMAN PRESCRIPTION DRUG,INTRAVENOUS,eculizumab,soliris
Dextroamphetamine,Dextroamphetamine,HUMAN PRESCRIPTION DRUG,ORAL,dextroamphetamine,dextroamphetamine
lacosamide,Vimpat,HUMAN PRESCRIPTION DRUG,ORAL,lacosamide,vimpat
Ignatia Amara,Ignatia Amara,HUMAN OTC DRUG,ORAL,ignatia amara,ignatia amara
Ptelea Trifoliata,Ptelea Trifoliata,HUMAN OTC DRUG,ORAL,ptelea trifoliata,ptelea trifoliata
Stramonium,Stramonium,HUMAN OTC DRUG,ORAL,stramonium,stramonium
menthol,PREMIERES PAIN,HUMAN OTC DRUG,TOPICAL,menthol,premieres pain
"amlodipine,valsartan and hydrochlorothiazide","amlodipine,valsartan and hydrochlorothiazide",HUMAN PRESCRIPTION DRUG,ORAL,amlodipinevalsartan and hydrochlorothiazide,amlodipinevalsartan and hydrochlorothiazide
POVIDONE-IODINE,Povidone Iodine Prep,HUMAN OTC DRUG,TOPICAL,povidone-iodine,povidone iodine prep
Atazanavir,Atazanavir,HUMAN PRESCRIPTION DRUG,ORAL,atazanavir,atazanavir
Fenofibrate,Fenofibrate,HUMAN PRESCRIPTION DRUG,ORAL,fenofibrate,fenofibrate
"Acetaminophen, dextromethorphan HBr, doxylamine succinate, phenylephrine HCl",topcare nite time cold and flu,HUMAN OTC DRUG,ORAL,acetaminophen dextromethorphan hbr doxylamine succinate phenylephrine hcl,topcare nite time cold and flu
Menthol,Topcare Cold and Hot Medicated,HUMAN OTC DRUG,TOPICAL,menthol,topcare cold and hot medicated
Calcarea Fluorica,Calcarea Fluorica,HUMAN OTC DRUG,ORAL,calcarea fluorica,calcarea fluorica
Cina,Cina,HUMAN OTC DRUG,ORAL,cina,cina
Conium Maculatum,Conium Maculatum,HUMAN OTC DRUG,ORAL,conium maculatum,conium maculatum
Glycerinum,Glycerinum,HUMAN OTC DRUG,ORAL,glycerinum,glycerinum
POTASSIUM CHLORIDE,Potassium Chloride,HUMAN PRESCRIPTION DRUG,ORAL,potassium chloride,potassium chloride
ertapenem sodium,INVANZ,HUMAN PRESCRIPTION DRUG,INTRAMUSCULAR,ertapenem sodium,invanz
Sucralfate Oral,Sucralfate,HUMAN PRESCRIPTION DRUG,ORAL,sucralfate oral,sucralfate
"Acetaminophen, dextromethorphan HBr, doxylamine succinate, phenylephrine HCl",Severe Cold and Flu,HUMAN OTC DRUG,ORAL,acetaminophen dextromethorphan hbr doxylamine succinate phenylephrine hcl,severe cold and flu
"Dextrose(glucose),Levulose(fructose),Phosphoric acid",Meijer Anti Nausea,HUMAN OTC DRUG,ORAL,dextroseglucoselevulosefructosephosphoric acid,meijer anti nausea
Psyllium Husk,Publix Fiber Therapy Orange Smooth,HUMAN OTC DRUG,ORAL,psyllium husk,publix fiber therapy orange smooth
OXYGEN,OXYGEN,HUMAN PRESCRIPTION DRUG,RESPIRATORY (INHALATION),oxygen,oxygen
Manganum Oxydatum Nigrum,Manganum Oxydatum Nigrum,HUMAN OTC DRUG,ORAL,manganum oxydatum nigrum,manganum oxydatum nigrum
Xerophyllum Asphodeloides,Xerophyllum Asphodeloides,HUMAN OTC DRUG,ORAL,xerophyllum asphodeloides,xerophyllum asphodeloides
Gallium Metallicum,Gallium Metallicum,HUMAN OTC DRUG,ORAL,gallium metallicum,gallium metallicum
Zirconium Metallicum,Zirconium Metallicum,HUMAN OTC DRUG,ORAL,zirconium metallicum,zirconium metallicum
Germanium Oxydatum,Germanium Oxydatum,HUMAN OTC DRUG,ORAL,germanium oxydatum,germanium oxydatum
Alumina,Alumina,HUMAN OTC DRUG,ORAL,alumina,alumina
Mercurius Arsenicicus,Mercurius Arsenicicus,HUMAN OTC DRUG,ORAL,mercurius arsenicicus,mercurius arsenicicus
Pleurotus Ostreatus,Pleurotus Ostreatus,HUMAN OTC DRUG,ORAL,pleurotus ostreatus,pleurotus ostreatus
"AVOBENZONE, HOMOSALATE, OCTISALATE, OCTOCRYLENE",HEB SPF 50 Peach Bellini Scented Continuous Sunscreen,HUMAN OTC DRUG,TOPICAL,avobenzone homosalate octisalate octocrylene,heb spf 50 peach bellini scented continuous sunscreen
esomeprazole,Esomeprazole Magnesium,HUMAN OTC DRUG,ORAL,esomeprazole,esomeprazole magnesium
edaravone,edaravone,HUMAN PRESCRIPTION DRUG,INTRAVENOUS,edaravone,edaravone
Naproxen Sodium,equaline naproxen sodium,HUMAN OTC DRUG,ORAL,naproxen sodium,equaline naproxen sodium
Acetaminophen,Kroger Children Pain plus Fever chewables,HUMAN OTC DRUG,ORAL,acetaminophen,kroger children pain plus fever chewables
Diphenhydramine HCl,After Bite Outdoor,HUMAN OTC DRUG,TOPICAL,diphenhydramine hcl,after bite outdoor
"Apis Mellifica, Antimonium Crudum, Ascorbicum Acidum, Bovista, Carbolicum Acidum, Chamomilla, Cortisone Aceticum, Ginkgo Biloba, Hepar Suis, Histaminum Hydrochloricum, Natrum Muriaticum, Quercetin, Rhus Tox, Scutellaria Lateriflora, Stomach (Suis), Urtica Urens",MCAS Support,HUMAN OTC DRUG,ORAL,apis mellifica antimonium crudum ascorbicum acidum bovista carbolicum acidum chamomilla cortisone aceticum ginkgo biloba hepar suis histaminum hydrochloricum natrum muriaticum quercetin rhus tox scutellaria lateriflora stomach suis urtica urens,mcas support
"Baptisia Tinctoria, Phytolacca Decandra, Apis Mellifica, Belladonna, Lachesis Mutus, Mercurius Solubilis, Hepar Sulphuris Calcareum",Throat Formula,HUMAN OTC DRUG,ORAL,baptisia tinctoria phytolacca decandra apis mellifica belladonna lachesis mutus mercurius solubilis hepar sulphuris calcareum,throat formula
ertugliflozin and metformin hydrochloride,SEGLUROMET,HUMAN PRESCRIPTION DRUG,ORAL,ertugliflozin and metformin hydrochloride,segluromet
Oxytocin,Oxytocin,HUMAN PRESCRIPTION DRUG,INTRAMUSCULAR,oxytocin,oxytocin
azithromycin,AZITHROMYCIN,HUMAN PRESCRIPTION DRUG,ORAL,azithromycin,azithromycin
Ciprofloxacin,Ciprofloxacin,HUMAN PRESCRIPTION DRUG,ORAL,ciprofloxacin,ciprofloxacin
Hydrocortisone,Hydrocortisone,HUMAN PRESCRIPTION DRUG,TOPICAL,hydrocortisone,hydrocortisone
MILSAPERIDONE,BYSANTI,HUMAN PRESCRIPTION DRUG,ORAL,milsaperidone,bysanti
Quinapril HCl and Hydrochlorothiazide,Quinapril HCL and Hydrochlorothiazide,HUMAN PRESCRIPTION DRUG,ORAL,quinapril hcl and hydrochlorothiazide,quinapril hcl and hydrochlorothiazide
PETROLATUM,health beyond VITAMINS AD,HUMAN OTC DRUG,TOPICAL,petrolatum,health beyond vitamins ad
Omeprazole and Sodium Bicarbonate,Omeprazole and Sodium Bicarbonate,HUMAN OTC DRUG,ORAL,omeprazole and sodium bicarbonate,omeprazole and sodium bicarbonate
Deferasirox,Deferasirox,HUMAN PRESCRIPTION DRUG,ORAL,deferasirox,deferasirox
"Ceanothus Americanus, Argentum Nitricum, Condurango, Hydrastis Canadensis, Momordica Balsamina, Pulsatilla (Pratensis), Bile Duct (Suis), Colon (Suis), Duodenum (Suis), Esophagus (Suis), Eye (Suis), Gallbladder (Suis), Ileum (Suis), Intestine (Suis), Ipecacuanha, Jejunum (Suis), Kali Bichromicum, Lung (Suis), Mucosa Nasalis Suis, Natrum Oxalaceticum, Oral Mucosa (Suis), Pancreas Suis, Phosphorus, Rectal Mucosa (Suis), Stomach (Suis), Sulphur, Veratrum Album, Mannose, Anacardium Orientale, Kreosotum,",Matrix Support,HUMAN OTC DRUG,ORAL,ceanothus americanus argentum nitricum condurango hydrastis canadensis momordica balsamina pulsatilla pratensis bile duct suis colon suis duodenum suis esophagus suis eye suis gallbladder suis ileum suis intestine suis ipecacuanha jejunum suis kali bichromicum lung suis mucosa nasalis suis natrum oxalaceticum oral mucosa suis pancreas suis phosphorus rectal mucosa suis stomach suis sulphur veratrum album mannose anacardium orientale kreosotum,matrix support
"Doxylamine Succinate and Pyridoxine Hydrochloride, Delayed release Tablets 10 mg/10 mg",Doxylamine Succinate and Pyridoxine Hydrochloride,HUMAN PRESCRIPTION DRUG,ORAL,doxylamine succinate and pyridoxine hydrochloride delayed release tablets 10 mg10 mg,doxylamine succinate and pyridoxine hydrochloride
"Avobenzone, Octisalate and Octocrylene",Lancome Paris Renergie Lift MultiAction Sunscreen Broad Spectrum SPF 15 Lift and Firming Face and Neck All Skin Types,HUMAN OTC DRUG,TOPICAL,avobenzone octisalate and octocrylene,lancome paris renergie lift multiaction sunscreen broad spectrum spf 15 lift and firming face and neck all skin types
SILVER NITRATE,Argentum nitricum,HUMAN OTC DRUG,ORAL,silver nitrate,argentum nitricum
Juglans regia,English Walnut Pollen,NON-STANDARDIZED ALLERGENIC,CUTANEOUS,juglans regia,english walnut pollen
"Spleen (Suis), Arsenicum Album, Carbo Vegetabilis, Ceanothus Americanus, Chininum Sulphuricum, Ignatia Amara, Iodium, Natrum Muriaticum, Nitricum Acidum, Phosphoricum Acidum, Phosphorus",Spleenpar,HUMAN OTC DRUG,ORAL,spleen suis arsenicum album carbo vegetabilis ceanothus americanus chininum sulphuricum ignatia amara iodium natrum muriaticum nitricum acidum phosphoricum acidum phosphorus,spleenpar
Influenzinum (2023-2024),Influenzinum 200C,HUMAN OTC DRUG,ORAL,influenzinum 2023-2024,influenzinum 200c
Lansoprazole,lansoprazole,HUMAN OTC DRUG,ORAL,lansoprazole,lansoprazole
"dextrose(glucose),Levulose(fructose),Phosphoric acid",Good Neighbor Anti Nausea Cherry Flavor,HUMAN OTC DRUG,ORAL,dextroseglucoselevulosefructosephosphoric acid,good neighbor anti nausea cherry flavor
quetiapine fumarate,Quetiapine Fumarate,HUMAN PRESCRIPTION DRUG,ORAL,quetiapine fumarate,quetiapine fumarate
Lurasidone Hydrochloride,Lurasidone Hydrochloride,HUMAN PRESCRIPTION DRUG,ORAL,lurasidone hydrochloride,lurasidone hydrochloride
Tadalafil,Tadalafil,HUMAN PRESCRIPTION DRUG,ORAL,tadalafil,tadalafil
Benzalkonium Chloride,Ecolab,HUMAN OTC DRUG,TOPICAL,benzalkonium chloride,ecolab
"Dextroamphetamine Saccharate, Amphetamine Aspartate, Dextroamphetamine Sulfate, Amphetamine Sulfate Tablets, 10 mg,Cll","Dextroamphetamine Saccharate, Amphetamine Aspartate, Dextroamphetamine Sulfate, Amphetamine Sulfate Tablets,CII",HUMAN PRESCRIPTION DRUG,ORAL,dextroamphetamine saccharate amphetamine aspartate dextroamphetamine sulfate amphetamine sulfate tablets 10 mgcll,dextroamphetamine saccharate amphetamine aspartate dextroamphetamine sulfate amphetamine sulfate tabletscii
Sodium Iodide I 123,Sodium Iodide I 123,HUMAN PRESCRIPTION DRUG,ORAL,sodium iodide i 123,sodium iodide i 123
Sun Pyrite 8X,Sun Pyrite 8X,HUMAN OTC DRUG,ORAL,sun pyrite 8x,sun pyrite 8x
APIS MELLIFERA,Apis mellifica,HUMAN OTC DRUG,ORAL,apis mellifera,apis mellifica
GLYBURIDE,GLYBURIDE,HUMAN PRESCRIPTION DRUG,ORAL,glyburide,glyburide
Sildenafil,Sildenafil,HUMAN PRESCRIPTION DRUG,ORAL,sildenafil,sildenafil
Clotrimazole and Betamethasone Dipropionate,Clotrimazole and Betamethasone Dipropionate,HUMAN PRESCRIPTION DRUG,TOPICAL,clotrimazole and betamethasone dipropionate,clotrimazole and betamethasone dipropionate
Adalimumab,HUMIRA,HUMAN PRESCRIPTION DRUG,,adalimumab,humira
Naproxen,Naproxen,HUMAN PRESCRIPTION DRUG,ORAL,naproxen,naproxen
"OCTINOXATE, OXYBENZONE",Artistry Youth Xtend Lifting Smoothing Foundation Shade Soleil L3W1,HUMAN OTC DRUG,TOPICAL,octinoxate oxybenzone,artistry youth xtend lifting smoothing foundation shade soleil l3w1
Cetirizine Hydrochloride,ZYRTEC HIVES,HUMAN OTC DRUG,ORAL,cetirizine hydrochloride,zyrtec hives
ENTRECTINIB,Rozlytrek,HUMAN PRESCRIPTION DRUG,ORAL,entrectinib,rozlytrek
MIDAZOLAM HYDROCHLORIDE,Midazolam Hydrochloride,HUMAN PRESCRIPTION DRUG,INTRAMUSCULAR,midazolam hydrochloride,midazolam hydrochloride
Erythromycin,Erythromycin,HUMAN PRESCRIPTION DRUG,ORAL,erythromycin,erythromycin
Levetiracetam,Levetiracetam,HUMAN PRESCRIPTION DRUG,ORAL,levetiracetam,levetiracetam
Carbidopa and Levodopa,Carbidopa and Levodopa,HUMAN PRESCRIPTION DRUG,ORAL,carbidopa and levodopa,carbidopa and levodopa
Lidocaine hydrochloride,Lidocaine hydrochloride,HUMAN PRESCRIPTION DRUG,ORAL,lidocaine hydrochloride,lidocaine hydrochloride
Metoprolol Tartrate,Metoprolol Tartrate,HUMAN PRESCRIPTION DRUG,ORAL,metoprolol tartrate,metoprolol tartrate
Alcohol,Dehydrated Alcohol,HUMAN PRESCRIPTION DRUG,PERCUTANEOUS,alcohol,dehydrated alcohol
Baclofen,Baclofen,HUMAN PRESCRIPTION DRUG,ORAL,baclofen,baclofen
bupropion hydrochloride,Bupropion Hydrochloride SR,HUMAN PRESCRIPTION DRUG,ORAL,bupropion hydrochloride,bupropion hydrochloride sr
Metolazone,Metolazone,HUMAN PRESCRIPTION DRUG,ORAL,metolazone,metolazone
"BENZOCAINE, ALCOHOL",Genuine First Aid Insect Sting Relief Pad 1 ct,HUMAN OTC DRUG,TOPICAL,benzocaine alcohol,genuine first aid insect sting relief pad 1 ct
Ibuprofen,Ibuprofen,HUMAN OTC DRUG,ORAL,ibuprofen,ibuprofen
SOLANUM DULCAMARA TOP,Dulcamara,HUMAN OTC DRUG,ORAL,solanum dulcamara top,dulcamara
EQUISETUM HYEMALE,Equisetum hyemale,HUMAN OTC DRUG,ORAL,equisetum hyemale,equisetum hyemale
DOCOSANOL,DOCOSANOL,HUMAN OTC DRUG,TOPICAL,docosanol,docosanol
Oxybutynin Chloride,Oxybutynin Chloride,HUMAN PRESCRIPTION DRUG,ORAL,oxybutynin chloride,oxybutynin chloride
nateglinide,Nateglinide,HUMAN PRESCRIPTION DRUG,ORAL,nateglinide,nateglinide
Letrozole Tablets,Letrozole,HUMAN PRESCRIPTION DRUG,ORAL,letrozole tablets,letrozole
Citalopram Hydrobromide,Citalopram Hydrobromide,HUMAN PRESCRIPTION DRUG,ORAL,citalopram hydrobromide,citalopram hydrobromide
Medroxyprogesterone Acetate,Medroxyprogesterone Acetate,HUMAN PRESCRIPTION DRUG,ORAL,medroxyprogesterone acetate,medroxyprogesterone acetate
esomeprazole magnesium,Esomeprazole,HUMAN OTC DRUG,ORAL,esomeprazole magnesium,esomeprazole
DOPAMINE HYDROCHLORIDE,DOPAMINE HYDROCHLORIDE,HUMAN PRESCRIPTION DRUG,INTRAVENOUS,dopamine hydrochloride,dopamine hydrochloride
Everolimus,Everolimus,HUMAN PRESCRIPTION DRUG,ORAL,everolimus,everolimus
SODIUM BICARBONATE,Sodium Bicarbonate,HUMAN PRESCRIPTION DRUG,INTRAVENOUS,sodium bicarbonate,sodium bicarbonate
Aluminum Sesquichlorohydrate,Carpe Antiperspirant Underarm,HUMAN OTC DRUG,TOPICAL,aluminum sesquichlorohydrate,carpe antiperspirant underarm
"Homosalate, Octisalate, Octocrylene, Zinc Oxide",Cell Fusion C Derma UV Mineral Sunscreen Broad Spectrum SPF 50,HUMAN OTC DRUG,TOPICAL,homosalate octisalate octocrylene zinc oxide,cell fusion c derma uv mineral sunscreen broad spectrum spf 50
octreotide acetate,OCTREOTIDE ACETATE,HUMAN PRESCRIPTION DRUG,INTRAVENOUS,octreotide acetate,octreotide acetate
"Acetaminophen, Dextromethorphan Hydrobromide, Guaifenesin, and Phenylephrine Hydrochloride",TYLENOL Cold Plus Flu Severe,HUMAN OTC DRUG,ORAL,acetaminophen dextromethorphan hydrobromide guaifenesin and phenylephrine hydrochloride,tylenol cold plus flu severe
CETYLPYRIDINIUM CHLORIDE,Antiplaque solution,HUMAN OTC DRUG,BUCCAL,cetylpyridinium chloride,antiplaque solution
Quercus Radix 6X,Quercus Radix 6X,HUMAN OTC DRUG,ORAL,quercus radix 6x,quercus radix 6x
Ethyl Alcohol,Advanced Hand Sanitizer,HUMAN OTC DRUG,TOPICAL,ethyl alcohol,advanced hand sanitizer
lanthanum carbonate,Fosrenol,HUMAN PRESCRIPTION DRUG,ORAL,lanthanum carbonate,fosrenol
Aluminum Chlorohydrate 16 percent,Dial Professional Roll On Anti Perspirant Deodorant,HUMAN OTC DRUG,TOPICAL,aluminum chlorohydrate 16 percent,dial professional roll on anti perspirant deodorant
LIDOCAINE HYDROCHLORIDE,BeardedMoney,HUMAN OTC DRUG,TOPICAL,lidocaine hydrochloride,beardedmoney
KETAMINE HYDROCHLORIDE,KETAMINE HYDROCHLORIDE,HUMAN PRESCRIPTION DRUG,INTRAMUSCULAR,ketamine hydrochloride,ketamine hydrochloride
DAPHNE MEZEREUM BARK,Mezereum,HUMAN OTC DRUG,ORAL,daphne mezereum bark,mezereum
SODIUM CARBONATE,Natrum carbonicum,HUMAN OTC DRUG,ORAL,sodium carbonate,natrum carbonicum
SODIUM CHLORIDE,Natrum muriaticum,HUMAN OTC DRUG,ORAL,sodium chloride,natrum muriaticum
Metformin Hydrochloride,Metformin Hydrochloride,HUMAN PRESCRIPTION DRUG,ORAL,metformin hydrochloride,metformin hydrochloride
KETOROLAC TROMETHAMINE,Ketorolac Tromethamine,HUMAN PRESCRIPTION DRUG,INTRAMUSCULAR,ketorolac tromethamine,ketorolac tromethamine
WITCH HAZEL,Witch Hazel,HUMAN OTC DRUG,TOPICAL,witch hazel,witch hazel
Acetaminophen,Family Wellness Childrens Pain Reliever 574,HUMAN OTC DRUG,ORAL,acetaminophen,family wellness childrens pain reliever 574
MENTHOL AND CAMPHOR,WU YANG BRAND PAIN RELIEVING MEDICATED,HUMAN OTC DRUG,TRANSDERMAL,menthol and camphor,wu yang brand pain relieving medicated
"Echinacea, Alumina, Aralia quinquefolia, Argentum, Arnica montana, Arsenicum album, Baptisia tinctoria, Bryonia, Cantharis, Chelidonium majus, Conium maculatum, Gelsemium sempervirens, Iodium, Kali carbonicum, Kali iodatum, Lycopodium clavatum, Lycopus virginicus, Natrum muriaticum, Nux vomica, Phosphorus, Phytolacca decandra, Pulsatilla, Rhus toxicodendron, Sabal serrulata, Thyroidinum.",Jet Lag,HUMAN OTC DRUG,ORAL,echinacea alumina aralia quinquefolia argentum arnica montana arsenicum album baptisia tinctoria bryonia cantharis chelidonium majus conium maculatum gelsemium sempervirens iodium kali carbonicum kali iodatum lycopodium clavatum lycopus virginicus natrum muriaticum nux vomica phosphorus phytolacca decandra pulsatilla rhus toxicodendron sabal serrulata thyroidinum,jet lag
Ibuprofen,Dolex Children,HUMAN OTC DRUG,ORAL,ibuprofen,dolex children
ibuprofen,Dg Health Ibuprofen,HUMAN OTC DRUG,ORAL,ibuprofen,dg health ibuprofen
"Acetaminophen, Dextromethorphan Hydrobromide, Phenylephrine Hydrochloride",dg health cold plus flu relief,HUMAN OTC DRUG,ORAL,acetaminophen dextromethorphan hydrobromide phenylephrine hydrochloride,dg health cold plus flu relief
Alcohol,COCONUT VANILLA SCENTED HAND SANITIZER,HUMAN OTC DRUG,TOPICAL,alcohol,coconut vanilla scented hand sanitizer
Phenylephrine HCl,SU PHEDRINE PE SINUS CONGESTION,HUMAN OTC DRUG,ORAL,phenylephrine hcl,su phedrine pe sinus congestion
1.1% Sodium Fluoride Toothpaste,Allday 5000 Sensitive,HUMAN PRESCRIPTION DRUG,DENTAL,11 sodium fluoride toothpaste,allday 5000 sensitive
SCLERANTHUS ANNUUS WHOLE,T-28,HUMAN OTC DRUG,SUBLINGUAL,scleranthus annuus whole,t-28
"HELIANTHEMUM NUMMULARIUM FLOWER, CLEMATIS VITALBA FLOWER, IMPATIENS GLANDULIFERA FLOWER, PRUNUS CERASIFERA FLOWER, ORNITHOGALUM UMBELLATUM, and AESCULUS HIPPOCASTANUM FLOWER",Rescue Sleep,HUMAN OTC DRUG,ORAL,helianthemum nummularium flower clematis vitalba flower impatiens glandulifera flower prunus cerasifera flower ornithogalum umbellatum and aesculus hippocastanum flower,rescue sleep
"Apis mellifica, Baptisia tinctoria, Colocynthis, Hepar sulphuris calcareum, Histaminum hydrochloricum, Hydrastis canadensis, Ignatia amara, Kali bichromicum, Kali iodatum, Lemna minor, Mercurius vivus, Pulsatilla, Rhus tox, Sabadilla, Sanguinaria, Spigelia anth, Sticta, Teucrium mar and Thuja occidentalis.",Sinus Relief,HUMAN OTC DRUG,ORAL,apis mellifica baptisia tinctoria colocynthis hepar sulphuris calcareum histaminum hydrochloricum hydrastis canadensis ignatia amara kali bichromicum kali iodatum lemna minor mercurius vivus pulsatilla rhus tox sabadilla sanguinaria spigelia anth sticta teucrium mar and thuja occidentalis,sinus relief
First Aid Burn Cream,First Aid Burn Cream,HUMAN OTC DRUG,TOPICAL,first aid burn cream,first aid burn cream
OCTINOXATE,SHISEIDO FUTURE LX TOTAL RADIANCE FOUNDATION E Neutral 2,HUMAN OTC DRUG,TOPICAL,octinoxate,shiseido future lx total radiance foundation e neutral 2
OCTINOXATE and TITANIUM DIOXIDE,cle de peau BEAUTE RADIANT FLUID FOUNDATION NATURAL B60,HUMAN OTC DRUG,TOPICAL,octinoxate and titanium dioxide,cle de peau beaute radiant fluid foundation natural b60
Cetirizine Hydrochloride,Childrens Cetirizine Hydrochloride Hives Relief,HUMAN OTC DRUG,ORAL,cetirizine hydrochloride,childrens cetirizine hydrochloride hives relief
buprenorphine,Butrans,HUMAN PRESCRIPTION DRUG,TRANSDERMAL,buprenorphine,butrans
Pregabalin,Pregabalin,HUMAN PRESCRIPTION DRUG,ORAL,pregabalin,pregabalin
Isopropyl Alcohol,Alcohol Prep Pads,HUMAN OTC DRUG,TOPICAL,isopropyl alcohol,alcohol prep pads
"Avena, DNA, Elaeis, Glandula suprarenalis suis, Hamamelis, Hepar suis, Kali sulph, Nat mur, Nicotinamidum, Phosphoricum ac, Pituitarum posterium, Riboflavinum, Thiaminum hydrochloricum, Thuja occ, Thyroidinum, Urtica ur.",Hair and Nail Tonic,HUMAN OTC DRUG,ORAL,avena dna elaeis glandula suprarenalis suis hamamelis hepar suis kali sulph nat mur nicotinamidum phosphoricum ac pituitarum posterium riboflavinum thiaminum hydrochloricum thuja occ thyroidinum urtica ur,hair and nail tonic
Felodipine,Felodipine,HUMAN PRESCRIPTION DRUG,ORAL,felodipine,felodipine
Triamcinolone Acetonide,Triasil,HUMAN PRESCRIPTION DRUG,,triamcinolone acetonide,triasil
URTICA URENS,URTICA URENS,HUMAN OTC DRUG,ORAL,urtica urens,urtica urens
VALERIAN,Valeriana officinalis,HUMAN OTC DRUG,ORAL,valerian,valeriana officinalis
VIPERA BERUS VENOM,VIPERA BERUS,HUMAN OTC DRUG,ORAL,vipera berus venom,vipera berus
doxazosin mesylate,Doxazosin,HUMAN PRESCRIPTION DRUG,ORAL,doxazosin mesylate,doxazosin
spironolactone,Spironolactone,HUMAN PRESCRIPTION DRUG,ORAL,spironolactone,spironolactone
Nicotine,Nicotine transdermal system step 2,HUMAN OTC DRUG,TRANSDERMAL,nicotine,nicotine transdermal system step 2
Darunavir,Darunavir,HUMAN PRESCRIPTION DRUG,ORAL,darunavir,darunavir
Alcohol,Justice Berry Scented Anti-bacterial Hand Sanitizer,HUMAN OTC DRUG,TOPICAL,alcohol,justice berry scented anti-bacterial hand sanitizer
CARBAMAZEPINE,CARBAMAZEPINE,HUMAN PRESCRIPTION DRUG,ORAL,carbamazepine,carbamazepine
Terbinafine Hydrochloride,Terbinafine Hydrochloride,HUMAN PRESCRIPTION DRUG,ORAL,terbinafine hydrochloride,terbinafine hydrochloride
Dasatinib,Dasatinib,HUMAN PRESCRIPTION DRUG,ORAL,dasatinib,dasatinib
PREDNISONE,prednisone,HUMAN PRESCRIPTION DRUG,ORAL,prednisone,prednisone
Alcohol,Anti Bacterial Hand Gel Pink Kiwi Berry,HUMAN OTC DRUG,TOPICAL,alcohol,anti bacterial hand gel pink kiwi berry
Metoprolol Tartrate and Hydrochlorothiazide,Metoprolol Tartrate and Hydrochlorothiazide,HUMAN PRESCRIPTION DRUG,ORAL,metoprolol tartrate and hydrochlorothiazide,metoprolol tartrate and hydrochlorothiazide
aspirin and caffeine,GOODYS Hangover,HUMAN OTC DRUG,ORAL,aspirin and caffeine,goodys hangover
Zinc oxide,ATTITUDE Sunly Kids Mineral Sunscreen Stick Unscented SPF 30,HUMAN OTC DRUG,TOPICAL,zinc oxide,attitude sunly kids mineral sunscreen stick unscented spf 30
"OCTISALATE, TITANIUM DIOXIDE",Dior Forever Skin Wear Flawless Skin True Foundation SPF 20 3N Neutral,HUMAN OTC DRUG,TOPICAL,octisalate titanium dioxide,dior forever skin wear flawless skin true foundation spf 20 3n neutral
TITANIUM DIOXIDE AND ZINC OXIDE,Obagi Skintrinsiq Firming Protocol,HUMAN OTC DRUG,,titanium dioxide and zinc oxide,obagi skintrinsiq firming protocol
Gemfibrozil,Gemfibrozil,HUMAN PRESCRIPTION DRUG,ORAL,gemfibrozil,gemfibrozil
Calcitriol,Calcitriol,HUMAN PRESCRIPTION DRUG,ORAL,calcitriol,calcitriol
Etodolac,Etodolac,HUMAN PRESCRIPTION DRUG,ORAL,etodolac,etodolac
Oak White,QUERCUS ALBA POLLEN,NON-STANDARDIZED ALLERGENIC,SUBCUTANEOUS,oak white,quercus alba pollen
Candesartan Cilexetil,ATACAND,HUMAN PRESCRIPTION DRUG,ORAL,candesartan cilexetil,atacand
Alcohol,Anti Bacterial Hand Gel Coconut Mint Drop,HUMAN OTC DRUG,TOPICAL,alcohol,anti bacterial hand gel coconut mint drop
Elm Cedar,ULMUS CRASSIFOLIA POLLEN,NON-STANDARDIZED ALLERGENIC,SUBCUTANEOUS,elm cedar,ulmus crassifolia pollen
"dextromethorphan hydrobromide, guaifenesin, and phenylephrine hydrochloride",Robitussin Peak Cold Multi-Symptom Cold,HUMAN OTC DRUG,ORAL,dextromethorphan hydrobromide guaifenesin and phenylephrine hydrochloride,robitussin peak cold multi-symptom cold
phentermine hydrochloride,Phentermine Hydrochloride,HUMAN PRESCRIPTION DRUG,ORAL,phentermine hydrochloride,phentermine hydrochloride
Bisoprolol fumarate,Bisoprolol,HUMAN PRESCRIPTION DRUG,ORAL,bisoprolol fumarate,bisoprolol
Fluticasone Propionate,Fluticasone Propionate,HUMAN PRESCRIPTION DRUG,TOPICAL,fluticasone propionate,fluticasone propionate
Stress Tonic,Stress Tonic 2998,HUMAN OTC DRUG,ORAL,stress tonic,stress tonic 2998
L-Tyrosine High,L-Tyrosine High 7428,HUMAN OTC DRUG,ORAL,l-tyrosine high,l-tyrosine high 7428
ALCOHOL,Hand Sanitizer,HUMAN OTC DRUG,TOPICAL,alcohol,hand sanitizer
Glipizide,Glipizide,HUMAN PRESCRIPTION DRUG,ORAL,glipizide,glipizide
GENTAMICIN SULFATE,Gentamicin,HUMAN PRESCRIPTION DRUG,INTRAMUSCULAR,gentamicin sulfate,gentamicin
Morphine Sulfate,Morphine Sulfate,HUMAN PRESCRIPTION DRUG,INTRAMUSCULAR,morphine sulfate,morphine sulfate
Levothyroxine Sodium,Levothyroxine Sodium,HUMAN PRESCRIPTION DRUG,INTRAVENOUS,levothyroxine sodium,levothyroxine sodium
Badiaga,Badiaga,HUMAN OTC DRUG,ORAL,badiaga,badiaga
Cadmium Metallicum,Cadmium Metallicum,HUMAN OTC DRUG,ORAL,cadmium metallicum,cadmium metallicum
Agnus castus,Agnus castus,HUMAN OTC DRUG,ORAL,agnus castus,agnus castus
"ADRENALINUM, AETHUSA CYNAPIUM, AGNUS CASTUS, ALFALFA, ARGENTUM NITRICUM, AURUM METALLICUM, AVENA SATIVA, CERATOSTIGMA WILLMOTTIANUM FLOWER, CHERRY PLUM FLOWER, DAMIANA, EUROPEAN ASPEN FLOWER, EUROPEAN HORNBEAM FLOWER, GORSE FLOWER, HYPERICUM PERFORATUM, KALI PHOSPHORICUM, LYCOPODIUM CLAVATUM, MANDRAGORA OFFICINARUM, NATRUM MURIATICUM, PASSIFLORA INCARNATA, ROSA CANINA FLOWER, SEPIA, SWEET CHESTNUT FLOWER, THYROIDINUM, WILD MUSTARD FLOWER",B07 DPRSN ANTITOX,HUMAN OTC DRUG,SUBLINGUAL,adrenalinum aethusa cynapium agnus castus alfalfa argentum nitricum aurum metallicum avena sativa ceratostigma willmottianum flower cherry plum flower damiana european aspen flower european hornbeam flower gorse flower hypericum perforatum kali phosphoricum lycopodium clavatum mandragora officinarum natrum muriaticum passiflora incarnata rosa canina flower sepia sweet chestnut flower thyroidinum wild mustard flower,b07 dprsn antitox
Argentum Metallicum,Argentum Metallicum,HUMAN OTC DRUG,ORAL,argentum metallicum,argentum metallicum
Pitavastatin,Pitavastatin,HUMAN PRESCRIPTION DRUG,ORAL,pitavastatin,pitavastatin
Aripiprazole,Aripiprazole,HUMAN PRESCRIPTION DRUG,ORAL,aripiprazole,aripiprazole
Tocilizumab-aazg,TYENNE,HUMAN PRESCRIPTION DRUG,SUBCUTANEOUS,tocilizumab-aazg,tyenne
Broad Spectrum SPF 15 Sunscreen Unflavored Lip Balm,Broad Spectrum SPF 15 Sunscreen Unflavored Lip Balm,HUMAN OTC DRUG,TOPICAL,broad spectrum spf 15 sunscreen unflavored lip balm,broad spectrum spf 15 sunscreen unflavored lip balm
Hydroxyzine Pamoate,Hydroxyzine Pamoate,HUMAN PRESCRIPTION DRUG,ORAL,hydroxyzine pamoate,hydroxyzine pamoate
Dimethicone,Cetaphil Cracked Skin Repair,HUMAN OTC DRUG,TOPICAL,dimethicone,cetaphil cracked skin repair
"titanium dioxide, zinc oxide",Cetaphil Sun Tinted Face SPF 40,HUMAN OTC DRUG,TOPICAL,titanium dioxide zinc oxide,cetaphil sun tinted face spf 40
quetiapine,SEROQUEL XR,HUMAN PRESCRIPTION DRUG,ORAL,quetiapine,seroquel xr
Dimethicone,Daily Moisturizing,HUMAN OTC DRUG,TOPICAL,dimethicone,daily moisturizing
pioglitazone,Actos,HUMAN PRESCRIPTION DRUG,ORAL,pioglitazone,actos
Motionsense Coconut Mango Antiperspirant Deodorant,Degree,HUMAN OTC DRUG,TOPICAL,motionsense coconut mango antiperspirant deodorant,degree
"Beech, American Fagus grandifolia","Pollens - Trees, Beech, American Fagus grandifolia",NON-STANDARDIZED ALLERGENIC,PERCUTANEOUS,beech american fagus grandifolia,pollens - trees beech american fagus grandifolia
Teens Mango Sunshine 72h Antiperspirant,Dove,HUMAN OTC DRUG,TOPICAL,teens mango sunshine 72h antiperspirant,dove
Ultimate Cucumber Water plus Mint Dry Spray 72h Antiperspirant Deodorant,Dove,HUMAN OTC DRUG,TOPICAL,ultimate cucumber water plus mint dry spray 72h antiperspirant deodorant,dove
"Animal Allergens, Dog Dander Canis spp","Animal Allergens, AP Dog Hair and Dander Canis spp",NON-STANDARDIZED ALLERGENIC,PERCUTANEOUS,animal allergens dog dander canis spp,animal allergens ap dog hair and dander canis spp
trastuzumab,OGIVRI,HUMAN PRESCRIPTION DRUG,INTRAVENOUS,trastuzumab,ogivri
Fesoterodine Fumarate,Fesoterodine Fumarate,HUMAN PRESCRIPTION DRUG,ORAL,fesoterodine fumarate,fesoterodine fumarate
Tolvaptan,Tolvaptan,HUMAN PRESCRIPTION DRUG,ORAL,tolvaptan,tolvaptan
Isosorbide Dinitrate,Isosorbide,HUMAN PRESCRIPTION DRUG,ORAL,isosorbide dinitrate,isosorbide
Cephalexin,Cephalexin,HUMAN PRESCRIPTION DRUG,ORAL,cephalexin,cephalexin
pioglitazone hydrochloride,PIOGLITAZONE HYDROCHLORIDE,HUMAN PRESCRIPTION DRUG,ORAL,pioglitazone hydrochloride,pioglitazone hydrochloride
DALFAMPRIDINE,DALFAMPRIDINE,HUMAN PRESCRIPTION DRUG,ORAL,dalfampridine,dalfampridine
BARYTA IODATA,Baryta Iodata,HUMAN OTC DRUG,ORAL,baryta iodata,baryta iodata
"Apis mellifica, Lachesis mutus, Phosphorus, Thymus gland, Zinc met",Emvita 15,HUMAN OTC DRUG,ORAL,apis mellifica lachesis mutus phosphorus thymus gland zinc met,emvita 15
"Acetaminophen, Dextromethorphan Hydrobromide, and Phenylephrine Hydrochloride",Daytime Cold and Flu,HUMAN OTC DRUG,ORAL,acetaminophen dextromethorphan hydrobromide and phenylephrine hydrochloride,daytime cold and flu
Zinc Sulfate,Zinc Sulfate,HUMAN PRESCRIPTION DRUG,INTRAVENOUS,zinc sulfate,zinc sulfate
"Padimate O, Titanium Dioxide",Vertra Pearl White Face Stick SPF 50,HUMAN OTC DRUG,TOPICAL,padimate o titanium dioxide,vertra pearl white face stick spf 50
"HOMOSALATE, OCTOCRYLENE, ZINC OXIDE",Walgreens Daytime Facial Moisturizer with Broad Spectrum SPF 30 Sunscreen,HUMAN OTC DRUG,TOPICAL,homosalate octocrylene zinc oxide,walgreens daytime facial moisturizer with broad spectrum spf 30 sunscreen
Ibuprofen,Migraine Relief,HUMAN OTC DRUG,ORAL,ibuprofen,migraine relief
ACETAMINOPHEN DEXTROMETHORPHAN HYDROBROMIDE DOXYLAMINE SUCCINATE,NightTime Cold and Flu Multi Symptom,HUMAN OTC DRUG,ORAL,acetaminophen dextromethorphan hydrobromide doxylamine succinate,nighttime cold and flu multi symptom
Esomeprazole Magnesium,Esomeprazole Magnesium,HUMAN OTC DRUG,ORAL,esomeprazole magnesium,esomeprazole magnesium
Salicylic Acid,Walgreens Pink Grapefruit Acne Wash,HUMAN OTC DRUG,TOPICAL,salicylic acid,walgreens pink grapefruit acne wash
diclofenac sodium,berkley and jensen arthritis pain,HUMAN OTC DRUG,,diclofenac sodium,berkley and jensen arthritis pain
Theophylline,Theophylline,HUMAN PRESCRIPTION DRUG,ORAL,theophylline,theophylline
"ACONITUM NAPELLUS, BRYONIA ROOT, CALCIUM CATION, SPONGIA OFFICINALIS SKELETON, ROASTED, TIN, MEDICAGO SATIVA LEAF, OAT, ARABICA COFFEE BEAN",Cough and Bronchial Nighttime Syrup,HUMAN OTC DRUG,ORAL,aconitum napellus bryonia root calcium cation spongia officinalis skeleton roasted tin medicago sativa leaf oat arabica coffee bean,cough and bronchial nighttime syrup
ZINC OXIDE,VERSED MULTI SERUM SKIN TINT SPF 40 DEEP NEUTRAL,HUMAN OTC DRUG,TOPICAL,zinc oxide,versed multi serum skin tint spf 40 deep neutral
Zinc Oxide,Dr Lift SPF 50 Mineral Sunscreen Stick,HUMAN OTC DRUG,TOPICAL,zinc oxide,dr lift spf 50 mineral sunscreen stick
Labetalol Hydrochloride,Labetalol Hydrochloride,HUMAN PRESCRIPTION DRUG,INTRAVENOUS,labetalol hydrochloride,labetalol hydrochloride
Brimonidine Tartrate and Timolol maleate,Brimonidine Tartrate and Timolol maleate Ophthalmic Solution,HUMAN PRESCRIPTION DRUG,OPHTHALMIC,brimonidine tartrate and timolol maleate,brimonidine tartrate and timolol maleate ophthalmic solution
DOCUSATE SODIUM,Stool Softener Laxative,HUMAN OTC DRUG,ORAL,docusate sodium,stool softener laxative
Ciprofloxacin Hydrochloride,Ciprofloxacin Hydrochloride,HUMAN PRESCRIPTION DRUG,OPHTHALMIC,ciprofloxacin hydrochloride,ciprofloxacin hydrochloride
CEFPROZIL,CEFPROZIL,HUMAN PRESCRIPTION DRUG,ORAL,cefprozil,cefprozil
Naproxen Sodium,Naproxen Sodium,HUMAN OTC DRUG,ORAL,naproxen sodium,naproxen sodium
"Bacitracin zinc, Neomycin sulfate , Polymyxin B sulfate",Triple Antibiotic,HUMAN OTC DRUG,TOPICAL,bacitracin zinc neomycin sulfate  polymyxin b sulfate,triple antibiotic
Stannous fluoride,Crest Pro Health Gum Detoxify and Restore Pro Deep Clean,HUMAN OTC DRUG,DENTAL,stannous fluoride,crest pro health gum detoxify and restore pro deep clean
Doxylamine succinate and Pyridoxine hydrochloride,Doxylamine succinate and Pyridoxine hydrochloride,HUMAN PRESCRIPTION DRUG,ORAL,doxylamine succinate and pyridoxine hydrochloride,doxylamine succinate and pyridoxine hydrochloride
Benzocaine,Ipana 20% Benzocaine Topical,HUMAN OTC DRUG,DENTAL,benzocaine,ipana 20 benzocaine topical
"Dextran 70, Polyethylene glycol 400, Povidone, Tetrahydrozoline HCI",Walgreens Eye Drops Advanced Relief 15mL,HUMAN OTC DRUG,OPHTHALMIC,dextran 70 polyethylene glycol 400 povidone tetrahydrozoline hci,walgreens eye drops advanced relief 15ml
Ibuprofen,Infants Ibuprofen,HUMAN OTC DRUG,ORAL,ibuprofen,infants ibuprofen
"Methyl Salicylate, Capsaicin, and Menthol",New Terocin,HUMAN OTC DRUG,TOPICAL,methyl salicylate capsaicin and menthol,new terocin
Eszopiclone,Eszopiclone,HUMAN PRESCRIPTION DRUG,ORAL,eszopiclone,eszopiclone
AMLODIPINE BESYLATE,AMLODIPINE BESYLATE,HUMAN PRESCRIPTION DRUG,ORAL,amlodipine besylate,amlodipine besylate
hydroxyzine hydrochloride,HYDROXYZINE HYDROCHLORIDE,HUMAN PRESCRIPTION DRUG,ORAL,hydroxyzine hydrochloride,hydroxyzine hydrochloride
Vilazodone hydrochloride,Vilazodone hydrochloride,HUMAN PRESCRIPTION DRUG,ORAL,vilazodone hydrochloride,vilazodone hydrochloride
Levocetirizine Dihydrochloride,Levocetirizine Dihydrochloride,HUMAN OTC DRUG,ORAL,levocetirizine dihydrochloride,levocetirizine dihydrochloride
Naloxone Hydrochloride,Naloxone Hydrochloride,HUMAN OTC DRUG,NASAL,naloxone hydrochloride,naloxone hydrochloride
"ACETAMINOPHEN, DEXTROMETHORPHAN HBr",Theraflu Severe Cold Relief Daytime,HUMAN OTC DRUG,ORAL,acetaminophen dextromethorphan hbr,theraflu severe cold relief daytime
memantine hydrochloride,Memantine Hydrochloride,HUMAN PRESCRIPTION DRUG,ORAL,memantine hydrochloride,memantine hydrochloride
Diazepam,Diazepam,HUMAN PRESCRIPTION DRUG,ORAL,diazepam,diazepam
Guanfacine,Guanfacine Extended-Release,HUMAN PRESCRIPTION DRUG,ORAL,guanfacine,guanfacine extended-release
Menthol,NICE Citrus Cough Drops,HUMAN OTC DRUG,ORAL,menthol,nice citrus cough drops
"Acetaminophen, Caffeine",Neo-Lubrina Fuerte,HUMAN OTC DRUG,ORAL,acetaminophen caffeine,neo-lubrina fuerte
Diphenhydramine HCl,Allergy Relief,HUMAN OTC DRUG,ORAL,diphenhydramine hcl,allergy relief
"Dextromethorphan HBr, Guaifenesin, Chlorpheniramine maleate",Daytime and Nighttime Cough and Chest Congestion Childrens,HUMAN OTC DRUG,,dextromethorphan hbr guaifenesin chlorpheniramine maleate,daytime and nighttime cough and chest congestion childrens
"MENTHOL, UNSPECIFIED FORM",Bengay Vanishing Scent,HUMAN OTC DRUG,TOPICAL,menthol unspecified form,bengay vanishing scent
"Avobenzone, Homosalate, Octisalate, Octocrylene",Neutrogena Collagen Bank SPF Moisturizer Broad Spectrum SPF 30 and Neutrogena Collagen Bank Moisturizer,HUMAN OTC DRUG,TOPICAL,avobenzone homosalate octisalate octocrylene,neutrogena collagen bank spf moisturizer broad spectrum spf 30 and neutrogena collagen bank moisturizer
Nicotine Polacrilex,Nicotine Polacrilex Coated Ice Mint,HUMAN OTC DRUG,BUCCAL,nicotine polacrilex,nicotine polacrilex coated ice mint
Coagulation Factor IX Recombinant Human,IDELVION,PLASMA DERIVATIVE,,coagulation factor ix recombinant human,idelvion
Salicylic Acid,Medicated Wart Remover Strips,HUMAN OTC DRUG,TOPICAL,salicylic acid,medicated wart remover strips
estradiol,Estradiol,HUMAN PRESCRIPTION DRUG,TRANSDERMAL,estradiol,estradiol
atorvastatin calcium,Atorvastatin Calcium,HUMAN PRESCRIPTION DRUG,ORAL,atorvastatin calcium,atorvastatin calcium
Filgrastim,RELEUKO,HUMAN PRESCRIPTION DRUG,INTRAVENOUS,filgrastim,releuko
Terazosin,TEZRULY,HUMAN PRESCRIPTION DRUG,ORAL,terazosin,tezruly
"BENZYL ALCOHOL, LIDOCAINE HYDROCHLORIDE",HealthWise Lidocaine Plus Cream,HUMAN OTC DRUG,TOPICAL,benzyl alcohol lidocaine hydrochloride,healthwise lidocaine plus cream
ZINC OXIDE,Younique Bare You BB Tinted Moisturizer Sunscreen Broad Spectrum SPF-30 LIGHT,HUMAN OTC DRUG,TOPICAL,zinc oxide,younique bare you bb tinted moisturizer sunscreen broad spectrum spf-30 light
PredniSONE Intensol,PredniSONE Intensol,HUMAN PRESCRIPTION DRUG,ORAL,prednisone intensol,prednisone intensol
Ammonium Lactate,Ammonium Lactate,HUMAN PRESCRIPTION DRUG,TOPICAL,ammonium lactate,ammonium lactate
olmesartan medoxomil / amlodipine besylate / hydrochlorothiazide,olmesartan medoxomil / amlodipine besylate / hydrochlorothiazide,HUMAN PRESCRIPTION DRUG,ORAL,olmesartan medoxomil  amlodipine besylate  hydrochlorothiazide,olmesartan medoxomil  amlodipine besylate  hydrochlorothiazide
Citalopram,Citalopram,HUMAN PRESCRIPTION DRUG,ORAL,citalopram,citalopram
Topiramate,Topiramate,HUMAN PRESCRIPTION DRUG,ORAL,topiramate,topiramate
Cetirizine Hydrochloride Tablets,cetirizine hydrochloride,HUMAN OTC DRUG,ORAL,cetirizine hydrochloride tablets,cetirizine hydrochloride
BUTENAFINE HYDROCHLORIDE,Athletes Foot,HUMAN OTC DRUG,TOPICAL,butenafine hydrochloride,athletes foot
Sitagliptin and Metformin Hydrochloride,ZITUVIMET,HUMAN PRESCRIPTION DRUG,ORAL,sitagliptin and metformin hydrochloride,zituvimet
fluocinolone acetonide,Fluocinolone Acetonide,HUMAN PRESCRIPTION DRUG,TOPICAL,fluocinolone acetonide,fluocinolone acetonide
Fluphenazine Hydrochloride,Fluphenazine Hydrochloride,HUMAN PRESCRIPTION DRUG,ORAL,fluphenazine hydrochloride,fluphenazine hydrochloride
givosiran sodium,GIVLAARI,HUMAN PRESCRIPTION DRUG,SUBCUTANEOUS,givosiran sodium,givlaari
Simethicone 125 mg,Firstcare Gas Relief Simethicone 125 mg Anti-gas,HUMAN OTC DRUG,ORAL,simethicone 125 mg,firstcare gas relief simethicone 125 mg anti-gas
Warfarin,Warfarin Sodium,HUMAN PRESCRIPTION DRUG,ORAL,warfarin,warfarin sodium
clonazepam,Clonazepam,HUMAN PRESCRIPTION DRUG,ORAL,clonazepam,clonazepam
Carvedilol Phosphate,Carvedilol Phosphate,HUMAN PRESCRIPTION DRUG,ORAL,carvedilol phosphate,carvedilol phosphate
"Dextroamphetamine Saccharate, Amphetamine Aspartate Monohydrate, Dextroamphetamine Sulfate, Amphetamine Sulfate",Mixed Salts of a Single Entity Amphetamine Product XR,HUMAN PRESCRIPTION DRUG,ORAL,dextroamphetamine saccharate amphetamine aspartate monohydrate dextroamphetamine sulfate amphetamine sulfate,mixed salts of a single entity amphetamine product xr
SODIUM PERBORATE MONOHYDRATE,Amosan Oral Wound Cleanser Mint,HUMAN OTC DRUG,ORAL,sodium perborate monohydrate,amosan oral wound cleanser mint
Enoxaparin Sodium,Enoxaparin Sodium,HUMAN PRESCRIPTION DRUG,SUBCUTANEOUS,enoxaparin sodium,enoxaparin sodium
Tizanidine,Tizanidine,HUMAN PRESCRIPTION DRUG,ORAL,tizanidine,tizanidine
Bisoprolol Fumarate and Hydrochlorothiazide,Bisoprolol Fumarate and Hydrochlorothiazide,HUMAN PRESCRIPTION DRUG,ORAL,bisoprolol fumarate and hydrochlorothiazide,bisoprolol fumarate and hydrochlorothiazide
Chlorpheniramine Maleate,Allergy,HUMAN OTC DRUG,ORAL,chlorpheniramine maleate,allergy
Olmesartan Medoxomil,Olmesartan Medoxomil,HUMAN PRESCRIPTION DRUG,ORAL,olmesartan medoxomil,olmesartan medoxomil
Nystatin and Triamcinolone Acetonide,Nystatin and Triamcinolone Acetonide,HUMAN PRESCRIPTION DRUG,TOPICAL,nystatin and triamcinolone acetonide,nystatin and triamcinolone acetonide
isoniazid,Isoniazid,HUMAN PRESCRIPTION DRUG,ORAL,isoniazid,isoniazid
Sunitinib Malate,Sunitinib Malate,HUMAN PRESCRIPTION DRUG,ORAL,sunitinib malate,sunitinib malate
"Acetaminophen, Ibuprofen",DUAL ACTION,HUMAN OTC DRUG,ORAL,acetaminophen ibuprofen,dual action
onasemnogene abeparvovec-xioi,Zolgensma,HUMAN PRESCRIPTION DRUG,,onasemnogene abeparvovec-xioi,zolgensma
Alcohol,On Guard Sanitizing Gel,HUMAN OTC DRUG,TOPICAL,alcohol,on guard sanitizing gel
Lidocaine Hydrochloride,Lidocaine,HUMAN PRESCRIPTION DRUG,INFILTRATION,lidocaine hydrochloride,lidocaine
"DROSERA, ARNICA MONTANA, BRYONIA, CETRARIA ISLANDICA, COCCUS CACTI, CORALLIUM RUBRUM, STANNUM METALLICUM, CHAMOMILLA, COFFEE CRUDEA",Kids Relief,HUMAN OTC DRUG,ORAL,drosera arnica montana bryonia cetraria islandica coccus cacti corallium rubrum stannum metallicum chamomilla coffee crudea,kids relief
Ferric Carboxymaltose,Ferric Carboxymaltose,HUMAN PRESCRIPTION DRUG,INTRAVENOUS,ferric carboxymaltose,ferric carboxymaltose
Lisdexamfetamine dimesylate,Lisdexamfetamine dimesylate,HUMAN PRESCRIPTION DRUG,ORAL,lisdexamfetamine dimesylate,lisdexamfetamine dimesylate
"ESTERIFIED ESTROGENS, METHYLTESTOSTERONE",ESTRATEST F.S.,HUMAN PRESCRIPTION DRUG,ORAL,esterified estrogens methyltestosterone,estratest fs
Pravastatin Sodium,Pravastatin Sodium,HUMAN PRESCRIPTION DRUG,ORAL,pravastatin sodium,pravastatin sodium
Nitrous Oxide,Nitrous Oxide,HUMAN PRESCRIPTION DRUG,RESPIRATORY (INHALATION),nitrous oxide,nitrous oxide
"brompheniramine maleate, dextromethorphan hydrobromide",CAREONE CHILDRENS COLD COUGH,HUMAN OTC DRUG,ORAL,brompheniramine maleate dextromethorphan hydrobromide,careone childrens cold cough
Metoprolol Succinate,Metoprolol Succinate,HUMAN PRESCRIPTION DRUG,ORAL,metoprolol succinate,metoprolol succinate
Benzalkonium Chloride wipes,Bravo Sierra - Antibacterial Body Wipes,HUMAN OTC DRUG,TOPICAL,benzalkonium chloride wipes,bravo sierra - antibacterial body wipes
Dihydroergotamine mesylate,Dihydroergotamine mesylate,HUMAN PRESCRIPTION DRUG,NASAL,dihydroergotamine mesylate,dihydroergotamine mesylate
Menthol,Natures Willow Bug Bite Balm,HUMAN OTC DRUG,TOPICAL,menthol,natures willow bug bite balm
tocilizumab,AVTOZMA,HUMAN PRESCRIPTION DRUG,INTRAVENOUS,tocilizumab,avtozma
Methocarbamol,Methocarbamol,HUMAN PRESCRIPTION DRUG,ORAL,methocarbamol,methocarbamol
"Oxymetazoline hydrochloride, Acetaminophen and Guaifenesin","Mucinex Rapid Clear Pain, Headache, and Mucus Congestion and Sinus Max Clear and Cool",HUMAN OTC DRUG,ORAL,oxymetazoline hydrochloride acetaminophen and guaifenesin,mucinex rapid clear pain headache and mucus congestion and sinus max clear and cool
Bumetanide,Bumetanide,HUMAN PRESCRIPTION DRUG,ORAL,bumetanide,bumetanide
"MENTHOL, CAMPHOR","MENTHOL, CAMPHOR",HUMAN OTC DRUG,TOPICAL,menthol camphor,menthol camphor
Intimate Skin Care,iShanCare Intimate Skin Care,HUMAN OTC DRUG,TOPICAL,intimate skin care,ishancare intimate skin care
Ethyl alcohol,American Red Cross 70% Ethyl Alcohol Hand Sanitizer,HUMAN OTC DRUG,TOPICAL,ethyl alcohol,american red cross 70 ethyl alcohol hand sanitizer
Diclofenac Potassium Tablets,Diclofenac Potassium,HUMAN PRESCRIPTION DRUG,ORAL,diclofenac potassium tablets,diclofenac potassium
Norethindrone Acetate and Ethinyl Estradiol and Ferrous Fumarate,Junel Fe 28 Day,HUMAN PRESCRIPTION DRUG,,norethindrone acetate and ethinyl estradiol and ferrous fumarate,junel fe 28 day
"AVOBENZONE, OCTINOXATE, OCTOCRYLENE, HOMOSALATE",Dr. C. Tuna Sunscreen SPF30 Broad Spectrum,HUMAN OTC DRUG,TOPICAL,avobenzone octinoxate octocrylene homosalate,dr c tuna sunscreen spf30 broad spectrum
Midazolam Hydrochloride,Midazolam,HUMAN PRESCRIPTION DRUG,INTRAMUSCULAR,midazolam hydrochloride,midazolam
"Acetaminophen, Chlorpheniramine Maleate, and Dextromethorphan Hydrobromide",TOPCARE Childrens Cold and Cough and Runny Nose,HUMAN OTC DRUG,ORAL,acetaminophen chlorpheniramine maleate and dextromethorphan hydrobromide,topcare childrens cold and cough and runny nose
EMTRICITABINE AND TENOFOVIR DISOPROXIL FUMARATE,EMTRICITABINE AND TENOFOVIR DISOPROXIL FUMARATE,HUMAN PRESCRIPTION DRUG,ORAL,emtricitabine and tenofovir disoproxil fumarate,emtricitabine and tenofovir disoproxil fumarate
"marcaine, lidocaine, kenalog, povidone iodine",MLK Kit F2,HUMAN PRESCRIPTION DRUG,EPIDURAL,marcaine lidocaine kenalog povidone iodine,mlk kit f2
Gelsemium Sempervirens Root,Gelsemium Sempervirens 30c,HUMAN OTC DRUG,SUBLINGUAL,gelsemium sempervirens root,gelsemium sempervirens 30c
Benzalkonium Chloride,Citrus Fresh Foaming Antimicrobial,HUMAN OTC DRUG,TOPICAL,benzalkonium chloride,citrus fresh foaming antimicrobial
"HOMOSALATE, OCTISALATE, OCTOCRYLENE, ZINC OXIDE",e.l.f. Hydrating Camo CC Cream SPF30 Rich 620 W,HUMAN OTC DRUG,TOPICAL,homosalate octisalate octocrylene zinc oxide,elf hydrating camo cc cream spf30 rich 620 w
Gemachlich ZuHause Hair Growth Serum (Women),Gemachlich ZuHause Hair Growth Serum (Women),HUMAN OTC DRUG,TOPICAL,gemachlich zuhause hair growth serum women,gemachlich zuhause hair growth serum women
Ezetimibe,Zetia,HUMAN PRESCRIPTION DRUG,ORAL,ezetimibe,zetia
Sterile Cord Blood Collection Unit,Pall Sterile Cord Blood Collection Unit,HUMAN PRESCRIPTION DRUG,INTRAVENOUS,sterile cord blood collection unit,pall sterile cord blood collection unit
"acetaminophen, dextromethorphan hydrobromide, guaifenesin, phenylephrine hydrochloride",daytime cold flu,HUMAN OTC DRUG,ORAL,acetaminophen dextromethorphan hydrobromide guaifenesin phenylephrine hydrochloride,daytime cold flu
Zinc Oxide,Target Up and Up SPF 50 Mineral Zinc Oxide Sunscreen,HUMAN OTC DRUG,TOPICAL,zinc oxide,target up and up spf 50 mineral zinc oxide sunscreen
Escitalopram Oxalate,Escitalopram,HUMAN PRESCRIPTION DRUG,ORAL,escitalopram oxalate,escitalopram
"bacitracin zinc, neomycin sulfate, polymyxin b sulfate, and pramoxine hydrochloride","Equate Antibiotic Plus Pain, Itch, Scar Relief",HUMAN OTC DRUG,TOPICAL,bacitracin zinc neomycin sulfate polymyxin b sulfate and pramoxine hydrochloride,equate antibiotic plus pain itch scar relief
Omeprazole,Omeprazole,HUMAN OTC DRUG,ORAL,omeprazole,omeprazole
Gabapentin,Gabapentin,HUMAN PRESCRIPTION DRUG,ORAL,gabapentin,gabapentin
Trazodone Hydrochloride,Trazodone Hydrochloride,HUMAN PRESCRIPTION DRUG,ORAL,trazodone hydrochloride,trazodone hydrochloride
lidocaine,lidocaine,HUMAN PRESCRIPTION DRUG,TOPICAL,lidocaine,lidocaine
ALCOHOL,P b pure Antibacterial Hand Sanitizer Sweet Pea Scented,HUMAN OTC DRUG,TOPICAL,alcohol,p b pure antibacterial hand sanitizer sweet pea scented
"AVOBENZONE,HOMOSALATE,OCTISALATE,OCTOCRYLENE",KIZO LAB UV DEFENSE CLEAR SUNSCREN SPF50,HUMAN OTC DRUG,TOPICAL,avobenzonehomosalateoctisalateoctocrylene,kizo lab uv defense clear sunscren spf50
Hydrocortisone Spray,Hydrocortisone,HUMAN OTC DRUG,TOPICAL,hydrocortisone spray,hydrocortisone
TOLNAFTATE,Derman antifungal cream,HUMAN OTC DRUG,TOPICAL,tolnaftate,derman antifungal cream
Magnesium Citrate,Magnesium Citrate Saline Laxative,HUMAN OTC DRUG,ORAL,magnesium citrate,magnesium citrate saline laxative
"Dry Idea Advanced Dry Antiperspirant Roll-On, Fresh Linen","Dry Idea Advanced Dry Antiperspirant Roll-On, Fresh Linen",HUMAN OTC DRUG,TOPICAL,dry idea advanced dry antiperspirant roll-on fresh linen,dry idea advanced dry antiperspirant roll-on fresh linen
GUAIFENESIN,GUAIFENESIN,HUMAN OTC DRUG,ORAL,guaifenesin,guaifenesin
"glycerin, povidone",Ripple,HUMAN OTC DRUG,OPHTHALMIC,glycerin povidone,ripple
Kali Sulphuricum,Bestmade Natural Products Kali Sulph 8x,HUMAN OTC DRUG,ORAL,kali sulphuricum,bestmade natural products kali sulph 8x
"China Off, Colocynthis, Dulcamara, Merc Dul, Podophyllum, Baptisia, Chamomilla",Bestmade Natural Products BM220,HUMAN OTC DRUG,ORAL,china off colocynthis dulcamara merc dul podophyllum baptisia chamomilla,bestmade natural products bm220
"Velvet Deer Antler, Alpha-GPC, Pituitarium, Hepar Suis",Bestmade Natural Products Recover,HUMAN OTC DRUG,ORAL,velvet deer antler alpha-gpc pituitarium hepar suis,bestmade natural products recover
"Foeniculum Vulgare, Ammonium Bromatum, Fucus Vesiculosus, Lecithin (Derived From Egg), Petroselinum Sativum, Capsicum Annuum, Galium Aparine, Hydrastis Canadensis, Hypothalamus Suis, Kali Bichromicum, Lac Defloratum (NSPC), Phytolacca Decandra, Thyroidinum (Bovine), Thymus (Bovine Thymus Gland), Pituitarum Posterium (Bovine), Antimonium Crudum, Argentum Metallicum, Calcarea Carbonica, Adrenalinum, Phosphorus",Weight Loss Support Plus Immune Support,HUMAN OTC DRUG,ORAL,foeniculum vulgare ammonium bromatum fucus vesiculosus lecithin derived from egg petroselinum sativum capsicum annuum galium aparine hydrastis canadensis hypothalamus suis kali bichromicum lac defloratum nspc phytolacca decandra thyroidinum bovine thymus bovine thymus gland pituitarum posterium bovine antimonium crudum argentum metallicum calcarea carbonica adrenalinum phosphorus,weight loss support plus immune support
Menthol,DZUL PAIN FREEZE INSTANT PAIN RELIEF,HUMAN OTC DRUG,TOPICAL,menthol,dzul pain freeze instant pain relief
MENTHOL,MGC Health Cough Drops Original Herb,HUMAN OTC DRUG,ORAL,menthol,mgc health cough drops original herb
"Zinc oxide, Octinoxate",Tinted Moisturizer SPF 46 Universal Tint,HUMAN OTC DRUG,TOPICAL,zinc oxide octinoxate,tinted moisturizer spf 46 universal tint
"Avebonzone, Homosalate, Octisalate",Sunscreen for Kids SPF 50,HUMAN OTC DRUG,TOPICAL,avebonzone homosalate octisalate,sunscreen for kids spf 50
Skin Protectant Lip Balm,ChapStick Classic Original Military,HUMAN OTC DRUG,TOPICAL,skin protectant lip balm,chapstick classic original military
penicillin g potassium,Penicillin G Potassium,HUMAN PRESCRIPTION DRUG,INTRAVENOUS,penicillin g potassium,penicillin g potassium
Tolnaftate,Athletes Foot,HUMAN OTC DRUG,TOPICAL,tolnaftate,athletes foot
Niacinamide,TURMERICFaceCream,HUMAN OTC DRUG,CUTANEOUS,niacinamide,turmericfacecream
"Avobenzone, and Octisalate",Tula Skincare Radiant Skin Brightening Serum Skin Tint Broad Spectrum SPF 30 09 Light Medium-Warm,HUMAN OTC DRUG,TOPICAL,avobenzone and octisalate,tula skincare radiant skin brightening serum skin tint broad spectrum spf 30 09 light medium-warm
Sodium monofluorophosphate,Crest 3D White Deep Stain Remover Ultra White,HUMAN OTC DRUG,ORAL,sodium monofluorophosphate,crest 3d white deep stain remover ultra white
Digoxin,Digoxin,HUMAN PRESCRIPTION DRUG,INTRAMUSCULAR,digoxin,digoxin
Diphenhydramine HCl,REVASOL SLEEP AID,HUMAN OTC DRUG,ORAL,diphenhydramine hcl,revasol sleep aid
Zinc Oxide,UV Defense me. Matte Airy-Fit Sunscreen,HUMAN OTC DRUG,TOPICAL,zinc oxide,uv defense me matte airy-fit sunscreen
Phenylephrine Hydrochloride,Phenylephrine Hydrochloride,HUMAN PRESCRIPTION DRUG,INTRAVENOUS,phenylephrine hydrochloride,phenylephrine hydrochloride
Fulvestrant,Fulvestrant,HUMAN PRESCRIPTION DRUG,INTRAMUSCULAR,fulvestrant,fulvestrant
Calcarea Sulphurica,Schuessler Tissue Salts Calc Sulph Blood Cleanser 3,HUMAN OTC DRUG,ORAL,calcarea sulphurica,schuessler tissue salts calc sulph blood cleanser 3
"Titanium Dioxide ,Zinc Oxide",Tinted Mineral Daily Sunscreen,HUMAN OTC DRUG,TOPICAL,titanium dioxide zinc oxide,tinted mineral daily sunscreen
"Homosalate , Octocrylene ,Octisalate , Avobenzone",Sugargirl Set SPF 30 sunscreen shimmer sunscreen mist for the face,HUMAN OTC DRUG,TOPICAL,homosalate  octocrylene octisalate  avobenzone,sugargirl set spf 30 sunscreen shimmer sunscreen mist for the face
Salicylic acid 17% WART REMOVER,SANUSCODE WART REMOVER,HUMAN OTC DRUG,TOPICAL,salicylic acid 17 wart remover,sanuscode wart remover
Zinc Oxide,GLOW SHIELD SPF,HUMAN OTC DRUG,TOPICAL,zinc oxide,glow shield spf
Pyrithione zinc,anti dandruff SHAMPOOS,HUMAN OTC DRUG,TOPICAL,pyrithione zinc,anti dandruff shampoos
Salicylic Acid,Goodnites skin tag remover,HUMAN OTC DRUG,TOPICAL,salicylic acid,goodnites skin tag remover
Zinc Oxide,Tinted Daily Protection Sunscreen,HUMAN OTC DRUG,TOPICAL,zinc oxide,tinted daily protection sunscreen
Loperamide Hydrochloride,MEDIQUE Diamode,HUMAN OTC DRUG,ORAL,loperamide hydrochloride,medique diamode
Kali Sulphuricum,BM Kali Sulph,HUMAN OTC DRUG,ORAL,kali sulphuricum,bm kali sulph
Acetaminophen,Acetaminophen,HUMAN OTC DRUG,ORAL,acetaminophen,acetaminophen
Alcohol,Hand Sanitizer plus Serum Eden,HUMAN OTC DRUG,TOPICAL,alcohol,hand sanitizer plus serum eden
Zinc Oxide,Daily Protect Mineral Sunscreen,HUMAN OTC DRUG,TOPICAL,zinc oxide,daily protect mineral sunscreen
Nicotine,Nicotine Stop Smoking AID,HUMAN OTC DRUG,TRANSDERMAL,nicotine,nicotine stop smoking aid
Magnesium,Bye Zero,HUMAN OTC DRUG,TOPICAL,magnesium,bye zero
Sodium Fluoride,Osstem G Gum Health Care Tooth,HUMAN OTC DRUG,ORAL,sodium fluoride,osstem g gum health care tooth
HYALURONATE SODIUM,CELISTAR MICRONEEDLING INFUSION,HUMAN OTC DRUG,TOPICAL,hyaluronate sodium,celistar microneedling infusion
CLindamycin Palmitate,,BULK INGREDIENT,,clindamycin palmitate,
docusate sodium,Docusate Mini Enema,HUMAN OTC DRUG,RECTAL,docusate sodium,docusate mini enema
Semaglutide,,BULK INGREDIENT,,semaglutide,
Titanium Dioxide,bareMinerals ORIGINAL Liquid Mineral Foundation Broad Spectrum SPF 20 Sunscreen FAIRLY LIGHT 03,HUMAN OTC DRUG,TOPICAL,titanium dioxide,bareminerals original liquid mineral foundation broad spectrum spf 20 sunscreen fairly light 03
Acetaminophen,Children Acetaminophen Oral Solution,HUMAN OTC DRUG,ORAL,acetaminophen,children acetaminophen oral solution
Allopurinol,,BULK INGREDIENT,,allopurinol,
"Dextromethophan HBR, Pseudoephedrine, Acetaminophen, Guaifenesin",,DRUG FOR FURTHER PROCESSING,,dextromethophan hbr pseudoephedrine acetaminophen guaifenesin,
loratidine,,DRUG FOR FURTHER PROCESSING,,loratidine,
teriflunomide,,DRUG FOR FURTHER PROCESSING,,teriflunomide,
nadolol,,BULK INGREDIENT,,nadolol,
NITROFURANTOIN MONOHYDRATE,,BULK INGREDIENT,,nitrofurantoin monohydrate,
LENALIDOMIDE,,BULK INGREDIENT,,lenalidomide,
"ISOLEUCINE, LEUCINE, LYSINE ACETATE, METHIONINE, PHENYLALANINE, THREONINE, TRYPTOPHAN, VALINE, ALANINE, ARGININE, ASPARTIC ACID, GLUTAMIC ACID, HISTIDINE, PROLINE, SERINE, N-ACETYLTYROSINE, and GLYCINE",Aminosyn II,HUMAN PRESCRIPTION DRUG,INTRAVENOUS,isoleucine leucine lysine acetate methionine phenylalanine threonine tryptophan valine alanine arginine aspartic acid glutamic acid histidine proline serine n-acetyltyrosine and glycine,aminosyn ii
Ethosuximide,Zarontin,HUMAN PRESCRIPTION DRUG,ORAL,ethosuximide,zarontin
Helium,Helium,HUMAN PRESCRIPTION DRUG,RESPIRATORY (INHALATION),helium,helium
Gefitinib,,BULK INGREDIENT,,gefitinib,
Tafamidis Meglumine,,BULK INGREDIENT,,tafamidis meglumine,
Mometasone Furoate Monohydrate,,BULK INGREDIENT,,mometasone furoate monohydrate,
Maprotiline hydrochloride,,BULK INGREDIENT,,maprotiline hydrochloride,
Testosterone Undecanoate,,BULK INGREDIENT,,testosterone undecanoate,
Testosterone Propionate,,BULK INGREDIENT,,testosterone propionate,
Sertraline Hydrochloride,,BULK INGREDIENT,,sertraline hydrochloride,
BRIMONIDINE TARTRATE,,BULK INGREDIENT,,brimonidine tartrate,
TESTOSTERONE EP-USP,,BULK INGREDIENT,,testosterone ep-usp,
alprazolam,,DRUG FOR FURTHER PROCESSING,,alprazolam,
Telisotuzumab vedotin,,DRUG FOR FURTHER PROCESSING,,telisotuzumab vedotin,
"DNA, Peptostreptococcus Anaerobius",,DRUG FOR FURTHER PROCESSING,,dna peptostreptococcus anaerobius,
"Enterococcus Faecalis, Pneumococcinum, Streptococcus Agalactiae, Streptococcus Agalactiae DNA, Streptococcus Bovis, Streptococcus Dysgalactiae, Streptococcus Dysgalactiae DNA, Streptococcus Mutans, Streptococcus Mutans DNA, Streptococcus Oralis, Streptococcus Pneumoniae , Streptococcus Pneumoniae DNA, Streptococcus Uberis, Streptococcus Viridans",,DRUG FOR FURTHER PROCESSING,,enterococcus faecalis pneumococcinum streptococcus agalactiae streptococcus agalactiae dna streptococcus bovis streptococcus dysgalactiae streptococcus dysgalactiae dna streptococcus mutans streptococcus mutans dna streptococcus oralis streptococcus pneumoniae  streptococcus pneumoniae dna streptococcus uberis streptococcus viridans,
Levothyroxine Sodium,,BULK INGREDIENT,,levothyroxine sodium,
AMIFOSTINE,,BULK INGREDIENT,,amifostine,
ivacaftor,,BULK INGREDIENT,,ivacaftor,
ziprasidone mesilate,,BULK INGREDIENT,,ziprasidone mesilate,
Polyethylene Glycol NF,,BULK INGREDIENT,,polyethylene glycol nf,
Niclosamide micronized,,BULK INGREDIENT,,niclosamide micronized,
ITRACONAZOLE MICRONIZED,,BULK INGREDIENT,,itraconazole micronized,
Glycine,,BULK INGREDIENT,,glycine,
VALINE,,BULK INGREDIENT,,valine,
Fluticasone furoate,,BULK INGREDIENT,,fluticasone furoate,
Eptifibatide,,BULK INGREDIENT,,eptifibatide,
Abiraterone Acetate,,BULK INGREDIENT,,abiraterone acetate,
Lamivudine,,DRUG FOR FURTHER PROCESSING,,lamivudine,
Lansoprazole,,BULK INGREDIENT,,lansoprazole,
TICLOPIDINE HYDROCHLORIDE,,BULK INGREDIENT,,ticlopidine hydrochloride,
PALIPERIDONE PALMITATE,,BULK INGREDIENT,,paliperidone palmitate,
milbemycin oxime and praziquantel,,DRUG FOR FURTHER PROCESSING,,milbemycin oxime and praziquantel,
Atomoxetine Hydrochloride,,BULK INGREDIENT,,atomoxetine hydrochloride,
LEVAMISOLE HYDROCHLORIDE,,BULK INGREDIENT,,levamisole hydrochloride,
Isotretinoin,,BULK INGREDIENT,,isotretinoin,
Zolmitriptan,,BULK INGREDIENT,,zolmitriptan,
Misoprostol,,BULK INGREDIENT,,misoprostol,
leuprolide acetate,Lupron Depot,HUMAN PRESCRIPTION DRUG,,leuprolide acetate,lupron depot
Doxepin Hydrochloride,Doxepin Hydrochloride,HUMAN PRESCRIPTION DRUG,ORAL,doxepin hydrochloride,doxepin hydrochloride
Xanomeline Tartrate,,BULK INGREDIENT,,xanomeline tartrate,
Levalbuterol Hydrochloride,,BULK INGREDIENT,,levalbuterol hydrochloride,
Furosemide,,BULK INGREDIENT,,furosemide,
AVOBENZONE,,BULK INGREDIENT,,avobenzone,
ARBACLOFEN,,BULK INGREDIENT,,arbaclofen,
TIMOLOL MALEATE,,BULK INGREDIENT,,timolol maleate,
Phosphorus,,DRUG FOR FURTHER PROCESSING,,phosphorus,
FINGOLIMOD HYDROCHLORIDE,,BULK INGREDIENT,,fingolimod hydrochloride,
aripiprazole lauroxil,,DRUG FOR FURTHER PROCESSING,,aripiprazole lauroxil,
Rizatriptan Benzoate,,DRUG FOR FURTHER PROCESSING,,rizatriptan benzoate,
Regadenoson,,BULK INGREDIENT,,regadenoson,
Mafenide Acetate,,BULK INGREDIENT,,mafenide acetate,
Dimethyl Fumarate,,BULK INGREDIENT,,dimethyl fumarate,
KPV,,BULK INGREDIENT,,kpv,
ZOLPIDEM TARTRATE,,BULK INGREDIENT,,zolpidem tartrate,
Eflornithine Hydrochloride Monohydrate,,BULK INGREDIENT,,eflornithine hydrochloride monohydrate,
DORAVIRINE,,BULK INGREDIENT,,doravirine,
Crisaborole,,BULK INGREDIENT,,crisaborole,
Titanium Dioxide,,DRUG FOR FURTHER PROCESSING,,titanium dioxide,
Repotrectinib,,BULK INGREDIENT,,repotrectinib,
EDARAVONE,,BULK INGREDIENT,,edaravone,
"Camphor, Eucalyptus Oil, Menthol",Chest Rub,HUMAN OTC DRUG,TOPICAL,camphor eucalyptus oil menthol,chest rub
Nortriptyline Hydrochloride,,BULK INGREDIENT,,nortriptyline hydrochloride,
Obeticholic acid,,BULK INGREDIENT,,obeticholic acid,
VIGABATRIN,,BULK INGREDIENT,,vigabatrin,
TESTOSTERONE,,DRUG FOR FURTHER PROCESSING,,testosterone,
PREDNISOLONE,,BULK INGREDIENT,,prednisolone,
".ALPHA.-KETOGLUTARIC ACID - ACONITIC ACID, CIS - ADENOSINE TRIPHOSPHATE - ALPHA LIPOIC ACID - ASCORBIC ACID - ASIAN GINSENG - BARIUM CATION - BEET - CEROUS OXALATE NONAHYDRATE - COENZYME A - CYSTEINE - FUMARIC ACID - LACTIC ACID, DL - MAGNESIUM CARBONATE - MALIC ACID - MANGANESE PHOSPHATE, DIBASIC - PORK - PYRIDOXINE HYDROCHLORIDE - RIBOFLAVIN - SODIUM DIETHYL OXALACETATE - SODIUM PYRUVATE - SUCCINIC ACID - SUS SCROFA ADRENAL GLAND - THIAMINE HYDROCHLORIDE - SUS SCROFA EMBRYO -",OMEOSPORT,HUMAN OTC DRUG,ORAL,alpha-ketoglutaric acid - aconitic acid cis - adenosine triphosphate - alpha lipoic acid - ascorbic acid - asian ginseng - barium cation - beet - cerous oxalate nonahydrate - coenzyme a - cysteine - fumaric acid - lactic acid dl - magnesium carbonate - malic acid - manganese phosphate dibasic - pork - pyridoxine hydrochloride - riboflavin - sodium diethyl oxalacetate - sodium pyruvate - succinic acid - sus scrofa adrenal gland - thiamine hydrochloride - sus scrofa embryo -,omeosport
lapatinib,TYKERB,HUMAN PRESCRIPTION DRUG,ORAL,lapatinib,tykerb
nepafenac,ILEVRO,HUMAN PRESCRIPTION DRUG,OPHTHALMIC,nepafenac,ilevro
Nicotinamide Adenine Dinucleotide (NAD),,BULK INGREDIENT,,nicotinamide adenine dinucleotide nad,
Hydrocortisone,Hydrocortisone Intensive Healing Formula,HUMAN OTC DRUG,TOPICAL,hydrocortisone,hydrocortisone intensive healing formula
amlodipine valsartan and hydrochlorothiazide,Exforge HCT,HUMAN PRESCRIPTION DRUG,ORAL,amlodipine valsartan and hydrochlorothiazide,exforge hct
Carbamide peroxide drops,Wax Out Plus,HUMAN OTC DRUG,AURICULAR (OTIC),carbamide peroxide drops,wax out plus
"OCTINOXATE, ZINC OXIDE",LBEL CONCENTRE GLOBAL ANTI AGING SERUM CONCEALER SPF 15 EYES FACE BEIGE 220,HUMAN OTC DRUG,TOPICAL,octinoxate zinc oxide,lbel concentre global anti aging serum concealer spf 15 eyes face beige 220
LYCOPODIUM C,LYCOPODIUM C,HUMAN OTC DRUG,ORAL,lycopodium c,lycopodium c
Donepezil Hydrochloride,Donepezil Hydrochloride,HUMAN PRESCRIPTION DRUG,ORAL,donepezil hydrochloride,donepezil hydrochloride
Cefuroxime Axetil,Cefuroxime Axetil,HUMAN PRESCRIPTION DRUG,ORAL,cefuroxime axetil,cefuroxime axetil
Temozolomide,Temozolomide,HUMAN PRESCRIPTION DRUG,ORAL,temozolomide,temozolomide
Guaifenesin,Good Sense Mucus ER,HUMAN OTC DRUG,ORAL,guaifenesin,good sense mucus er
"Acetaminophen, Caffeine, Pyrilamine maleate",Menstrual Complete,HUMAN OTC DRUG,ORAL,acetaminophen caffeine pyrilamine maleate,menstrual complete
Metoprolol Tartrate,LOPRESSOR,HUMAN PRESCRIPTION DRUG,ORAL,metoprolol tartrate,lopressor
ERLOTINIB,ERLOTINIB,HUMAN PRESCRIPTION DRUG,ORAL,erlotinib,erlotinib
Candida albicans,Candida albicans,NON-STANDARDIZED ALLERGENIC,INTRADERMAL,candida albicans,candida albicans
Olea europaea,Olive Pollen,NON-STANDARDIZED ALLERGENIC,INTRADERMAL,olea europaea,olive pollen
Atriplex lentiformis,Lenscale Quailbrush,NON-STANDARDIZED ALLERGENIC,INTRADERMAL,atriplex lentiformis,lenscale quailbrush
Casuarina equisetifolia,Australian Pine Beefwood Pollen,NON-STANDARDIZED ALLERGENIC,INTRADERMAL,casuarina equisetifolia,australian pine beefwood pollen
Carya illinoinensis,Pecan Food,NON-STANDARDIZED ALLERGENIC,INTRADERMAL,carya illinoinensis,pecan food
Tranexamic Acid,Tranexamic Acid,HUMAN PRESCRIPTION DRUG,INTRAVENOUS,tranexamic acid,tranexamic acid
lisdexamfetamine dimesylate oral,ARYNTA,HUMAN PRESCRIPTION DRUG,ORAL,lisdexamfetamine dimesylate oral,arynta
Simethicone,Good Sense Gas Relief Extra Strength,HUMAN OTC DRUG,ORAL,simethicone,good sense gas relief extra strength
"Diphenhydramine Hydrochloride, Zinc Acetate",good sense itch relief,HUMAN OTC DRUG,TOPICAL,diphenhydramine hydrochloride zinc acetate,good sense itch relief
riboflavin 5-phosphate ophthalmic,EPIOXA CROSS-LINKING,HUMAN PRESCRIPTION DRUG,OPHTHALMIC,riboflavin 5-phosphate ophthalmic,epioxa cross-linking
Loratadine,good sense childrens allergy relief,HUMAN OTC DRUG,ORAL,loratadine,good sense childrens allergy relief
Kali Bichromicum,Kali Bichromicum,HUMAN OTC DRUG,ORAL,kali bichromicum,kali bichromicum
FENTANYL,FENTANYL,HUMAN PRESCRIPTION DRUG,TRANSDERMAL,fentanyl,fentanyl
amlodipine and valsartan,amlodipine and valsartan,HUMAN PRESCRIPTION DRUG,ORAL,amlodipine and valsartan,amlodipine and valsartan
"Magnesium Sulfate, Copper Sulfate",Cramp911,HUMAN OTC DRUG,TOPICAL,magnesium sulfate copper sulfate,cramp911
"Titanium Dioxide, Zinc Oxide",TopCare Everyday Mineral Sunscreen Continuous Broad Spectrum SPF 50 Reef-Conscious Formula,HUMAN OTC DRUG,TOPICAL,titanium dioxide zinc oxide,topcare everyday mineral sunscreen continuous broad spectrum spf 50 reef-conscious formula
"tetrahydrozoline HCl, zinc sulfate",Topcare Health Ultra Itch Relief Astringent Eye Drops,HUMAN OTC DRUG,OPHTHALMIC,tetrahydrozoline hcl zinc sulfate,topcare health ultra itch relief astringent eye drops
Cobaltum Oxydatum,Cobaltum Oxydatum,HUMAN OTC DRUG,ORAL,cobaltum oxydatum,cobaltum oxydatum
Secale Cornutum,Secale Cornutum,HUMAN OTC DRUG,ORAL,secale cornutum,secale cornutum
Ramelteon,Ramelteon,HUMAN PRESCRIPTION DRUG,ORAL,ramelteon,ramelteon
"Acetaminophen, Dextromethorphan HBr, Doxylamine succinate",cold and flu,HUMAN OTC DRUG,ORAL,acetaminophen dextromethorphan hbr doxylamine succinate,cold and flu
levocetirizine dihydrochloride,Allergy Relief,HUMAN OTC DRUG,ORAL,levocetirizine dihydrochloride,allergy relief
Zinc Acetate and Pramoxine Hydrochloride,Publix Clear Anti-Itch,HUMAN OTC DRUG,TOPICAL,zinc acetate and pramoxine hydrochloride,publix clear anti-itch
Glycerin,OASIS Tears Lubricant Eye,HUMAN OTC DRUG,OPHTHALMIC,glycerin,oasis tears lubricant eye
Calcium Carbonate,Tums Chewy Bites Peppermint,HUMAN OTC DRUG,ORAL,calcium carbonate,tums chewy bites peppermint
Zincum Sulphuricum,Zincum Sulphuricum,HUMAN OTC DRUG,ORAL,zincum sulphuricum,zincum sulphuricum
potassium nitrate and sodium fluoride,Sensodyne True white,HUMAN OTC DRUG,DENTAL,potassium nitrate and sodium fluoride,sensodyne true white
Gallium Nitricum,Gallium Nitricum,HUMAN OTC DRUG,ORAL,gallium nitricum,gallium nitricum
calcium carbonate,HEB Antacid Calcium Assorted Berry,HUMAN OTC DRUG,ORAL,calcium carbonate,heb antacid calcium assorted berry
"loperamide hydrochloride, simethicone",anti diarrheal anti gas,HUMAN OTC DRUG,ORAL,loperamide hydrochloride simethicone,anti diarrheal anti gas
PENTAMIDINE ISETHIONATE,Pentamidine Isethionate,HUMAN PRESCRIPTION DRUG,RESPIRATORY (INHALATION),pentamidine isethionate,pentamidine isethionate
"Chlorpheniramine maleate, Dextromethorphan HBr",cough and cold relief HBP,HUMAN OTC DRUG,ORAL,chlorpheniramine maleate dextromethorphan hbr,cough and cold relief hbp
Alcohol,Alcohol,HUMAN OTC DRUG,TOPICAL,alcohol,alcohol
2.5% Lidocaine HCl,After Burn,HUMAN OTC DRUG,TOPICAL,25 lidocaine hcl,after burn
"Alternaria Alternata, Aspergillus Niger, Candida Albicans, Candida Krusei, Candida Parapsilosis, Candida Tropicalis, Mucor Racemosus, Rhizopus Nigricans, Torula Cerevisiae",CAND Combination,HUMAN OTC DRUG,ORAL,alternaria alternata aspergillus niger candida albicans candida krusei candida parapsilosis candida tropicalis mucor racemosus rhizopus nigricans torula cerevisiae,cand combination
"Rosa Canina, Flos",Bio Wild Rose,HUMAN OTC DRUG,ORAL,rosa canina flos,bio wild rose
Hydrochlorothiazide,Hydrochlorothiazide,HUMAN PRESCRIPTION DRUG,ORAL,hydrochlorothiazide,hydrochlorothiazide
Buprenorphine,Buprenorphine,HUMAN PRESCRIPTION DRUG,TRANSDERMAL,buprenorphine,buprenorphine
Tamsulosin Hydrochloride,Tamsulosin Hydrochloride,HUMAN PRESCRIPTION DRUG,ORAL,tamsulosin hydrochloride,tamsulosin hydrochloride
pentazocine hydrochloride and naloxone hydrochloride,PENTAZOCINE HYDROCHLORIDE AND NALOXONE HYDROCHLORIDE,HUMAN PRESCRIPTION DRUG,ORAL,pentazocine hydrochloride and naloxone hydrochloride,pentazocine hydrochloride and naloxone hydrochloride
ETHYL ALCOHOL,EVERLIT CARE Hand Sanitizer,HUMAN OTC DRUG,TOPICAL,ethyl alcohol,everlit care hand sanitizer
antihemophilic factor recombinant,NOVOEIGHT,PLASMA DERIVATIVE,,antihemophilic factor recombinant,novoeight
"Beta Vulgaris, Boldo, Chelidonium Majus, Sarsaparilla (Smilax Regelii), Gelsemium Sempervirens, Veratrum Album, Ferrum Metallicum, Iodium, Lycopodium Clavatum, Nux Vomica, Pulsatilla (Pratensis), Selenium Metallicum, Thuja Occidentalis, Zincum Metallicum",Systemic Detox,HUMAN OTC DRUG,ORAL,beta vulgaris boldo chelidonium majus sarsaparilla smilax regelii gelsemium sempervirens veratrum album ferrum metallicum iodium lycopodium clavatum nux vomica pulsatilla pratensis selenium metallicum thuja occidentalis zincum metallicum,systemic detox
"Sodium Phenylbutyrate Tablets, 500 mg",Sodium Phenylbutyrate,HUMAN PRESCRIPTION DRUG,ORAL,sodium phenylbutyrate tablets 500 mg,sodium phenylbutyrate
Oatmeal,La Roche Posay Laboratoire Dermatologique Lipikar Eczema Soothing Relief,HUMAN OTC DRUG,TOPICAL,oatmeal,la roche posay laboratoire dermatologique lipikar eczema soothing relief
Tuberculin Purified Protein Derivative,TUBERSOL,HUMAN PRESCRIPTION DRUG,INTRADERMAL,tuberculin purified protein derivative,tubersol
Omeprazole 20mg,Omeprazole delayed release,HUMAN OTC DRUG,ORAL,omeprazole 20mg,omeprazole delayed release
Iva xanthifolia,Burweed Marshelder Pollen,NON-STANDARDIZED ALLERGENIC,CUTANEOUS,iva xanthifolia,burweed marshelder pollen
"Angelica Archangelica, Cimicifuga Racemosa, Belladonna, Lachesis Mutus, Pulsatilla (Pratensis), Sabina, Sanguinaria Canadensis, Sepia, Sulphur",Menotone,HUMAN OTC DRUG,ORAL,angelica archangelica cimicifuga racemosa belladonna lachesis mutus pulsatilla pratensis sabina sanguinaria canadensis sepia sulphur,menotone
"Arsenicum Album, Histaminum Hydrochloricum, Natrum Sulphuricum, Phosphorus, Pulsatilla (Pratensis), Sepia, Thuja Occidentalis, Alternaria Tenuis Nees, Aspergillus Niger, Candida Albicans, Candida Parapsilosis, Torula Cerevisiae, Mucor Racemosus, Rhizopus Nigricans",Mold Antigens,HUMAN OTC DRUG,ORAL,arsenicum album histaminum hydrochloricum natrum sulphuricum phosphorus pulsatilla pratensis sepia thuja occidentalis alternaria tenuis nees aspergillus niger candida albicans candida parapsilosis torula cerevisiae mucor racemosus rhizopus nigricans,mold antigens
adapalene and benzoyl peroxide,ADAPALENE AND BENZOYL PEROXIDE,HUMAN PRESCRIPTION DRUG,TOPICAL,adapalene and benzoyl peroxide,adapalene and benzoyl peroxide
Nicotine Polacrilex,Nicotine Polacrilex,HUMAN OTC DRUG,ORAL,nicotine polacrilex,nicotine polacrilex
Tizanidine Hydrochloride,Tizanidine Hydrochloride,HUMAN PRESCRIPTION DRUG,ORAL,tizanidine hydrochloride,tizanidine hydrochloride
Benzalkonium Chloride,PROCLEAN,HUMAN OTC DRUG,TOPICAL,benzalkonium chloride,proclean
Ferric Subsulfate,Monsels Solution,HUMAN PRESCRIPTION DRUG,TOPICAL,ferric subsulfate,monsels solution
Pulmo Mercurius,Pulmo Mercurius,HUMAN OTC DRUG,ORAL,pulmo mercurius,pulmo mercurius
Acetaminophen,Acetaminophen Extra Strength,HUMAN OTC DRUG,ORAL,acetaminophen,acetaminophen extra strength
ATROPA BELLADONNA,Belladonna,HUMAN OTC DRUG,ORAL,atropa belladonna,belladonna
clindamycin phosphate,Cleocin T,HUMAN PRESCRIPTION DRUG,TOPICAL,clindamycin phosphate,cleocin t
BERYLLIUM,Beryllium metallicum,HUMAN OTC DRUG,ORAL,beryllium,beryllium metallicum
rivaroxaban,Xarelto,HUMAN PRESCRIPTION DRUG,ORAL,rivaroxaban,xarelto
"OCTINOXATE, OXYBENZONE",Artistry Youth Xtend Lifting Smoothing Foundation Shade Mink L6W1,HUMAN OTC DRUG,TOPICAL,octinoxate oxybenzone,artistry youth xtend lifting smoothing foundation shade mink l6w1
acetaminophen,TYLENOL Extra Strength,HUMAN OTC DRUG,ORAL,acetaminophen,tylenol extra strength
BALOXAVIR MARBOXIL,Xofluza,HUMAN PRESCRIPTION DRUG,ORAL,baloxavir marboxil,xofluza
levonorgestrel and ethinyl estradiol,Kurvelo,HUMAN PRESCRIPTION DRUG,,levonorgestrel and ethinyl estradiol,kurvelo
Epinephrine,Epinephrine,HUMAN PRESCRIPTION DRUG,INTRAVENOUS,epinephrine,epinephrine
Irbesartan,Irbesartan,HUMAN PRESCRIPTION DRUG,ORAL,irbesartan,irbesartan
Pramipexole dihydrochloride,Pramipexole dihydrochloride,HUMAN PRESCRIPTION DRUG,ORAL,pramipexole dihydrochloride,pramipexole dihydrochloride
ALCOHOL,Genuine First Aid Hand Sanitizer with Cap Ethyl Alcohol,HUMAN OTC DRUG,TOPICAL,alcohol,genuine first aid hand sanitizer with cap ethyl alcohol
Bismuth subsalicylate,Stomach Relief,HUMAN OTC DRUG,ORAL,bismuth subsalicylate,stomach relief
Alcohol Prep Pad,Alcohol Prep Pad,HUMAN OTC DRUG,TOPICAL,alcohol prep pad,alcohol prep pad
Fluticasone propionate,allergy nasal,HUMAN OTC DRUG,NASAL,fluticasone propionate,allergy nasal
nintedanib,Nintedanib,HUMAN PRESCRIPTION DRUG,ORAL,nintedanib,nintedanib
GRINDELIA HIRSUTULA FLOWERING TOP,Grindelia,HUMAN OTC DRUG,ORAL,grindelia hirsutula flowering top,grindelia
CHAMAELIRIUM LUTEUM ROOT,Helonias dioica,HUMAN OTC DRUG,ORAL,chamaelirium luteum root,helonias dioica
ETOMIDATE,ETOMIDATE,HUMAN PRESCRIPTION DRUG,INTRAVENOUS,etomidate,etomidate
Clindamycin Phosphate and Benzoyl Peroxide,Clindamycin Phosphate and Benzoyl Peroxide,HUMAN PRESCRIPTION DRUG,TOPICAL,clindamycin phosphate and benzoyl peroxide,clindamycin phosphate and benzoyl peroxide
glycopyrrolate,GLYRX-PF,HUMAN PRESCRIPTION DRUG,INTRAMUSCULAR,glycopyrrolate,glyrx-pf
Aluminum Sesquichlorohydrate,Carpe Antiperspirant Underarm Cucumber Splash Scent,HUMAN OTC DRUG,TOPICAL,aluminum sesquichlorohydrate,carpe antiperspirant underarm cucumber splash scent
Diltiazem Hydrochloride,Matzim LA,HUMAN PRESCRIPTION DRUG,ORAL,diltiazem hydrochloride,matzim la
icosapent ethyl,Vascepa,HUMAN PRESCRIPTION DRUG,ORAL,icosapent ethyl,vascepa
Salicylic Acid,Dr. Groot Anti-dandruff Scalp Care 2 in 1,HUMAN OTC DRUG,TOPICAL,salicylic acid,dr groot anti-dandruff scalp care 2 in 1
CHLORHEXIDINE GLUCONATE,Chlorhexidine Gluconate 0.12% Oral Rinse,HUMAN PRESCRIPTION DRUG,BUCCAL,chlorhexidine gluconate,chlorhexidine gluconate 012 oral rinse
Robinia Radix 6X,Robinia Radix 6X,HUMAN OTC DRUG,ORAL,robinia radix 6x,robinia radix 6x
carbamazepine,Carbatrol,HUMAN PRESCRIPTION DRUG,ORAL,carbamazepine,carbatrol
Benzalkonium Chloride,Dial Antibacterial Hydrating Shea Butter,HUMAN OTC DRUG,TOPICAL,benzalkonium chloride,dial antibacterial hydrating shea butter
LIDOCAINE HYDROCHLORIDE,Arte Maximum strength Numbing Cream,HUMAN OTC DRUG,TOPICAL,lidocaine hydrochloride,arte maximum strength numbing cream
DEXRAZOXANE,DEXRAZOXANE,HUMAN PRESCRIPTION DRUG,,dexrazoxane,dexrazoxane
alcohol,Smart Care Hand Sanitizer Lemon Lime,HUMAN OTC DRUG,TOPICAL,alcohol,smart care hand sanitizer lemon lime
ondansetron hydrochloride,ondansetron hydrochloride,HUMAN PRESCRIPTION DRUG,ORAL,ondansetron hydrochloride,ondansetron hydrochloride
Acyclovir Sodium,Acyclovir Sodium,HUMAN PRESCRIPTION DRUG,INTRAVENOUS,acyclovir sodium,acyclovir sodium
Isopropyl alcohol,70%,HUMAN OTC DRUG,TOPICAL,isopropyl alcohol,70
PHOSPHORUS,Phosphorus,HUMAN OTC DRUG,ORAL,phosphorus,phosphorus
PLANTAGO MAJOR,Plantago major,HUMAN OTC DRUG,ORAL,plantago major,plantago major
"Chamomilla, Echinacea, Iris versicolor, Ruta graveolens, Taraxacum officinale, Aloe, Angelica sinensis radix, Antimonium , Argentum nitricum, Arnica montana, Arsenicum album, Baptisia tinctoria, Bismuthum metallicum, Bryonia, Cinchona officinalis, Graphites, Hydrastis canadensis, Ipecacuanha, Lachesis mutus, Lycopodium clavatum, Myrrha, Natrum carbonicum, Nux vomica, Phosphorus, Pulsatilla, Zingiber officinale.",Indigestion-Gas,HUMAN OTC DRUG,ORAL,chamomilla echinacea iris versicolor ruta graveolens taraxacum officinale aloe angelica sinensis radix antimonium  argentum nitricum arnica montana arsenicum album baptisia tinctoria bismuthum metallicum bryonia cinchona officinalis graphites hydrastis canadensis ipecacuanha lachesis mutus lycopodium clavatum myrrha natrum carbonicum nux vomica phosphorus pulsatilla zingiber officinale,indigestion-gas
Methyl Salicylate,Kofal Original,HUMAN OTC DRUG,TOPICAL,methyl salicylate,kofal original
Naproxen Sodium,DG Health Naproxen Sodium,HUMAN OTC DRUG,ORAL,naproxen sodium,dg health naproxen sodium
"Avobenzone, Homosalate, Octisalate, Octocrylene",sunscreen,HUMAN OTC DRUG,TOPICAL,avobenzone homosalate octisalate octocrylene,sunscreen
Salicylic Acid,ACNE DOTS (Skin Care Multi-Pack),HUMAN OTC DRUG,TOPICAL,salicylic acid,acne dots skin care multi-pack
1.1% Sodium Fluoride Toothpaste,Just Right 5000,HUMAN PRESCRIPTION DRUG,TOPICAL,11 sodium fluoride toothpaste,just right 5000
AESCULUS X CARNEA WHOLE,T-25,HUMAN OTC DRUG,SUBLINGUAL,aesculus x carnea whole,t-25
"HELIANTHEMUM NUMMULARIUM FLOWER, CLEMATIS VITALBA FLOWER, IMPATIENS GLANDULIFERA FLOWER, PRUNUS CERASIFERA FLOWER, and ORNITHOGALUM UMBELLATUM",Rescue Remedy,HUMAN OTC DRUG,ORAL,helianthemum nummularium flower clematis vitalba flower impatiens glandulifera flower prunus cerasifera flower and ornithogalum umbellatum,rescue remedy
"Aconitum napellus, Arsenicum album, Baryta carbonica, Bryonia, Calcarea carbonica, Cantharis, Gelsemium sempervirens, Graphites, Hydrastis canadensis, Kali iodatum, Lachesis mutus, Lycopodium clavatum, Mercurius vivus, Natrum muriaticum, Nux vomica, Phosphorus, Phytolacca decandra, Pulsatilla, Rhus tox, Sepia, Silicea and Sulphur.",Constitutional Enhancer,HUMAN OTC DRUG,ORAL,aconitum napellus arsenicum album baryta carbonica bryonia calcarea carbonica cantharis gelsemium sempervirens graphites hydrastis canadensis kali iodatum lachesis mutus lycopodium clavatum mercurius vivus natrum muriaticum nux vomica phosphorus phytolacca decandra pulsatilla rhus tox sepia silicea and sulphur,constitutional enhancer
Sting Relief Wipes,Sting Relief Wipes,HUMAN OTC DRUG,TOPICAL,sting relief wipes,sting relief wipes
OCTINOXATE,SHISEIDO FUTURE LX TOTAL RADIANCE FOUNDATION E Golden 3,HUMAN OTC DRUG,TOPICAL,octinoxate,shiseido future lx total radiance foundation e golden 3
OCTINOXATE and TITANIUM DIOXIDE,cle de peau BEAUTE RADIANT FLUID FOUNDATION NATURAL O80,HUMAN OTC DRUG,TOPICAL,octinoxate and titanium dioxide,cle de peau beaute radiant fluid foundation natural o80
Haloperidol,Haloperidol,HUMAN PRESCRIPTION DRUG,ORAL,haloperidol,haloperidol
"HOMOSALATE, OCTINOXATE, AVOBENZONE, OCTOCRYLENE",TRILIPIDERM All-Body Moisture Retention Cream SPF-30,HUMAN OTC DRUG,TOPICAL,homosalate octinoxate avobenzone octocrylene,trilipiderm all-body moisture retention cream spf-30
"Allium cepa, Antimon tart, Arnica, Baptisia, Eupatorium perf, Gelsemium, Kali bic, Lachesis, Mer iod rub, Sticta , Sulphur iod, Urtica ur",Cold and Flu Relief,HUMAN OTC DRUG,ORAL,allium cepa antimon tart arnica baptisia eupatorium perf gelsemium kali bic lachesis mer iod rub sticta  sulphur iod urtica ur,cold and flu relief
Diclofenac Sodium,Diclofenac Sodium Delayed Release,HUMAN PRESCRIPTION DRUG,ORAL,diclofenac sodium,diclofenac sodium delayed release
Methocarbamol,Methocarb 500-EZS,HUMAN PRESCRIPTION DRUG,,methocarbamol,methocarb 500-ezs
"OCTINOXATE, OCTISALATE, OCTOCRYLENE, TITANIUM DIOXIDE, and ZINC OXIDE",ORIGINS GINZING ENERGY-BOOSTING TINTED MOISTURIZER BROAD SPECTRUM SPF 40,HUMAN OTC DRUG,TOPICAL,octinoxate octisalate octocrylene titanium dioxide and zinc oxide,origins ginzing energy-boosting tinted moisturizer broad spectrum spf 40
Methylphenidate Hydrochloride,Methylin,HUMAN PRESCRIPTION DRUG,ORAL,methylphenidate hydrochloride,methylin
HYDROXYCHLOROQUINE SULFATE,HYDROXYCHLOROQUINE SULFATE,HUMAN PRESCRIPTION DRUG,ORAL,hydroxychloroquine sulfate,hydroxychloroquine sulfate
Nicotine,Nicotine transdermal system step 3,HUMAN OTC DRUG,TRANSDERMAL,nicotine,nicotine transdermal system step 3
Azathioprine,AZATHIOPRINE,HUMAN PRESCRIPTION DRUG,ORAL,azathioprine,azathioprine
ALCOHOL,Justice Rainbow Raspberry Scented Antibacterial Hand Sanitizer,HUMAN OTC DRUG,TOPICAL,alcohol,justice rainbow raspberry scented antibacterial hand sanitizer
"SOLANUM DULCAMARA TOP, FERROSOFERRIC PHOSPHATE, GOLDENSEAL, POTASSIUM DICHROMATE, STRYCHNOS NUX-VOMICA SEED",Chestal Kids Cold and Cough Honey,HUMAN OTC DRUG,ORAL,solanum dulcamara top ferrosoferric phosphate goldenseal potassium dichromate strychnos nux-vomica seed,chestal kids cold and cough honey
"ONION, AMBROSIA ARTEMISIIFOLIA, EUPHRASIA STRICTA, HISTAMINE DIHYDROCHLORIDE, SCHOENOCAULON OFFICINALE SEED, SOLIDAGO VIRGAUREA FLOWERING TOP",AllergyCalm,HUMAN OTC DRUG,ORAL,onion ambrosia artemisiifolia euphrasia stricta histamine dihydrochloride schoenocaulon officinale seed solidago virgaurea flowering top,allergycalm
Alcohol,Anti Bacterial Hand Gel Eucalyptus Rain,HUMAN OTC DRUG,TOPICAL,alcohol,anti bacterial hand gel eucalyptus rain
ondansetron,ondansetron,HUMAN PRESCRIPTION DRUG,ORAL,ondansetron,ondansetron
CARYA ILLINOINENSIS,PECAN NUT,NON-STANDARDIZED ALLERGENIC,PERCUTANEOUS,carya illinoinensis,pecan nut
Zinc oxide,ATTITUDE Sunly Lip balm Unscented SPF 15,HUMAN OTC DRUG,TOPICAL,zinc oxide,attitude sunly lip balm unscented spf 15
"OCTISALATE, TITANIUM DIOXIDE","Dior Forever Skin Wear Flawless Skin True Foundation SPF 20 3,5N Neutral",HUMAN OTC DRUG,TOPICAL,octisalate titanium dioxide,dior forever skin wear flawless skin true foundation spf 20 35n neutral
"AVOBENZONE, HOMOSALATE, OCTISALATE. OCTOCRYLENE, and OXYBENZONE",Obagi Skintrinsiq Antioxidant Protocol,HUMAN OTC DRUG,,avobenzone homosalate octisalate octocrylene and oxybenzone,obagi skintrinsiq antioxidant protocol
Benztropine mesylate,Benztropine Mesylate,HUMAN PRESCRIPTION DRUG,ORAL,benztropine mesylate,benztropine mesylate
Acetazolamide,Acetazolamide,HUMAN PRESCRIPTION DRUG,ORAL,acetazolamide,acetazolamide
Doxycycline Hyclate,Doxycycline Hyclate,HUMAN PRESCRIPTION DRUG,ORAL,doxycycline hyclate,doxycycline hyclate
GUANFACINE,GUANFACINE,HUMAN PRESCRIPTION DRUG,ORAL,guanfacine,guanfacine
Erythromycin Ethylsuccinate,Erythromycin Ethylsuccinate,HUMAN PRESCRIPTION DRUG,ORAL,erythromycin ethylsuccinate,erythromycin ethylsuccinate
Alcohol,Anti Bacterial Hand Gel Macaron Cloud,HUMAN OTC DRUG,TOPICAL,alcohol,anti bacterial hand gel macaron cloud
"Avobenzone, Homosalate, Octisalate, Octocrylene",Fruit of the Earth LUV THAT SUN Sport Sunscreen Ultra SPF 50,HUMAN OTC DRUG,TOPICAL,avobenzone homosalate octisalate octocrylene,fruit of the earth luv that sun sport sunscreen ultra spf 50
DESIPRAMINE HYDROCHLORIDE,DESIPRAMINE HYDROCHLORIDE,HUMAN PRESCRIPTION DRUG,ORAL,desipramine hydrochloride,desipramine hydrochloride
dextroamphetamine sulfate,DEXTROAMPHETAMINE SULFATE,HUMAN PRESCRIPTION DRUG,ORAL,dextroamphetamine sulfate,dextroamphetamine sulfate
L-Threonine High,L-Threonine High 7426,HUMAN OTC DRUG,ORAL,l-threonine high,l-threonine high 7426
Common Mugwort,ARTEMISIA VULGARIS POLLEN,NON-STANDARDIZED ALLERGENIC,PERCUTANEOUS,common mugwort,artemisia vulgaris pollen
Dog Fennel,EUPATORIUM CAPILLIFOLIUM POLLEN,NON-STANDARDIZED ALLERGENIC,PERCUTANEOUS,dog fennel,eupatorium capillifolium pollen
losartan potassium,Losartan Potassium,HUMAN PRESCRIPTION DRUG,ORAL,losartan potassium,losartan potassium
Risperidone,Risperidone,HUMAN PRESCRIPTION DRUG,ORAL,risperidone,risperidone
Agaricus muscarius,Agaricus muscarius,HUMAN OTC DRUG,ORAL,agaricus muscarius,agaricus muscarius
"ALFALFA, ANTIMONIUM CRUDUM, AVENA SATIVA, BERBERIS VULGARIS, CAJUPUTUM, CARBO ANIMALIS, CARBO VEGETABILIS, CHELIDONIUM MAJUS, FEL TAURI, GENTIANA LUTEA, GLYCYRRHIZA GLABRA, ILLICIUM ANISATUM, INDOLUM, KALI CARBONICUM, LYCOPODIUM CLAVATUM, MAGNESIA PHOSPHORICA, NUX VOMICA, PANCREATINUM, PEPSINUM, RAPHANUS SATIVUS, RHAMNUS PURSHIANA, SKATOLUM",B04 DIGESTION,HUMAN OTC DRUG,SUBLINGUAL,alfalfa antimonium crudum avena sativa berberis vulgaris cajuputum carbo animalis carbo vegetabilis chelidonium majus fel tauri gentiana lutea glycyrrhiza glabra illicium anisatum indolum kali carbonicum lycopodium clavatum magnesia phosphorica nux vomica pancreatinum pepsinum raphanus sativus rhamnus purshiana skatolum,b04 digestion
Lisdexamfetamine,Lisdexamfetamine Dimesylate,HUMAN PRESCRIPTION DRUG,ORAL,lisdexamfetamine,lisdexamfetamine dimesylate
Olopatadine Hydrochloride,Olopatadine Hydrochloride,HUMAN PRESCRIPTION DRUG,NASAL,olopatadine hydrochloride,olopatadine hydrochloride
Broad Spectrum SPF 15 Sunscreen Iced Pear Lip Balm,Broad Spectrum SPF 15 Sunscreen Iced Pear Lip Balm,HUMAN OTC DRUG,TOPICAL,broad spectrum spf 15 sunscreen iced pear lip balm,broad spectrum spf 15 sunscreen iced pear lip balm
Minocycline Hydrochloride,Minocycline Hydrochloride,HUMAN PRESCRIPTION DRUG,ORAL,minocycline hydrochloride,minocycline hydrochloride
LIDOCAINE,Numb25,HUMAN OTC DRUG,TOPICAL,lidocaine,numb25
Aspirin,Aspirin Enteric Coated,HUMAN OTC DRUG,ORAL,aspirin,aspirin enteric coated
Piroxicam,Piroxicam,HUMAN PRESCRIPTION DRUG,ORAL,piroxicam,piroxicam
Apadamtase Alfa,ADZYNMA,HUMAN PRESCRIPTION DRUG,,apadamtase alfa,adzynma
Motionsense Coconut Hibiscus Antiperspirant Deodorant,Degree,HUMAN OTC DRUG,TOPICAL,motionsense coconut hibiscus antiperspirant deodorant,degree
Bahia Grass Paspalum notatum,"Pollens - Grasses, Bahia Grass Paspalum notatum",NON-STANDARDIZED ALLERGENIC,PERCUTANEOUS,bahia grass paspalum notatum,pollens - grasses bahia grass paspalum notatum
Titanium Dioxide and Zinc Oxide,Blue Lizard Sensitive SPF 50 Sunscreen,HUMAN OTC DRUG,TOPICAL,titanium dioxide and zinc oxide,blue lizard sensitive spf 50 sunscreen
Water,Sterile Water,HUMAN PRESCRIPTION DRUG,INTRAVENOUS,water,sterile water
benzoyl peroxide,PanOxyl,HUMAN OTC DRUG,TOPICAL,benzoyl peroxide,panoxyl
Cattle Hair and Dander,"Animal Allergens, AP Cattle Hair and Dander",NON-STANDARDIZED ALLERGENIC,PERCUTANEOUS,cattle hair and dander,animal allergens ap cattle hair and dander
Sugammadex,Sugammadex,HUMAN PRESCRIPTION DRUG,INTRAVENOUS,sugammadex,sugammadex
Ethanolamine Oleate,Ethamolin,HUMAN PRESCRIPTION DRUG,INTRAVENOUS,ethanolamine oleate,ethamolin
imatinib mesylate,Imatinib mesylate,HUMAN PRESCRIPTION DRUG,ORAL,imatinib mesylate,imatinib mesylate
Famotidine,Famotidine,HUMAN PRESCRIPTION DRUG,ORAL,famotidine,famotidine
AVENA SATIVA,Avena Sativa,HUMAN OTC DRUG,ORAL,avena sativa,avena sativa
"Apis mellifica, Baryta carb, Eschscholtzia, Graphites, Ignatia, Naja, Thymus gland",Emvita 12,HUMAN OTC DRUG,ORAL,apis mellifica baryta carb eschscholtzia graphites ignatia naja thymus gland,emvita 12
"acetaminophen, dextromethorphan hbr, phenylephrine hcl solution","DayTime Relief, Cold and Flu, 24-7 Life by 7-Eleven",HUMAN OTC DRUG,ORAL,acetaminophen dextromethorphan hbr phenylephrine hcl solution,daytime relief cold and flu 24-7 life by 7-eleven
Chlorpromazine hydrochloride,Chlorpromazine hydrochloride,HUMAN PRESCRIPTION DRUG,INTRAMUSCULAR,chlorpromazine hydrochloride,chlorpromazine hydrochloride
benzethonium chloride,Antiseptic,HUMAN OTC DRUG,TOPICAL,benzethonium chloride,antiseptic
Abacavir,Abacavir,HUMAN PRESCRIPTION DRUG,ORAL,abacavir,abacavir
"Acetaminophen, Dextromethorphan HBr, Doxylamine succinate, Phenylephrine HCL",Daytime Nighttime Cold Flu Relief,HUMAN OTC DRUG,ORAL,acetaminophen dextromethorphan hbr doxylamine succinate phenylephrine hcl,daytime nighttime cold flu relief
Benzocaine,Safco Sensicaine Ultra Topical Anesthetic Gel,HUMAN OTC DRUG,DENTAL,benzocaine,safco sensicaine ultra topical anesthetic gel
Penicillin V Potassium,Penicillin V Potassium,HUMAN PRESCRIPTION DRUG,ORAL,penicillin v potassium,penicillin v potassium
Nicotine Polacrilex,berkley and jensen nicotine,HUMAN OTC DRUG,ORAL,nicotine polacrilex,berkley and jensen nicotine
ARNICA MONTANA,Arniflora Gel,HUMAN OTC DRUG,TOPICAL,arnica montana,arniflora gel
ZINC OXIDE,VERSED MULTI SERUM SKIN TINT SPF 40 TAN DEEP WRM,HUMAN OTC DRUG,TOPICAL,zinc oxide,versed multi serum skin tint spf 40 tan deep wrm
Nicotine Polacrilex,nicotine mini,HUMAN OTC DRUG,ORAL,nicotine polacrilex,nicotine mini
"titanium dioxide, zinc oxide",Dr Lift Mineral SPF 50,HUMAN OTC DRUG,TOPICAL,titanium dioxide zinc oxide,dr lift mineral spf 50
Ethyl Alcohol,Walgreens,HUMAN OTC DRUG,TOPICAL,ethyl alcohol,walgreens
Adenosine,Adenosine,HUMAN PRESCRIPTION DRUG,INTRAVENOUS,adenosine,adenosine
zoledronic acid,Zoledronic Acid,HUMAN PRESCRIPTION DRUG,INTRAVENOUS,zoledronic acid,zoledronic acid
Sulfamethoxazole and Trimethoprim,Sulfamethoxazole and Trimethoprim,HUMAN PRESCRIPTION DRUG,ORAL,sulfamethoxazole and trimethoprim,sulfamethoxazole and trimethoprim
Loperamide Hydrochloride,Loperamide Hydrochloride,HUMAN OTC DRUG,ORAL,loperamide hydrochloride,loperamide hydrochloride
nicotine,Nicotine transdermal system,HUMAN OTC DRUG,TRANSDERMAL,nicotine,nicotine transdermal system
oxybutynin,oxybutynin,HUMAN PRESCRIPTION DRUG,ORAL,oxybutynin,oxybutynin
"Butalbital, Acetaminophen, and Caffeine","Butalbital, Acetaminophen, Caffeine",HUMAN PRESCRIPTION DRUG,ORAL,butalbital acetaminophen and caffeine,butalbital acetaminophen caffeine
Glycerin 20%,Hydro Gel,HUMAN OTC DRUG,TOPICAL,glycerin 20,hydro gel
Sodium monofluorophosphate,Crest 3D White Brilliance Pro Ultra White,HUMAN OTC DRUG,ORAL,sodium monofluorophosphate,crest 3d white brilliance pro ultra white
ivabradine,ivabradine,HUMAN PRESCRIPTION DRUG,ORAL,ivabradine,ivabradine
SODIUM MONOFLUOROPHOSPHATE,Ipana Bucky Beaver Bubble Gum Childrens Fluoride,HUMAN OTC DRUG,DENTAL,sodium monofluorophosphate,ipana bucky beaver bubble gum childrens fluoride
Erythromycin and Benzoyl Peroxide,Erythromycin and Benzoyl Peroxide,HUMAN PRESCRIPTION DRUG,,erythromycin and benzoyl peroxide,erythromycin and benzoyl peroxide
"Butalbital, Acetaminophen and Caffeine","Butalbital, Acetaminophen and Caffeine",HUMAN PRESCRIPTION DRUG,ORAL,butalbital acetaminophen and caffeine,butalbital acetaminophen and caffeine
Fluoxetine Hydrochloride,Fluoxetine,HUMAN PRESCRIPTION DRUG,ORAL,fluoxetine hydrochloride,fluoxetine
Enalapril Maleate,Enalapril Maleate,HUMAN PRESCRIPTION DRUG,ORAL,enalapril maleate,enalapril maleate
Lidocaine,Walgreens Pain Relieving Lidocaine Patch,HUMAN OTC DRUG,TOPICAL,lidocaine,walgreens pain relieving lidocaine patch
Phenol,Walgreens Sore Throat Cherry Flavor,HUMAN OTC DRUG,ORAL,phenol,walgreens sore throat cherry flavor
sulfacetamide sodium,Sulfacetamide Sodium,HUMAN PRESCRIPTION DRUG,OPHTHALMIC,sulfacetamide sodium,sulfacetamide sodium
cetirizine hydrochloride,CHILDRENS ALLERGY RELIEF,HUMAN OTC DRUG,ORAL,cetirizine hydrochloride,childrens allergy relief
"diclofenac potassium, film coated",DICLOFENAC POTASSIUM,HUMAN PRESCRIPTION DRUG,ORAL,diclofenac potassium film coated,diclofenac potassium
"Acetaminophen, Aspirin (NSAID), Caffeine",Excedrin Extra Strength Headache,HUMAN OTC DRUG,ORAL,acetaminophen aspirin nsaid caffeine,excedrin extra strength headache
Sertraline,Sertraline,HUMAN PRESCRIPTION DRUG,ORAL,sertraline,sertraline
acitretin,Acitretin,HUMAN PRESCRIPTION DRUG,ORAL,acitretin,acitretin
Budesonide and Formoterol Fumarate,BREYNA,HUMAN PRESCRIPTION DRUG,RESPIRATORY (INHALATION),budesonide and formoterol fumarate,breyna
Calcium Carbonate,CHOOZ,HUMAN OTC DRUG,ORAL,calcium carbonate,chooz
"Acetaminophen, Phenylephrin Hydrochloride, Dextromethorphan Hydrobromide",COLDTAC Plus,HUMAN OTC DRUG,ORAL,acetaminophen phenylephrin hydrochloride dextromethorphan hydrobromide,coldtac plus
Calcium Antacid,Ultra Strength Antacid,HUMAN OTC DRUG,ORAL,calcium antacid,ultra strength antacid
"avobenzone, homosalate, octisalate, and octocrylene",Neutrogena Ultra Sheer Body Mist Sunscreen Broad Spectrum SPF 45,HUMAN OTC DRUG,TOPICAL,avobenzone homosalate octisalate and octocrylene,neutrogena ultra sheer body mist sunscreen broad spectrum spf 45
Glycerin,Aveeno Skin Relief Healing,HUMAN OTC DRUG,TOPICAL,glycerin,aveeno skin relief healing
Nicotine Polacrilex,Nicotine Polacrilex Original,HUMAN OTC DRUG,BUCCAL,nicotine polacrilex,nicotine polacrilex original
"ANTIHEMOPHILIC FACTOR, HUMAN RECOMBINANT","AFSTYLA Antihemophilic Factor (Recombinant), Single Chain",PLASMA DERIVATIVE,,antihemophilic factor human recombinant,afstyla antihemophilic factor recombinant single chain
Clotrimazole,Clotrimazole,HUMAN OTC DRUG,VAGINAL,clotrimazole,clotrimazole
Ropivacaine Hydrochloride,Ropivacaine Hydrochloride,HUMAN PRESCRIPTION DRUG,EPIDURAL,ropivacaine hydrochloride,ropivacaine hydrochloride
Ethyl Alcohol,Smart Care Crayola HAND SANITIZER,HUMAN OTC DRUG,TOPICAL,ethyl alcohol,smart care crayola hand sanitizer
Arsenic Trioxide,Arsenic Trioxide,HUMAN PRESCRIPTION DRUG,INTRAVENOUS,arsenic trioxide,arsenic trioxide
"Camphor,Menthol, Methyl Salicylate",HealthWise 3x Medicated Pain Relief Patch,HUMAN OTC DRUG,TOPICAL,camphormenthol methyl salicylate,healthwise 3x medicated pain relief patch
"Zinc Gluconate, Sambucus Nigra, Glycyrrhiza Glabra",Cold-EEZE Cold Remedy,HUMAN OTC DRUG,ORAL,zinc gluconate sambucus nigra glycyrrhiza glabra,cold-eeze cold remedy
Methylphenidate,Methylphenidate,HUMAN PRESCRIPTION DRUG,TRANSDERMAL,methylphenidate,methylphenidate
Azithromycin Dihydrate,Azithromycin Dihydrate,HUMAN PRESCRIPTION DRUG,ORAL,azithromycin dihydrate,azithromycin dihydrate
Dipyridamole,Dipyridamole,HUMAN PRESCRIPTION DRUG,ORAL,dipyridamole,dipyridamole
LENALIDOMIDE,LENALIDOMIDE,HUMAN PRESCRIPTION DRUG,ORAL,lenalidomide,lenalidomide
BUTALBITAL and ACETAMINOPHEN,BUTALBITAL and ACETAMINOPHEN,HUMAN PRESCRIPTION DRUG,ORAL,butalbital and acetaminophen,butalbital and acetaminophen
Modafinil,Modafinil,HUMAN PRESCRIPTION DRUG,ORAL,modafinil,modafinil
Triazolam,Triazolam,HUMAN PRESCRIPTION DRUG,ORAL,triazolam,triazolam
Rivastigmine,Rivastigmine,HUMAN PRESCRIPTION DRUG,TRANSDERMAL,rivastigmine,rivastigmine
Lidocaine,AIPATCH NUMBING PAIN RELIEF,HUMAN OTC DRUG,TOPICAL,lidocaine,aipatch numbing pain relief
Lorazepam,Lorazepam,HUMAN PRESCRIPTION DRUG,ORAL,lorazepam,lorazepam
ROSUVASTATIN CALCIUM,ROSUVASTATIN CALCIUM,HUMAN PRESCRIPTION DRUG,ORAL,rosuvastatin calcium,rosuvastatin calcium
"TITANIUM DIOXIDE, ZINC OXIDE",Tropical Sands SPF-30 Broad Spectrum Sunscreen,HUMAN OTC DRUG,TOPICAL,titanium dioxide zinc oxide,tropical sands spf-30 broad spectrum sunscreen
BIVALIRUDIN,BIVALIRUDIN,HUMAN PRESCRIPTION DRUG,INTRAVENOUS,bivalirudin,bivalirudin
Methocarbamol Tablets,Methocarbamol,HUMAN PRESCRIPTION DRUG,ORAL,methocarbamol tablets,methocarbamol
LIDOCAINE HYDROCHLORIDE and EPINEPHRINE,Lidocaine Hydrochloride and Epinephrine,HUMAN PRESCRIPTION DRUG,EPIDURAL,lidocaine hydrochloride and epinephrine,lidocaine hydrochloride and epinephrine
NALBUPHINE HYDROCHLORIDE,Nalbuphine Hydrochloride,HUMAN PRESCRIPTION DRUG,INTRAMUSCULAR,nalbuphine hydrochloride,nalbuphine hydrochloride
CLOFARABINE,CLOFARABINE,HUMAN PRESCRIPTION DRUG,INTRAVENOUS,clofarabine,clofarabine
Paclitaxel,PACLITAXEL PROTEIN BOUND PARTICLES ALBUMIN BOUND,HUMAN PRESCRIPTION DRUG,INTRAVENOUS,paclitaxel,paclitaxel protein bound particles albumin bound
Zolmitriptan,Zolmitriptan,HUMAN PRESCRIPTION DRUG,ORAL,zolmitriptan,zolmitriptan
"octinoxate, octisalate, octocrylene, avobenzone",Winter Survival Kit,HUMAN OTC DRUG,,octinoxate octisalate octocrylene avobenzone,winter survival kit
Amiodarone Hydrochloride,Amiodarone Hydrochloride,HUMAN PRESCRIPTION DRUG,INTRAVENOUS,amiodarone hydrochloride,amiodarone hydrochloride
"COLOCYNTHIS, MAGNESIA PHOSPHORICA, CHAMOMILLA, DIOSCOREA VILLOSA",Kids Relief,HUMAN OTC DRUG,ORAL,colocynthis magnesia phosphorica chamomilla dioscorea villosa,kids relief
calcitonin salmon,Miacalcin,HUMAN PRESCRIPTION DRUG,INTRAMUSCULAR,calcitonin salmon,miacalcin
Hydrocodone Bitartrate and Acetaminophen,Hydrocodone Bitartrate and Acetaminophen,HUMAN PRESCRIPTION DRUG,ORAL,hydrocodone bitartrate and acetaminophen,hydrocodone bitartrate and acetaminophen
Guanfacine ER,Guanfacine ER,HUMAN PRESCRIPTION DRUG,ORAL,guanfacine er,guanfacine er
Aminocaproic Acid,Aminocaproic Acid,HUMAN PRESCRIPTION DRUG,INTRAVENOUS,aminocaproic acid,aminocaproic acid
Fexofenadine Hydrochloride,ALLERGY RELIEF,HUMAN OTC DRUG,ORAL,fexofenadine hydrochloride,allergy relief
Oseltamivir Phosphate,Oseltamivir Phosphate for Oral Suspension,HUMAN PRESCRIPTION DRUG,ORAL,oseltamivir phosphate,oseltamivir phosphate for oral suspension
Tofacitinib,Tofacitinib,HUMAN PRESCRIPTION DRUG,ORAL,tofacitinib,tofacitinib
diclofenac potassium,Diclofenac Potassium,HUMAN PRESCRIPTION DRUG,ORAL,diclofenac potassium,diclofenac potassium
"Avobenzone, Homosalate, Octisalate, Octocrylene",RoC Multi Correxion Revive and Glow Moisturizer SPF 30,HUMAN OTC DRUG,TOPICAL,avobenzone homosalate octisalate octocrylene,roc multi correxion revive and glow moisturizer spf 30
"AVOBENZONE, HOMOSALATE, OCTISALATE, OCTOCRYLENE",SEVEN MINERALS Skin Friendly SPF 50,HUMAN OTC DRUG,TOPICAL,avobenzone homosalate octisalate octocrylene,seven minerals skin friendly spf 50
adalimumab-aaty,Adalimumab,HUMAN PRESCRIPTION DRUG,,adalimumab-aaty,adalimumab
Metformin Hydrochloride,METFORMIN HYDROCHLORIDE EXTENDED RELEASE,HUMAN PRESCRIPTION DRUG,ORAL,metformin hydrochloride,metformin hydrochloride extended release
"Acetaminophen, Guaifenesin, Dextromethorphan Hydrobromide, Triprolidine Hydrochloride, and Oxymetazoline hydrochloride",MUCINEX Rapid Clear Day Night and Clear and Cool Nasal,HUMAN OTC DRUG,,acetaminophen guaifenesin dextromethorphan hydrobromide triprolidine hydrochloride and oxymetazoline hydrochloride,mucinex rapid clear day night and clear and cool nasal
"METHYL SALICYLATE, MENTHOL",HEATING PAIN RELIEF,HUMAN OTC DRUG,TOPICAL,methyl salicylate menthol,heating pain relief
iShanCare Hemorrhoid Cream,iShancare Hemorrhoid and Fissure Cream,HUMAN OTC DRUG,TOPICAL,ishancare hemorrhoid cream,ishancare hemorrhoid and fissure cream
Ethyl Alcohol,Healing Solutions,HUMAN OTC DRUG,TOPICAL,ethyl alcohol,healing solutions
varenicline,varenicline,HUMAN PRESCRIPTION DRUG,ORAL,varenicline,varenicline
Alcohol antiseptic,MISTIFY SANITIZER WATERMELON,HUMAN OTC DRUG,TOPICAL,alcohol antiseptic,mistify sanitizer watermelon
E2 Sanitizing Hand Soap,E2 hand wash,HUMAN OTC DRUG,TOPICAL,e2 sanitizing hand soap,e2 hand wash
SALICYLIC ACID,Home Health Psoriasis Medicated Scalp and Body Wash,HUMAN OTC DRUG,TOPICAL,salicylic acid,home health psoriasis medicated scalp and body wash
"Brompheniramine Maleate, Pseudoephedrine Hydrochloride and Dextromethorphan Hydrobromide","Brompheniramine Maleate, Pseudoephedrine Hydrochloride and Dextromethorphan Hydrobromide",HUMAN PRESCRIPTION DRUG,ORAL,brompheniramine maleate pseudoephedrine hydrochloride and dextromethorphan hydrobromide,brompheniramine maleate pseudoephedrine hydrochloride and dextromethorphan hydrobromide
tobramycin and dexamethasone,TOBRAMYCIN AND DEXAMETHASONE,HUMAN PRESCRIPTION DRUG,OPHTHALMIC,tobramycin and dexamethasone,tobramycin and dexamethasone
"marcaine, lidocaine, kenalog, povidone iodine",MLK F3 Kit,HUMAN PRESCRIPTION DRUG,EPIDURAL,marcaine lidocaine kenalog povidone iodine,mlk f3 kit
HAMAMELIS VIRGINIANA ROOT BARK/STEM BARK,Hamamelis Virginiana 30c,HUMAN OTC DRUG,SUBLINGUAL,hamamelis virginiana root barkstem bark,hamamelis virginiana 30c
Benzalkonium Chloride,Citrus Fresh Liquid Antimicrobial,HUMAN OTC DRUG,TOPICAL,benzalkonium chloride,citrus fresh liquid antimicrobial
"HOMOSALATE, OCTISALATE, OCTOCRYLENE, ZINC OXIDE",e.l.f. Hydrating Camo CC Cream SPF30 Rich 640 W,HUMAN OTC DRUG,TOPICAL,homosalate octisalate octocrylene zinc oxide,elf hydrating camo cc cream spf30 rich 640 w
Gemachlich ZuHause NEUROPATHY SOLID Ointment.,Gemachlich ZuHause NEUROPATHY SOLID Ointment.,HUMAN OTC DRUG,TOPICAL,gemachlich zuhause neuropathy solid ointment,gemachlich zuhause neuropathy solid ointment
"Homosalate, Zinc Oxide",Beauty Hydrating,HUMAN OTC DRUG,TOPICAL,homosalate zinc oxide,beauty hydrating
Menthol 16%,Meijer Cold and Hot Pain Relieving,HUMAN OTC DRUG,TOPICAL,menthol 16,meijer cold and hot pain relieving
Coffe Tea Stain Remover Toothpaste,Coffe Tea Stain Remover Tooth,HUMAN OTC DRUG,DENTAL,coffe tea stain remover toothpaste,coffe tea stain remover tooth
"Candida Albicans, Wood Creosote, Sodium Chloride, and Sulfur",Equate Yeast Relief,HUMAN OTC DRUG,ORAL,candida albicans wood creosote sodium chloride and sulfur,equate yeast relief
loratadine,equate loratadine,HUMAN OTC DRUG,ORAL,loratadine,equate loratadine
Buspirone Hydrochloride,Buspirone Hydrochloride,HUMAN PRESCRIPTION DRUG,ORAL,buspirone hydrochloride,buspirone hydrochloride
Dexamethasone Sodium Phosphate,DMT SUIK,HUMAN PRESCRIPTION DRUG,INTRAMUSCULAR,dexamethasone sodium phosphate,dmt suik
ALCOHOL,Cucumber Melon Scented Antibacterial Hand Sanitizer,HUMAN OTC DRUG,TOPICAL,alcohol,cucumber melon scented antibacterial hand sanitizer
"Acetaminophen, Aspirin (NSAID) and Caffeine",EXCEDRIN MIGRAINE,HUMAN OTC DRUG,ORAL,acetaminophen aspirin nsaid and caffeine,excedrin migraine
Diphenhydramine HCL,Sleep Aid,HUMAN OTC DRUG,ORAL,diphenhydramine hcl,sleep aid
Hydrocortisone Acetate,Hydrocortisone Acetate,HUMAN PRESCRIPTION DRUG,RECTAL,hydrocortisone acetate,hydrocortisone acetate
Right Guard Sport Antiperspirant Deodorant Invisible Solid Fresh,Right Guard Sport Antiperspirant Deodorant Invisible Solid Fresh,HUMAN OTC DRUG,TOPICAL,right guard sport antiperspirant deodorant invisible solid fresh,right guard sport antiperspirant deodorant invisible solid fresh
Doxycycline,Doxycycline,HUMAN PRESCRIPTION DRUG,ORAL,doxycycline,doxycycline
Solifenacin Succinate,Solifenacin Succinate,HUMAN PRESCRIPTION DRUG,ORAL,solifenacin succinate,solifenacin succinate
Menthol,Cannarelief 1000mg,HUMAN OTC DRUG,TOPICAL,menthol,cannarelief 1000mg
Magnesia Phosphorica,Bestmade Natural Products Mag Phos 8x,HUMAN OTC DRUG,ORAL,magnesia phosphorica,bestmade natural products mag phos 8x
"Arg Met, Aurum Mur, Calc Fluor, Calc Iod, Calc Phos, Iodium, Selenium",Bestmade Natural Products BM221,HUMAN OTC DRUG,ORAL,arg met aurum mur calc fluor calc iod calc phos iodium selenium,bestmade natural products bm221
"Acid Phos, Arnica Mont, Ars. Alb., Graphite, Jaborandi, Lycopodium, Phosphorus, Sulphur",BM HAIR SUPPORT DROPS,HUMAN OTC DRUG,ORAL,acid phos arnica mont ars alb graphite jaborandi lycopodium phosphorus sulphur,bm hair support drops
"Foeniculum Vulgare, Ammonium Bromatum, Fucus Vesiculosus, Lecithin, Rutinic Acid, Iodium, Capsicum Annuum, Galium aparine, Hypothalamus Suis, Kali Bichromicum, Lac Defloratum, Phytolacca Decandra, Spongia Tosta, Thyroidinum (Bovine), Pituitarum Posterium (Bovine), Antimonium Crudum, Argentum Metallicum, Calcarea Carbonica, Adrenalinum, Phosphorus, Lapis Albus",Weight Loss Support Plus Thyroid,HUMAN OTC DRUG,ORAL,foeniculum vulgare ammonium bromatum fucus vesiculosus lecithin rutinic acid iodium capsicum annuum galium aparine hypothalamus suis kali bichromicum lac defloratum phytolacca decandra spongia tosta thyroidinum bovine pituitarum posterium bovine antimonium crudum argentum metallicum calcarea carbonica adrenalinum phosphorus lapis albus,weight loss support plus thyroid
Hand Sanitizer,Hand Sanitizer,HUMAN OTC DRUG,TOPICAL,hand sanitizer,hand sanitizer
MENTHOL,MGC Health Drops Sugar Free Lemon Mint,HUMAN OTC DRUG,ORAL,menthol,mgc health drops sugar free lemon mint
"Zinc Oxide, Titanium Dioxide",PHYSICAL TINTED MOISTURIZER SPF44,HUMAN OTC DRUG,TOPICAL,zinc oxide titanium dioxide,physical tinted moisturizer spf44
"Avebonzone, Homosalate, Octisalate",Sport Sunscreen SPF 30,HUMAN OTC DRUG,TOPICAL,avebonzone homosalate octisalate,sport sunscreen spf 30
Lidocaine,Bloop Fissure Healing Anorectal Topical,HUMAN OTC DRUG,TOPICAL,lidocaine,bloop fissure healing anorectal topical
Lidocaine,5% Signature Numb cream,HUMAN OTC DRUG,CUTANEOUS,lidocaine,5 signature numb cream
"Avobenzone, and Octisalate",Tula Skincare Radiant Skin Brightening Serum Skin Tint Broad Spectrum SPF 30 10 Light Medium-Olive,HUMAN OTC DRUG,TOPICAL,avobenzone and octisalate,tula skincare radiant skin brightening serum skin tint broad spectrum spf 30 10 light medium-olive
"Avobenzone, Homosalate, Octisalate",Black Girl Sunscreen SPF 50 broad Spectrum,HUMAN OTC DRUG,TOPICAL,avobenzone homosalate octisalate,black girl sunscreen spf 50 broad spectrum
DIPHENHYDRAMINE HCL,REVASOL CHILDRENS ALLERGY,HUMAN OTC DRUG,ORAL,diphenhydramine hcl,revasol childrens allergy
Succinylcholine Chloride,Anectine,HUMAN PRESCRIPTION DRUG,INTRAMUSCULAR,succinylcholine chloride,anectine
Tinted Sunscreen Broad SPF30,Tinted Sunscreen Broad SPF30,HUMAN OTC DRUG,TOPICAL,tinted sunscreen broad spf30,tinted sunscreen broad spf30
Menthol 1.4%,Cetilar,HUMAN OTC DRUG,TOPICAL,menthol 14,cetilar
Ferrum Phosphoricum,Schuessler Tissue Salts Ferr Phos First Aid 4,HUMAN OTC DRUG,ORAL,ferrum phosphoricum,schuessler tissue salts ferr phos first aid 4
"Titanium Dioxide, Zinc Oxide",non-tinted face mineral sunscreen SPF40,HUMAN OTC DRUG,TOPICAL,titanium dioxide zinc oxide,non-tinted face mineral sunscreen spf40
"Homosalate ,Octocrylene ,Octisalate , Avobenzone",Sugargirl SPF 30 sunscreen illuminating stick sunlight,HUMAN OTC DRUG,TOPICAL,homosalate octocrylene octisalate  avobenzone,sugargirl spf 30 sunscreen illuminating stick sunlight
Salicylic acid 17% Bee venom 1% BEE VENOM WART REMOVER,MORKORIA BEE VENOM WART REMOVER,HUMAN OTC DRUG,TOPICAL,salicylic acid 17 bee venom 1 bee venom wart remover,morkoria bee venom wart remover
Zinc Oxide,MATTE SHIELD SPF,HUMAN OTC DRUG,TOPICAL,zinc oxide,matte shield spf
Metaxalone,Metaxalone,HUMAN PRESCRIPTION DRUG,ORAL,metaxalone,metaxalone
Undecylenic Acid 25%,TEGASOLVE TOENAIL FUNGUS TREATMENT,HUMAN OTC DRUG,TOPICAL,undecylenic acid 25,tegasolve toenail fungus treatment
NAPROXEN SODIUM,Medique Mediproxen,HUMAN OTC DRUG,ORAL,naproxen sodium,medique mediproxen
Magnesium Phosphate,BM Mag Phos,HUMAN OTC DRUG,ORAL,magnesium phosphate,bm mag phos
Alcohol,Hand Sanitizer plus Serum Elysium,HUMAN OTC DRUG,TOPICAL,alcohol,hand sanitizer plus serum elysium
Benzocaine Delay Wipes,5 Elementum Delay Wipes,HUMAN OTC DRUG,TOPICAL,benzocaine delay wipes,5 elementum delay wipes
Salicylic Acid Spot,The Acne Spot Treatment,HUMAN OTC DRUG,TOPICAL,salicylic acid spot,the acne spot treatment
Sunscreen,uLOOK Sunscreen SPF 50,HUMAN OTC DRUG,TOPICAL,sunscreen,ulook sunscreen spf 50
Piroctone Olamine,Scalp Soothing,HUMAN OTC DRUG,TOPICAL,piroctone olamine,scalp soothing
loperamide HCl,loperamide hydrochloride,HUMAN OTC DRUG,ORAL,loperamide hcl,loperamide hydrochloride
aspirin,,DRUG FOR FURTHER PROCESSING,,aspirin,
Titanium Dioxide,bareMinerals ORIGINAL Liquid Mineral Foundation Broad Spectrum SPF 20 Sunscreen GOLDEN FAIR 04,HUMAN OTC DRUG,TOPICAL,titanium dioxide,bareminerals original liquid mineral foundation broad spectrum spf 20 sunscreen golden fair 04
Potassium Acetate,,BULK INGREDIENT,,potassium acetate,
Levocarnitine,,BULK INGREDIENT,,levocarnitine,
Simethicone,,DRUG FOR FURTHER PROCESSING,,simethicone,
"Acetaminophen, Guafenesin",,DRUG FOR FURTHER PROCESSING,,acetaminophen guafenesin,
MERCAPTOPURINE,,BULK INGREDIENT,,mercaptopurine,
ARMODAFINIL,,BULK INGREDIENT,,armodafinil,
Docetaxel,Docetaxel,HUMAN PRESCRIPTION DRUG,INTRAVENOUS,docetaxel,docetaxel
Methylprednisolone Acetate,,BULK INGREDIENT,,methylprednisolone acetate,
DEXTROSE MONOHYDRATE and SODIUM CHLORIDE,Dextrose and Sodium Chloride,HUMAN PRESCRIPTION DRUG,INTRAVENOUS,dextrose monohydrate and sodium chloride,dextrose and sodium chloride
ILOPERIDONE,,BULK INGREDIENT,,iloperidone,
Lurbinectedin,,BULK INGREDIENT,,lurbinectedin,
Tafamidis,,BULK INGREDIENT,,tafamidis,
Deferiprone,,BULK INGREDIENT,,deferiprone,
Venlafaxine HCl,,BULK INGREDIENT,,venlafaxine hcl,
Mefloquine Hydrochloride,,BULK INGREDIENT,,mefloquine hydrochloride,
Testosterone Enanthate,,BULK INGREDIENT,,testosterone enanthate,
Acyclovir,,BULK INGREDIENT,,acyclovir,
LATANOPROST,,BULK INGREDIENT,,latanoprost,
abiraterone,,BULK INGREDIENT,,abiraterone,
pembrolizumab and berahyaluronidase alfa,,DRUG FOR FURTHER PROCESSING,,pembrolizumab and berahyaluronidase alfa,
"Peptostreptococcus Anaerobius, DNA",,DRUG FOR FURTHER PROCESSING,,peptostreptococcus anaerobius dna,
"Herpes Simplex Nosode I DNA, Herpes Simplex Nosode II DNA",,DRUG FOR FURTHER PROCESSING,,herpes simplex nosode i dna herpes simplex nosode ii dna,
Paroxetine Mesylate,,BULK INGREDIENT,,paroxetine mesylate,
Fulvestrant,,BULK INGREDIENT,,fulvestrant,
Ganirelix Acetate,,BULK INGREDIENT,,ganirelix acetate,
Zinc Oxide,Hero Force Shield Superlight Sunscreen SPF 30,HUMAN OTC DRUG,TOPICAL,zinc oxide,hero force shield superlight sunscreen spf 30
Oral Pain Reliever,Orajel Rescue Relief Pen,HUMAN OTC DRUG,ORAL,oral pain reliever,orajel rescue relief pen
Polyethylene Glycol,,BULK INGREDIENT,,polyethylene glycol,
Butoconazole nitrate micronized,,BULK INGREDIENT,,butoconazole nitrate micronized,
HYOSCYAMINE SULFATE DIHYDRATE,,BULK INGREDIENT,,hyoscyamine sulfate dihydrate,
ZINC SULFATE,,BULK INGREDIENT,,zinc sulfate,
Fluticasone Propionate,,BULK INGREDIENT,,fluticasone propionate,
Cyclobenzaprine Hcl,,BULK INGREDIENT,,cyclobenzaprine hcl,
Hexenoyl-hGRF 1-44,,BULK INGREDIENT,,hexenoyl-hgrf 1-44,
Bivalirudin,,BULK INGREDIENT,,bivalirudin,
Deutetrabenazine,,BULK INGREDIENT,,deutetrabenazine,
Levocetirizine Dihydrochloride,,BULK INGREDIENT,,levocetirizine dihydrochloride,
VECURONIUM BROMIDE,,BULK INGREDIENT,,vecuronium bromide,
ROPINIROLE,,BULK INGREDIENT,,ropinirole,
Esomeprazole,,BULK INGREDIENT,,esomeprazole,
Leflunomide,,BULK INGREDIENT,,leflunomide,
Bexarotene,,BULK INGREDIENT,,bexarotene,
Sumatriptan Succinate,,BULK INGREDIENT,,sumatriptan succinate,
Aluminum Chlorohydrate,Arrid Extra Extra Dry Ultra Fresh,HUMAN OTC DRUG,TOPICAL,aluminum chlorohydrate,arrid extra extra dry ultra fresh
MGL-3196,,BULK INGREDIENT,,mgl-3196,
MEFENAMIC ACID,,BULK INGREDIENT,,mefenamic acid,
Duloxetine Hydrochloride,,BULK INGREDIENT,,duloxetine hydrochloride,
Ketorolac Tromethamine,,BULK INGREDIENT,,ketorolac tromethamine,
OCTINOXATE,,BULK INGREDIENT,,octinoxate,
Memantine Hydrochloride,,BULK INGREDIENT,,memantine hydrochloride,
oxazepam,,BULK INGREDIENT,,oxazepam,
Coffea cruda,,DRUG FOR FURTHER PROCESSING,,coffea cruda,
Modafinil,,DRUG FOR FURTHER PROCESSING,,modafinil,
Galantamine,,BULK INGREDIENT,,galantamine,
Lifitegrast,,BULK INGREDIENT,,lifitegrast,
Axitinib,,BULK INGREDIENT,,axitinib,
Setmelanotide Acetate,,BULK INGREDIENT,,setmelanotide acetate,
Tofacitinib Citrate,,BULK INGREDIENT,,tofacitinib citrate,
enoxaparin sodium,Lovenox,HUMAN PRESCRIPTION DRUG,SUBCUTANEOUS,enoxaparin sodium,lovenox
Benzalkonium Chloride,Clean Choice Foodservice Antibacterial Foam,HUMAN OTC DRUG,TOPICAL,benzalkonium chloride,clean choice foodservice antibacterial foam
Gabapentin Enacarbil,,BULK INGREDIENT,,gabapentin enacarbil,
Relacorilant,,BULK INGREDIENT,,relacorilant,
MEBENDAZOLE,,BULK INGREDIENT,,mebendazole,
MGF,,BULK INGREDIENT,,mgf,
Oxymetazoline HCl,,BULK INGREDIENT,,oxymetazoline hcl,
Orphenadrine Citrate,,BULK INGREDIENT,,orphenadrine citrate,
Fenoprofen calcium,,BULK INGREDIENT,,fenoprofen calcium,
Chlorzoxazone,,BULK INGREDIENT,,chlorzoxazone,
ALDESLEUKIN - BINETRAKIN - CANAKINUMAB - CENTELLA ASIATICA - CRANBERRY - HUMAN INTERLEUKIN-6 (NONGLYCOSYLATED) - INTERFERON GAMMA-1B - LENOGRASTIM - PINEAPPLE - SUS SCROFA BONE MARROW - SUS SCROFA SMALL INTESTINE MUCOSA LYMPH FOLLICLE - SUS SCROFA THYMUS -,CITOMIX,HUMAN OTC DRUG,ORAL,aldesleukin - binetrakin - canakinumab - centella asiatica - cranberry - human interleukin-6 nonglycosylated - interferon gamma-1b - lenograstim - pineapple - sus scrofa bone marrow - sus scrofa small intestine mucosa lymph follicle - sus scrofa thymus -,citomix
Pseudoephedrine Hydrochloride,Pseudoephedrine Hydrochloride,HUMAN OTC DRUG,ORAL,pseudoephedrine hydrochloride,pseudoephedrine hydrochloride
Docosanol,Cold Sore Fever Blister Treatment,HUMAN OTC DRUG,TOPICAL,docosanol,cold sore fever blister treatment
aluminum hydroxide and magnesium carbonate,Rite Aid Extra Strength,HUMAN OTC DRUG,ORAL,aluminum hydroxide and magnesium carbonate,rite aid extra strength
Olopatadine Hydrochloride Ophthalmic,Olopatadine Hydrochloride Ophthalmic Solution,HUMAN OTC DRUG,OPHTHALMIC,olopatadine hydrochloride ophthalmic,olopatadine hydrochloride ophthalmic solution
FOXO4-DRI Synthetic Peptide,,BULK INGREDIENT,,foxo4-dri synthetic peptide,
methylphenidate hydrochloride,Ritalin,HUMAN PRESCRIPTION DRUG,ORAL,methylphenidate hydrochloride,ritalin
Methimazole,Methimazole,HUMAN PRESCRIPTION DRUG,ORAL,methimazole,methimazole
Carbamide peroxide,NeilMed Clear Canal Earwax Removal kit,HUMAN OTC DRUG,AURICULAR (OTIC),carbamide peroxide,neilmed clear canal earwax removal kit
"OCTINOXATE, ZINC OXIDE",LBEL CONCENTRE GLOBAL ANTI AGING SERUM CONCEALER SPF 15 EYES FACE CAPUCCINO 310,HUMAN OTC DRUG,TOPICAL,octinoxate zinc oxide,lbel concentre global anti aging serum concealer spf 15 eyes face capuccino 310
MAGNESIA PHOS,MAGNESIA PHOS,HUMAN OTC DRUG,ORAL,magnesia phos,magnesia phos
carisoprodol,carisoprodol,HUMAN PRESCRIPTION DRUG,ORAL,carisoprodol,carisoprodol
Cefpodoxime Proxetil,Cefpodoxime Proxetil,HUMAN PRESCRIPTION DRUG,ORAL,cefpodoxime proxetil,cefpodoxime proxetil
Nebivolol Hydrochloride,Nebivolol Hydrochloride,HUMAN PRESCRIPTION DRUG,ORAL,nebivolol hydrochloride,nebivolol hydrochloride
Chaetomium globosum,Chaetomium globosum,NON-STANDARDIZED ALLERGENIC,INTRADERMAL,chaetomium globosum,chaetomium globosum
Clindamycin and Benzoyl Peroxide,Clindamycin and Benzoyl Peroxide,HUMAN PRESCRIPTION DRUG,,clindamycin and benzoyl peroxide,clindamycin and benzoyl peroxide
Iva xanthifolia,Burweed Giant Poverty Marsh Elder,NON-STANDARDIZED ALLERGENIC,INTRADERMAL,iva xanthifolia,burweed giant poverty marsh elder
Betula lenta,Black-Sweet Birch Pollen,NON-STANDARDIZED ALLERGENIC,INTRADERMAL,betula lenta,black-sweet birch pollen
Juglans nigra,Black Walnut Food,NON-STANDARDIZED ALLERGENIC,INTRADERMAL,juglans nigra,black walnut food
apixaban,ELIQUIS 30-Day Starter Pack,HUMAN PRESCRIPTION DRUG,,apixaban,eliquis 30-day starter pack
"mineral oil, petrolatum, phenylephrine HCl",Good Sense Hemorrhoidal,HUMAN OTC DRUG,RECTAL,mineral oil petrolatum phenylephrine hcl,good sense hemorrhoidal
pyridostigmine bromide,PRYIDOSTIGMINE BROMIDE,HUMAN PRESCRIPTION DRUG,ORAL,pyridostigmine bromide,pryidostigmine bromide
ceftriaxone,ceftriaxone,HUMAN PRESCRIPTION DRUG,INTRAMUSCULAR,ceftriaxone,ceftriaxone
riboflavin 5-phosphate ophthalmic,Photrexa Cross-linking Kit,HUMAN PRESCRIPTION DRUG,,riboflavin 5-phosphate ophthalmic,photrexa cross-linking kit
Promethazine Hydrochloride and Codeine Phosphate,Promethazine Hydrochloride and Codeine Phosphate,HUMAN PRESCRIPTION DRUG,ORAL,promethazine hydrochloride and codeine phosphate,promethazine hydrochloride and codeine phosphate
calcium carbonate,Tums Chewy Bites Raspberry Lemonade,HUMAN OTC DRUG,ORAL,calcium carbonate,tums chewy bites raspberry lemonade
"dextran 70, polyethylene glycol 400, povidone, tetrahydrozoline HCl",TopCare Health Advanced Moisturizing Plus Redness Relief,HUMAN OTC DRUG,OPHTHALMIC,dextran 70 polyethylene glycol 400 povidone tetrahydrozoline hcl,topcare health advanced moisturizing plus redness relief
Silodosin,Silodosin,HUMAN PRESCRIPTION DRUG,ORAL,silodosin,silodosin
Aspirin,Low Dose Aspirin,HUMAN OTC DRUG,ORAL,aspirin,low dose aspirin
famotidine,heartburn relief,HUMAN OTC DRUG,ORAL,famotidine,heartburn relief
Zinc Acetate and Pramoxine Hydrochloride,Publix Calamine Medicated,HUMAN OTC DRUG,TOPICAL,zinc acetate and pramoxine hydrochloride,publix calamine medicated
Glycerin,Oasis Tears PF Preservative-Free Lubricant Eye,HUMAN OTC DRUG,OPHTHALMIC,glycerin,oasis tears pf preservative-free lubricant eye
nicotine polacrilex,Nicorette Spearmint Burst,HUMAN OTC DRUG,ORAL,nicotine polacrilex,nicorette spearmint burst
Gallium Fluoratum,Gallium Fluoratum,HUMAN OTC DRUG,ORAL,gallium fluoratum,gallium fluoratum
Camphor 10.8% and Phenol 4.7%,HEB Camphor Phenol,HUMAN OTC DRUG,TOPICAL,camphor 108 and phenol 47,heb camphor phenol
methylcellulose,HEB Fiber Therapy,HUMAN OTC DRUG,ORAL,methylcellulose,heb fiber therapy
Oxymetazoline HCl,equaline nasal,HUMAN OTC DRUG,NASAL,oxymetazoline hcl,equaline nasal
Bisacodyl,Bisacodyl,HUMAN OTC DRUG,ORAL,bisacodyl,bisacodyl
Camphor,After Ivy Wipe,HUMAN OTC DRUG,TOPICAL,camphor,after ivy wipe
"Cimex Lectularius, Formica Rufa, Pulex Irritans, Vespa Crabro, Hypericum Perforatum, Lachesis Mutus, Latrodectus Mactans, Ledum Palustre, Loxosceles Reclusa, Lycopus Virginicus, Tarentula Hispana, Theridion",Insect Bite,HUMAN OTC DRUG,ORAL,cimex lectularius formica rufa pulex irritans vespa crabro hypericum perforatum lachesis mutus latrodectus mactans ledum palustre loxosceles reclusa lycopus virginicus tarentula hispana theridion,insect bite
"Echinacea (Angustifolia), Kali Iodatum, Phytolacca Decandra, Pinus Sylvestris, Hypophysis Suis, Apis Mellifica, Aranea Diadema, Belladonna, Calcarea Carbonica, Clematis Erecta, Conium Maculatum, Galium Aparine, Graphites, Lachesis Mutus, Mercurius Praecipitatus Ruber, Myristica Sebifera, Phosphorus, Rhus Tox, Scrophularia Nodosa, Sulphur, Thyroidinum (Suis), Vespa Crabro",Lymph I,HUMAN OTC DRUG,ORAL,echinacea angustifolia kali iodatum phytolacca decandra pinus sylvestris hypophysis suis apis mellifica aranea diadema belladonna calcarea carbonica clematis erecta conium maculatum galium aparine graphites lachesis mutus mercurius praecipitatus ruber myristica sebifera phosphorus rhus tox scrophularia nodosa sulphur thyroidinum suis vespa crabro,lymph i
Isoproterenol Hydrochloride,Isoproterenol Hydrochloride,HUMAN PRESCRIPTION DRUG,INTRAVENOUS,isoproterenol hydrochloride,isoproterenol hydrochloride
BENZONATATE,BENZONATATE,HUMAN PRESCRIPTION DRUG,ORAL,benzonatate,benzonatate
simvastatin,simvastatin,HUMAN PRESCRIPTION DRUG,ORAL,simvastatin,simvastatin
dasiglucagon,Zegalogue,HUMAN PRESCRIPTION DRUG,SUBCUTANEOUS,dasiglucagon,zegalogue
PETROLATUM,TATWAX VITAMINS AD,HUMAN OTC DRUG,TOPICAL,petrolatum,tatwax vitamins ad
semaglutide,Ozempic,HUMAN PRESCRIPTION DRUG,SUBCUTANEOUS,semaglutide,ozempic
Testosterone,Testosterone,HUMAN PRESCRIPTION DRUG,TRANSDERMAL,testosterone,testosterone
"Beta Vulgaris, Ascorbicum Acidum, Cysteinum, Natrum Oxalaceticum, Nicotinamidum, Pulsatilla (Pratensis), Pyridoxinum Hydrochloricum, Riboflavinum, Thiaminum Hydrochloricum, Alpha-Ketoglutaricum Acidum, Alpha-Lipoicum Acidum, Cerium Oxalicum, Citricum Acidum, Fumaricum Acidum, Magnesium Oroticum Dihydricum, Malicum Acidum, Nadidum, Natrum Pyruvicum, Pantothenic Acid, Succinicum Acidum, Adrenalinum, Adenosinum Triphosphoricum Dinatrum, Hepar Sulphuris Calcareum, Sulphur, Aconiticum Acidum, Cis-,",Bio Co-Enzyme Phase,HUMAN OTC DRUG,ORAL,beta vulgaris ascorbicum acidum cysteinum natrum oxalaceticum nicotinamidum pulsatilla pratensis pyridoxinum hydrochloricum riboflavinum thiaminum hydrochloricum alpha-ketoglutaricum acidum alpha-lipoicum acidum cerium oxalicum citricum acidum fumaricum acidum magnesium oroticum dihydricum malicum acidum nadidum natrum pyruvicum pantothenic acid succinicum acidum adrenalinum adenosinum triphosphoricum dinatrum hepar sulphuris calcareum sulphur aconiticum acidum cis-,bio co-enzyme phase
colchicine,Colchicine,HUMAN PRESCRIPTION DRUG,ORAL,colchicine,colchicine
AVENA SATIVA FLOWERING TOP,Avena sativa,HUMAN OTC DRUG,ORAL,avena sativa flowering top,avena sativa
SALMONELLA TYPHI TY2 VI POLYSACCHARIDE ANTIGEN,Typhim Vi,VACCINE,INTRAMUSCULAR,salmonella typhi ty2 vi polysaccharide antigen,typhim vi
"Loratadine Tablets USP, 10 mg",Loratadine 10 mg,HUMAN OTC DRUG,ORAL,loratadine tablets usp 10 mg,loratadine 10 mg
Juglans nigra,Black Walnut Pollen,NON-STANDARDIZED ALLERGENIC,CUTANEOUS,juglans nigra,black walnut pollen
"Carduus Marianus, Chelidonium Majus, Taraxacum Officinale, Lycopodium Clavatum, Natrum Sulphuricum, Nux Vomica, Phosphorus",Hepatone,HUMAN OTC DRUG,ORAL,carduus marianus chelidonium majus taraxacum officinale lycopodium clavatum natrum sulphuricum nux vomica phosphorus,hepatone
"Aralia Quinquefolia, Arnica Montana, Adenosinum Triphosphoricum Dinatrum, Alpha-Ketoglutaricum Acidum, Ascorbicum Acidum, Alpha-Lipoicum Acidum, Calcarea Carbonica, Citricum Acidum, Cuprum Metallicum, Cysteinum, Ferrum Metallicum, Iodium, Levothyroxinum, Magnesium Gluconicum Dihydricum, Malicum Acidum, Manganum Aceticum, Nadidum, Natrum Pyruvicum, Nicotinamidum, Pyridoxinum Hydrochloricum, Riboflavinum, Selenium Metallicum, Sulphur, Thiaminum Hydrochloricum, Ubidecarenonum, Zincum Metallicum,",Mitochondria PRO,HUMAN OTC DRUG,ORAL,aralia quinquefolia arnica montana adenosinum triphosphoricum dinatrum alpha-ketoglutaricum acidum ascorbicum acidum alpha-lipoicum acidum calcarea carbonica citricum acidum cuprum metallicum cysteinum ferrum metallicum iodium levothyroxinum magnesium gluconicum dihydricum malicum acidum manganum aceticum nadidum natrum pyruvicum nicotinamidum pyridoxinum hydrochloricum riboflavinum selenium metallicum sulphur thiaminum hydrochloricum ubidecarenonum zincum metallicum,mitochondria pro
Polyethylene Glycol 3350,Polyethylene Glycol 3350,HUMAN OTC DRUG,ORAL,polyethylene glycol 3350,polyethylene glycol 3350
nicotine polacrilex,Nicotine,HUMAN OTC DRUG,ORAL,nicotine polacrilex,nicotine
Alcohol,Protecting FHS,HUMAN OTC DRUG,TOPICAL,alcohol,protecting fhs
stannous fluoride,Enamelon Preventive Treatment,HUMAN OTC DRUG,DENTAL,stannous fluoride,enamelon preventive treatment
Rheuma DKS,Rheuma DKS,HUMAN OTC DRUG,TOPICAL,rheuma dks,rheuma dks
Nicotine Polacrilex,Equate nicotine,HUMAN OTC DRUG,ORAL,nicotine polacrilex,equate nicotine
Methylprednisolone,Methylprednisolone,HUMAN PRESCRIPTION DRUG,ORAL,methylprednisolone,methylprednisolone
"OCTINOXATE, OXYBENZONE",Artistry Youth Xtend Lifting Smoothing Foundation Shade Ochre L2N1,HUMAN OTC DRUG,TOPICAL,octinoxate oxybenzone,artistry youth xtend lifting smoothing foundation shade ochre l2n1
Naloxone Hydrochloride Nasal,Naloxone Hydrochloride,HUMAN PRESCRIPTION DRUG,NASAL,naloxone hydrochloride nasal,naloxone hydrochloride
Isosorbide Mononitrate,Isosorbide Mononitrate,HUMAN PRESCRIPTION DRUG,ORAL,isosorbide mononitrate,isosorbide mononitrate
Amlodipine and Benazepril Hydrochloride,Amlodipine and Benazepril Hydrochloride,HUMAN PRESCRIPTION DRUG,ORAL,amlodipine and benazepril hydrochloride,amlodipine and benazepril hydrochloride
Tafluprost,Tafluprost,HUMAN PRESCRIPTION DRUG,OPHTHALMIC,tafluprost,tafluprost
ALCOHOL,Genuine First Aid Hand Sanitizer with Pump Ethyl Alcohol,HUMAN OTC DRUG,TOPICAL,alcohol,genuine first aid hand sanitizer with pump ethyl alcohol
Meclizine HCl,Motion Sickness Relief,HUMAN OTC DRUG,ORAL,meclizine hcl,motion sickness relief
Salicylic acid gel,Compound W,HUMAN OTC DRUG,TOPICAL,salicylic acid gel,compound w
CETIRIZINE HYDROCHLORIDE,CVS Cetirizine Hydrochloride,HUMAN OTC DRUG,ORAL,cetirizine hydrochloride,cvs cetirizine hydrochloride
Ioversol,Optiray 320,HUMAN PRESCRIPTION DRUG,INTRA-ARTERIAL,ioversol,optiray 320
GERANIUM MACULATUM ROOT,Geranium maculatum,HUMAN OTC DRUG,ORAL,geranium maculatum root,geranium maculatum
Carvedilol,Carvedilol,HUMAN PRESCRIPTION DRUG,ORAL,carvedilol,carvedilol
furosemide,FUROSEMIDE,HUMAN PRESCRIPTION DRUG,ORAL,furosemide,furosemide
HEPARIN SODIUM,HEPARIN SODIUM,HUMAN PRESCRIPTION DRUG,INTRAVENOUS,heparin sodium,heparin sodium
Aluminum Sesquichlorohydrate,Carpe Antiperspirant Underarm Fresh Powder Scent,HUMAN OTC DRUG,TOPICAL,aluminum sesquichlorohydrate,carpe antiperspirant underarm fresh powder scent
"Avobenzone, Homosalate, Octisalate, Octocrylene",Cell Fusion C Aquatica UV Defense Sunscreen Broad Spectrum SPF 50,HUMAN OTC DRUG,TOPICAL,avobenzone homosalate octisalate octocrylene,cell fusion c aquatica uv defense sunscreen broad spectrum spf 50
HYDROGEN PEROXIDE,Perox-A-Mint Solution,HUMAN OTC DRUG,BUCCAL,hydrogen peroxide,perox-a-mint solution
Ulmus Radix 6X,Ulmus Radix 6X,HUMAN OTC DRUG,ORAL,ulmus radix 6x,ulmus radix 6x
"Aspirin, Citric Acid, Sodium Bicarbonate",Market Basket Effervescent Antacid and Pain Relief,HUMAN OTC DRUG,ORAL,aspirin citric acid sodium bicarbonate,market basket effervescent antacid and pain relief
mesalamine,Pentasa,HUMAN PRESCRIPTION DRUG,ORAL,mesalamine,pentasa
Benzalkonium Chloride,Dial Foaming Antibacterial and Moisturizing Hand Wash Spring Water,HUMAN OTC DRUG,TOPICAL,benzalkonium chloride,dial foaming antibacterial and moisturizing hand wash spring water
LIDOCAINE HYDROCHLORIDE,TattooNumb,HUMAN OTC DRUG,TOPICAL,lidocaine hydrochloride,tattoonumb
alcohol,Smart Care Hand Sanitizer Calming Lavender,HUMAN OTC DRUG,TOPICAL,alcohol,smart care hand sanitizer calming lavender
ONDANSETRON HYDROCHLORIDE,ONDANSETRON,HUMAN PRESCRIPTION DRUG,ORAL,ondansetron hydrochloride,ondansetron
ubrogepant,UBRELVY,HUMAN PRESCRIPTION DRUG,ORAL,ubrogepant,ubrelvy
OXALIC ACID DIHYDRATE,Oxalicum acidum,HUMAN OTC DRUG,ORAL,oxalic acid dihydrate,oxalicum acidum
KEROSENE,Petroleum,HUMAN OTC DRUG,ORAL,kerosene,petroleum
Calcium carbonate,Family Wellness Extra Strength Smooth Antacid 173bf,HUMAN OTC DRUG,ORAL,calcium carbonate,family wellness extra strength smooth antacid 173bf
"Camphor, Menthol, Methyl Salicylate",JOSEPHS LION PAIN RELIEVING,HUMAN OTC DRUG,TOPICAL,camphor menthol methyl salicylate,josephs lion pain relieving
"Anthracinum, Pyrogenium, Aconitum nap., Aloe, Apis mel., Arnica, Arsenicum alb., Baptisia, Belladonna, Bryonia, Cantharis, Chelidonium majus, Crotalus horridus, Ferrum phosphoricum, Gaultheria procumbens, Hepar sulph. calc., Iodium, Lachesis, Nux vom., Phosphorus, Pulsatilla, Rhus toxicodendron, Veratrum viride, Verbascum, Echinacea",Inflammation,HUMAN OTC DRUG,ORAL,anthracinum pyrogenium aconitum nap aloe apis mel arnica arsenicum alb baptisia belladonna bryonia cantharis chelidonium majus crotalus horridus ferrum phosphoricum gaultheria procumbens hepar sulph calc iodium lachesis nux vom phosphorus pulsatilla rhus toxicodendron veratrum viride verbascum echinacea,inflammation
Methyl Salicylate,Kofal,HUMAN OTC DRUG,TOPICAL,methyl salicylate,kofal
Pyrithione zinc,2 in 1 Dandruff,HUMAN OTC DRUG,TOPICAL,pyrithione zinc,2 in 1 dandruff
Loratadine,All Day Allergy Relief,HUMAN OTC DRUG,ORAL,loratadine,all day allergy relief
Salicylic Acid 0.5%,BLEMISH DOTS - RETINOL (10 PATCHES),HUMAN OTC DRUG,TOPICAL,salicylic acid 05,blemish dots - retinol 10 patches
Isopropyl alcohol,Isopropyl alcohol,HUMAN OTC DRUG,TOPICAL,isopropyl alcohol,isopropyl alcohol
Helianthemum nummularium Whole,T-26,HUMAN OTC DRUG,SUBLINGUAL,helianthemum nummularium whole,t-26
"Helianthemum nummularium flower, Clematis vitalba flower, Impatiens glandulifera flower, Prunus cerasifera flower, Ornithogalum umbellatum, and Malus domestica flower",Rescue,HUMAN OTC DRUG,TOPICAL,helianthemum nummularium flower clematis vitalba flower impatiens glandulifera flower prunus cerasifera flower ornithogalum umbellatum and malus domestica flower,rescue
"Aconitum napellus, Antimonium crudum, Arum triphyllum, Borax, Causticum, Ferrum phos, Graphites, Hepar sulph calc, Kali bichromicum, Phosphorus, Selenium metallicum and Spongia tosta.",Sore Throat and Laryngitis,HUMAN OTC DRUG,ORAL,aconitum napellus antimonium crudum arum triphyllum borax causticum ferrum phos graphites hepar sulph calc kali bichromicum phosphorus selenium metallicum and spongia tosta,sore throat and laryngitis
PS-2205 BZK Antiseptic Towelettes,PS-2205 BZK Antiseptic Towelettes,HUMAN OTC DRUG,TOPICAL,ps-2205 bzk antiseptic towelettes,ps-2205 bzk antiseptic towelettes
OCTINOXATE,SHISEIDO FUTURE LX TOTAL RADIANCE FOUNDATION E Golden 4,HUMAN OTC DRUG,TOPICAL,octinoxate,shiseido future lx total radiance foundation e golden 4
OCTINOXATE and TITANIUM DIOXIDE,cle de peau BEAUTE RADIANT FLUID FOUNDATION NATURAL O90,HUMAN OTC DRUG,TOPICAL,octinoxate and titanium dioxide,cle de peau beaute radiant fluid foundation natural o90
AZELASTINE HYDROCHLORIDE,AZELASTINE HYDROCHLORIDE,HUMAN OTC DRUG,NASAL,azelastine hydrochloride,azelastine hydrochloride
"Allium cepa, Apis mellifica, Aralia rac, Arundo, Baptisia, Echinacea, Euphrasia, Gelsemium, Histaminum, Lycopodium, Rhus tox, Sabadilla, Sanguinaria, Urtica ur.",AllergEase,HUMAN OTC DRUG,ORAL,allium cepa apis mellifica aralia rac arundo baptisia echinacea euphrasia gelsemium histaminum lycopodium rhus tox sabadilla sanguinaria urtica ur,allergease
Gabapentin,Gaba 300-EZS,HUMAN PRESCRIPTION DRUG,,gabapentin,gaba 300-ezs
"HOMOSALATE, OCTISALATE, AVOBENZONE, and OCTOCRYLENE",DR. ANDREW WEIL FOR ORIGINS MEGA-BRIGHT SPF 30 SKIN TONE CORRECTING oil FREE MOISTURIZER BROAD SPECTRUM SPF 30,HUMAN OTC DRUG,TOPICAL,homosalate octisalate avobenzone and octocrylene,dr andrew weil for origins mega-bright spf 30 skin tone correcting oil free moisturizer broad spectrum spf 30
Minoxidil,minoxidil topical,HUMAN OTC DRUG,TOPICAL,minoxidil,minoxidil topical
STREPTOCOCCUS PYOGENES,Streptococcinum,HUMAN PRESCRIPTION DRUG,ORAL,streptococcus pyogenes,streptococcinum
"ANTIMONY POTASSIUM TARTRATE, BRYONIA ALBA ROOT, PROTORTONIA CACTI, DROSERA ROTUNDIFOLIA, IPECAC, PULSATILLA VULGARIS, RUMEX CRISPUS ROOT, PONGIA OFFICINALIS SKELETON, ROASTED, LOBARIA PULMONARIA",Chestal for Children,HUMAN OTC DRUG,ORAL,antimony potassium tartrate bryonia alba root protortonia cacti drosera rotundifolia ipecac pulsatilla vulgaris rumex crispus root pongia officinalis skeleton roasted lobaria pulmonaria,chestal for children
"ARNICA MONTANA WHOLE, BLACK COHOSH, NITROGLYCERIN, LACHESIS MUTA VENOM, SANGUINARIA CANADENSIS ROOT",Cyclease Menopause,HUMAN OTC DRUG,ORAL,arnica montana whole black cohosh nitroglycerin lachesis muta venom sanguinaria canadensis root,cyclease menopause
ALCOHOL,Justice Diamond Vanilla Scented Antibacterial Hand Sanitizer,HUMAN OTC DRUG,TOPICAL,alcohol,justice diamond vanilla scented antibacterial hand sanitizer
Nortriptyline Hydrochloride,Nortriptyline Hydrochloride,HUMAN PRESCRIPTION DRUG,ORAL,nortriptyline hydrochloride,nortriptyline hydrochloride
Alcohol,Anti Bacterial Hand Gel Fresh Cut Lilacs,HUMAN OTC DRUG,TOPICAL,alcohol,anti bacterial hand gel fresh cut lilacs
PARALICHTHYS DENTATUS,FLOUNDER,NON-STANDARDIZED ALLERGENIC,PERCUTANEOUS,paralichthys dentatus,flounder
Acetaminophen and Aspirin and Caffeine,Goodys Cool Orange Headache,HUMAN OTC DRUG,ORAL,acetaminophen and aspirin and caffeine,goodys cool orange headache
Zinc oxide,ATTITUDE Sunly Mineral Sunscreen Face Stick Unscented SPF 30,HUMAN OTC DRUG,TOPICAL,zinc oxide,attitude sunly mineral sunscreen face stick unscented spf 30
RIZATRIPTAN BENZOATE,RIZATRIPTAN BENZOATE,HUMAN PRESCRIPTION DRUG,ORAL,rizatriptan benzoate,rizatriptan benzoate
"OCTISALATE, TITANIUM DIOXIDE",Dior Forever Skin Wear Flawless Skin True Foundation SPF 20 3C Cool,HUMAN OTC DRUG,TOPICAL,octisalate titanium dioxide,dior forever skin wear flawless skin true foundation spf 20 3c cool
Nabumetone,Nabumetone,HUMAN PRESCRIPTION DRUG,ORAL,nabumetone,nabumetone
Brimonidine Tartrate,Brimonidine Tartrate,HUMAN PRESCRIPTION DRUG,OPHTHALMIC,brimonidine tartrate,brimonidine tartrate
Willow Black,SALIX NIGRA POLLEN,NON-STANDARDIZED ALLERGENIC,PERCUTANEOUS,willow black,salix nigra pollen
"Avobenzone, Homosalate, Octisalate, Octocrylene",Fruit of the Earth LUV THAT SUN Kids Sunscreen Ultra SPF 50,HUMAN OTC DRUG,TOPICAL,avobenzone homosalate octisalate octocrylene,fruit of the earth luv that sun kids sunscreen ultra spf 50
Acyclovir,Acyclovir,HUMAN PRESCRIPTION DRUG,ORAL,acyclovir,acyclovir
Rehydration Drops,Rehydration Drops 2175,HUMAN OTC DRUG,ORAL,rehydration drops,rehydration drops 2175
Box Elder Ash Leaf Maple,ACER NEGUNDO POLLEN,NON-STANDARDIZED ALLERGENIC,PERCUTANEOUS,box elder ash leaf maple,acer negundo pollen
Ethyl Alcohol,Natural Concepts Hand Sanitizer,HUMAN OTC DRUG,TOPICAL,ethyl alcohol,natural concepts hand sanitizer
"ADRENALINUM, ARGENTUM NITRICUM, BOS TAURUS PITUITARUM POSTERIUM, GLYCERINUM, GLYCYRRHIZA GLABRA, KALI CARBONICUM, LACTICUM ACIDUM, MAGNESIA SULPHURICA, NICCOLUM METALLICUM, PANCREATINUM, PHOSPHORICUM ACIDUM, SACCHARINUM, SACCHARUM LACTIS, SACCHARUM OFFICINALE, SARCOLACTICUM ACIDUM, SELENIUM METALLICUM, SYZYGIUM JAMBOLANUM, THYROIDINUM, ZINCUM METALLICUM",B05 GLUCO BALANCE,HUMAN OTC DRUG,SUBLINGUAL,adrenalinum argentum nitricum bos taurus pituitarum posterium glycerinum glycyrrhiza glabra kali carbonicum lacticum acidum magnesia sulphurica niccolum metallicum pancreatinum phosphoricum acidum saccharinum saccharum lactis saccharum officinale sarcolacticum acidum selenium metallicum syzygium jambolanum thyroidinum zincum metallicum,b05 gluco balance
Mometasone,Mometasone Furoate,HUMAN PRESCRIPTION DRUG,NASAL,mometasone,mometasone furoate
carboprost tromethamine,CARBOPROST TROMETHAMINE,HUMAN PRESCRIPTION DRUG,INTRAMUSCULAR,carboprost tromethamine,carboprost tromethamine
Broad Spectrum SPF 15 Sunscreen Mint Lip Balm,Broad Spectrum SPF 15 Sunscreen Mint Lip Balm,HUMAN OTC DRUG,TOPICAL,broad spectrum spf 15 sunscreen mint lip balm,broad spectrum spf 15 sunscreen mint lip balm
"Lidocaine , Phenylephrine Hcl",Liposomal Hemorrhoid Master,HUMAN OTC DRUG,TOPICAL,lidocaine  phenylephrine hcl,liposomal hemorrhoid master
Diphenhydramine Hydrochloride,Childrens Allergy,HUMAN OTC DRUG,ORAL,diphenhydramine hydrochloride,childrens allergy
Aspirin,Aspirin,HUMAN OTC DRUG,ORAL,aspirin,aspirin
Colloidal oatmeal,Baby Eczema Therapy,HUMAN OTC DRUG,TOPICAL,colloidal oatmeal,baby eczema therapy
pramlintide acetate,SymlinPen,HUMAN PRESCRIPTION DRUG,SUBCUTANEOUS,pramlintide acetate,symlinpen
SALICYLIC ACID,ALMAY CLEAR COMPLEXION MAKEUP FOUNDATION Fresh Beige,HUMAN OTC DRUG,TOPICAL,salicylic acid,almay clear complexion makeup foundation fresh beige
Advanced Care Peach and Chamomile Tea 72h Antiperspirant Deodorant,Dove,HUMAN OTC DRUG,TOPICAL,advanced care peach and chamomile tea 72h antiperspirant deodorant,dove
PHENAZOPYRIDINE HYDROCHLORIDE,PHENAZOPYRIDINE HYDROCHLORIDE,HUMAN PRESCRIPTION DRUG,ORAL,phenazopyridine hydrochloride,phenazopyridine hydrochloride
Men plus Care Ultimate Aloe Vera Scent 48H Antiperspirant,Dove,HUMAN OTC DRUG,TOPICAL,men plus care ultimate aloe vera scent 48h antiperspirant,dove
"Dextromethorphan HBr, Guaifenesin",Mucus Relief DM,HUMAN OTC DRUG,ORAL,dextromethorphan hbr guaifenesin,mucus relief dm
etranacogene dezaparvovec,HEMGENIX,HUMAN PRESCRIPTION DRUG,,etranacogene dezaparvovec,hemgenix
Hydrocortisone,Intensive Healing Eczema,HUMAN OTC DRUG,TOPICAL,hydrocortisone,intensive healing eczema
Darifenacin,Darifenacin,HUMAN PRESCRIPTION DRUG,ORAL,darifenacin,darifenacin
BAPTISIA TINCTORIA,Baptisia Tinctoria,HUMAN OTC DRUG,ORAL,baptisia tinctoria,baptisia tinctoria
"Anacard occ, Bothrops, Calc carb, Graphites, Thymus gland",Emvita 13,HUMAN OTC DRUG,ORAL,anacard occ bothrops calc carb graphites thymus gland,emvita 13
"acetaminophen, dextromethorphan hbr, doxylamine succinate solution","Nighttime Relief, Cold and Flu, 24-7 Life by 7-Eleven",HUMAN OTC DRUG,ORAL,acetaminophen dextromethorphan hbr doxylamine succinate solution,nighttime relief cold and flu 24-7 life by 7-eleven
lidocaine HCl,REGENECARE HA,HUMAN OTC DRUG,TOPICAL,lidocaine hcl,regenecare ha
"Acetaminophen, Dextromethorphan HBr, Phenylephrine HCL",Daytime Cold and Flu,HUMAN OTC DRUG,ORAL,acetaminophen dextromethorphan hbr phenylephrine hcl,daytime cold and flu
Olanzapine,Olanzapine,HUMAN PRESCRIPTION DRUG,ORAL,olanzapine,olanzapine
Diphenhydramine HCl,berkley and jensen sleep aid,HUMAN OTC DRUG,ORAL,diphenhydramine hcl,berkley and jensen sleep aid
"Bellis Perennis, Hypericum Perfomatum,Toxicodendron Pubscens Leaf, Ruta Graveolens Flowering Top",Sports For Trauma Gel,HUMAN OTC DRUG,TOPICAL,bellis perennis hypericum perfomatumtoxicodendron pubscens leaf ruta graveolens flowering top,sports for trauma gel
ZINC OXIDE,VERSED MULTI SERUM SKIN TINT SPF 40 TAN DEEP COOL,HUMAN OTC DRUG,TOPICAL,zinc oxide,versed multi serum skin tint spf 40 tan deep cool
titanium dioxide,Dr Lift Mineral SPF 30,HUMAN OTC DRUG,TOPICAL,titanium dioxide,dr lift mineral spf 30
Midazolam In Sodium Chloride,Midazolam In Sodium Chloride,HUMAN PRESCRIPTION DRUG,INTRAVENOUS,midazolam in sodium chloride,midazolam in sodium chloride
Dicyclomine hydrochloride,Dicyclomine,HUMAN PRESCRIPTION DRUG,ORAL,dicyclomine hydrochloride,dicyclomine
Hydrocortisone,Hydrocortisone 1%,HUMAN OTC DRUG,TOPICAL,hydrocortisone,hydrocortisone 1
Stannous fluoride,Crest Pro Health Enamel Repair and Gum Intensive Clean,HUMAN OTC DRUG,DENTAL,stannous fluoride,crest pro health enamel repair and gum intensive clean
Tetracaine Hydrochloride,Tetracaine Hydrochloride,HUMAN PRESCRIPTION DRUG,OPHTHALMIC,tetracaine hydrochloride,tetracaine hydrochloride
Triamcinolone Acetonide,Triamcinolone Acetonide,HUMAN PRESCRIPTION DRUG,TOPICAL,triamcinolone acetonide,triamcinolone acetonide
ACETAMINOPHEN,Childrens Pain and Fever,HUMAN OTC DRUG,ORAL,acetaminophen,childrens pain and fever
Imipramine Pamoate,Imipramine Pamoate,HUMAN PRESCRIPTION DRUG,ORAL,imipramine pamoate,imipramine pamoate
"Acetaminophen, Dextromethorphan HBr, Doxylamine succinate, Guaifenesin, Phenylephrine HCl","Cold and Flu Daytime, Nighttime, Maximum Strength",HUMAN OTC DRUG,,acetaminophen dextromethorphan hbr doxylamine succinate guaifenesin phenylephrine hcl,cold and flu daytime nighttime maximum strength
Meprobamate,Meprobamate,HUMAN PRESCRIPTION DRUG,ORAL,meprobamate,meprobamate
Calcium Carbonate 750 mg,Tums Antacid Chewy Bites,HUMAN OTC DRUG,ORAL,calcium carbonate 750 mg,tums antacid chewy bites
Mycophenolate mofetil,Mycophenolate mofetil,HUMAN PRESCRIPTION DRUG,ORAL,mycophenolate mofetil,mycophenolate mofetil
Menthol,Nice Cherry Cough Drops,HUMAN OTC DRUG,ORAL,menthol,nice cherry cough drops
"Acetaminophen, Caffeine",CAFIZETAMOL FORTE,HUMAN OTC DRUG,ORAL,acetaminophen caffeine,cafizetamol forte
"Acetaminophen, Guaifenesin, Phenylephrine HCl",Congestion and Headache,HUMAN OTC DRUG,ORAL,acetaminophen guaifenesin phenylephrine hcl,congestion and headache
Zinc Oxide,Aveeno Baby Continuous Protection Sensitive Skin Sunscreen Broad Spectrum SPF 50,HUMAN OTC DRUG,TOPICAL,zinc oxide,aveeno baby continuous protection sensitive skin sunscreen broad spectrum spf 50
"Avobenzone, Homosalate, Octisalate, Octocrylene",Neutrogena Collagen Bank SPF Moisturizer Sunscreen Broad Spectrum SPF 30,HUMAN OTC DRUG,TOPICAL,avobenzone homosalate octisalate octocrylene,neutrogena collagen bank spf moisturizer sunscreen broad spectrum spf 30
Nicotine Polacrilex,Nicotine Polacrilex Coated Fruit,HUMAN OTC DRUG,BUCCAL,nicotine polacrilex,nicotine polacrilex coated fruit
Guaifenesin,Mucus Relief,HUMAN OTC DRUG,ORAL,guaifenesin,mucus relief
Sodium Fluoride,Brush Buddies Crayola ANTICAVITY FLUORIDE - STRAWBERRY FLAVOR,HUMAN OTC DRUG,ORAL,sodium fluoride,brush buddies crayola anticavity fluoride - strawberry flavor
Methylprednisolone acetate,Methylprednisolone acetate,HUMAN PRESCRIPTION DRUG,INTRA-ARTICULAR,methylprednisolone acetate,methylprednisolone acetate
"BENZOCAINE, RESORCINOL",HealthWise Feminine Anti-itch Cream,HUMAN OTC DRUG,TOPICAL,benzocaine resorcinol,healthwise feminine anti-itch cream
Zinc Gluconate,Cold-EEZE Cold Remedy UltraMELT Chews,HUMAN OTC DRUG,ORAL,zinc gluconate,cold-eeze cold remedy ultramelt chews
Chlorthalidone,Chlorthalidone,HUMAN PRESCRIPTION DRUG,ORAL,chlorthalidone,chlorthalidone
Finasteride,Finasteride,HUMAN PRESCRIPTION DRUG,ORAL,finasteride,finasteride
metformin,Metformin,HUMAN PRESCRIPTION DRUG,ORAL,metformin,metformin
"ACETAMINOPHEN, CHLORPHENIRAMINE MALEATE, and PHENYLEPHRINE HYDROCHLORIDE",Allergy Multi-Symptom,HUMAN OTC DRUG,ORAL,acetaminophen chlorpheniramine maleate and phenylephrine hydrochloride,allergy multi-symptom
Nicotine,Nicotine transdermal system step 1,HUMAN OTC DRUG,TRANSDERMAL,nicotine,nicotine transdermal system step 1
clobetasol propionate,CLOBETASOL PROPIONATE,HUMAN PRESCRIPTION DRUG,TOPICAL,clobetasol propionate,clobetasol propionate
acamprosate calcium,acamprosate calcium,HUMAN PRESCRIPTION DRUG,ORAL,acamprosate calcium,acamprosate calcium
Chlordiazepoxide Hydrochloride and Clidinium Bromide,Chlordiazepoxide Hydrochloride and Clidinium Bromide,HUMAN PRESCRIPTION DRUG,ORAL,chlordiazepoxide hydrochloride and clidinium bromide,chlordiazepoxide hydrochloride and clidinium bromide
Aluminum Chlorohydrate,Antiperspirant Wipe for Women,HUMAN OTC DRUG,TOPICAL,aluminum chlorohydrate,antiperspirant wipe for women
GEMCITABINE,Gemcitabine,HUMAN PRESCRIPTION DRUG,INTRAVENOUS,gemcitabine,gemcitabine
Nitrofurantoin,Nitrofurantoin,HUMAN PRESCRIPTION DRUG,ORAL,nitrofurantoin,nitrofurantoin
METHADONE HYDROCHLORIDE,METHADONE HYDROCHLORIDE,HUMAN PRESCRIPTION DRUG,ORAL,methadone hydrochloride,methadone hydrochloride
Triamterene and Hydrochlorothiazide,Triamterene and Hydrochlorothiazide,HUMAN PRESCRIPTION DRUG,ORAL,triamterene and hydrochlorothiazide,triamterene and hydrochlorothiazide
Repaglinide,Repaglinide,HUMAN PRESCRIPTION DRUG,ORAL,repaglinide,repaglinide
Nystatin,Nystop,HUMAN PRESCRIPTION DRUG,TOPICAL,nystatin,nystop
Purified Water,Eyesaline Eyewash Concentrate,HUMAN OTC DRUG,OPHTHALMIC,purified water,eyesaline eyewash concentrate
ATROPINE SULFATE,Atropine Sulfate,HUMAN PRESCRIPTION DRUG,INTRAVENOUS,atropine sulfate,atropine sulfate
fexofenadine hydrochloride,Basic Care Allergy,HUMAN OTC DRUG,ORAL,fexofenadine hydrochloride,basic care allergy
"AVOBENZONE, HOMOSALATE, OCTINOXATE, OCTISALATE",CHUDA,HUMAN OTC DRUG,TOPICAL,avobenzone homosalate octinoxate octisalate,chuda
Dexamethasone Sodium Phosphate,Dexamethasone Sodium Phosphate,HUMAN PRESCRIPTION DRUG,INTRA-ARTICULAR,dexamethasone sodium phosphate,dexamethasone sodium phosphate
"Asafoetida, Ignatia amara, Valeriana officinalis, Avena sativa, Argentum nitricum, Hyoscyamus niger, Paeonia officinalis, Stramonium, Cocculus indicus",Kids Relief,HUMAN OTC DRUG,ORAL,asafoetida ignatia amara valeriana officinalis avena sativa argentum nitricum hyoscyamus niger paeonia officinalis stramonium cocculus indicus,kids relief
DOCETAXEL ANHYDROUS,Docetaxel,HUMAN PRESCRIPTION DRUG,INTRAVENOUS,docetaxel anhydrous,docetaxel
moxifloxacin,Moxifloxacin,HUMAN PRESCRIPTION DRUG,OPHTHALMIC,moxifloxacin,moxifloxacin
racepinephrine hydrochloride,S2,HUMAN OTC DRUG,RESPIRATORY (INHALATION),racepinephrine hydrochloride,s2
Bisoprolol Fumarate,Bisoprolol Fumarate,HUMAN PRESCRIPTION DRUG,ORAL,bisoprolol fumarate,bisoprolol fumarate
Camphor (Natural),Pain Relief Muscle,HUMAN OTC DRUG,TOPICAL,camphor natural,pain relief muscle
"Avobenzone, Homosalate, Octisalate, Octocrylene",RoC Hydration Plus SPF 30,HUMAN OTC DRUG,TOPICAL,avobenzone homosalate octisalate octocrylene,roc hydration plus spf 30
"Acetaminophen, Dextromethorphan Hydrobromide","Mucinex Rapid Clear Daytime Pain, Headache, and Cough",HUMAN OTC DRUG,ORAL,acetaminophen dextromethorphan hydrobromide,mucinex rapid clear daytime pain headache and cough
Sildenafil,Sildenafil Citrate,HUMAN PRESCRIPTION DRUG,ORAL,sildenafil,sildenafil citrate
CAMPHOR,SUNSET HEATING PAIN RELIEF ROLL-ON,HUMAN OTC DRUG,TOPICAL,camphor,sunset heating pain relief roll-on
ishancare jock itch treatment,iShanCare Jock Itch Treatment,HUMAN OTC DRUG,TOPICAL,ishancare jock itch treatment,ishancare jock itch treatment
witch hazel,PREPARATION H SOOTHING RELIEF CLEANSING AND COOLING WIPES,HUMAN OTC DRUG,TOPICAL,witch hazel,preparation h soothing relief cleansing and cooling wipes
Alcohol antiseptic,STRAWBERRY SHORTCAKE SANITIZER STRAWBERRY,HUMAN OTC DRUG,TOPICAL,alcohol antiseptic,strawberry shortcake sanitizer strawberry
CINACALCET,CINACALCET,HUMAN PRESCRIPTION DRUG,ORAL,cinacalcet,cinacalcet
"Triamcinolone Acetonide, Lidocaine Hydrochloride, Bupivacaine Hydrochloride, Povidine Iodine",MLK F4 Kit,HUMAN PRESCRIPTION DRUG,EPIDURAL,triamcinolone acetonide lidocaine hydrochloride bupivacaine hydrochloride povidine iodine,mlk f4 kit
CALCIUM SULFIDE,Hepar Sulphuris Calcareum 30c,HUMAN OTC DRUG,SUBGINGIVAL,calcium sulfide,hepar sulphuris calcareum 30c
Ethyl Alcohol,Instant Hand Sanitizer,HUMAN OTC DRUG,TOPICAL,ethyl alcohol,instant hand sanitizer
"HOMOSALATE, OCTISALATE, OCTOCRYLENE, ZINC OXIDE",e.l.f. Hydrating Camo CC Cream SPF30 Rich 650 C,HUMAN OTC DRUG,TOPICAL,homosalate octisalate octocrylene zinc oxide,elf hydrating camo cc cream spf30 rich 650 c
Gemachlich ZuHause NEUROPATHY Spray.,Gemachlich ZuHause NEUROPATHY Spray.,HUMAN OTC DRUG,TOPICAL,gemachlich zuhause neuropathy spray,gemachlich zuhause neuropathy spray
"Avbenzone, Octisalate, Octocrylene",daily moisturizer,HUMAN OTC DRUG,TOPICAL,avbenzone octisalate octocrylene,daily moisturizer
"Acetaminophen, Guaifenesin, Phenylephrine HCl",Severe Congestion and Pain,HUMAN OTC DRUG,ORAL,acetaminophen guaifenesin phenylephrine hcl,severe congestion and pain
"Avobenzone, Homosalate, Octisalate, Octocrylene",Target Up and Up SPF 70 Sport Sunscreen,HUMAN OTC DRUG,TOPICAL,avobenzone homosalate octisalate octocrylene,target up and up spf 70 sport sunscreen
Colloidal oatmeal,CeraVe Developed with Dermatologists Eczema Relief Moisturizing,HUMAN OTC DRUG,TOPICAL,colloidal oatmeal,cerave developed with dermatologists eczema relief moisturizing
Instant Whitening Toothpaste,Instant Whitening,HUMAN OTC DRUG,DENTAL,instant whitening toothpaste,instant whitening
"dextromethorphan hydrobromide, guaifenesin",equate adult cough and chest congestion dm,HUMAN OTC DRUG,ORAL,dextromethorphan hydrobromide guaifenesin,equate adult cough and chest congestion dm
Sildenafil Citrate,Sildenafil Citrate,HUMAN PRESCRIPTION DRUG,ORAL,sildenafil citrate,sildenafil citrate
ALCOHOL,Fresh Peach Scented Antibacterial Hand Sanitizer,HUMAN OTC DRUG,TOPICAL,alcohol,fresh peach scented antibacterial hand sanitizer
Mirtazapine,Mirtazapine,HUMAN PRESCRIPTION DRUG,ORAL,mirtazapine,mirtazapine
Potassium Chloride Extended-Release,Potassium Chloride Extended-Release,HUMAN PRESCRIPTION DRUG,ORAL,potassium chloride extended-release,potassium chloride extended-release
Titanium Dioxide and Zinc Oxide,Tinted Mineral Sunscreen Broad Spectrum SPF 30,HUMAN OTC DRUG,TOPICAL,titanium dioxide and zinc oxide,tinted mineral sunscreen broad spectrum spf 30
Right Guard Xtreme Defense Antiperspirant Deodorant Invisible Solid Fresh Blast,Right Guard Xtreme Defense Antiperspirant Deodorant Invisible Solid Fresh Blast,HUMAN OTC DRUG,TOPICAL,right guard xtreme defense antiperspirant deodorant invisible solid fresh blast,right guard xtreme defense antiperspirant deodorant invisible solid fresh blast
Amantadine,Amantadine,HUMAN PRESCRIPTION DRUG,ORAL,amantadine,amantadine
Menthol,Cannarelief 2000mg,HUMAN OTC DRUG,TOPICAL,menthol,cannarelief 2000mg
Natrum Muriaticum,Bestmade Natural Products Nat Mur 8x,HUMAN OTC DRUG,ORAL,natrum muriaticum,bestmade natural products nat mur 8x
"Anti crud, Arg nit, Calc phos, Iris germ, Pulsatilla, Sulphur, Thuja",Bestmade Natural Products BM223,HUMAN OTC DRUG,ORAL,anti crud arg nit calc phos iris germ pulsatilla sulphur thuja,bestmade natural products bm223
"Acid Phos, Agnus Castus, Caladium seg, Damiana, Ginseng Panax, Sabal Serr, Scutellaria Lat, Selenium, Yohimbinum",BM VITAGENE FORTE SOLID,HUMAN OTC DRUG,ORAL,acid phos agnus castus caladium seg damiana ginseng panax sabal serr scutellaria lat selenium yohimbinum,bm vitagene forte solid
"Agnus Castus, Foeniculum Vulgare, Ammonium Bromatum, Fucus Vesiculosus, Lecithin (Derived From Egg), Capsicum Annuum, Galium Aparine, Hypothalamus Suis, Kali Bichromicum, Lac Defloratum, Phytolacca Decandra, Thyroidinum (Bovine), Pituitarum Posterium (Bovine), Antimonium Crudum, Argentum Metallicum, Calcarea Carbonica, Selenium Metallicum, Adrenalinum, Phosphorus, Orchitinum (Bovine), Caladium Seguinum, Onosmodium Virginianum",Weight Loss Support Plus Male Balance,HUMAN OTC DRUG,ORAL,agnus castus foeniculum vulgare ammonium bromatum fucus vesiculosus lecithin derived from egg capsicum annuum galium aparine hypothalamus suis kali bichromicum lac defloratum phytolacca decandra thyroidinum bovine pituitarum posterium bovine antimonium crudum argentum metallicum calcarea carbonica selenium metallicum adrenalinum phosphorus orchitinum bovine caladium seguinum onosmodium virginianum,weight loss support plus male balance
SALICYLIC ACID,Personox Ultimate Scrub Cleanser,HUMAN OTC DRUG,TOPICAL,salicylic acid,personox ultimate scrub cleanser
MENTHOL,MGC Health Cough Drops Honey Herb,HUMAN OTC DRUG,ORAL,menthol,mgc health cough drops honey herb
Salicylic Acid,TINGL EXFOLIATING PADS,HUMAN OTC DRUG,TOPICAL,salicylic acid,tingl exfoliating pads
magnesium hydroxide,MILK OF MAGNESIA ORIGINAL,HUMAN OTC DRUG,ORAL,magnesium hydroxide,milk of magnesia original
Skin Protectant Lip Balm,ChapStick Classic Variety-Classic Cherry-Classic Strawberry-Classic Spearmint,HUMAN OTC DRUG,TOPICAL,skin protectant lip balm,chapstick classic variety-classic cherry-classic strawberry-classic spearmint
cevimeline hydrochloride,Evoxac,HUMAN PRESCRIPTION DRUG,ORAL,cevimeline hydrochloride,evoxac
trastuzumab-qyyp,Trazimera,HUMAN PRESCRIPTION DRUG,,trastuzumab-qyyp,trazimera
Tacrolimus,Tacrolimus,HUMAN PRESCRIPTION DRUG,ORAL,tacrolimus,tacrolimus
Stannous Fluoride,KIDS Crest Advanced Sugar and Bacteria Shield,HUMAN OTC DRUG,DENTAL,stannous fluoride,kids crest advanced sugar and bacteria shield
cyclophosphamide,Cyclophosphamide,HUMAN PRESCRIPTION DRUG,INTRAVENOUS,cyclophosphamide,cyclophosphamide
Dimethicone,Daily VLotion,HUMAN OTC DRUG,TOPICAL,dimethicone,daily vlotion
"Avobenzone, Homosalate, Octisalate, Octocrylene",ANUA ZERO-CAST MOISTURIZING FINISH SUNSCREEN,HUMAN OTC DRUG,TOPICAL,avobenzone homosalate octisalate octocrylene,anua zero-cast moisturizing finish sunscreen
"AVOBENZONE,HOMOSALATE,OCTISALATE,OCTOCRYLENE",Ultra Violette Supreme Screen Broad Spectrum SPF 50,HUMAN OTC DRUG,TOPICAL,avobenzonehomosalateoctisalateoctocrylene,ultra violette supreme screen broad spectrum spf 50
Kali Muriaticum,Schuessler Tissue Salts Kali Mur Glandular Tonic 5,HUMAN OTC DRUG,ORAL,kali muriaticum,schuessler tissue salts kali mur glandular tonic 5
"Titanium Dioxide, Zinc Oxide",Tinted Mattifying Face Mineral Sunscreen,HUMAN OTC DRUG,TOPICAL,titanium dioxide zinc oxide,tinted mattifying face mineral sunscreen
"Homosalate, Octocrylene, Octisalate, Avobenzone",Sugargirl SPF 30 sunscreen illuminating stick solar,HUMAN OTC DRUG,TOPICAL,homosalate octocrylene octisalate avobenzone,sugargirl spf 30 sunscreen illuminating stick solar
Lidocaine4% NUMBING,Subleef NUMBING,HUMAN OTC DRUG,TOPICAL,lidocaine4 numbing,subleef numbing
Silver,antibacterial body wash,HUMAN OTC DRUG,TOPICAL,silver,antibacterial body wash
SALICYLIC ACID,Goodnites Wart Remover Bandaid,HUMAN OTC DRUG,TOPICAL,salicylic acid,goodnites wart remover bandaid
Ibuprofen,Medique at Home Iprin,HUMAN OTC DRUG,ORAL,ibuprofen,medique at home iprin
Natrium Muriaticum,BM Nat Mur,HUMAN OTC DRUG,ORAL,natrium muriaticum,bm nat mur
Loratadine,Allergy Relief,HUMAN OTC DRUG,ORAL,loratadine,allergy relief
Alcohol,Hand Sanitizer plus Serum Amara,HUMAN OTC DRUG,TOPICAL,alcohol,hand sanitizer plus serum amara
"Lidocaine, Menthol",Terocin,HUMAN OTC DRUG,TOPICAL,lidocaine menthol,terocin
Lidocaine Male Genital Desensitizer,5 Elementum Lidocaine Male Genital Desensitizer,HUMAN OTC DRUG,TOPICAL,lidocaine male genital desensitizer,5 elementum lidocaine male genital desensitizer
Estriol,Estriol Cream,HUMAN OTC DRUG,VAGINAL,estriol,estriol cream
Sunscreen Spray,Acewink Sunscreen,HUMAN OTC DRUG,TOPICAL,sunscreen spray,acewink sunscreen
Medroxyprogesterone,,BULK INGREDIENT,,medroxyprogesterone,
acetaminophen,,DRUG FOR FURTHER PROCESSING,,acetaminophen,
Insulin Aspart,,BULK INGREDIENT,,insulin aspart,
Valganciclovir,Valganciclovir,HUMAN PRESCRIPTION DRUG,ORAL,valganciclovir,valganciclovir
Pyridoxine Hydrochloride,,BULK INGREDIENT,,pyridoxine hydrochloride,
Palonosetron Hydrochloride,,DRUG FOR FURTHER PROCESSING,,palonosetron hydrochloride,
azathioprine,,BULK INGREDIENT,,azathioprine,
antihemophilic factor human,HEMOFIL M,PLASMA DERIVATIVE,,antihemophilic factor human,hemofil m
Metoclopramide Hydrochloride,,BULK INGREDIENT,,metoclopramide hydrochloride,
FENOFIBRATE,,BULK INGREDIENT,,fenofibrate,
topiramate,,BULK INGREDIENT,,topiramate,
Afoxolaner,,BULK INGREDIENT,,afoxolaner,
Isosulfan Blue,,BULK INGREDIENT,,isosulfan blue,
Gemfibrozil,,BULK INGREDIENT,,gemfibrozil,
Nicotine,,BULK INGREDIENT,,nicotine,
Miconazole,,BULK INGREDIENT,,miconazole,
Danazol,,BULK INGREDIENT,,danazol,
Cyanocobalamin,,BULK INGREDIENT,,cyanocobalamin,
Digoxin,,BULK INGREDIENT,,digoxin,
Povidone-Iodine,,DRUG FOR FURTHER PROCESSING,,povidone-iodine,
"Candida Albicans, Candida Albicans DNA, Candida Parapsilosis, Candida Parapsilosis DNA",,DRUG FOR FURTHER PROCESSING,,candida albicans candida albicans dna candida parapsilosis candida parapsilosis dna,
Anticoagulant Citrate Dextrose (ACD),ACD Blood-Pack Units (PL 146 PLASTIC),HUMAN PRESCRIPTION DRUG,INTRAVENOUS,anticoagulant citrate dextrose acd,acd blood-pack units pl 146 plastic
Immune Globulin Infusion (Human),GAMMAGARD Liquid ERC,PLASMA DERIVATIVE,INTRAVENOUS,immune globulin infusion human,gammagard liquid erc
Stannous Fluoride,Therabreath Healthy Gums,HUMAN OTC DRUG,ORAL,stannous fluoride,therabreath healthy gums
Crizotinib,,BULK INGREDIENT,,crizotinib,
Polyethylene Glycol 3350,,BULK INGREDIENT,,polyethylene glycol 3350,
"Benzocaine, Butamben, and Tetracaine Hydrochloride",Cetacaine Topical Anesthetic,HUMAN PRESCRIPTION DRUG,TOPICAL,benzocaine butamben and tetracaine hydrochloride,cetacaine topical anesthetic
IMPIRAMINE HYDROCHLORIDE,,BULK INGREDIENT,,impiramine hydrochloride,
MESALAMINE,,BULK INGREDIENT,,mesalamine,
METHENAMINE HIPPURATE,,BULK INGREDIENT,,methenamine hippurate,
HYDROCORTISONE ACEPONATE,,BULK INGREDIENT,,hydrocortisone aceponate,
Hydroxyzine HCl,,BULK INGREDIENT,,hydroxyzine hcl,
Desmopressin,,BULK INGREDIENT,,desmopressin,
octreotide acetate,,BULK INGREDIENT,,octreotide acetate,
Difluprednate Micronized,,BULK INGREDIENT,,difluprednate micronized,
Levofloxacin Hemihydrate,,BULK INGREDIENT,,levofloxacin hemihydrate,
CYCLOSPORINE,,BULK INGREDIENT,,cyclosporine,
Sodium Phenyl Acetate,,BULK INGREDIENT,,sodium phenyl acetate,
SOLRIAMFETOL HYDROCHLORIDE,,BULK INGREDIENT,,solriamfetol hydrochloride,
Calcitriol,,BULK INGREDIENT,,calcitriol,
Sumatriptan,,BULK INGREDIENT,,sumatriptan,
Travoprost,,BULK INGREDIENT,,travoprost,
Dimenhydrinate,,DRUG FOR FURTHER PROCESSING,,dimenhydrinate,
Vonoprazan Fumarate,,BULK INGREDIENT,,vonoprazan fumarate,
anastrozole,,BULK INGREDIENT,,anastrozole,
Bupropion Hydrochloride,,BULK INGREDIENT,,bupropion hydrochloride,
Ensulizole,,BULK INGREDIENT,,ensulizole,
CHLOROBUTANOL HEMIHYDRATE,,BULK INGREDIENT,,chlorobutanol hemihydrate,
clonazepam,,BULK INGREDIENT,,clonazepam,
Chamomilla,,DRUG FOR FURTHER PROCESSING,,chamomilla,
EPINEPHRINE,,BULK INGREDIENT,,epinephrine,
Apixaban,,BULK INGREDIENT,,apixaban,
Alogliptin,,BULK INGREDIENT,,alogliptin,
Ibrutinib,,BULK INGREDIENT,,ibrutinib,
Afamelanotide Acetate,,BULK INGREDIENT,,afamelanotide acetate,
"Octinoxate, Oxybenzone, Avobenzone, Octisalate, Octocrylene",CERAMIDE LIFT and FIRM,HUMAN OTC DRUG,TOPICAL,octinoxate oxybenzone avobenzone octisalate octocrylene,ceramide lift and firm
Face foundation with SPF,RV Illuminance Serum Tint Broad Spectrum 15 Amber,HUMAN OTC DRUG,TOPICAL,face foundation with spf,rv illuminance serum tint broad spectrum 15 amber
Edoxaban Tosylate (Monohydrate),,BULK INGREDIENT,,edoxaban tosylate monohydrate,
Nimodipine,,BULK INGREDIENT,,nimodipine,
Fruquintinb,,BULK INGREDIENT,,fruquintinb,
Buspirone Hydrochloride,,BULK INGREDIENT,,buspirone hydrochloride,
Lanreotide Acetate,,BULK INGREDIENT,,lanreotide acetate,
Cidofovir Dihydrate,,BULK INGREDIENT,,cidofovir dihydrate,
Erythromycin Lactobionate,,BULK INGREDIENT,,erythromycin lactobionate,
CARFILZOMIB,,BULK INGREDIENT,,carfilzomib,
ADENOSINUM CICLOPHOSPHORICUM - LILIUM TIGRINUM - MELATONIN - SUS SCROFA ADRENAL GLAND - SUS SCROFA CORPUS LUTEUM - SUS SCROFA HYPOTHALAMUS - SUS SCROFA OVARY - SUS SCROFA PANCREAS - SUS SCROFA PINEAL GLAND - SUS SCROFA PITUITARY GLAND - SUS SCROFA THYMUS - THYROID -,GUNA-FEM,HUMAN OTC DRUG,ORAL,adenosinum ciclophosphoricum - lilium tigrinum - melatonin - sus scrofa adrenal gland - sus scrofa corpus luteum - sus scrofa hypothalamus - sus scrofa ovary - sus scrofa pancreas - sus scrofa pineal gland - sus scrofa pituitary gland - sus scrofa thymus - thyroid -,guna-fem
Guaifenesin,Mucinex,HUMAN OTC DRUG,ORAL,guaifenesin,mucinex
Menthol 4%,Signature Care Menthol,HUMAN OTC DRUG,TOPICAL,menthol 4,signature care menthol
"loratadine, Pseudoephedrine sulfate",Allergy Relief D,HUMAN OTC DRUG,ORAL,loratadine pseudoephedrine sulfate,allergy relief d
"Telomerase (Synthetic Peptide / Protein), Bulk Powder",,BULK INGREDIENT,,telomerase synthetic peptide  protein bulk powder,
Hydrocortisone,Hydrocortisone Plus 12 Moisturizers,HUMAN OTC DRUG,TOPICAL,hydrocortisone,hydrocortisone plus 12 moisturizers
Calcium Carbonate,D-Cal Kids,HUMAN OTC DRUG,ORAL,calcium carbonate,d-cal kids
Oxymetazoline Hydrochloride,No Drip,HUMAN OTC DRUG,NASAL,oxymetazoline hydrochloride,no drip
"OCTINOXATE, ZINC OXIDE",LBEL CONCENTRE GLOBAL ANTI AGING SERUM CONCEALER SPF 15 EYES FACE CHAMPAGNE 170,HUMAN OTC DRUG,TOPICAL,octinoxate zinc oxide,lbel concentre global anti aging serum concealer spf 15 eyes face champagne 170
MERC SOL,MERC SOL,HUMAN OTC DRUG,ORAL,merc sol,merc sol
ketotifen fumarate,Eye Itch Relief,HUMAN OTC DRUG,OPHTHALMIC,ketotifen fumarate,eye itch relief
Voriconazole,Voriconazole,HUMAN PRESCRIPTION DRUG,ORAL,voriconazole,voriconazole
Metronidazole Topical,METRONIDAZOLE,HUMAN PRESCRIPTION DRUG,TOPICAL,metronidazole topical,metronidazole
Artemisia vulgaris,Common Mugwort,NON-STANDARDIZED ALLERGENIC,INTRADERMAL,artemisia vulgaris,common mugwort
Betula nigra,River Birch Pollen,NON-STANDARDIZED ALLERGENIC,INTRADERMAL,betula nigra,river birch pollen
Cyclosporine,Cyclosporine Modified,HUMAN PRESCRIPTION DRUG,ORAL,cyclosporine,cyclosporine modified
Solbar Thirty SPF30,Solbar Thirty SPF 30,HUMAN OTC DRUG,TOPICAL,solbar thirty spf30,solbar thirty spf 30
Acetaminophen,good sense childrens pain and fever,HUMAN OTC DRUG,ORAL,acetaminophen,good sense childrens pain and fever
Lidocaine,Lidocaine 5%,HUMAN OTC DRUG,RECTAL,lidocaine,lidocaine 5
Travoprost Intracameral,iDose TR,HUMAN PRESCRIPTION DRUG,INTRACAMERAL,travoprost intracameral,idose tr
Bisacodyl,Fleet,HUMAN OTC DRUG,RECTAL,bisacodyl,fleet
potassium nitrate and sodium fluoride,SENSODYNE PRONAMEL mineral BOOST refreshing peppermint,HUMAN OTC DRUG,ORAL,potassium nitrate and sodium fluoride,sensodyne pronamel mineral boost refreshing peppermint
ISOPROPYL ALCOHOL,Alcohol Prep Pad,HUMAN OTC DRUG,TOPICAL,isopropyl alcohol,alcohol prep pad
"MENTHOL, UNSPECIFIED FORM",TopCare Pain Relieving Roll-On Topical Analgesic,HUMAN OTC DRUG,TOPICAL,menthol unspecified form,topcare pain relieving roll-on topical analgesic
tetrahydrozoline HCl,TopCare Health Original Eye Drops,HUMAN OTC DRUG,OPHTHALMIC,tetrahydrozoline hcl,topcare health original eye drops
ASPIRIN,ASPIRIN 325 mg,HUMAN OTC DRUG,ORAL,aspirin,aspirin 325 mg
dextromethorphan polistirex,Cough DM,HUMAN OTC DRUG,ORAL,dextromethorphan polistirex,cough dm
Nasal,Saline,HUMAN OTC DRUG,NASAL,nasal,saline
Glycerin,Oasis TEARS PF PLUS Preservative-Free Lubricant Eye,HUMAN OTC DRUG,OPHTHALMIC,glycerin,oasis tears pf plus preservative-free lubricant eye
"Acetaminophen, Dextromethorphan HBr, Phenylephrine HCl",Daytime Severe Cold and Cough,HUMAN OTC DRUG,ORAL,acetaminophen dextromethorphan hbr phenylephrine hcl,daytime severe cold and cough
rocuronium bromide,rocuronium bromide,HUMAN PRESCRIPTION DRUG,INTRAVENOUS,rocuronium bromide,rocuronium bromide
"Dextromethorphan HBr, Guaifenesin",equaline tussin,HUMAN OTC DRUG,ORAL,dextromethorphan hbr guaifenesin,equaline tussin
Aspirin,Regular Strength Aspirin 325 mg,HUMAN OTC DRUG,ORAL,aspirin,regular strength aspirin 325 mg
Diphenhydramine HCl,After Bite Xtra,HUMAN OTC DRUG,TOPICAL,diphenhydramine hcl,after bite xtra
"Acetaldehyde, Alfalfa, Alpha-Ketoglutaricum Acidum, Alpha-Lipoicum Acidum, Ascorbyl Palmitate, Cobaltum Metallicum, Cysteinum, Dimethyl Glycine, Ferrum Metallicum, Fucus Vesiculosus, GABA (Gamma Aminobutyric Acid), Glutathione, Hordeum Vulgare, L-Methionine, Magnesium Fluoratum, Manganese Gluconate, Nasturtium Aquaticum, Oryza Sativa, Quercetin, Raphanus Sativus, Selenium Metallicum, Sodium Selenite, Triticum Aestivum, Ubidecarenonum, Vitamin E, Zinc Picolinate, Zincum Metallicum",Free Radical,HUMAN OTC DRUG,ORAL,acetaldehyde alfalfa alpha-ketoglutaricum acidum alpha-lipoicum acidum ascorbyl palmitate cobaltum metallicum cysteinum dimethyl glycine ferrum metallicum fucus vesiculosus gaba gamma aminobutyric acid glutathione hordeum vulgare l-methionine magnesium fluoratum manganese gluconate nasturtium aquaticum oryza sativa quercetin raphanus sativus selenium metallicum sodium selenite triticum aestivum ubidecarenonum vitamin e zinc picolinate zincum metallicum,free radical
"Triticum Aestivum, Alfalfa, Fucus Vesiculosus, Laminaria Digitata, Nasturtium Aquaticum, Oryza Sativa, Raphanus Sativus, Symphytum Officinale, Hordeum Vulgare, Asparagus Officinalis, Manganese Gluconate, Ferrum Phosphoricum, Arnica Montana, Cuprum Metallicum, Ubidecarenonum, Alpha-Ketoglutaricum Acidum, Glyoxal Trimer Dihydrate, Aluminum Metallicum, Antimonium Crudum, Argentum Metallicum, Arsenicum Album, Aurum Metallicum, Baryta Carbonica, Beryllium Metallicum, Bismuthum Metallicum, Boron, Bromium",Free Radical,HUMAN OTC DRUG,ORAL,triticum aestivum alfalfa fucus vesiculosus laminaria digitata nasturtium aquaticum oryza sativa raphanus sativus symphytum officinale hordeum vulgare asparagus officinalis manganese gluconate ferrum phosphoricum arnica montana cuprum metallicum ubidecarenonum alpha-ketoglutaricum acidum glyoxal trimer dihydrate aluminum metallicum antimonium crudum argentum metallicum arsenicum album aurum metallicum baryta carbonica beryllium metallicum bismuthum metallicum boron bromium,free radical
"sodium sulfate, potassium sulfate, magnesium sulfate","SODIUM SULFATE, POTASSIUM SULFATE, MAGNESIUM SULFATE",HUMAN PRESCRIPTION DRUG,ORAL,sodium sulfate potassium sulfate magnesium sulfate,sodium sulfate potassium sulfate magnesium sulfate
insulin aspart injection,Fiasp,HUMAN PRESCRIPTION DRUG,SUBCUTANEOUS,insulin aspart injection,fiasp
Azacitidine,Azacitidine,HUMAN PRESCRIPTION DRUG,INTRAVENOUS,azacitidine,azacitidine
"Zingiber Officinale, Ipecacuanha, Iris Versicolor, Lac Defloratum, Lacticum Acidum, Cyclamen Europaeum, Petroleum, Tabacum, Arsenicum Album, Bryonia (Alba), Cadmium Sulphuratum, Cocculus Indicus, Colchicum Autumnale, Conium Maculatum, Ferrum Metallicum, Nux Vomica, Pulsatilla (Pratensis), Sepia, Theridion, Euphorbia Corollata",Nausia,HUMAN OTC DRUG,ORAL,zingiber officinale ipecacuanha iris versicolor lac defloratum lacticum acidum cyclamen europaeum petroleum tabacum arsenicum album bryonia alba cadmium sulphuratum cocculus indicus colchicum autumnale conium maculatum ferrum metallicum nux vomica pulsatilla pratensis sepia theridion euphorbia corollata,nausia
ARISAEMA TRIPHYLLUM ROOT,Arum triphyllum,HUMAN OTC DRUG,ORAL,arisaema triphyllum root,arum triphyllum
Salicylic Acid,Vichy Laboratoires Normaderm Daily Deep Cleansing Acne Treatment,HUMAN OTC DRUG,TOPICAL,salicylic acid,vichy laboratoires normaderm daily deep cleansing acne treatment
"POLIOVIRUS TYPE 1 ANTIGEN (FORMALDEHYDE INACTIVATED), POLIOVIRUS TYPE 2 ANTIGEN (FORMALDEHYDE INACTIVATED), and POLIOVIRUS TYPE 3 ANTIGEN (FORMALDEHYDE INACTIVATED)",IPOL,VACCINE,INTRAMUSCULAR,poliovirus type 1 antigen formaldehyde inactivated poliovirus type 2 antigen formaldehyde inactivated and poliovirus type 3 antigen formaldehyde inactivated,ipol
ARNICA MONTANA ROOT,Arnica montana radix,HUMAN OTC DRUG,ORAL,arnica montana root,arnica montana radix
ARUM MACULATUM ROOT,Arum maculatum,HUMAN OTC DRUG,ORAL,arum maculatum root,arum maculatum
Shark Cartilage,Shark Cartilage Cord,HUMAN OTC DRUG,ORAL,shark cartilage,shark cartilage cord
"Solidago Virgaurea, Trifolium Pratense, Propolis, Hepar (Suis), Kidney (Suis), Lymph Node (Suis), Berberis Vulgaris, Bryonia (Alba), Ceanothus Americanus, Chelidonium Majus, Nux Vomica, Sarsaparilla (Smilax Regelii), Taraxacum Officinale",Drainpar,HUMAN OTC DRUG,ORAL,solidago virgaurea trifolium pratense propolis hepar suis kidney suis lymph node suis berberis vulgaris bryonia alba ceanothus americanus chelidonium majus nux vomica sarsaparilla smilax regelii taraxacum officinale,drainpar
Alcohol,Facilipro Protecting FHS,HUMAN OTC DRUG,TOPICAL,alcohol,facilipro protecting fhs
"Dextroamphetamine Saccharate, Amphetamine Aspartate, Dextroamphetamine Sulfate, Amphetamine Sulfate Tablets, 5 mg,Cll","Dextroamphetamine Saccharate, Amphetamine Aspartate, Dextroamphetamine Sulfate, Amphetamine Sulfate Tablets,CII",HUMAN PRESCRIPTION DRUG,ORAL,dextroamphetamine saccharate amphetamine aspartate dextroamphetamine sulfate amphetamine sulfate tablets 5 mgcll,dextroamphetamine saccharate amphetamine aspartate dextroamphetamine sulfate amphetamine sulfate tabletscii
stannous fluoride,Enamelon,HUMAN OTC DRUG,DENTAL,stannous fluoride,enamelon
Phytolacca e rad 6X,Phytolacca e rad 6X,HUMAN OTC DRUG,ORAL,phytolacca e rad 6x,phytolacca e rad 6x
Selenium Sulfide,Equate Medicated Dandruff Anti-Dandruff,HUMAN OTC DRUG,TOPICAL,selenium sulfide,equate medicated dandruff anti-dandruff
folic acid,FOLIC ACID,HUMAN PRESCRIPTION DRUG,ORAL,folic acid,folic acid
cyclosporine,RESTASIS,HUMAN PRESCRIPTION DRUG,OPHTHALMIC,cyclosporine,restasis
"OCTINOXATE, OXYBENZONE",Artistry Youth Xtend Lifting Smoothing Foundation Shade Sand L2W1,HUMAN OTC DRUG,TOPICAL,octinoxate oxybenzone,artistry youth xtend lifting smoothing foundation shade sand l2w1
Ibuprofen,Motrin IB Migraine,HUMAN OTC DRUG,ORAL,ibuprofen,motrin ib migraine
Levalbuterol Hydrochloride,Levalbuterol,HUMAN PRESCRIPTION DRUG,RESPIRATORY (INHALATION),levalbuterol hydrochloride,levalbuterol
DESLORATADINE,DESLORATADINE,HUMAN PRESCRIPTION DRUG,ORAL,desloratadine,desloratadine
Citalopram Hydrobromide,Citalopram,HUMAN PRESCRIPTION DRUG,ORAL,citalopram hydrobromide,citalopram
Cabergoline,Cabergoline,HUMAN PRESCRIPTION DRUG,ORAL,cabergoline,cabergoline
ALCOHOL,Genuine First Aid Hand Sanitizer Ethyl Alcohol,HUMAN OTC DRUG,TOPICAL,alcohol,genuine first aid hand sanitizer ethyl alcohol
Calcium Carbonate,Extra Strength Antacid,HUMAN OTC DRUG,ORAL,calcium carbonate,extra strength antacid
"benzalkonium chloride, lidocaine hydrochloride",Antibacterial Lidocaine Wound Gel,HUMAN OTC DRUG,TOPICAL,benzalkonium chloride lidocaine hydrochloride,antibacterial lidocaine wound gel
FEXOFENADINE HYDROCHLORIDE,CVS Fexofenadine Hydrochloride,HUMAN OTC DRUG,ORAL,fexofenadine hydrochloride,cvs fexofenadine hydrochloride
EUPHRASIA STRICTA,Euphrasia officinalis,HUMAN OTC DRUG,ORAL,euphrasia stricta,euphrasia officinalis
FERRUM PHOSPHORICUM,Ferrum phosphoricum,HUMAN OTC DRUG,ORAL,ferrum phosphoricum,ferrum phosphoricum
FRAXINUS AMERICANA BARK,Fraxinus americana,HUMAN PRESCRIPTION DRUG,ORAL,fraxinus americana bark,fraxinus americana
GLYCOPYRROLATE,GLYCOPYRROLATE,HUMAN PRESCRIPTION DRUG,INTRAMUSCULAR,glycopyrrolate,glycopyrrolate
Naftifine Hydrochloride,Naftifine Hydrochloride,HUMAN PRESCRIPTION DRUG,TOPICAL,naftifine hydrochloride,naftifine hydrochloride
Aluminum Sesquichlorohydrate,Carpe Antiperspirant Underarm Rose Water Scent,HUMAN OTC DRUG,TOPICAL,aluminum sesquichlorohydrate,carpe antiperspirant underarm rose water scent
"Homosalate, Octisalate, Octocrylene, Zinc Oxide",Cell Fusion C Laser UV Defense Sunscreen Broad Spectrum SPF 50,HUMAN OTC DRUG,TOPICAL,homosalate octisalate octocrylene zinc oxide,cell fusion c laser uv defense sunscreen broad spectrum spf 50
Eptifibatide,Eptifibatide,HUMAN PRESCRIPTION DRUG,INTRAVENOUS,eptifibatide,eptifibatide
acetaminophen and diphenhydramine hydrochloride,Tylenol PM Extra Strength,HUMAN OTC DRUG,ORAL,acetaminophen and diphenhydramine hydrochloride,tylenol pm extra strength
CETYLPYRIDINIUM CHLORIDE,Antiseptic Oral Rinse,HUMAN OTC DRUG,BUCCAL,cetylpyridinium chloride,antiseptic oral rinse
Acer Radix 6X,Acer Radix 6X,HUMAN OTC DRUG,ORAL,acer radix 6x,acer radix 6x
Sodium fluoride,Glowing White,HUMAN OTC DRUG,ORAL,sodium fluoride,glowing white
Benzalkonium Chloride,Dial refresh and renew Antibacterial Mountain Fresh,HUMAN OTC DRUG,TOPICAL,benzalkonium chloride,dial refresh and renew antibacterial mountain fresh
LIDOCAINE HYDROCHLORIDE,Hello Sugar,HUMAN OTC DRUG,TOPICAL,lidocaine hydrochloride,hello sugar
NICKEL,NICCOLUM METALLICUM,HUMAN OTC DRUG,ORAL,nickel,niccolum metallicum
alcohol,Smart Care Hand Sanitizer Coconut Breeze,HUMAN OTC DRUG,TOPICAL,alcohol,smart care hand sanitizer coconut breeze
STRYCHNOS NUX-VOMICA SEED,Nux vomica,HUMAN OTC DRUG,ORAL,strychnos nux-vomica seed,nux vomica
"dextromethorphan HBr, guaifenesin",Exchange Select Mucus DM,HUMAN OTC DRUG,ORAL,dextromethorphan hbr guaifenesin,exchange select mucus dm
Ibuprofen,Childrens Ibuprofen 572,HUMAN OTC DRUG,ORAL,ibuprofen,childrens ibuprofen 572
"Camphor, Menthol, and Methyl Salicylate",QIAN LI ZHUI FENG PAIN RELIEVING,HUMAN OTC DRUG,TOPICAL,camphor menthol and methyl salicylate,qian li zhui feng pain relieving
"Piperonyl butoxide, Pyrethrum extract",El Piojito Lice Killing,HUMAN OTC DRUG,TOPICAL,piperonyl butoxide pyrethrum extract,el piojito lice killing
Menthol,Dollar General Menthol Pain Relief Gel Rollon,HUMAN OTC DRUG,TOPICAL,menthol,dollar general menthol pain relief gel rollon
Alcohol,MANGO SORBET SCENTED HAND SANITIZER,HUMAN OTC DRUG,TOPICAL,alcohol,mango sorbet scented hand sanitizer
HYDROGEN PEROXIDE,Hydrogen Peroxide,HUMAN OTC DRUG,TOPICAL,hydrogen peroxide,hydrogen peroxide
1.1% Sodium Fluoride Toothpaste,Allday 5000,HUMAN PRESCRIPTION DRUG,TOPICAL,11 sodium fluoride toothpaste,allday 5000
WATER,T-27,HUMAN OTC DRUG,SUBLINGUAL,water,t-27
"Agaricus muscarius, Alumina, Anagallis arvensis, Antimonium tartaricum, Apis mellifica, Arsenicum album, Arsenicum iodatum, Bovista, Causticum, Dolichos pruriens, Fagopyrum esculentum, Graphites, Kali muriaticum, Muriaticum acidum, Oleander, Petroleum, Pix liquida, Radium bromatum (12X, 30X, 1LM), Rhus tox, Selenium metallicum, Sulphur and Urtica urens.",Skin Irritations and Itch Relief,HUMAN OTC DRUG,ORAL,agaricus muscarius alumina anagallis arvensis antimonium tartaricum apis mellifica arsenicum album arsenicum iodatum bovista causticum dolichos pruriens fagopyrum esculentum graphites kali muriaticum muriaticum acidum oleander petroleum pix liquida radium bromatum 12x 30x 1lm rhus tox selenium metallicum sulphur and urtica urens,skin irritations and itch relief
"PS-2261 Triple Antibiotic, 0.5g","PS-2261 Triple Antibiotic, 0.5g",HUMAN OTC DRUG,TOPICAL,ps-2261 triple antibiotic 05g,ps-2261 triple antibiotic 05g
OCTINOXATE,SHISEIDO FUTURE LX TOTAL RADIANCE FOUNDATION E Neutral 1,HUMAN OTC DRUG,TOPICAL,octinoxate,shiseido future lx total radiance foundation e neutral 1
OCTINOXATE and TITANIUM DIOXIDE,cle de peau BEAUTE RADIANT FLUID FOUNDATION NATURAL B50,HUMAN OTC DRUG,TOPICAL,octinoxate and titanium dioxide,cle de peau beaute radiant fluid foundation natural b50
Cetirizine Hydrochloride,Childrens Cetirizine Hydrochloride Allergy,HUMAN OTC DRUG,ORAL,cetirizine hydrochloride,childrens cetirizine hydrochloride allergy
"Arsenicum alb, Calc sulph, Carbo an, Carbo veg, Cinchona, Hydrastis, Nox vom, Ornithogalum, Pyrogenium, Silicea",DigestivEase,HUMAN OTC DRUG,ORAL,arsenicum alb calc sulph carbo an carbo veg cinchona hydrastis nox vom ornithogalum pyrogenium silicea,digestivease
Entecavir,Entecavir,HUMAN PRESCRIPTION DRUG,ORAL,entecavir,entecavir
"Diclofenac Sodium, Kinesiology tape",Clofenax,HUMAN PRESCRIPTION DRUG,,diclofenac sodium kinesiology tape,clofenax
TITANIUM DIOXIDE and ZINC OXIDE,DR ANDREW WEILS FOR ORIGINS MEGA-DEFENSE ADVANCED DAILY UV DEFENDER BROAD SPECTRUM SPF 45,HUMAN OTC DRUG,TOPICAL,titanium dioxide and zinc oxide,dr andrew weils for origins mega-defense advanced daily uv defender broad spectrum spf 45
insulin lispro,ADMELOG,HUMAN PRESCRIPTION DRUG,INTRAVENOUS,insulin lispro,admelog
ZINC SULFATE HEPTAHYDRATE,Zincum sulphuricum,HUMAN OTC DRUG,ORAL,zinc sulfate heptahydrate,zincum sulphuricum
Benzocaine,CVS Maximum Strength Boil Relief,HUMAN OTC DRUG,TOPICAL,benzocaine,cvs maximum strength boil relief
Doxycycline,Doxycycline Hyclate,HUMAN PRESCRIPTION DRUG,ORAL,doxycycline,doxycycline hyclate
ALCOHOL,Justice be Happy Citrus Scented Antibacterial Hand Sanitizer,HUMAN OTC DRUG,TOPICAL,alcohol,justice be happy citrus scented antibacterial hand sanitizer
Disulfiram,Disulfiram,HUMAN PRESCRIPTION DRUG,ORAL,disulfiram,disulfiram
sirolimus,sirolimus,HUMAN PRESCRIPTION DRUG,ORAL,sirolimus,sirolimus
PHASEOLUS VULGARIS,STRINGBEAN,NON-STANDARDIZED ALLERGENIC,PERCUTANEOUS,phaseolus vulgaris,stringbean
"acetaminophen, aspirin, and caffeine",GOODYS Extra Strength Headache Mixed Fruit Blast,HUMAN OTC DRUG,ORAL,acetaminophen aspirin and caffeine,goodys extra strength headache mixed fruit blast
Zinc oxide,ATTITUDE Sunly Tinted Mineral Sunscreen Face Stick Unscented SPF 30,HUMAN OTC DRUG,TOPICAL,zinc oxide,attitude sunly tinted mineral sunscreen face stick unscented spf 30
"OCTISALATE, TITANIUM DIOXIDE",Dior Forever Skin Wear Flawless Skin True Foundation SPF 20 3CR Cool Fosy,HUMAN OTC DRUG,TOPICAL,octisalate titanium dioxide,dior forever skin wear flawless skin true foundation spf 20 3cr cool fosy
"salicylic acid, titanium dioxide, and zinc oxide",Obagi Skintrinsiq Clarifiying Protocol,HUMAN OTC DRUG,,salicylic acid titanium dioxide and zinc oxide,obagi skintrinsiq clarifiying protocol
Amantadine Hydrochloride,Amantadine Hydrochloride,HUMAN PRESCRIPTION DRUG,ORAL,amantadine hydrochloride,amantadine hydrochloride
difluprednate ophthalmic,Difluprednate,HUMAN PRESCRIPTION DRUG,OPHTHALMIC,difluprednate ophthalmic,difluprednate
CARYA OVATA POLLEN,SHAGBARK HICKORY,NON-STANDARDIZED ALLERGENIC,SUBCUTANEOUS,carya ovata pollen,shagbark hickory
Alcohol,Anti Bacterial Hand Gel White Oak and Vanilla,HUMAN OTC DRUG,TOPICAL,alcohol,anti bacterial hand gel white oak and vanilla
LIDOCAINE,Sonacaine Topical Anesthetic With Menthol,HUMAN OTC DRUG,TOPICAL,lidocaine,sonacaine topical anesthetic with menthol
Nitrofurantoin (monohydrate/macrocrystals),Nitrofurantoin (monohydrate/macrocrystals),HUMAN PRESCRIPTION DRUG,ORAL,nitrofurantoin monohydratemacrocrystals,nitrofurantoin monohydratemacrocrystals
OXCARBAZEPINE,OXCARBAZEPINE,HUMAN PRESCRIPTION DRUG,ORAL,oxcarbazepine,oxcarbazepine
Cough Tonic,Cough Tonic 2995,HUMAN OTC DRUG,ORAL,cough tonic,cough tonic 2995
L-Tyrosine,L-Tyrosine 7427,HUMAN OTC DRUG,ORAL,l-tyrosine,l-tyrosine 7427
Shampoo,Classic Clean,HUMAN OTC DRUG,TOPICAL,shampoo,classic clean
"sodium phosphate, monobasic, monohydrate and sodium phosphate, dibasic, anhydrous",Sodium Phosphates,HUMAN PRESCRIPTION DRUG,INTRAVENOUS,sodium phosphate monobasic monohydrate and sodium phosphate dibasic anhydrous,sodium phosphates
"AVENA SATIVA, CHAMOMILLA, CHERRY PLUM, CLEMATIS VITALBA, COFFEA CRUDA, ENGLISH OAK, ESCHSCHOLTZIA CALIFORNICA, EUROPEAN HORNBEAM, FICUS CARICA, HUMULUS LUPULUS, IGNATIA AMARA, IMPATIENS GLANDULIFERA, KALI PHOSPHORICUM, KALI SILICATUM, MELISSA OFFICINALIS, PASSIFLORA INCARNATA, PHOSPHORICUM ACIDUM, PYRENEES STAR OF BETHLEHEM, ROCKROSE, SUS SCROFA PARASYMPATHETIC NERVE, PINEAL GLAND, SYMPATHETIC NERVE, VALERIANA OFFICINALIS, VERBENA OFFICINALIS, ZINCUM VALERIANICUM",B06 Stress Resistance,HUMAN OTC DRUG,SUBLINGUAL,avena sativa chamomilla cherry plum clematis vitalba coffea cruda english oak eschscholtzia californica european hornbeam ficus carica humulus lupulus ignatia amara impatiens glandulifera kali phosphoricum kali silicatum melissa officinalis passiflora incarnata phosphoricum acidum pyrenees star of bethlehem rockrose sus scrofa parasympathetic nerve pineal gland sympathetic nerve valeriana officinalis verbena officinalis zincum valerianicum,b06 stress resistance
Broad Spectrum SPF 15 Sunscreen Tropical Smoothie Lip Balm,Broad Spectrum SPF 15 Sunscreen Tropical Smoothie Lip Balm,HUMAN OTC DRUG,TOPICAL,broad spectrum spf 15 sunscreen tropical smoothie lip balm,broad spectrum spf 15 sunscreen tropical smoothie lip balm
"Lidocaine, Phenylephrine Hcl",Hemorrhoid Master,HUMAN OTC DRUG,TOPICAL,lidocaine phenylephrine hcl,hemorrhoid master
ASPIRIN,Aspirin 81 mg,HUMAN OTC DRUG,ORAL,aspirin,aspirin 81 mg
"Piperonyl butoxide, Pyrethrum extract",Best Choice Lice Killing,HUMAN OTC DRUG,TOPICAL,piperonyl butoxide pyrethrum extract,best choice lice killing
Benralizumab,FASENRA,HUMAN PRESCRIPTION DRUG,SUBCUTANEOUS,benralizumab,fasenra
ursodiol,URSODIOL,HUMAN PRESCRIPTION DRUG,ORAL,ursodiol,ursodiol
ALUMINUM SESQUICHLOROHYDRATE,Almay Antiperspirant Clear Gel Fragrance Free,HUMAN OTC DRUG,TOPICAL,aluminum sesquichlorohydrate,almay antiperspirant clear gel fragrance free
Degree Motionsense Mango Jasmine Antiperspirant Deodorant,Degree,HUMAN OTC DRUG,TOPICAL,degree motionsense mango jasmine antiperspirant deodorant,degree
Advanced Care Cucumber and Cactus Water 72h Antiperspirant Deodorant,Dove,HUMAN OTC DRUG,TOPICAL,advanced care cucumber and cactus water 72h antiperspirant deodorant,dove
Men plus Care Ultimate Hemp Scent 48H Antiperspirant,Dove,HUMAN OTC DRUG,TOPICAL,men plus care ultimate hemp scent 48h antiperspirant,dove
Standardized Cat Hair,Standardized Cat Hair,STANDARDIZED ALLERGENIC,PERCUTANEOUS,standardized cat hair,standardized cat hair
"Daytime Acetaminophen, Dextromethorphan HBr, Guaifenesin, Phenylephrine HCI, NightTime Acetaminophen, Diphenhydramine HCI, Phenylephrine HCI",DayTime Mucus Relief Severe Cold and Nighttime Cold and Flu Maximum Strength,HUMAN OTC DRUG,,daytime acetaminophen dextromethorphan hbr guaifenesin phenylephrine hci nighttime acetaminophen diphenhydramine hci phenylephrine hci,daytime mucus relief severe cold and nighttime cold and flu maximum strength
Cetirizine HCl,Wal-Zyr,HUMAN OTC DRUG,ORAL,cetirizine hcl,wal-zyr
BARYTA CARBONICA,Baryta Carbonica,HUMAN OTC DRUG,ORAL,baryta carbonica,baryta carbonica
"Calc carb, Hyoscyamus niger, Moschus, Plumb met, Stramonium, Sulphur, Thymus gland",Emvita 14,HUMAN OTC DRUG,ORAL,calc carb hyoscyamus niger moschus plumb met stramonium sulphur thymus gland,emvita 14
"Diphenhydramine HCl caplet, 25mg","Sleep-Aid, Lil Drug Store",HUMAN OTC DRUG,ORAL,diphenhydramine hcl caplet 25mg,sleep-aid lil drug store
Erythromycin Lactobionate,Erythromycin Lactobionate,HUMAN PRESCRIPTION DRUG,INTRAVENOUS,erythromycin lactobionate,erythromycin lactobionate
Chlorhexidine Gluconate,CleanCare Chlorhexidine Gluconate 0.12% Oral Rinse,HUMAN PRESCRIPTION DRUG,DENTAL,chlorhexidine gluconate,cleancare chlorhexidine gluconate 012 oral rinse
Diphenhydramine Hydrochloride,Berkley and Jensen Allergy Relief,HUMAN OTC DRUG,ORAL,diphenhydramine hydrochloride,berkley and jensen allergy relief
norethindrone acetate and ethinyl estradiol and ferrous fumarate,norethindrone acetate and ethinyl estradiol and ferrous fumarate,HUMAN PRESCRIPTION DRUG,,norethindrone acetate and ethinyl estradiol and ferrous fumarate,norethindrone acetate and ethinyl estradiol and ferrous fumarate
"ACONITUM NAPELLUS, BRYONIA ALBA ROOT, CALCIUM CATION, SPONGIA OFFICINALIS SKELETON, ROASTED, TIN",Cough and Bronchial Daytime Syrup,HUMAN OTC DRUG,ORAL,aconitum napellus bryonia alba root calcium cation spongia officinalis skeleton roasted tin,cough and bronchial daytime syrup
ZINC OXIDE,VERSED MULTI SERUM SKIN TINT SPF 40 DEEP WRM,HUMAN OTC DRUG,TOPICAL,zinc oxide,versed multi serum skin tint spf 40 deep wrm
"Avobenzone, Homosalate, Octisalate, Octocrylene",Dr Lift SPF 50 Clear Stick,HUMAN OTC DRUG,TOPICAL,avobenzone homosalate octisalate octocrylene,dr lift spf 50 clear stick
Nystatin,Nystatin,HUMAN PRESCRIPTION DRUG,TOPICAL,nystatin,nystatin
Clopidogrel,Clopidogrel,HUMAN PRESCRIPTION DRUG,ORAL,clopidogrel,clopidogrel
Dexmedetomidine Hydrochloride,Dexmedetomidine Hydrochloride in Sodium Chloride,HUMAN PRESCRIPTION DRUG,INTRAVENOUS,dexmedetomidine hydrochloride,dexmedetomidine hydrochloride in sodium chloride
Tolnaftate 1%,Tolnaftate,HUMAN OTC DRUG,TOPICAL,tolnaftate 1,tolnaftate
Sodium Fluoride,Crest 3D White Advanced Express White,HUMAN OTC DRUG,DENTAL,sodium fluoride,crest 3d white advanced express white
"IBUPROFEN, DIPHENHYDRAMINE HCL","IBUPROFEN, DIPHENHYDRAMINE HCL",HUMAN OTC DRUG,ORAL,ibuprofen diphenhydramine hcl,ibuprofen diphenhydramine hcl
Tolcapone,Tolcapone,HUMAN PRESCRIPTION DRUG,ORAL,tolcapone,tolcapone
Duloxetine,Duloxetine,HUMAN PRESCRIPTION DRUG,ORAL,duloxetine,duloxetine
"Lanolin 15.5%, Petrolatum 53.4%",First Aid A and D,HUMAN OTC DRUG,TOPICAL,lanolin 155 petrolatum 534,first aid a and d
Lotion,Daily Moisturizer,HUMAN OTC DRUG,TOPICAL,lotion,daily moisturizer
BISMUTH SUBSALICYLATE,"Stomach Relief, Ultra Strength",HUMAN OTC DRUG,ORAL,bismuth subsalicylate,stomach relief ultra strength
"Polyethylene Glycol 400, and Propylene Glycol",Walgreens Ultra Lubricant,HUMAN OTC DRUG,OPHTHALMIC,polyethylene glycol 400 and propylene glycol,walgreens ultra lubricant
Prasugrel,Prasugrel,HUMAN PRESCRIPTION DRUG,ORAL,prasugrel,prasugrel
Chlordiazepoxide Hydrochloride,Chlordiazepoxide Hydrochloride,HUMAN PRESCRIPTION DRUG,ORAL,chlordiazepoxide hydrochloride,chlordiazepoxide hydrochloride
Menthol,NICE Menthol Cough Drops,HUMAN OTC DRUG,ORAL,menthol,nice menthol cough drops
"Acetaminophen, Caffeine",Migrafein FORTE,HUMAN OTC DRUG,ORAL,acetaminophen caffeine,migrafein forte
Calcium antacid,Extra Strength Smooth Antacid Assorted Fruit,HUMAN OTC DRUG,ORAL,calcium antacid,extra strength smooth antacid assorted fruit
Dimethicone,Aveeno Baby Daily Care Set,HUMAN OTC DRUG,,dimethicone,aveeno baby daily care set
"Avobenzone, Homosalate, Octisalate, and Octocrylene",Neutrogena Hydro Boost Hyaluronic Acid Moisturizer Broad Spectrum SPF 50,HUMAN OTC DRUG,TOPICAL,avobenzone homosalate octisalate and octocrylene,neutrogena hydro boost hyaluronic acid moisturizer broad spectrum spf 50
Nicotine Polacrilex,Nicotine Polacrilex Coated Mint,HUMAN OTC DRUG,BUCCAL,nicotine polacrilex,nicotine polacrilex coated mint
"Camphor (synthetic), Eucalyptus oil, and Menthol",HealthWise Medicated Chest Rub,HUMAN OTC DRUG,TOPICAL,camphor synthetic eucalyptus oil and menthol,healthwise medicated chest rub
Naproxen Sodium and Pseudoephedrine Hydrochloride,NAPROXEN SODIUM AND PSEUDOEPHEDRINE HYDROCHLORIDE COLD AND SINUS,HUMAN OTC DRUG,ORAL,naproxen sodium and pseudoephedrine hydrochloride,naproxen sodium and pseudoephedrine hydrochloride cold and sinus
Valsartan,Valsartan,HUMAN PRESCRIPTION DRUG,ORAL,valsartan,valsartan
selpercatinib,RETEVMO,HUMAN PRESCRIPTION DRUG,ORAL,selpercatinib,retevmo
Bupropion hydrochloride,Bupropion hydrochloride,HUMAN PRESCRIPTION DRUG,ORAL,bupropion hydrochloride,bupropion hydrochloride
"ACETAMINOPHEN, GUAIFENESIN, and PHENYLEPHRINE HYDROCHLORIDE",Sinus Severe,HUMAN OTC DRUG,ORAL,acetaminophen guaifenesin and phenylephrine hydrochloride,sinus severe
Diphenhydramine Hydrochloride,foster and thrive childrens allergy relief,HUMAN OTC DRUG,ORAL,diphenhydramine hydrochloride,foster and thrive childrens allergy relief
FLUOCINONIDE,FLUOCINONIDE,HUMAN PRESCRIPTION DRUG,TOPICAL,fluocinonide,fluocinonide
Methotrexate,Methotrexate,HUMAN PRESCRIPTION DRUG,ORAL,methotrexate,methotrexate
patisiran,Onpattro,HUMAN PRESCRIPTION DRUG,INTRAVENOUS,patisiran,onpattro
Acetaminophen 80 mg,FirstCare Childrens Pain Fever Acetaminophen,HUMAN OTC DRUG,ORAL,acetaminophen 80 mg,firstcare childrens pain fever acetaminophen
zolpidem tartrate,Zolpidem Tartrate,HUMAN PRESCRIPTION DRUG,ORAL,zolpidem tartrate,zolpidem tartrate
temazepam,RESTORIL,HUMAN PRESCRIPTION DRUG,ORAL,temazepam,restoril
Atenolol,Atenolol,HUMAN PRESCRIPTION DRUG,ORAL,atenolol,atenolol
Oxycodone Hydrochloride,Oxycodone Hydrochloride,HUMAN PRESCRIPTION DRUG,ORAL,oxycodone hydrochloride,oxycodone hydrochloride
ALLOPURINOL,ALLOPURINOL,HUMAN PRESCRIPTION DRUG,ORAL,allopurinol,allopurinol
Menthol,Deep Blue Mini,HUMAN OTC DRUG,TOPICAL,menthol,deep blue mini
metoprolol tartrate,Metoprolol,HUMAN PRESCRIPTION DRUG,INTRAVENOUS,metoprolol tartrate,metoprolol
"DROSERA, ARNICA MONTANA, BRYONIA, IPECACUANHA, CETRARIA ISLANDICA, COCCUS CACTI, CORALLIUM RUBRUM, STANNUM METALLICUM",Kids Relief,HUMAN OTC DRUG,ORAL,drosera arnica montana bryonia ipecacuanha cetraria islandica coccus cacti corallium rubrum stannum metallicum,kids relief
Meclizine Hydrochloride,MECLIZINE HYDROCHLORIDE,HUMAN PRESCRIPTION DRUG,ORAL,meclizine hydrochloride,meclizine hydrochloride
Sotalol Hydrochloride,Sotalol Hydrochloride,HUMAN PRESCRIPTION DRUG,ORAL,sotalol hydrochloride,sotalol hydrochloride
Lubiprostone,Lubiprostone,HUMAN PRESCRIPTION DRUG,ORAL,lubiprostone,lubiprostone
Lurasidone HCL,Lurasidone HCL,HUMAN PRESCRIPTION DRUG,ORAL,lurasidone hcl,lurasidone hcl
"CAMPHOR (NATURAL) and MENTHOL, UNSPECIFIED FORM",Menthol Camphor Cough Suppressant Topical Analgesic Rub,HUMAN OTC DRUG,TOPICAL,camphor natural and menthol unspecified form,menthol camphor cough suppressant topical analgesic rub
"ACETAMINOPHEN, DEXTROMETHORPHAN HYDROBROMIDE, GUAIFENESIN, and PHENYLEPHRINE HYDROCHLORIDE",COLD FLU AND SORE THROAT,HUMAN OTC DRUG,ORAL,acetaminophen dextromethorphan hydrobromide guaifenesin and phenylephrine hydrochloride,cold flu and sore throat
tizanidine hydrochloride,Zanaflex,HUMAN PRESCRIPTION DRUG,ORAL,tizanidine hydrochloride,zanaflex
Menthol,Natures Willow Balm,HUMAN OTC DRUG,TOPICAL,menthol,natures willow balm
Chlorhexidine Gluconate Oral Rinse,Chlorhexidine Gluconate Oral Rinse,HUMAN PRESCRIPTION DRUG,DENTAL,chlorhexidine gluconate oral rinse,chlorhexidine gluconate oral rinse
Metronidazole,Metronidazole,HUMAN PRESCRIPTION DRUG,ORAL,metronidazole,metronidazole
"Acetaminophen, Dextromethorphan Hydrobromide",Mucinex Rapid Clear Pain Headache and Cough,HUMAN OTC DRUG,ORAL,acetaminophen dextromethorphan hydrobromide,mucinex rapid clear pain headache and cough
iShanCare Vaginal Antibacterial Gel,iShanCare Vaginal Antibacterial Gel,HUMAN OTC DRUG,TOPICAL,ishancare vaginal antibacterial gel,ishancare vaginal antibacterial gel
ETHYL ALCOHOL,PFA,HUMAN OTC DRUG,TOPICAL,ethyl alcohol,pfa
white petrolatum,ChapStick Supreme Classic Cherry,HUMAN OTC DRUG,TOPICAL,white petrolatum,chapstick supreme classic cherry
Alcohol antiseptic,STRAWBERRY SHORTCAKE SANITIZER STRAWBERRY ICING,HUMAN OTC DRUG,TOPICAL,alcohol antiseptic,strawberry shortcake sanitizer strawberry icing
diphenhydramine citrate and ibuprofen,ADVIL PM,HUMAN OTC DRUG,ORAL,diphenhydramine citrate and ibuprofen,advil pm
DOCUSATE SODIUM,Topcare Stool Softener,HUMAN OTC DRUG,ORAL,docusate sodium,topcare stool softener
bexarotene,bexarotene,HUMAN PRESCRIPTION DRUG,ORAL,bexarotene,bexarotene
"Acetaminophen, Dextromethorphan HBr, Phenylephrine HCl, Diphenhydramine HCl",Theraflu Severe Cold Relief Daytime and Theraflu Severe Cold Relief Nighttime,HUMAN OTC DRUG,,acetaminophen dextromethorphan hbr phenylephrine hcl diphenhydramine hcl,theraflu severe cold relief daytime and theraflu severe cold relief nighttime
ZINC OXIDE,elf Sun Boss Gloss SPF 25 Sunscreen Peachy Kween,HUMAN OTC DRUG,TOPICAL,zinc oxide,elf sun boss gloss spf 25 sunscreen peachy kween
methylphenidate hydrochloride,methylphenidate hydrochloride,HUMAN PRESCRIPTION DRUG,ORAL,methylphenidate hydrochloride,methylphenidate hydrochloride
follitropin,Follistim AQ,HUMAN PRESCRIPTION DRUG,SUBCUTANEOUS,follitropin,follistim aq
Mineral Sunscreen,Babo SPF 30 Clear Zinc Fragrance Free Sport,HUMAN OTC DRUG,TOPICAL,mineral sunscreen,babo spf 30 clear zinc fragrance free sport
Benzalkonium Chloride,Meijer,HUMAN OTC DRUG,TOPICAL,benzalkonium chloride,meijer
Lidocaine,Burn Relief,HUMAN OTC DRUG,TOPICAL,lidocaine,burn relief
Zinc Oxide,Daybird Tinted Skincare (SHADE 2),HUMAN OTC DRUG,TOPICAL,zinc oxide,daybird tinted skincare shade 2
Titanium Dioxide,toty Ilumina CC Creamy Compact 2C,HUMAN OTC DRUG,TOPICAL,titanium dioxide,toty ilumina cc creamy compact 2c
Salicylic acid,Acne Control Cleanser,HUMAN OTC DRUG,TOPICAL,salicylic acid,acne control cleanser
Kidney Function Repair,Nephricare,HUMAN OTC DRUG,ORAL,kidney function repair,nephricare
"Avobenzone, Homosalate, Octisalate, and Octocrylene",Vacation Lip Trips Desserts Strawberry Jello,HUMAN OTC DRUG,TOPICAL,avobenzone homosalate octisalate and octocrylene,vacation lip trips desserts strawberry jello
Respiratory Syncytial Virus Vaccine,mRESVIA,VACCINE,INTRAMUSCULAR,respiratory syncytial virus vaccine,mresvia
ZINC OXIDE,SPF 30 Daily Sunscreen,HUMAN OTC DRUG,TOPICAL,zinc oxide,spf 30 daily sunscreen
Zinc Oxide,SunnyDays Broad Spectrum SPF 30 Tinted Sunscreen 30 PCH,HUMAN OTC DRUG,TOPICAL,zinc oxide,sunnydays broad spectrum spf 30 tinted sunscreen 30 pch
Zinc Oxide,Bloomeffects Tulipscreen Hydrating Lip Oil Tulipy Pink,HUMAN OTC DRUG,TOPICAL,zinc oxide,bloomeffects tulipscreen hydrating lip oil tulipy pink
Skin Protectant Balm,Prequel Skin Utility Balm Multi-Purpose Skin Protectant,HUMAN OTC DRUG,TOPICAL,skin protectant balm,prequel skin utility balm multi-purpose skin protectant
METOPROLOL,METOPROLOL TARTRATE,HUMAN PRESCRIPTION DRUG,ORAL,metoprolol,metoprolol tartrate
Dalteparin Sodium,Fragmin,HUMAN PRESCRIPTION DRUG,SUBCUTANEOUS,dalteparin sodium,fragmin
Syphilinum,Bestmade Natural Products Syphilinum,HUMAN OTC DRUG,ORAL,syphilinum,bestmade natural products syphilinum
Peach Iced Tea Flavor Sodium Fluoride Anticavity Toothpaste,Hismile,HUMAN OTC DRUG,DENTAL,peach iced tea flavor sodium fluoride anticavity toothpaste,hismile
"Lycopodium Clavatum, Pancreas Suis, DNA, Insulinum (Human), Phosphoricum Acidum, Radium Bromatum, Uranium Nitricum",DNA Pancreas Formula,HUMAN OTC DRUG,ORAL,lycopodium clavatum pancreas suis dna insulinum human phosphoricum acidum radium bromatum uranium nitricum,dna pancreas formula
Desmopressin Acetate,Desmopressin Acetate,HUMAN PRESCRIPTION DRUG,INTRAVENOUS,desmopressin acetate,desmopressin acetate
Metoprolol Tartrate Injection,METOPROLOL,HUMAN PRESCRIPTION DRUG,INTRAVENOUS,metoprolol tartrate injection,metoprolol
Acetaminophen Dextromethorphan HBr Doxylamine Succinate,Nighttime Cold and Flu Relief,HUMAN OTC DRUG,ORAL,acetaminophen dextromethorphan hbr doxylamine succinate,nighttime cold and flu relief
Antiperspirant Stick,Suave Invisible Solid Antiperspirant Deodorant Coconut Kiss,HUMAN OTC DRUG,TOPICAL,antiperspirant stick,suave invisible solid antiperspirant deodorant coconut kiss
salmon colored sunscreen,salmon colored sunscreen,HUMAN OTC DRUG,CUTANEOUS,salmon colored sunscreen,salmon colored sunscreen
Desensitizing Lubricant,STA-HARD,HUMAN OTC DRUG,TOPICAL,desensitizing lubricant,sta-hard
Benzethonium Chloride,Eco Bandage HIBISCUS,HUMAN OTC DRUG,TOPICAL,benzethonium chloride,eco bandage hibiscus
ZINC OXIDE,Dolce and Gabbana Blueberry Nutri Tint SPF 20 17W Medium,HUMAN OTC DRUG,TOPICAL,zinc oxide,dolce and gabbana blueberry nutri tint spf 20 17w medium
Aluminum Zirconium Tetrachlorohydrex Gly,Old Spice Harbor,HUMAN OTC DRUG,TOPICAL,aluminum zirconium tetrachlorohydrex gly,old spice harbor
"Acetaminophen, Dextromethorphan HBr",Vicks DayQuil and Vicks NyQuil INTENSE FLU,HUMAN OTC DRUG,ORAL,acetaminophen dextromethorphan hbr,vicks dayquil and vicks nyquil intense flu
SODIUM BICARBONATE,DR. SANA BICARBONATO DE SODIO 4 Fl oz and 6 Floz,HUMAN OTC DRUG,ORAL,sodium bicarbonate,dr sana bicarbonato de sodio 4 fl oz and 6 floz
Minoxidil,5%Minoxidil Hair Growth Serum,HUMAN OTC DRUG,TOPICAL,minoxidil,5minoxidil hair growth serum
"NIACINAMIDE,SALICYLIC ACID,CENTELLA ASIATICA ROOT,COPTIS CHINENSIS ROOT",456 Acne Relief Cream,HUMAN OTC DRUG,TOPICAL,niacinamidesalicylic acidcentella asiatica rootcoptis chinensis root,456 acne relief cream
MENTHOL,Real Time Pain Relief Foot,HUMAN OTC DRUG,TOPICAL,menthol,real time pain relief foot
Beauty Body Factorie Body Shield SPF,Beauty Body Factorie Body Shield SPF,HUMAN OTC DRUG,TOPICAL,beauty body factorie body shield spf,beauty body factorie body shield spf
GLYCERIN,Nail- Pflaster,HUMAN OTC DRUG,TOPICAL,glycerin,nail- pflaster
"Titanium Dioxide, Zinc Oxide",Mineral Primer tinted SPF40,HUMAN OTC DRUG,TOPICAL,titanium dioxide zinc oxide,mineral primer tinted spf40
Salicylic Acid 3%,RoyceDerm Seborrheic Dermatitis and Psoriasis Treatment cream,HUMAN OTC DRUG,TOPICAL,salicylic acid 3,roycederm seborrheic dermatitis and psoriasis treatment cream
Anti-Dandruff Shampoo,Listarfe Anti-Dandruff Shampoo.,HUMAN OTC DRUG,TOPICAL,anti-dandruff shampoo,listarfe anti-dandruff shampoo
Salicylic acid 17% WART REMOVER,Dhizhayo WART REMOVER,HUMAN OTC DRUG,TOPICAL,salicylic acid 17 wart remover,dhizhayo wart remover
Deflazacort,Deflazacort,HUMAN PRESCRIPTION DRUG,ORAL,deflazacort,deflazacort
"Titanium Dioxide, Zinc Oxide",Silk Screen Tinted,HUMAN OTC DRUG,TOPICAL,titanium dioxide zinc oxide,silk screen tinted
Oseltamivir Phosphate,Oseltamivir Phosphate,HUMAN PRESCRIPTION DRUG,ORAL,oseltamivir phosphate,oseltamivir phosphate
Simethicone 180 MG,Simethicone 180 MG,HUMAN OTC DRUG,ORAL,simethicone 180 mg,simethicone 180 mg
"Arnica Mont, Crocus Sat., Hamamelis, Millefolium, Sanguinaria, Secale Corn, Trillium Pend",BM BM27,HUMAN OTC DRUG,ORAL,arnica mont crocus sat hamamelis millefolium sanguinaria secale corn trillium pend,bm bm27
Clotrimazole,Kerova ANTIFUNGAL,HUMAN OTC DRUG,TOPICAL,clotrimazole,kerova antifungal
Octocrylene 4.00% Avobenzone 2.00%,Hampton Sun SPF 4,HUMAN OTC DRUG,TOPICAL,octocrylene 400 avobenzone 200,hampton sun spf 4
afamitresgene autoleucel,TECELRA,CELLULAR THERAPY,INTRAVENOUS,afamitresgene autoleucel,tecelra
Antifungal Medicated Bar,Tuymec Antifungal Medicated Bar,HUMAN OTC DRUG,TOPICAL,antifungal medicated bar,tuymec antifungal medicated bar
BACITRACIN ZINC,FifthPulse Bacitracin Zinc,HUMAN OTC DRUG,TOPICAL,bacitracin zinc,fifthpulse bacitracin zinc
Salicylic Acid,TOTCLEAR Wart and Spot Eraser,HUMAN OTC DRUG,TOPICAL,salicylic acid,totclear wart and spot eraser
Noscapine,,BULK INGREDIENT,,noscapine,
Insulin lispro,,DRUG FOR FURTHER PROCESSING,,insulin lispro,
Tadalafil,,DRUG FOR FURTHER PROCESSING,,tadalafil,
"Camphor, Menthol",HERSTAT GST Genital Sore Treatment,HUMAN OTC DRUG,TOPICAL,camphor menthol,herstat gst genital sore treatment
Hydromorphone Hydrochloride,,BULK INGREDIENT,,hydromorphone hydrochloride,
Enclomiphene Citrate,,BULK INGREDIENT,,enclomiphene citrate,
Ethosuximide,,DRUG FOR FURTHER PROCESSING,,ethosuximide,
Apalutamide,,DRUG FOR FURTHER PROCESSING,,apalutamide,
ciprofloxacin hydrochloride,,DRUG FOR FURTHER PROCESSING,,ciprofloxacin hydrochloride,
Telmisartan,,DRUG FOR FURTHER PROCESSING,,telmisartan,
Labetalol Hydrochloride,,BULK INGREDIENT,,labetalol hydrochloride,
Sitagliptin Phosphate,,BULK INGREDIENT,,sitagliptin phosphate,
"Piperonyl Butoxide, Pyrethrum Extract",Major Lice Killing,HUMAN OTC DRUG,TOPICAL,piperonyl butoxide pyrethrum extract,major lice killing
Hydrogen Peroxide,,BULK INGREDIENT,,hydrogen peroxide,
Ethacrynic Acid,,BULK INGREDIENT,,ethacrynic acid,
Magnesium Sulfate Heptahydrate,,BULK INGREDIENT,,magnesium sulfate heptahydrate,
Fluoxetine Hydrochloride,,BULK INGREDIENT,,fluoxetine hydrochloride,
Zonisamide,,BULK INGREDIENT,,zonisamide,
Oxytocin,,BULK INGREDIENT,,oxytocin,
Cetylpyridinium Chloride Monohydrate,,BULK INGREDIENT,,cetylpyridinium chloride monohydrate,
ELOBIXIBAT HYDRATE,,BULK INGREDIENT,,elobixibat hydrate,
"Human Herpesvirus 6A, 6B",,DRUG FOR FURTHER PROCESSING,,human herpesvirus 6a 6b,
"Adeps Suillus, Bryonia (Alba), Calcarea Phosphorica, Cholinum, DNA, Dopamine (Hydrochloride), Ferrum Phosphoricum, Folic Acid, Insulinum, Leptin, Magnesia Muriatica, L-Methionine, Methylcobalamin, Proteus (Vulgaris), Rhus Tox, Riboflavinum, Ruta Graveolens, Saccharum Officinale, Thiosinaminum, Zincum Metallicum",,DRUG FOR FURTHER PROCESSING,,adeps suillus bryonia alba calcarea phosphorica cholinum dna dopamine hydrochloride ferrum phosphoricum folic acid insulinum leptin magnesia muriatica l-methionine methylcobalamin proteus vulgaris rhus tox riboflavinum ruta graveolens saccharum officinale thiosinaminum zincum metallicum,
Pyridostigmine Bromide,,BULK INGREDIENT,,pyridostigmine bromide,
FLUMETHASONE,,BULK INGREDIENT,,flumethasone,
Cevimeline Hydrochloride,,DRUG FOR FURTHER PROCESSING,,cevimeline hydrochloride,
Metoprolol Succinate,,DRUG FOR FURTHER PROCESSING,,metoprolol succinate,
TRIMETHOPRIM,,BULK INGREDIENT,,trimethoprim,
Flucytosine,,BULK INGREDIENT,,flucytosine,
"ATROPA BELLADONNA,ECHINACEA, UNSPECIFIED,ARNICA MONTANA ROOT,ACONITUM NAPELLUS,BELLIS PERENNIS,CALENDULA OFFICINALIS FLOWERING TOP,CALCIUM SULFIDE,HYPERICUM PERFORATUM,COMFREY ROOT,MATRICARIA RECUTITA,HAMAMELIS VIRGINIANA LEAF,ECHINACEA PURPUREA,MERCURIUS SOLUBILIS,ACHILLEA MILLEFOLIUM",,DRUG FOR FURTHER PROCESSING,,atropa belladonnaechinacea unspecifiedarnica montana rootaconitum napellusbellis perenniscalendula officinalis flowering topcalcium sulfidehypericum perforatumcomfrey rootmatricaria recutitahamamelis virginiana leafechinacea purpureamercurius solubilisachillea millefolium,
Naltrexone Hydrochloride Dihydrate,,BULK INGREDIENT,,naltrexone hydrochloride dihydrate,
26% HM30181 based solid dispersion,,DRUG FOR FURTHER PROCESSING,,26 hm30181 based solid dispersion,
Polymyxin B Sulphate,,BULK INGREDIENT,,polymyxin b sulphate,
Hydrocortisone,Herb Street Anti-Itch Stick,HUMAN OTC DRUG,TOPICAL,hydrocortisone,herb street anti-itch stick
clevipidine,Cleviprex,HUMAN PRESCRIPTION DRUG,INTRAVENOUS,clevipidine,cleviprex
PREGABALIN,,DRUG FOR FURTHER PROCESSING,,pregabalin,
"sarolaner, moxidectin, and pyrantel",,DRUG FOR FURTHER PROCESSING,,sarolaner moxidectin and pyrantel,
Ivermectin,,BULK INGREDIENT,,ivermectin,
empagliflozin and metformin hydrochloride,,DRUG FOR FURTHER PROCESSING,,empagliflozin and metformin hydrochloride,
loteprednol etabonate,,DRUG FOR FURTHER PROCESSING,,loteprednol etabonate,
Brucella Melitensis,,DRUG FOR FURTHER PROCESSING,,brucella melitensis,
Telaprevir,,BULK INGREDIENT,,telaprevir,
sodium phenylbutyrate and ursodoxicoltaurine,,DRUG FOR FURTHER PROCESSING,,sodium phenylbutyrate and ursodoxicoltaurine,
Sevoflurane,,BULK INGREDIENT,,sevoflurane,
PANTOPRAZOLE SODIUM,,BULK INGREDIENT,,pantoprazole sodium,
indocyanine green,,DRUG FOR FURTHER PROCESSING,,indocyanine green,
ESMOLOL HYDROCHLORIDE,,BULK INGREDIENT,,esmolol hydrochloride,
Linaclotide,,BULK INGREDIENT,,linaclotide,
Gabapentin,,BULK INGREDIENT,,gabapentin,
Tiotropium Bromide Monohydrate,,BULK INGREDIENT,,tiotropium bromide monohydrate,
Cinacalcet Hydrochloride,,BULK INGREDIENT,,cinacalcet hydrochloride,
isotretinoin,Absorica LD,HUMAN PRESCRIPTION DRUG,ORAL,isotretinoin,absorica ld
METHYLPREDNISOLONE,,BULK INGREDIENT,,methylprednisolone,
Sacubitril,,BULK INGREDIENT,,sacubitril,
Minocycline Hydrochloride,,DRUG FOR FURTHER PROCESSING,,minocycline hydrochloride,
Docetaxel,,BULK INGREDIENT,,docetaxel,
BPC-157,,BULK INGREDIENT,,bpc-157,
Oseltamivir Phosphate,,BULK INGREDIENT,,oseltamivir phosphate,
Nitrofurantoin Macrocrystals,,BULK INGREDIENT,,nitrofurantoin macrocrystals,
Phentolamine Mesylate,,BULK INGREDIENT,,phentolamine mesylate,
Ezetimibe,,BULK INGREDIENT,,ezetimibe,
Sitagliptin Phosphate Anhydrous,,BULK INGREDIENT,,sitagliptin phosphate anhydrous,
Esomeprazole Magnesium,,BULK INGREDIENT,,esomeprazole magnesium,
Doxylamine succinate,,BULK INGREDIENT,,doxylamine succinate,
18O Water 97 %,,BULK INGREDIENT,,18o water 97 ,
SUCCINYLCHOLINE CHLORIDE,,BULK INGREDIENT,,succinylcholine chloride,
Gonadorelin HCL,,BULK INGREDIENT,,gonadorelin hcl,
Amlodipine Besylate,,BULK INGREDIENT,,amlodipine besylate,
Tulathromycin,,BULK INGREDIENT,,tulathromycin,
Loratadine,Claritin Reditabs,HUMAN OTC DRUG,ORAL,loratadine,claritin reditabs
methylphenidate hydrochloride,Ritalin LA,HUMAN PRESCRIPTION DRUG,ORAL,methylphenidate hydrochloride,ritalin la
Sodium Fluoride,Sodium Fluoride 5000 ppm Fruit,HUMAN PRESCRIPTION DRUG,DENTAL,sodium fluoride,sodium fluoride 5000 ppm fruit
Saxagliptin Hydrocloride Dihydrate,,BULK INGREDIENT,,saxagliptin hydrocloride dihydrate,
ranibizumab,,BULK INGREDIENT,,ranibizumab,
Zinc Oxide,Open Nature Zinc Oxide Sunscreen Mineral Sunscreen SPF 30,HUMAN OTC DRUG,TOPICAL,zinc oxide,open nature zinc oxide sunscreen mineral sunscreen spf 30
Lidocaine HCl 0.5%,Sunburn Relief,HUMAN OTC DRUG,TOPICAL,lidocaine hcl 05,sunburn relief
Fexofenadine HCl and Pseudoephedrine HCI,Allergy and Congestion,HUMAN OTC DRUG,ORAL,fexofenadine hcl and pseudoephedrine hci,allergy and congestion
Beta Nicotinamide Adenine Dinucleotide,,BULK INGREDIENT,,beta nicotinamide adenine dinucleotide,
LANTHANUM CARBONATE,,BULK INGREDIENT,,lanthanum carbonate,
Miconazole Nitrate,Micro-Guard (AF),HUMAN OTC DRUG,TOPICAL,miconazole nitrate,micro-guard af
CLORAZEPATE DIPOTASSIUM,CLORAZEPATE DIPOTASSIUM,HUMAN PRESCRIPTION DRUG,ORAL,clorazepate dipotassium,clorazepate dipotassium
sorafenib,Sorafenib,HUMAN PRESCRIPTION DRUG,ORAL,sorafenib,sorafenib
"OCTINOXATE, ZINC OXIDE",LBEL SOLUTIONS PRO-HIALURON BASE SERUM CON EFECTO RELLENO DE ARRUGAS FPS 15 WRINKLE FILLER EFFECT SERUM FOUNDATION SPF 15 BEIGE 220-C,HUMAN OTC DRUG,TOPICAL,octinoxate zinc oxide,lbel solutions pro-hialuron base serum con efecto relleno de arrugas fps 15 wrinkle filler effect serum foundation spf 15 beige 220-c
CROTALUS HOR,CROTALUS HOR,HUMAN OTC DRUG,ORAL,crotalus hor,crotalus hor
Warfarin Sodium,Warfarin Sodium,HUMAN PRESCRIPTION DRUG,ORAL,warfarin sodium,warfarin sodium
dasatinib,SPRYCEL,HUMAN PRESCRIPTION DRUG,ORAL,dasatinib,sprycel
Guaifenesin and Dextromethorphan HBr,Guaifenesin and Dextromethorphan HBr,HUMAN OTC DRUG,ORAL,guaifenesin and dextromethorphan hbr,guaifenesin and dextromethorphan hbr
Isopropyl alcohol,Isopropyl alcohol 91 percent,HUMAN OTC DRUG,TOPICAL,isopropyl alcohol,isopropyl alcohol 91 percent
Daptomycin,Daptomycin,HUMAN PRESCRIPTION DRUG,INTRAVENOUS,daptomycin,daptomycin
Alternaria alternata,Alternaria alternata,NON-STANDARDIZED ALLERGENIC,INTRADERMAL,alternaria alternata,alternaria alternata
Bipolaris sorokiniana,Bipolaris sorokiniana,NON-STANDARDIZED ALLERGENIC,INTRADERMAL,bipolaris sorokiniana,bipolaris sorokiniana
Chenopodium album,Lambs Quarter,NON-STANDARDIZED ALLERGENIC,INTRADERMAL,chenopodium album,lambs quarter
"TAVABOROLE topical solution, 5%",Tavaborole,HUMAN PRESCRIPTION DRUG,TOPICAL,tavaborole topical solution 5,tavaborole
Holcus lanatus,Velvetgrass,NON-STANDARDIZED ALLERGENIC,INTRADERMAL,holcus lanatus,velvetgrass
Solanum lycopersicum,Tomato,NON-STANDARDIZED ALLERGENIC,INTRADERMAL,solanum lycopersicum,tomato
Rhizopus stolonifer and Rhizopus oryzae,Rhizopus Mix,NON-STANDARDIZED ALLERGENIC,INTRADERMAL,rhizopus stolonifer and rhizopus oryzae,rhizopus mix
Torsemide,Torsemide,HUMAN PRESCRIPTION DRUG,ORAL,torsemide,torsemide
"CAMPHOR (NATURAL) and MENTHOL, UNSPECIFIED FORM",Earths Care Anti-Itch,HUMAN OTC DRUG,TOPICAL,camphor natural and menthol unspecified form,earths care anti-itch
leucovorin calcium,Leucovorin Calcium,HUMAN PRESCRIPTION DRUG,INTRAMUSCULAR,leucovorin calcium,leucovorin calcium
Acidum Picricum,Acidum Picricum,HUMAN OTC DRUG,ORAL,acidum picricum,acidum picricum
Phytolacca Decandra,Phytolacca Decandra,HUMAN OTC DRUG,ORAL,phytolacca decandra,phytolacca decandra
Hydrastis Canadensis,Hydrastis Canadensis,HUMAN OTC DRUG,ORAL,hydrastis canadensis,hydrastis canadensis
Natrum Sulphuricum,Natrum Sulphuricum,HUMAN OTC DRUG,ORAL,natrum sulphuricum,natrum sulphuricum
Zincum Bromatum,Zincum Bromatum,HUMAN OTC DRUG,ORAL,zincum bromatum,zincum bromatum
PYRIDOSTIGMINE BROMIDE,Pyridostigmine Bromide,HUMAN PRESCRIPTION DRUG,ORAL,pyridostigmine bromide,pyridostigmine bromide
BENZALKONIUM CHLORIDE,Three Cleansing,HUMAN OTC DRUG,TOPICAL,benzalkonium chloride,three cleansing
Ritonavir,Ritonavir,HUMAN PRESCRIPTION DRUG,ORAL,ritonavir,ritonavir
Chlorhexidine Gluconate,Chlorhexidine Gluconate,HUMAN PRESCRIPTION DRUG,ORAL,chlorhexidine gluconate,chlorhexidine gluconate
Calcium carbonate,Topcare Antacid Calcium,HUMAN OTC DRUG,ORAL,calcium carbonate,topcare antacid calcium
"Aspirin, Chlorpheniramine Maleate, Phylephrine Bitartrate",Effervescent Cold Relief,HUMAN OTC DRUG,ORAL,aspirin chlorpheniramine maleate phylephrine bitartrate,effervescent cold relief
Calcarea Acetica,Calcarea Acetica,HUMAN OTC DRUG,ORAL,calcarea acetica,calcarea acetica
Chromium Sulphuricum,Chromium Sulphuricum,HUMAN OTC DRUG,ORAL,chromium sulphuricum,chromium sulphuricum
Croton Tiglium,Croton Tiglium,HUMAN OTC DRUG,ORAL,croton tiglium,croton tiglium
Foeniculum Vulgare,Foeniculum Vulgare,HUMAN OTC DRUG,ORAL,foeniculum vulgare,foeniculum vulgare
Acidum Fluoricum,Acidum Fluoricum,HUMAN OTC DRUG,ORAL,acidum fluoricum,acidum fluoricum
Sabal Serrulata,Sabal Serrulata,HUMAN OTC DRUG,ORAL,sabal serrulata,sabal serrulata
minoxidil,MINOXIDIL,HUMAN PRESCRIPTION DRUG,ORAL,minoxidil,minoxidil
Oseltamivir phosphate,Oseltamivir,HUMAN PRESCRIPTION DRUG,ORAL,oseltamivir phosphate,oseltamivir
Calcitonin Salmon,Calcitonin Salmon,HUMAN PRESCRIPTION DRUG,INTRAMUSCULAR,calcitonin salmon,calcitonin salmon
Granatum Punica,Granatum Punica,HUMAN OTC DRUG,ORAL,granatum punica,granatum punica
Rhamnus Cathartica,Rhamnus Cathartica,HUMAN OTC DRUG,ORAL,rhamnus cathartica,rhamnus cathartica
Strontium Fluoratum,Strontium Fluoratum,HUMAN OTC DRUG,ORAL,strontium fluoratum,strontium fluoratum
Titanium Carbonatum,Titanium Carbonatum,HUMAN OTC DRUG,ORAL,titanium carbonatum,titanium carbonatum
Alumina Silicata,Alumina Silicata,HUMAN OTC DRUG,ORAL,alumina silicata,alumina silicata
Kali Oxalicum,Kali Oxalicum,HUMAN OTC DRUG,ORAL,kali oxalicum,kali oxalicum
Niccolum Muriaticum,Niccolum Muriaticum,HUMAN OTC DRUG,ORAL,niccolum muriaticum,niccolum muriaticum
Olopatadine Hydrochloride Ophthalmic Solution,Once Daily Relief,HUMAN OTC DRUG,OPHTHALMIC,olopatadine hydrochloride ophthalmic solution,once daily relief
Levetiracetam in Sodium Chloride,Levetiracetam in Sodium Chloride,HUMAN PRESCRIPTION DRUG,INTRAVENOUS,levetiracetam in sodium chloride,levetiracetam in sodium chloride
"lidocaine, menthol",Icy Hot Lidocaine Dry,HUMAN OTC DRUG,TOPICAL,lidocaine menthol,icy hot lidocaine dry
"Camphor, Menthol, Phenol, White Petrolatum",Maximum Strength Cold Sore Treatment,HUMAN OTC DRUG,TOPICAL,camphor menthol phenol white petrolatum,maximum strength cold sore treatment
interferon beta-1a,Rebif,HUMAN PRESCRIPTION DRUG,SUBCUTANEOUS,interferon beta-1a,rebif
"Alfalfa, Cadmium Sulphuratum, Calcarea Carbonica, Cuprum Metallicum, Ferrum Metallicum, Fucus Vesiculosus, Hypericum Perforatum, Kali Phosphoricum, Magnesia Phosphorica, Manganum Metallicum, Mercurius Vivus, Plumbum Metallicum, Silicea, Symphytum Officinale, Tarentula Hispana, X-Ray, Ytterbium Oxide",EMF Protect and Balance,HUMAN OTC DRUG,ORAL,alfalfa cadmium sulphuratum calcarea carbonica cuprum metallicum ferrum metallicum fucus vesiculosus hypericum perforatum kali phosphoricum magnesia phosphorica manganum metallicum mercurius vivus plumbum metallicum silicea symphytum officinale tarentula hispana x-ray ytterbium oxide,emf protect and balance
"Cactus Grandiflorus, Calendula Officinalis, Dulcamara, Leptandra Virginica, Solidago Virgaurea, Convallaria Majalis, Apis Mellifica, Arnica Montana, Berberis Vulgaris, Bryonia (Alba), Chelidonium Majus, Lycopodium Clavatum, Plumbum Metallicum, Sambucus Nigra",Edemaforce,HUMAN OTC DRUG,ORAL,cactus grandiflorus calendula officinalis dulcamara leptandra virginica solidago virgaurea convallaria majalis apis mellifica arnica montana berberis vulgaris bryonia alba chelidonium majus lycopodium clavatum plumbum metallicum sambucus nigra,edemaforce
Dorzolamide Hydrochloride and Timolol Maleate,Dorzolamide Hydrochloride and Timolol Maleate ophthalmic Solution,HUMAN PRESCRIPTION DRUG,OPHTHALMIC,dorzolamide hydrochloride and timolol maleate,dorzolamide hydrochloride and timolol maleate ophthalmic solution
Trandolapril Tablets,Trandolapril,HUMAN PRESCRIPTION DRUG,ORAL,trandolapril tablets,trandolapril
"DEXTROAMPHETAMINE SACCHARATE, AMPHETAMINE ASPARTATE MONOHYDRATE, DEXTROAMPHETAMINE SULFATE, and AMPHETAMINE SULFATE","Dextroamphetamine Saccharate, Amphetamine Aspartate Monohydrate, Dextroamphetamine Sulfate, and Amphetamine Sulfate Extended-Release",HUMAN PRESCRIPTION DRUG,ORAL,dextroamphetamine saccharate amphetamine aspartate monohydrate dextroamphetamine sulfate and amphetamine sulfate,dextroamphetamine saccharate amphetamine aspartate monohydrate dextroamphetamine sulfate and amphetamine sulfate extended-release
norepinephrine bitartrate,Norepinephrine Bitartrate,HUMAN PRESCRIPTION DRUG,INTRAVENOUS,norepinephrine bitartrate,norepinephrine bitartrate
Levetiracetam Injection,Levetiracetam,HUMAN PRESCRIPTION DRUG,INTRAVENOUS,levetiracetam injection,levetiracetam
"Melatonin, L-Arginine, L-Citrulline, Ubidecarenonum, Squalene, Calcarea Carbonica, Cholesterinum, Coumarinum, Formalinum, Gelsemium Sempervirens, Alpha-Lipoicum Acidum, Mercurius Corrosivus, Plumbum Metallicum, Pantothenic Acid, Glonoinum, Lycopodium Clavatum, Phosphorus, Berberis Vulgaris, Red Yeast Rice, Nitric Oxide, Proteus (Morgani), Rhus Tox",Vascuflow,HUMAN OTC DRUG,ORAL,melatonin l-arginine l-citrulline ubidecarenonum squalene calcarea carbonica cholesterinum coumarinum formalinum gelsemium sempervirens alpha-lipoicum acidum mercurius corrosivus plumbum metallicum pantothenic acid glonoinum lycopodium clavatum phosphorus berberis vulgaris red yeast rice nitric oxide proteus morgani rhus tox,vascuflow
"Camphor, Menthol, Methyl Salicylate",Satohap Cool Type,HUMAN OTC DRUG,TOPICAL,camphor menthol methyl salicylate,satohap cool type
Salicylic acid,Kiehls Gently Effective Acne Treating Cleansing,HUMAN OTC DRUG,TOPICAL,salicylic acid,kiehls gently effective acne treating cleansing
Bromus inermis,Smooth Brome Pollen,NON-STANDARDIZED ALLERGENIC,CUTANEOUS,bromus inermis,smooth brome pollen
"Baptisia Tinctoria, Agaricus Muscarius, Arsenicum Album, Belladonna, Calcarea Carbonica, Cocculus Indicus, Conium Maculatum, Phosphorus, Pulsatilla (Pratensis)",Vertitone,HUMAN OTC DRUG,ORAL,baptisia tinctoria agaricus muscarius arsenicum album belladonna calcarea carbonica cocculus indicus conium maculatum phosphorus pulsatilla pratensis,vertitone
"Solidago Virgaurea, Trifolium Pratense, Propolis, Hepar (Suis), Kidney (Suis), Lymph Node (Suis), Berberis Vulgaris, Bryonia (Alba), Ceanothus Americanus, Chelidonium Majus, Nux Vomica",Drainpar,HUMAN OTC DRUG,ORAL,solidago virgaurea trifolium pratense propolis hepar suis kidney suis lymph node suis berberis vulgaris bryonia alba ceanothus americanus chelidonium majus nux vomica,drainpar
diltiazem hydrochloride,Cardizem CD,HUMAN PRESCRIPTION DRUG,ORAL,diltiazem hydrochloride,cardizem cd
diltiazem hydrochloride,TIAZAC EXTENDED RELEASE,HUMAN PRESCRIPTION DRUG,ORAL,diltiazem hydrochloride,tiazac extended release
Irbesartan and Hydrochlorothiazide,Irbesartan and Hydrochlorothiazide,HUMAN PRESCRIPTION DRUG,ORAL,irbesartan and hydrochlorothiazide,irbesartan and hydrochlorothiazide
Phytonadione,Phytonadione,HUMAN PRESCRIPTION DRUG,INTRAMUSCULAR,phytonadione,phytonadione
Benzalkonium chloride,Pure Force,HUMAN OTC DRUG,TOPICAL,benzalkonium chloride,pure force
Menthol 8.6 mg,Medi-First Honey Lemon Cough Drops,HUMAN OTC DRUG,ORAL,menthol 86 mg,medi-first honey lemon cough drops
trifluoperazine hydrochloride,Trifluoperazine Hydrochloride,HUMAN PRESCRIPTION DRUG,ORAL,trifluoperazine hydrochloride,trifluoperazine hydrochloride
Pulmo Echinacea,Pulmo Echinacea,HUMAN OTC DRUG,ORAL,pulmo echinacea,pulmo echinacea
Pheniramine Maleate and Naphazoline Hydrochloride,Eye Allergy Relief,HUMAN OTC DRUG,OPHTHALMIC,pheniramine maleate and naphazoline hydrochloride,eye allergy relief
"Dextrose Monohydrate, Sodium Chloride, Sodium Lactate, Calcium Chloride, Magnesium Chloride",DELFLEX,HUMAN PRESCRIPTION DRUG,INTRAPERITONEAL,dextrose monohydrate sodium chloride sodium lactate calcium chloride magnesium chloride,delflex
TRIAMCINOLONE ACETONIDE,KENALOG-10,HUMAN PRESCRIPTION DRUG,INTRA-ARTICULAR,triamcinolone acetonide,kenalog-10
Prochlorperazine maleate,PROCHLORPERAZINE MALEATE,HUMAN PRESCRIPTION DRUG,ORAL,prochlorperazine maleate,prochlorperazine maleate
TIOTROPIUM BROMIDE,Spiriva HandiHaler,HUMAN PRESCRIPTION DRUG,ORAL,tiotropium bromide,spiriva handihaler
Methyl Salicylate,Methyl Salicylate,HUMAN OTC DRUG,TOPICAL,methyl salicylate,methyl salicylate
polatuzumab vedotin,POLIVY,HUMAN PRESCRIPTION DRUG,INTRAVENOUS,polatuzumab vedotin,polivy
Oxybutynin Chloride,Oxybutynin Chloride Extended Release,HUMAN PRESCRIPTION DRUG,ORAL,oxybutynin chloride,oxybutynin chloride extended release
CALENDULA OFFICINALIS FLOWERING TOP,Calendula,HUMAN OTC DRUG,TOPICAL,calendula officinalis flowering top,calendula
CARBO ANIMALIS,Carbo animalis,HUMAN OTC DRUG,ORAL,carbo animalis,carbo animalis
ACTIVATED CHARCOAL,Carbo vegetabilis,HUMAN OTC DRUG,ORAL,activated charcoal,carbo vegetabilis
Mexiletine hydrochloride,MEXILETINE HYDROCHLORIDE,HUMAN PRESCRIPTION DRUG,ORAL,mexiletine hydrochloride,mexiletine hydrochloride
"ACETAMINOPHEN, GUAIFENESIN, and PHENYLEPHRINE HYDROCHLORIDE",Cold and Head Congestion Severe,HUMAN OTC DRUG,ORAL,acetaminophen guaifenesin and phenylephrine hydrochloride,cold and head congestion severe
Sodium Monofluorophosphate,Toms Wicked Fresh Cool Peppermint fresh breath / cavity protection,HUMAN OTC DRUG,DENTAL,sodium monofluorophosphate,toms wicked fresh cool peppermint fresh breath  cavity protection
"DEXTRAN 70, POLYETHYLENE GLYCOL 400, POVIDONE, TETRAHYDROZOLINE HYDROCHLORIDE",CVS Advanced Eye Drops,HUMAN OTC DRUG,OPHTHALMIC,dextran 70 polyethylene glycol 400 povidone tetrahydrozoline hydrochloride,cvs advanced eye drops
"Acetaminophen, Pamabrom, Pyrilamine maleate",Multi-Symptom PMS Relief,HUMAN OTC DRUG,ORAL,acetaminophen pamabrom pyrilamine maleate,multi-symptom pms relief
Rasagiline mesylate,Rasagiline,HUMAN PRESCRIPTION DRUG,ORAL,rasagiline mesylate,rasagiline
buprenorphine hydrochloride and naloxone hydrochloride dihydrate,buprenorphine hydrochloride and naloxone hydrochloride dihydrate,HUMAN PRESCRIPTION DRUG,SUBLINGUAL,buprenorphine hydrochloride and naloxone hydrochloride dihydrate,buprenorphine hydrochloride and naloxone hydrochloride dihydrate
Ethyl Alcohol,AshleyBelle Moisturizing Hand Sanitizer Vanilla Swirl,HUMAN OTC DRUG,TOPICAL,ethyl alcohol,ashleybelle moisturizing hand sanitizer vanilla swirl
Levofloxacin,Levofloxacin,HUMAN PRESCRIPTION DRUG,ORAL,levofloxacin,levofloxacin
Ketoconazole,Ketoconazole,HUMAN PRESCRIPTION DRUG,TOPICAL,ketoconazole,ketoconazole
ACETAMINOPHEN,FeverAll,HUMAN OTC DRUG,ORAL,acetaminophen,feverall
"CAMPHOR (SYNTHETIC), MENTHOL, METHYL SALICYLATE",Katinko External Analgesic Oil,HUMAN OTC DRUG,TOPICAL,camphor synthetic menthol methyl salicylate,katinko external analgesic oil
POTASSIUM DICHROMATE,Kali bichromicum,HUMAN OTC DRUG,ORAL,potassium dichromate,kali bichromicum
KALMIA LATIFOLIA LEAF,Kalmia latifolia,HUMAN OTC DRUG,ORAL,kalmia latifolia leaf,kalmia latifolia
DIBASIC POTASSIUM PHOSPHATE,Kali phosphoricum,HUMAN OTC DRUG,ORAL,dibasic potassium phosphate,kali phosphoricum
Ferrum Muriaticum,Ferrum Muriaticum,HUMAN OTC DRUG,ORAL,ferrum muriaticum,ferrum muriaticum
"Anhydrous Citric Acid, Trisodium Citrate Dihydrate, Sodium Phosphate, Monobasic, Monohydrate, Dextrose Monohydrate, and Adenine",TERUFLEX BLOOD with Diversion Blood Sampling Arm 70 mL CPDA-1,HUMAN PRESCRIPTION DRUG,INTRAVENOUS,anhydrous citric acid trisodium citrate dihydrate sodium phosphate monobasic monohydrate dextrose monohydrate and adenine,teruflex blood with diversion blood sampling arm 70 ml cpda-1
MENTHOL,BERRY MEDLEY THROAT DROPS,HUMAN OTC DRUG,ORAL,menthol,berry medley throat drops
Benzalkonium chloride,"enMotion Antimicrobial with Moisturizers, Fragrance Free",HUMAN OTC DRUG,TOPICAL,benzalkonium chloride,enmotion antimicrobial with moisturizers fragrance free
VASOPRESSIN,VASOPRESSIN,HUMAN PRESCRIPTION DRUG,INTRAVENOUS,vasopressin,vasopressin
alcohol,Smart Care Kids Hand Sanitizer My Little Pony,HUMAN OTC DRUG,TOPICAL,alcohol,smart care kids hand sanitizer my little pony
Oxygen/Nitrogen 50/50,Oxygen/Nitrogen 50/50,HUMAN PRESCRIPTION DRUG,RESPIRATORY (INHALATION),oxygennitrogen 5050,oxygennitrogen 5050
Chloroxylenol,SCOTT Antiseptic Foam Skin Cleanser,HUMAN OTC DRUG,TOPICAL,chloroxylenol,scott antiseptic foam skin cleanser
Ultra Strength Muscle Rub,Family Wellness Ultra Strength Muscle Rub,HUMAN OTC DRUG,TOPICAL,ultra strength muscle rub,family wellness ultra strength muscle rub
"Homosalate, Octisalate, and Avobenzone",ULTRA SHEER DAILY DEFENSE FACIAL SPF 18,HUMAN OTC DRUG,TOPICAL,homosalate octisalate and avobenzone,ultra sheer daily defense facial spf 18
"Calc. fluor., Calc. phos., Calc.sulph., Ferrum phosphoricum, Kali mur., Kali phos., Kali sulph., Mag. phos., Nat. mur., Nat. phos., Nat.sulphuricum, Silicea",Cell Salts,HUMAN OTC DRUG,ORAL,calc fluor calc phos calcsulph ferrum phosphoricum kali mur kali phos kali sulph mag phos nat mur nat phos natsulphuricum silicea,cell salts
Argentum nitricum,Argentum nitricum,HUMAN OTC DRUG,ORAL,argentum nitricum,argentum nitricum
"Acetaminophen, Aspirin, Caffeine",DG Health migraine relief,HUMAN OTC DRUG,ORAL,acetaminophen aspirin caffeine,dg health migraine relief
Acetaminophen Dextromethorphan HBr Guaifenesin Phenylephrine HCI DoxylamineSucinate,Daytime Nighttime Severe Cold and Flu Relief,HUMAN OTC DRUG,,acetaminophen dextromethorphan hbr guaifenesin phenylephrine hci doxylaminesucinate,daytime nighttime severe cold and flu relief
Medicated Corn Remover,Salicylic Acid,HUMAN OTC DRUG,TOPICAL,medicated corn remover,salicylic acid
SCHOENOCAULON OFFICINALE SEED,Sabadilla,HUMAN OTC DRUG,ORAL,schoenocaulon officinale seed,sabadilla
Ethyl Alcohol,Zylast Antiseptic S,HUMAN OTC DRUG,TOPICAL,ethyl alcohol,zylast antiseptic s
DATURA STRAMONIUM,Stramonium,HUMAN OTC DRUG,ORAL,datura stramonium,stramonium
Aesculus hippocastanum,Bach Original Flower Remedies Chestnut Bud,HUMAN OTC DRUG,ORAL,aesculus hippocastanum,bach original flower remedies chestnut bud
POLYGALA SENEGA ROOT,Senega officinalis,HUMAN OTC DRUG,ORAL,polygala senega root,senega officinalis
Hepatitis A and Hepatitis B (Recombinant) Vaccine,TWINRIX,VACCINE,INTRAMUSCULAR,hepatitis a and hepatitis b recombinant vaccine,twinrix
OCTINOXATE and TITANIUM DIOXIDE,cle de peau BEAUTE THE FOUNDATION N M O60,HUMAN OTC DRUG,TOPICAL,octinoxate and titanium dioxide,cle de peau beaute the foundation n m o60
OCTINOXATE,SHISEIDO REVITALESSENCE SKIN GLOW FOUNDATION 150,HUMAN OTC DRUG,TOPICAL,octinoxate,shiseido revitalessence skin glow foundation 150
"Brompheniramine Maleate, Dextromethorphan HBr",Rompe Pecho CF CF,HUMAN OTC DRUG,ORAL,brompheniramine maleate dextromethorphan hbr,rompe pecho cf cf
Urinary Antiseptic Antispasmodic,Me NaPhos MB Hyo 1,HUMAN PRESCRIPTION DRUG,ORAL,urinary antiseptic antispasmodic,me naphos mb hyo 1
BACITRACIN ZINC,BACITRACIN ZINC,HUMAN OTC DRUG,TOPICAL,bacitracin zinc,bacitracin zinc
levothyroxine sodium,LEVOXYL,HUMAN PRESCRIPTION DRUG,ORAL,levothyroxine sodium,levoxyl
Topiramate,QUDEXY XR,HUMAN PRESCRIPTION DRUG,ORAL,topiramate,qudexy xr
TIOPRONIN,TIOPRONIN,HUMAN PRESCRIPTION DRUG,ORAL,tiopronin,tiopronin
Salicylic Acid,Atrix Acne Treatment,HUMAN OTC DRUG,TOPICAL,salicylic acid,atrix acne treatment
buprenorphine hydrochloride,BELBUCA,HUMAN PRESCRIPTION DRUG,BUCCAL,buprenorphine hydrochloride,belbuca
romidepsin,ISTODAX,HUMAN PRESCRIPTION DRUG,,romidepsin,istodax
Titanium Dioxide and Zinc Oxide,Amazonian Clay BB Tinted Moisturizer Broad Spectrum SPF 20 Sunscreen Ivory,HUMAN OTC DRUG,TOPICAL,titanium dioxide and zinc oxide,amazonian clay bb tinted moisturizer broad spectrum spf 20 sunscreen ivory
Vadadustat,VAFSEO,HUMAN PRESCRIPTION DRUG,ORAL,vadadustat,vafseo
glo Skin Beauty C-Shield Anti-Pollution Moisture Tint Broad Spectrum SPF 30,glo Skin Beauty C-Shield Anti-Pollution Moisture Tint Broad Spectrum SPF 30,HUMAN OTC DRUG,TOPICAL,glo skin beauty c-shield anti-pollution moisture tint broad spectrum spf 30,glo skin beauty c-shield anti-pollution moisture tint broad spectrum spf 30
modafinil,Provigil,HUMAN PRESCRIPTION DRUG,ORAL,modafinil,provigil
Risedronate Sodium,Risedronate Sodium,HUMAN PRESCRIPTION DRUG,ORAL,risedronate sodium,risedronate sodium
Ciprofloxacin Hydrochloride,Ciprofloxacin,HUMAN PRESCRIPTION DRUG,ORAL,ciprofloxacin hydrochloride,ciprofloxacin
Alcohol,Anti-BacterialHandSpray Vanilla Whip,HUMAN OTC DRUG,TOPICAL,alcohol,anti-bacterialhandspray vanilla whip
simthicone,Little Remedies Gas Relief Drops,HUMAN OTC DRUG,ORAL,simthicone,little remedies gas relief drops
Hysteria Drops,Hysteria Drops 2119,HUMAN OTC DRUG,ORAL,hysteria drops,hysteria drops 2119
Cefazolin Sodium,Cefazolin Sodium,HUMAN PRESCRIPTION DRUG,INTRAVENOUS,cefazolin sodium,cefazolin sodium
cariprazine,Vraylar,HUMAN PRESCRIPTION DRUG,ORAL,cariprazine,vraylar
"OCTISALATE, TITANIUM DIOXIDE",Dior Forever Skin Glow Flawless Radiant Skin True Foundation SPF 25 5W Warm,HUMAN OTC DRUG,TOPICAL,octisalate titanium dioxide,dior forever skin glow flawless radiant skin true foundation spf 25 5w warm
Guaifenesin and Pseudoephedrine Hydrochloride,Guaifenesin and Pseudoephedrine Hydrochloride,HUMAN OTC DRUG,ORAL,guaifenesin and pseudoephedrine hydrochloride,guaifenesin and pseudoephedrine hydrochloride
Trihexyphenidyl Hydrochloride,Trihexyphenidyl Hydrochloride,HUMAN PRESCRIPTION DRUG,ORAL,trihexyphenidyl hydrochloride,trihexyphenidyl hydrochloride
"AVOBENZONE, HOMOSALATE, OCTOCRYLENE",FOTE CABANA BEACH CLUB WITH MANUKA HONEY AND ESSENTIAL OILS SPF 30 SUNSCREEN,HUMAN OTC DRUG,TOPICAL,avobenzone homosalate octocrylene,fote cabana beach club with manuka honey and essential oils spf 30 sunscreen
PRAZOSIN HYDROCHLORIDE,PRAZOSIN HYDROCHLORIDE,HUMAN PRESCRIPTION DRUG,ORAL,prazosin hydrochloride,prazosin hydrochloride
Hyoscyamine Sulfate,Hyoscyamine Sulfate,HUMAN PRESCRIPTION DRUG,ORAL,hyoscyamine sulfate,hyoscyamine sulfate
Alcohol,Anti Bacterial Hand Gel Sweater Weather,HUMAN OTC DRUG,TOPICAL,alcohol,anti bacterial hand gel sweater weather
"Calcipotriene, Betamethasone Dipropionate",Calcipotriene and Betamethasone Dipropionate,HUMAN PRESCRIPTION DRUG,TOPICAL,calcipotriene betamethasone dipropionate,calcipotriene and betamethasone dipropionate
Nux vomica,Nux vomica 7129,HUMAN OTC DRUG,ORAL,nux vomica,nux vomica 7129
Diltiazem Hydrochloride,Diltiazem Hydrochloride,HUMAN PRESCRIPTION DRUG,ORAL,diltiazem hydrochloride,diltiazem hydrochloride
Cevimeline,Cevimeline,HUMAN PRESCRIPTION DRUG,ORAL,cevimeline,cevimeline
OCTREOTIDE ACETATE,Octreotide,HUMAN PRESCRIPTION DRUG,INTRAVENOUS,octreotide acetate,octreotide
Paclitaxel,Paclitaxel,HUMAN PRESCRIPTION DRUG,INTRAVENOUS,paclitaxel,paclitaxel
Calcium Carbonate,Alka-Seltzer Ultra Strength Heartburn ReliefChews Strawberry and Orange,HUMAN OTC DRUG,ORAL,calcium carbonate,alka-seltzer ultra strength heartburn reliefchews strawberry and orange
Aethusa cynapium,Aethusa cynapium,HUMAN OTC DRUG,ORAL,aethusa cynapium,aethusa cynapium
SULFUR HEXAFLUORIDE,LumaSon,HUMAN PRESCRIPTION DRUG,,sulfur hexafluoride,lumason
Calcium Gluconate,Calcium Gluconate,HUMAN PRESCRIPTION DRUG,INTRAVENOUS,calcium gluconate,calcium gluconate
SODIUM CHLORIDE,Sodium chloride,HUMAN PRESCRIPTION DRUG,INTRAVENOUS,sodium chloride,sodium chloride
Metoprolol Succinate ER Tablets,Metoprolol Succinate,HUMAN PRESCRIPTION DRUG,ORAL,metoprolol succinate er tablets,metoprolol succinate
Benzocaine,Americaine,HUMAN OTC DRUG,TOPICAL,benzocaine,americaine
Miconazole Nitrate,Miconazole 7,HUMAN OTC DRUG,VAGINAL,miconazole nitrate,miconazole 7
Smooth Antacid Tablets,Best Choice Extra Strength,HUMAN OTC DRUG,ORAL,smooth antacid tablets,best choice extra strength
Omeprazole,kirkland signature omeprazole,HUMAN OTC DRUG,ORAL,omeprazole,kirkland signature omeprazole
Oxacillin,Oxacillin,HUMAN PRESCRIPTION DRUG,INTRAMUSCULAR,oxacillin,oxacillin
Aluminum Zirconium Tetrachlorohydrex GLY,Dove,HUMAN OTC DRUG,TOPICAL,aluminum zirconium tetrachlorohydrex gly,dove
Tropical Antiperspirant Deodorant,Degree,HUMAN OTC DRUG,TOPICAL,tropical antiperspirant deodorant,degree
LEVOTHYROXINE and LIOTHYRONINE,RenThyroid,HUMAN PRESCRIPTION DRUG,ORAL,levothyroxine and liothyronine,renthyroid
Hand Sanitizer Wipes Aloe and Eucalyptus Scent,Dove,HUMAN OTC DRUG,TOPICAL,hand sanitizer wipes aloe and eucalyptus scent,dove
"Casein, Cow Milk","Food - Dairy Products, Casein, Cow Milk",NON-STANDARDIZED ALLERGENIC,PERCUTANEOUS,casein cow milk,food - dairy products casein cow milk
Benzocaine,Benzocaine,HUMAN OTC DRUG,TOPICAL,benzocaine,benzocaine
Cisplatin,Cisplatin,HUMAN PRESCRIPTION DRUG,INTRAVENOUS,cisplatin,cisplatin
mesna,MESNEX,HUMAN PRESCRIPTION DRUG,INTRAVENOUS,mesna,mesnex
"Boldo, Carduus Mar, Chelidonium Maj, Cinchona, Cynara, Fel Tauri, Hydrastis, Myrica, Nux Vomica, Stannum Met, Taraxacum.",Detox Drainage Liver,HUMAN OTC DRUG,ORAL,boldo carduus mar chelidonium maj cinchona cynara fel tauri hydrastis myrica nux vomica stannum met taraxacum,detox drainage liver
treprostinil,Tyvaso DPI,HUMAN PRESCRIPTION DRUG,,treprostinil,tyvaso dpi
"Acetaminophen, Guaifenesin, and Phenylephrine Hydrochloride","Tylenol Sinus Severe, Lil Drug Store",HUMAN OTC DRUG,ORAL,acetaminophen guaifenesin and phenylephrine hydrochloride,tylenol sinus severe lil drug store
Sevoflurane,Sojourn,HUMAN PRESCRIPTION DRUG,RESPIRATORY (INHALATION),sevoflurane,sojourn
"Octinoxate, Octocrylene, Titanium Dioxide",AGE20S SIGNATURE ESSENCE PACT INTENSE COVER MINI 29W,HUMAN OTC DRUG,TOPICAL,octinoxate octocrylene titanium dioxide,age20s signature essence pact intense cover mini 29w
dimethyl-fumarate,DIMETHYL FUMARATE,HUMAN PRESCRIPTION DRUG,ORAL,dimethyl-fumarate,dimethyl fumarate
"OCTINOXATE, TITANIUM DIOXIDE, ZINC OXIDE",Light Illusion Luminous Makeup Nude-Skin Feel SPF18 TAWNY,HUMAN OTC DRUG,TOPICAL,octinoxate titanium dioxide zinc oxide,light illusion luminous makeup nude-skin feel spf18 tawny
Benzalkonium chloride,Foaming Antibacterial Handsoap,HUMAN OTC DRUG,TOPICAL,benzalkonium chloride,foaming antibacterial handsoap
Titanium Dioxide and Zinc Oxide,Mineral Corrector Palette SPF 20 Sunscreen,HUMAN OTC DRUG,TOPICAL,titanium dioxide and zinc oxide,mineral corrector palette spf 20 sunscreen
Hydrocortisone,Walgreens Scalp Itch Relief,HUMAN OTC DRUG,TOPICAL,hydrocortisone,walgreens scalp itch relief
Valacyclovir,Valacyclovir,HUMAN PRESCRIPTION DRUG,ORAL,valacyclovir,valacyclovir
Pantoprazole,Pantoprazole,HUMAN PRESCRIPTION DRUG,ORAL,pantoprazole,pantoprazole
Fexofenadine HCl and Pseudoephedrine HCI,Fexofenadine HCl and Pseudoephedrine HCI,HUMAN OTC DRUG,ORAL,fexofenadine hcl and pseudoephedrine hci,fexofenadine hcl and pseudoephedrine hci
Imipramine Hydrochloride,Imipramine Hydrochloride,HUMAN PRESCRIPTION DRUG,ORAL,imipramine hydrochloride,imipramine hydrochloride
Family Wellness Tolnaftate,Tolnaftate Cream 1% ANTIFUNGAL,HUMAN OTC DRUG,TOPICAL,family wellness tolnaftate,tolnaftate cream 1 antifungal
CAIRINA MOSCHATA HEART/LIVER,Flu Symptom Relief,HUMAN OTC DRUG,ORAL,cairina moschata heartliver,flu symptom relief
Acetaminophen Diphenhydramine HCL,Acetaminophen Diphenhydramine HCL,HUMAN OTC DRUG,ORAL,acetaminophen diphenhydramine hcl,acetaminophen diphenhydramine hcl
diltiazem hydrochloride,Diltiazem Hydrochloride EXTENDED RELEASE,HUMAN PRESCRIPTION DRUG,ORAL,diltiazem hydrochloride,diltiazem hydrochloride extended release
lovastatin,Lovastatin,HUMAN PRESCRIPTION DRUG,ORAL,lovastatin,lovastatin
"ACETAMINOPHEN, CHLORPHENIRAMINE MALEATE, DEXTROMETHORPHAN HYDROBROMIDE, and PHENYLEPHRINE HYDROCHLORIDE",Cold Multi-Symptom Nighttime,HUMAN OTC DRUG,ORAL,acetaminophen chlorpheniramine maleate dextromethorphan hydrobromide and phenylephrine hydrochloride,cold multi-symptom nighttime
SALICYLIC ACID,YAT TIP TOR,HUMAN OTC DRUG,TOPICAL,salicylic acid,yat tip tor
Benazepril Hydrochloride,Benazepril Hydrochloride,HUMAN PRESCRIPTION DRUG,ORAL,benazepril hydrochloride,benazepril hydrochloride
Naproxen Sodium 220mg,Naproxen Sodium 220mg,HUMAN OTC DRUG,ORAL,naproxen sodium 220mg,naproxen sodium 220mg
Pilocarpine Hydrochloride,Pilocarpine Hydrochloride,HUMAN PRESCRIPTION DRUG,OPHTHALMIC,pilocarpine hydrochloride,pilocarpine hydrochloride
Amphetamine Sulfate Tablets,Amphetamine Sulfate,HUMAN PRESCRIPTION DRUG,ORAL,amphetamine sulfate tablets,amphetamine sulfate
Zinc Oxide,CCC Clean Corrective with Vitamin C Tinted Moisturizer Broad Spectrum SPF 30,HUMAN OTC DRUG,TOPICAL,zinc oxide,ccc clean corrective with vitamin c tinted moisturizer broad spectrum spf 30
ETHYL ALCOHOL,Sierra Soft Alcohol Hand Sanitizer,HUMAN OTC DRUG,TOPICAL,ethyl alcohol,sierra soft alcohol hand sanitizer
digoxin,LANOXIN,HUMAN PRESCRIPTION DRUG,INTRAMUSCULAR,digoxin,lanoxin
Divalproex Sodium,Divalproex Sodium,HUMAN PRESCRIPTION DRUG,ORAL,divalproex sodium,divalproex sodium
"Sodium Chloride Hypertonicity Ophthalmic Solution, 5%","Sodium Chloride Hypertonicity Ophthalmic Solution, 5%",HUMAN OTC DRUG,OPHTHALMIC,sodium chloride hypertonicity ophthalmic solution 5,sodium chloride hypertonicity ophthalmic solution 5
Salicylic Acid,SALICYLIC ACID WART REMOVER,HUMAN OTC DRUG,TOPICAL,salicylic acid,salicylic acid wart remover
Dimethicone,Aveeno Baby Daily Moisture,HUMAN OTC DRUG,TOPICAL,dimethicone,aveeno baby daily moisture
"Avobenzone, Homosalate, Octocrylene",Neutrogena Revitalizing Lip Balm Broad Spectrum SPF 20 - Healthy Blush 20,HUMAN OTC DRUG,TOPICAL,avobenzone homosalate octocrylene,neutrogena revitalizing lip balm broad spectrum spf 20 - healthy blush 20
Omeprazole Magnesium,Acid Reducer,HUMAN OTC DRUG,ORAL,omeprazole magnesium,acid reducer
Benzhydrocodone and Acetaminophen,APADAZ,HUMAN PRESCRIPTION DRUG,ORAL,benzhydrocodone and acetaminophen,apadaz
Pantoprazole sodium,Pantoprazole sodium,HUMAN PRESCRIPTION DRUG,INTRAVENOUS,pantoprazole sodium,pantoprazole sodium
Loteprednol Etabonate,Loteprednol Etabonate,HUMAN PRESCRIPTION DRUG,OPHTHALMIC,loteprednol etabonate,loteprednol etabonate
Quetiapine,Quetiapine Extended Release,HUMAN PRESCRIPTION DRUG,ORAL,quetiapine,quetiapine extended release
CARBAMIDE PEROXIDE,Good Neighbor Pharmacy Earwax Removal Drops,HUMAN OTC DRUG,TOPICAL,carbamide peroxide,good neighbor pharmacy earwax removal drops
Donepezil hydrochloride,Donepezil,HUMAN PRESCRIPTION DRUG,ORAL,donepezil hydrochloride,donepezil
DAPAGLIFLOZIN,FARXIGA,HUMAN PRESCRIPTION DRUG,ORAL,dapagliflozin,farxiga
Tobramycin,Tobramycin Inhalation Solution Pak,HUMAN PRESCRIPTION DRUG,RESPIRATORY (INHALATION),tobramycin,tobramycin inhalation solution pak
"Eucalyptol, menthol, methyl salicylate, thymol","Eucalyptol, Menthol, Methyl Salicylate, Thymol",HUMAN OTC DRUG,ORAL,eucalyptol menthol methyl salicylate thymol,eucalyptol menthol methyl salicylate thymol
Lamotirigine,Lamotrigine,HUMAN PRESCRIPTION DRUG,ORAL,lamotirigine,lamotrigine
sitagliptin and metformin hydrochloride,Sitagliptin and Metformin Hydrochloride,HUMAN PRESCRIPTION DRUG,ORAL,sitagliptin and metformin hydrochloride,sitagliptin and metformin hydrochloride
Brensocatib,Brinsupri,HUMAN PRESCRIPTION DRUG,ORAL,brensocatib,brinsupri
Ceftriaxone Sodium,Ceftriaxone Sodium,HUMAN PRESCRIPTION DRUG,INTRAMUSCULAR,ceftriaxone sodium,ceftriaxone sodium
Idarubicin Hydrochloride,Idarubicin Hydrochloride,HUMAN PRESCRIPTION DRUG,INTRAVENOUS,idarubicin hydrochloride,idarubicin hydrochloride
Fluvoxamine Maleate,Fluvoxamine Maleate,HUMAN PRESCRIPTION DRUG,ORAL,fluvoxamine maleate,fluvoxamine maleate
propranolol hydrochloride,Propranolol Hydrochloride,HUMAN PRESCRIPTION DRUG,ORAL,propranolol hydrochloride,propranolol hydrochloride
losartan potassium and hydrochlorothiazide,Losartan Potassium and Hydrochlorothiazide,HUMAN PRESCRIPTION DRUG,ORAL,losartan potassium and hydrochlorothiazide,losartan potassium and hydrochlorothiazide
PredniSONE,"PredniSONE Tablets, USP, 10 mg",HUMAN PRESCRIPTION DRUG,ORAL,prednisone,prednisone tablets usp 10 mg
Doxylamine succinate,Basic Care Sleep Aid,HUMAN OTC DRUG,ORAL,doxylamine succinate,basic care sleep aid
"Avobenzone, Homosalate, Octisalate, Octocrylene",ISA KNOX ANEW SOLAIRE ACTIVE FACE AND BODY PROTECTION BROAD SPECTRUM SPF 50 SUNSCREEN,HUMAN OTC DRUG,TOPICAL,avobenzone homosalate octisalate octocrylene,isa knox anew solaire active face and body protection broad spectrum spf 50 sunscreen
"Homosalate, Octyl salicylate, Titanium dioxide, Zinc oxide",Dr.Oracle AIR FIT DEFENSE SOOTHING SUNSCREEN,HUMAN OTC DRUG,TOPICAL,homosalate octyl salicylate titanium dioxide zinc oxide,droracle air fit defense soothing sunscreen
"THYROID, PORCINE",Armour Thyroid,HUMAN PRESCRIPTION DRUG,ORAL,thyroid porcine,armour thyroid
methylprednisolone sodium succinate,SOLU-MEDROL,HUMAN PRESCRIPTION DRUG,INTRAMUSCULAR,methylprednisolone sodium succinate,solu-medrol
"Titanium Dioxide, Zinc Oxide sunscreen",EltaMD UV Restore,HUMAN OTC DRUG,TOPICAL,titanium dioxide zinc oxide sunscreen,eltamd uv restore
Trimipramine Maleate,Trimipramine Maleate,HUMAN PRESCRIPTION DRUG,ORAL,trimipramine maleate,trimipramine maleate
clobetasol propionate,Clobetasol Propionate (emollient),HUMAN PRESCRIPTION DRUG,TOPICAL,clobetasol propionate,clobetasol propionate emollient
Nortriptyline HCL,Nortriptyline HCL,HUMAN PRESCRIPTION DRUG,ORAL,nortriptyline hcl,nortriptyline hcl
Guanfacine Hydrochloride,Guanfacine Hydrochloride,HUMAN PRESCRIPTION DRUG,ORAL,guanfacine hydrochloride,guanfacine hydrochloride
Benzalkonium Chloride,Care One Regular,HUMAN OTC DRUG,TOPICAL,benzalkonium chloride,care one regular
Prasterone,Intrarosa,HUMAN PRESCRIPTION DRUG,VAGINAL,prasterone,intrarosa
ABOVE SPORT ENERGY WOMEN ANTIPERSPIRANT DEODORANT MAXX,ABOVE SPORT ENERGY WOMEN ANTIPERSPIRANT DEODORANT MAXX,HUMAN OTC DRUG,TOPICAL,above sport energy women antiperspirant deodorant maxx,above sport energy women antiperspirant deodorant maxx
brivaracetam,brivaracetam,HUMAN PRESCRIPTION DRUG,ORAL,brivaracetam,brivaracetam
Petrolatum Jelly,Royal Creamy Petroleum Jelly,HUMAN OTC DRUG,TOPICAL,petrolatum jelly,royal creamy petroleum jelly
SODIUM FLUORIDE,BRUSH BUDDIES CRAYOLA ANTICAVITY FLUORIDE WATERMELON,HUMAN OTC DRUG,ORAL,sodium fluoride,brush buddies crayola anticavity fluoride watermelon
CLOZAPINE,CLOZAPINE,HUMAN PRESCRIPTION DRUG,ORAL,clozapine,clozapine
aluminum hydroxide,Aluminum Hydroxide,HUMAN OTC DRUG,ORAL,aluminum hydroxide,aluminum hydroxide
Capsaicin,Rugby Arthritis Pain Relieving Topical Analgesic,HUMAN OTC DRUG,TOPICAL,capsaicin,rugby arthritis pain relieving topical analgesic
"ACETAMINOPHEN, DEXTROMETHORPHAN HYDROBROMIDE, and PHENYLEPHRINE HYDROCHLORIDE",Mucinex Fast-Max Congestion and Headache Maximum Strength,HUMAN OTC DRUG,ORAL,acetaminophen dextromethorphan hydrobromide and phenylephrine hydrochloride,mucinex fast-max congestion and headache maximum strength
Belinostat,Beleodaq,HUMAN PRESCRIPTION DRUG,INTRAVENOUS,belinostat,beleodaq
insulin aspart,Insulin Aspart,HUMAN PRESCRIPTION DRUG,INTRAVENOUS,insulin aspart,insulin aspart
MENTHOL,Cough Drops Dollar General Menthol 160ct,HUMAN OTC DRUG,ORAL,menthol,cough drops dollar general menthol 160ct
diclofenac sodium and misoprostol,Diclofenac Sodium Misoprostol,HUMAN PRESCRIPTION DRUG,ORAL,diclofenac sodium and misoprostol,diclofenac sodium misoprostol
Zinc Oxide,Mineral Glowscreen Soft-Radiance Drops Sunset,HUMAN OTC DRUG,TOPICAL,zinc oxide,mineral glowscreen soft-radiance drops sunset
SOME BY MI AHA BHA PHA 30 DAYS MIRACLE ACNE BODY CLEANSER,SOME BY MI AHA BHA PHA 30 DAYS MIRACLE ACNE BODY CLEANSER,HUMAN OTC DRUG,TOPICAL,some by mi aha bha pha 30 days miracle acne body cleanser,some by mi aha bha pha 30 days miracle acne body cleanser
Bismuth,TopCare Bismuth Stomach Relief,HUMAN OTC DRUG,ORAL,bismuth,topcare bismuth stomach relief
Promethazine Hydrochloride,Promethazine Hydrochloride,HUMAN PRESCRIPTION DRUG,ORAL,promethazine hydrochloride,promethazine hydrochloride
AMMONIA N-13,Ammonia N 13,HUMAN PRESCRIPTION DRUG,INTRAVENOUS,ammonia n-13,ammonia n 13
Sotalol Hydrochloride,Sotalol,HUMAN PRESCRIPTION DRUG,ORAL,sotalol hydrochloride,sotalol
"Homosalate, Octisalate, Avobenzone",Naturium Dew Glow Tinted Moisturizer SPF50,HUMAN OTC DRUG,TOPICAL,homosalate octisalate avobenzone,naturium dew glow tinted moisturizer spf50
Alcohol,Hand Sanitizer Juicy Pear,HUMAN OTC DRUG,TOPICAL,alcohol,hand sanitizer juicy pear
mometasone furoate and formoterol fumarate dihydrate,Dulera,HUMAN PRESCRIPTION DRUG,RESPIRATORY (INHALATION),mometasone furoate and formoterol fumarate dihydrate,dulera
Zinc Oxide,Babo Botanicals Daily Dew Milk Tinted Mineral Sunscreen SPF 27,HUMAN OTC DRUG,TOPICAL,zinc oxide,babo botanicals daily dew milk tinted mineral sunscreen spf 27
ACETAMINOPHEN,EXTRA STRENGTH ACETAMINOPHEN,HUMAN OTC DRUG,ORAL,acetaminophen,extra strength acetaminophen
Titanium Dioxide and Zinc Oxide,Stay Ageless Tinted Mineral Sunscreen Broad Spectrum SPF 30,HUMAN OTC DRUG,TOPICAL,titanium dioxide and zinc oxide,stay ageless tinted mineral sunscreen broad spectrum spf 30
Titanium Dioxide,toty Ilumina CC Creamy Compact 1C,HUMAN OTC DRUG,TOPICAL,titanium dioxide,toty ilumina cc creamy compact 1c
Lacosamide,Lacosamide,HUMAN PRESCRIPTION DRUG,ORAL,lacosamide,lacosamide
"Avobenzone, Homosalate, Octisalate, and Octocrylene",Vacation Lip Trips Desserts Pineapple Upside Down Cake,HUMAN OTC DRUG,TOPICAL,avobenzone homosalate octisalate and octocrylene,vacation lip trips desserts pineapple upside down cake
PHENOL,Wild Horse 777 Oral,HUMAN OTC DRUG,TOPICAL,phenol,wild horse 777 oral
Zinc Oxide,Hello Sun Silky Glow Broad Spectrum SPF40,HUMAN OTC DRUG,TOPICAL,zinc oxide,hello sun silky glow broad spectrum spf40
Zinc Oxide,SunnyDays Broad Spectrum SPF 30 Tinted Sunscreen 18 Montana,HUMAN OTC DRUG,TOPICAL,zinc oxide,sunnydays broad spectrum spf 30 tinted sunscreen 18 montana
MENTHOL,PRFC HEMP Topical Analgesic,HUMAN OTC DRUG,TOPICAL,menthol,prfc hemp topical analgesic
MENTHOL,dermaFIT Muscle Retention Cream Extra Strength,HUMAN OTC DRUG,TOPICAL,menthol,dermafit muscle retention cream extra strength
Multi Purpose Skin Protectant,Prequel Skin Utility Oint,HUMAN OTC DRUG,TOPICAL,multi purpose skin protectant,prequel skin utility oint
Amitriptyline Hydrochloride,Amitriptyline Hydrochloride,HUMAN PRESCRIPTION DRUG,ORAL,amitriptyline hydrochloride,amitriptyline hydrochloride
Nat Phos,Bestmade Natural Products Nat Phos,HUMAN OTC DRUG,ORAL,nat phos,bestmade natural products nat phos
"Arnica mont, Bryonia alb, Cactus grand, Ferr met, Rananculus bulb, Stannum met",Bestmade Natural Products BM177,HUMAN OTC DRUG,ORAL,arnica mont bryonia alb cactus grand ferr met rananculus bulb stannum met,bestmade natural products bm177
Stramonium,Bestmade Natural Products Stramonium,HUMAN OTC DRUG,ORAL,stramonium,bestmade natural products stramonium
"Glandula Suprarenalis (Bovine), Hepar (Bovine), Histaminum Hydrochloricum, Bahia Grass, Bermuda Grass, Brome Grass Pollen, Corn Pollen, Johnson Grass, Kentucky Bluegrass, Meadow Fescue Pollen, Oats Pollen, Orchard Grass, Rye Grass, Timothy Grass, Vernal Grass, Wheat Grass Pollen, Cocklebur Pollen, Goldenrod Pollen, Lambs Quarters Pollen, Mugwort Pollen, Mustard Pollen, Ragweed Pollen, Red Clover Pollen, Yellow Dock Pollen, Adrenocorticotrophin",Grass and Weed Mix,HUMAN OTC DRUG,ORAL,glandula suprarenalis bovine hepar bovine histaminum hydrochloricum bahia grass bermuda grass brome grass pollen corn pollen johnson grass kentucky bluegrass meadow fescue pollen oats pollen orchard grass rye grass timothy grass vernal grass wheat grass pollen cocklebur pollen goldenrod pollen lambs quarters pollen mugwort pollen mustard pollen ragweed pollen red clover pollen yellow dock pollen adrenocorticotrophin,grass and weed mix
HYDROMORPHONE HYDROCHLORIDE,Hydromorphone Hydrochloride,HUMAN PRESCRIPTION DRUG,INTRAMUSCULAR,hydromorphone hydrochloride,hydromorphone hydrochloride
Carboplatin,Carboplatin,HUMAN PRESCRIPTION DRUG,INTRAVENOUS,carboplatin,carboplatin
Antiperspirant Stick,Suave Invisible Solid Antiperspirant Deodorant Wild Cherry Blossom,HUMAN OTC DRUG,TOPICAL,antiperspirant stick,suave invisible solid antiperspirant deodorant wild cherry blossom
ZINC OXIDE,LION POSE GHOST-BUSTER BROAD SPECTRUM SPF 42 SUNSCREEN,HUMAN OTC DRUG,TOPICAL,zinc oxide,lion pose ghost-buster broad spectrum spf 42 sunscreen
Benzethonium Chloride,Eco Bandage OCEAN,HUMAN OTC DRUG,TOPICAL,benzethonium chloride,eco bandage ocean
ZINC OXIDE,Dolce and Gabbana Blueberry Nutri Tint SPF 20 12N Light Medium,HUMAN OTC DRUG,TOPICAL,zinc oxide,dolce and gabbana blueberry nutri tint spf 20 12n light medium
Aluminum Zirconium Tetrachlorohydrex Gly,Old Spice Fiji,HUMAN OTC DRUG,TOPICAL,aluminum zirconium tetrachlorohydrex gly,old spice fiji
"Dextromethorphan HBr, Guaifenesin",Vicks Formula 44DM HONEY COUGH and CHEST CONGESTION,HUMAN OTC DRUG,ORAL,dextromethorphan hbr guaifenesin,vicks formula 44dm honey cough and chest congestion
ANTIPERSPIRANT DEODORANT ROLL,ZERMAT INCONTROL ANTIPERSPIRANT DEODORANT ROLL-ON FOR MEN,HUMAN OTC DRUG,CUTANEOUS,antiperspirant deodorant roll,zermat incontrol antiperspirant deodorant roll-on for men
Sodium monofluorophosphate,CAREKON ANTI-CAVITY FLUORIDE,HUMAN OTC DRUG,DENTAL,sodium monofluorophosphate,carekon anti-cavity fluoride
"ZINC OXIDE,NIACINAMIDE,COLLOIDAL SULFUR,AZELAIC ACID,SALICYLIC ACID.",PEGO Acne Buster Salicylic Acid Drying Serum,HUMAN OTC DRUG,TOPICAL,zinc oxideniacinamidecolloidal sulfurazelaic acidsalicylic acid,pego acne buster salicylic acid drying serum
Naloxone Hydrochloride,ZIMHI,HUMAN PRESCRIPTION DRUG,INTRAMUSCULAR,naloxone hydrochloride,zimhi
Clinical Skin Filter Tinted Sunscreen,Clinical Skin Filter Tinted Sunscreen,HUMAN OTC DRUG,TOPICAL,clinical skin filter tinted sunscreen,clinical skin filter tinted sunscreen
GLYCERIN,Nail Repairs Patches,HUMAN OTC DRUG,TOPICAL,glycerin,nail repairs patches
Zinc Oxide,Advanced Light Perfecting Sunscreen,HUMAN OTC DRUG,TOPICAL,zinc oxide,advanced light perfecting sunscreen
Miconazole nitrate 2%,RoyceDerm Tinea Antifungal Cream,HUMAN OTC DRUG,TOPICAL,miconazole nitrate 2,roycederm tinea antifungal cream
Antifungal Treatment Cream,Tobcharm Antifungal Treatment Cream,HUMAN OTC DRUG,TOPICAL,antifungal treatment cream,tobcharm antifungal treatment cream
Salicylic acid 17% GENITAL WART REMOVER,Bighero GENITAL WART REMOVER,HUMAN OTC DRUG,TOPICAL,salicylic acid 17 genital wart remover,bighero genital wart remover
Alcohol Hand Sanitizer,Alcohol Hand Sanitizer,HUMAN OTC DRUG,CUTANEOUS,alcohol hand sanitizer,alcohol hand sanitizer
"Titanium Dioxide, Zinc Oxide",Mineral Lip Protection,HUMAN OTC DRUG,TOPICAL,titanium dioxide zinc oxide,mineral lip protection
Zinc Oxide,Non Tinted Moisturizing Mineral Sunscreen,HUMAN OTC DRUG,TOPICAL,zinc oxide,non tinted moisturizing mineral sunscreen
Guaifenesin,Dr Simi Mucus Relief Expectorant,HUMAN OTC DRUG,ORAL,guaifenesin,dr simi mucus relief expectorant
Nat Phos,BM NAT PHOS POTENCY,HUMAN OTC DRUG,ORAL,nat phos,bm nat phos potency
UNDECYLENIC ACID,SFEIXE ANTIFUNGAL PEN,HUMAN OTC DRUG,TOPICAL,undecylenic acid,sfeixe antifungal pen
Fungal Nail Repair Pen,Lakeim Fungal Nail Repair Pen,HUMAN OTC DRUG,TOPICAL,fungal nail repair pen,lakeim fungal nail repair pen
"Methyl Salicylate, L-Menthol",ZENOL COOL,HUMAN OTC DRUG,TRANSDERMAL,methyl salicylate l-menthol,zenol cool
Tolnaftate,KDMAN,HUMAN OTC DRUG,TOPICAL,tolnaftate,kdman
Paracetamol,,BULK INGREDIENT,,paracetamol,
Dulaglutide,,DRUG FOR FURTHER PROCESSING,,dulaglutide,
ranolazine,Ranolazine,HUMAN PRESCRIPTION DRUG,ORAL,ranolazine,ranolazine
Biotin,,BULK INGREDIENT,,biotin,
benzonatate,,DRUG FOR FURTHER PROCESSING,,benzonatate,
phentermine and topiramate,,DRUG FOR FURTHER PROCESSING,,phentermine and topiramate,
vericiguat,,DRUG FOR FURTHER PROCESSING,,vericiguat,
idarucizumab,,BULK INGREDIENT,,idarucizumab,
Umeclidinium Bromide,,BULK INGREDIENT,,umeclidinium bromide,
Ipratropium Bromide,,BULK INGREDIENT,,ipratropium bromide,
Tolterodine Tartrate,,BULK INGREDIENT,,tolterodine tartrate,
Octisalate,,BULK INGREDIENT,,octisalate,
Dexlansoprazole Sesquihydrate,,BULK INGREDIENT,,dexlansoprazole sesquihydrate,
Atovaquone,,BULK INGREDIENT,,atovaquone,
tislelizumab-jsgr,,HUMAN PRESCRIPTION DRUG,,tislelizumab-jsgr,
Pyridoxine Dipalmitate,,BULK INGREDIENT,,pyridoxine dipalmitate,
MITOTANE,,BULK INGREDIENT,,mitotane,
Fosphenytoin Sodium,CEREBYX,HUMAN PRESCRIPTION DRUG,INTRAMUSCULAR,fosphenytoin sodium,cerebyx
Aspirin,Bayer Genuine Aspirin,HUMAN OTC DRUG,ORAL,aspirin,bayer genuine aspirin
Vancomycin,,BULK INGREDIENT,,vancomycin,
BECLOMETHASONE DIPROPIONATE,,BULK INGREDIENT,,beclomethasone dipropionate,
Sugammadex Sodium,,BULK INGREDIENT,,sugammadex sodium,
TRILOSTANE,,BULK INGREDIENT,,trilostane,
Ibuprofen,,DRUG FOR FURTHER PROCESSING,,ibuprofen,
Phenobarbital,,BULK INGREDIENT,,phenobarbital,
Cefadroxil Monohydrate,,BULK INGREDIENT,,cefadroxil monohydrate,
Dabigatran,,BULK INGREDIENT,,dabigatran,
AMITRIPTYLINE,,BULK INGREDIENT,,amitriptyline,
Sildenafil Citrate,,BULK INGREDIENT,,sildenafil citrate,
Sarolaner SDD,,DRUG FOR FURTHER PROCESSING,,sarolaner sdd,
Clascoterone,,BULK INGREDIENT,,clascoterone,
Oxibendazole,,BULK INGREDIENT,,oxibendazole,
Ampicillin and Sulbactam,,DRUG FOR FURTHER PROCESSING,,ampicillin and sulbactam,
Tenofovir Alafenamide Fumarate,,BULK INGREDIENT,,tenofovir alafenamide fumarate,
rosuvastatin calcium,,DRUG FOR FURTHER PROCESSING,,rosuvastatin calcium,
Potassium Chloride for Oral Solution,Potassium Chloride for Oral Solution,HUMAN PRESCRIPTION DRUG,ORAL,potassium chloride for oral solution,potassium chloride for oral solution
Salicylic Acid,Stridex Sensitive,HUMAN OTC DRUG,TOPICAL,salicylic acid,stridex sensitive
Tolnaftate,Blistex Odor-Eaters Powder,HUMAN OTC DRUG,TOPICAL,tolnaftate,blistex odor-eaters powder
permethrin,,BULK INGREDIENT,,permethrin,
"dimethicone, octinoxate, octisalate, oxybenzone","Softlips Peppermint Mocha, Apple Chai Cider, Orange Cranberry",HUMAN OTC DRUG,TOPICAL,dimethicone octinoxate octisalate oxybenzone,softlips peppermint mocha apple chai cider orange cranberry
Lidocaine HCl,Mentholatum Lidocaine Heat,HUMAN OTC DRUG,TOPICAL,lidocaine hcl,mentholatum lidocaine heat
benzocaine,Red Cross Oral Pain Relief,HUMAN OTC DRUG,TOPICAL,benzocaine,red cross oral pain relief
Ethyl eicosapentaenoate,,BULK INGREDIENT,,ethyl eicosapentaenoate,
EFAVIRENZ,,BULK INGREDIENT,,efavirenz,
romiplostim,,DRUG FOR FURTHER PROCESSING,,romiplostim,
Fentanyl Citrate,,BULK INGREDIENT,,fentanyl citrate,
Niacin,,BULK INGREDIENT,,niacin,
Risperidone,,BULK INGREDIENT,,risperidone,
Ursodiol,,BULK INGREDIENT,,ursodiol,
Dalfampridine,,BULK INGREDIENT,,dalfampridine,
Trazodone HCl,,BULK INGREDIENT,,trazodone hcl,
Letrozole,,BULK INGREDIENT,,letrozole,
Brivaracetam,,BULK INGREDIENT,,brivaracetam,
USTILAGO MAYDIS,,DRUG FOR FURTHER PROCESSING,,ustilago maydis,
Hydrocortisone Acetate,,BULK INGREDIENT,,hydrocortisone acetate,
Dapagliflozin,,BULK INGREDIENT,,dapagliflozin,
Cyclobenzaprine Hydrochloride,,DRUG FOR FURTHER PROCESSING,,cyclobenzaprine hydrochloride,
Granisetron Hydrochloride,,BULK INGREDIENT,,granisetron hydrochloride,
vilazodone hydrochloride,,BULK INGREDIENT,,vilazodone hydrochloride,
Semorelin Acetate,,BULK INGREDIENT,,semorelin acetate,
OLMESARTAN MEDOXOMIL,,BULK INGREDIENT,,olmesartan medoxomil,
Ibuprofen,Up and Up childrens ibuprofen,HUMAN OTC DRUG,ORAL,ibuprofen,up and up childrens ibuprofen
Vildagliptin,,BULK INGREDIENT,,vildagliptin,
Macitentan,,BULK INGREDIENT,,macitentan,
FLURBIPROFEN,,BULK INGREDIENT,,flurbiprofen,
"Mannose Triflate, ultra pure",,BULK INGREDIENT,,mannose triflate ultra pure,
Tegoprazan,,BULK INGREDIENT,,tegoprazan,
ARA290,,BULK INGREDIENT,,ara290,
Romifidine Hydrochloride,,BULK INGREDIENT,,romifidine hydrochloride,
Mycophenolate Mofetil,,BULK INGREDIENT,,mycophenolate mofetil,
Chorionic Gonadotropin,,BULK INGREDIENT,,chorionic gonadotropin,
sufentanil citrate,,DRUG FOR FURTHER PROCESSING,,sufentanil citrate,
CETIRIZINE HYDROCHLORIDE,,DRUG FOR FURTHER PROCESSING,,cetirizine hydrochloride,
Cetirizine Hydrochloride,Cetirizine Hydrochloride (Allergy),HUMAN OTC DRUG,ORAL,cetirizine hydrochloride,cetirizine hydrochloride allergy
Acetaminophen,better living brands childrens fever and pain reliver,HUMAN OTC DRUG,ORAL,acetaminophen,better living brands childrens fever and pain reliver
Acetaminophen,infants fever reducer and pain reliever,HUMAN OTC DRUG,ORAL,acetaminophen,infants fever reducer and pain reliever
LORATADINE,LORATADINE,HUMAN OTC DRUG,ORAL,loratadine,loratadine
Flibanserin,,BULK INGREDIENT,,flibanserin,
PHENTERMINE HYDROCHLORIDE,,BULK INGREDIENT,,phentermine hydrochloride,
LORATADINE,CHILDRENS LORATADINE,HUMAN OTC DRUG,ORAL,loratadine,childrens loratadine
Oxycodone Hydrochloride Oral Solution,Oxycodone Hydrochloride Oral Solution,HUMAN PRESCRIPTION DRUG,ORAL,oxycodone hydrochloride oral solution,oxycodone hydrochloride oral solution
penciclovir,Penciclovir,HUMAN PRESCRIPTION DRUG,TOPICAL,penciclovir,penciclovir
"AVOBENZONE, OCTISALATE, OCTOCRYLENE",LBEL SPECIALISTE DARK SPOT BRIGHTENING MOISTURIZING SPF 30,HUMAN OTC DRUG,TOPICAL,avobenzone octisalate octocrylene,lbel specialiste dark spot brightening moisturizing spf 30
Tirofiban Hydrochloride,Tirofiban Hydrochloride,HUMAN PRESCRIPTION DRUG,INTRAVENOUS,tirofiban hydrochloride,tirofiban hydrochloride
COLCHICUM AUT,COLCHICUM AUT,HUMAN OTC DRUG,ORAL,colchicum aut,colchicum aut
"CARBIDOPA, LEVODOPA AND ENTACAPONE","CARBIDOPA, LEVODOPA AND ENTACAPONE",HUMAN PRESCRIPTION DRUG,ORAL,carbidopa levodopa and entacapone,carbidopa levodopa and entacapone
propofol,propofol,HUMAN PRESCRIPTION DRUG,INTRAVENOUS,propofol,propofol
Hydrocortisone,Kroger Anti Itch,HUMAN OTC DRUG,TOPICAL,hydrocortisone,kroger anti itch
Petrolatum Jelly,Shea Butter Petroleum Jelly,HUMAN OTC DRUG,TOPICAL,petrolatum jelly,shea butter petroleum jelly
VANCOMYCIN HYDROCHLORIDE,VANCOMYCIN HYDROCHLORIDE,HUMAN PRESCRIPTION DRUG,INTRAVENOUS,vancomycin hydrochloride,vancomycin hydrochloride
Triticum aestivum,Cultivated Wheat,NON-STANDARDIZED ALLERGENIC,INTRADERMAL,triticum aestivum,cultivated wheat
Trichothecium roseum,Trichothecium roseum,NON-STANDARDIZED ALLERGENIC,INTRADERMAL,trichothecium roseum,trichothecium roseum
Solidago spp.,Goldenrod,NON-STANDARDIZED ALLERGENIC,INTRADERMAL,solidago spp,goldenrod
Atazanavir Sulfate,Atazanavir Sulfate,HUMAN PRESCRIPTION DRUG,ORAL,atazanavir sulfate,atazanavir sulfate
Budesonide,Budesonide,HUMAN PRESCRIPTION DRUG,RESPIRATORY (INHALATION),budesonide,budesonide
Spinacia oleracea,Spinach,NON-STANDARDIZED ALLERGENIC,INTRADERMAL,spinacia oleracea,spinach
Mucor circinelloides f. lusitanicus and Rhizopus stolonifer,Phycomycetes Mix,NON-STANDARDIZED ALLERGENIC,INTRADERMAL,mucor circinelloides f lusitanicus and rhizopus stolonifer,phycomycetes mix
Oatmeal,Earths Care Eczema,HUMAN OTC DRUG,TOPICAL,oatmeal,earths care eczema
Prucalopride,Prucalopride,HUMAN PRESCRIPTION DRUG,ORAL,prucalopride,prucalopride
Rauwolfia Serpentina,Rauwolfia Serpentina,HUMAN OTC DRUG,ORAL,rauwolfia serpentina,rauwolfia serpentina
Helleborus Niger,Helleborus Niger,HUMAN OTC DRUG,ORAL,helleborus niger,helleborus niger
Valeriana Officinalis,Valeriana Officinalis,HUMAN OTC DRUG,ORAL,valeriana officinalis,valeriana officinalis
POVIDONE-IODINE,POVIDONE IODINE SCRUB SWABSTICK 3s,HUMAN OTC DRUG,TOPICAL,povidone-iodine,povidone iodine scrub swabstick 3s
SODIUM MONOFLUOROPHOSPHATE,COLGATE BAKING SODA AND PEROXIDE WHITENING OXYGEN BUBBLES FROSTY MINT,HUMAN OTC DRUG,DENTAL,sodium monofluorophosphate,colgate baking soda and peroxide whitening oxygen bubbles frosty mint
Stannous flouride,Sensitive Whitening Anticavity,HUMAN OTC DRUG,DENTAL,stannous flouride,sensitive whitening anticavity
"IBUPROFEN, DIPHENHYDRAMINE HCL",Ibuprofen PM,HUMAN OTC DRUG,ORAL,ibuprofen diphenhydramine hcl,ibuprofen pm
Chromium Oxydatum,Chromium Oxydatum,HUMAN OTC DRUG,ORAL,chromium oxydatum,chromium oxydatum
Argatroban,Argatroban,HUMAN PRESCRIPTION DRUG,INTRAVENOUS,argatroban,argatroban
Abiraterone acetate,Abiraterone,HUMAN PRESCRIPTION DRUG,ORAL,abiraterone acetate,abiraterone
ALCOHOL,75% Alcohol Disinfectant,HUMAN OTC DRUG,EXTRACORPOREAL,alcohol,75 alcohol disinfectant
Etoposide,Etoposide,HUMAN PRESCRIPTION DRUG,INTRAVENOUS,etoposide,etoposide
Gadolinium Metallicum,Gadolinium Metallicum,HUMAN OTC DRUG,ORAL,gadolinium metallicum,gadolinium metallicum
Piper Methysticum,Piper Methysticum,HUMAN OTC DRUG,ORAL,piper methysticum,piper methysticum
Rosa Canina Flos,Rosa Canina Flos,HUMAN OTC DRUG,ORAL,rosa canina flos,rosa canina flos
Kali Cyanatum,Kali Cyanatum,HUMAN OTC DRUG,ORAL,kali cyanatum,kali cyanatum
Niccolum Phosphoricum,Niccolum Phosphoricum,HUMAN OTC DRUG,ORAL,niccolum phosphoricum,niccolum phosphoricum
"AVOBENZONE, HOMOSALATE, OCTISALATE, OCTOCRYLENE",HEB Shimmer Sunscreen SPF 50,HUMAN OTC DRUG,TOPICAL,avobenzone homosalate octisalate octocrylene,heb shimmer sunscreen spf 50
Fexofenadine HCL,Childrens Allergy,HUMAN OTC DRUG,ORAL,fexofenadine hcl,childrens allergy
menthol and lidocaine,Icy Hot with Lidocaine No-Mess,HUMAN OTC DRUG,TOPICAL,menthol and lidocaine,icy hot with lidocaine no-mess
avelumab,BAVENCIO,HUMAN PRESCRIPTION DRUG,INTRAVENOUS,avelumab,bavencio
"Adrenalinum, Ammonium Muriaticum, Apocynum Cannabinum, Buthus Australis, Carduus Marianus, Cinchona Officinalis, Fel Tauri, Hepar Suis, Hepar Sulphuris Calcareum, Hypothalamus Suis, Manganum Carbonicum, Moschus, Naja Tripudians, Natrum Muriaticum, Nitricum Acidum, Nux Vomica, Rhus Tox, Taraxacum Officinale",Resentment,HUMAN OTC DRUG,ORAL,adrenalinum ammonium muriaticum apocynum cannabinum buthus australis carduus marianus cinchona officinalis fel tauri hepar suis hepar sulphuris calcareum hypothalamus suis manganum carbonicum moschus naja tripudians natrum muriaticum nitricum acidum nux vomica rhus tox taraxacum officinale,resentment
"Aralia Quinquefolia, Ginkgo Biloba, Hydrocotyle Asiatica, Polygonum Multiflorum, Aronia Melanocarpa, Vaccinium Myrtillus, Germanium Sesquioxide, Aurum Metallicum, Baryta Muriatica, Kali Phosphoricum, Plumbum Metallicum, Secale Cornutum, Tabacum, Viscum Album, Ubidecarenonum, Adenosinum Triphosphoricum Dinatrum",Ginkgo Tonic,HUMAN OTC DRUG,ORAL,aralia quinquefolia ginkgo biloba hydrocotyle asiatica polygonum multiflorum aronia melanocarpa vaccinium myrtillus germanium sesquioxide aurum metallicum baryta muriatica kali phosphoricum plumbum metallicum secale cornutum tabacum viscum album ubidecarenonum adenosinum triphosphoricum dinatrum,ginkgo tonic
Meperidine Hydrochloride,Meperidine Hydrochloride,HUMAN PRESCRIPTION DRUG,ORAL,meperidine hydrochloride,meperidine hydrochloride
Dicyclomine Hydrochloride,Dicyclomine Hydrochloride,HUMAN PRESCRIPTION DRUG,ORAL,dicyclomine hydrochloride,dicyclomine hydrochloride
"OCTINOXATE, TITANIUM DIOXIDE, and ZINC OXIDE",AMOREPACIFIC COLOR CONTROL CUSHION COMPACT NO.208,HUMAN OTC DRUG,TOPICAL,octinoxate titanium dioxide and zinc oxide,amorepacific color control cushion compact no208
"Chamomilla, Echinacea (Angustifolia), Hamamelis Virginiana, Hypericum Perforatum, Millefolium, Calendula Officinalis, Arnica Montana, Bellis Perennis, Rhus Tox, Bryonia (Alba), Clematis Vitalba, Folia, Hepar Sulphuris Calcareum, Ornithogalum Umbellatum, Prunus Cerasifera, Flos, Carbo Vegetabilis",Trauma Remedy,HUMAN OTC DRUG,ORAL,chamomilla echinacea angustifolia hamamelis virginiana hypericum perforatum millefolium calendula officinalis arnica montana bellis perennis rhus tox bryonia alba clematis vitalba folia hepar sulphuris calcareum ornithogalum umbellatum prunus cerasifera flos carbo vegetabilis,trauma remedy
capsaicin,Satogesic Hot,HUMAN OTC DRUG,TOPICAL,capsaicin,satogesic hot
"Homosalate, Octisalate and Octocrylene",Dermablend Professional CC Continuous Correction Full Coverage Makeup Broad Spectrum SPF 50 Plus Sunscreen,HUMAN OTC DRUG,TOPICAL,homosalate octisalate and octocrylene,dermablend professional cc continuous correction full coverage makeup broad spectrum spf 50 plus sunscreen
Betula populifolia,Gray (White) Birch Pollen,NON-STANDARDIZED ALLERGENIC,CUTANEOUS,betula populifolia,gray white birch pollen
Zincum metallicum,Zinc Met,HUMAN OTC DRUG,ORAL,zincum metallicum,zinc met
"Hypericum Perforatum, Rhus Tox, Staphysagria, Symphytum Officinale, Arnica Montana, Phosphorus, Calendula Officinalis",Pre/Post Surgetone,HUMAN OTC DRUG,ORAL,hypericum perforatum rhus tox staphysagria symphytum officinale arnica montana phosphorus calendula officinalis,prepost surgetone
Dexlansoprazole,Dexlansoprazole,HUMAN PRESCRIPTION DRUG,ORAL,dexlansoprazole,dexlansoprazole
Alcohol,Quik-Care Nourishing Foam Hand Sanitizer,HUMAN OTC DRUG,TOPICAL,alcohol,quik-care nourishing foam hand sanitizer
ALOE FEROX LEAF,Aloe,HUMAN OTC DRUG,ORAL,aloe ferox leaf,aloe
thioridazine hydrochloride,Thioridazine Hydrochloride,HUMAN PRESCRIPTION DRUG,ORAL,thioridazine hydrochloride,thioridazine hydrochloride
ANTIMONY TRISULFIDE,Antimonium crudum,HUMAN OTC DRUG,ORAL,antimony trisulfide,antimonium crudum
"Aspirin, Citric Acid, Sodium Bicarbonate",Equate Effervescent Antacid and Pain Relief,HUMAN OTC DRUG,ORAL,aspirin citric acid sodium bicarbonate,equate effervescent antacid and pain relief
Indomethacin,Indomethacin,HUMAN PRESCRIPTION DRUG,ORAL,indomethacin,indomethacin
BLACK COHOSH,Cimicifuga racemosa,HUMAN OTC DRUG,ORAL,black cohosh,cimicifuga racemosa
benzethonium chloride and lidocaine,Blood Clotting,HUMAN OTC DRUG,TOPICAL,benzethonium chloride and lidocaine,blood clotting
Docusate sodium and sennosides,Laxacin,HUMAN OTC DRUG,ORAL,docusate sodium and sennosides,laxacin
Faricimab,VABYSMO,HUMAN PRESCRIPTION DRUG,INTRAVITREAL,faricimab,vabysmo
Albuterol sulfate,Albuterol sulfate,HUMAN PRESCRIPTION DRUG,RESPIRATORY (INHALATION),albuterol sulfate,albuterol sulfate
CONIUM MACULATUM FLOWERING TOP,Conium maculatum,HUMAN OTC DRUG,ORAL,conium maculatum flowering top,conium maculatum
Burn Relief,Lidocaine,HUMAN OTC DRUG,TOPICAL,burn relief,lidocaine
CYCLAMEN PURPURASCENS TUBER,CYCLAMEN EUROPAEUM,HUMAN OTC DRUG,ORAL,cyclamen purpurascens tuber,cyclamen europaeum
"Acetaminophen, Dextromethorphan HBr, Doxylamine succinate, Phenylephrine HCl",Cold and Flu Daytime Nighttime,HUMAN OTC DRUG,,acetaminophen dextromethorphan hbr doxylamine succinate phenylephrine hcl,cold and flu daytime nighttime
"Acetaminophen, Aspirin, Diphenhydramine citrate",PM Headache,HUMAN OTC DRUG,ORAL,acetaminophen aspirin diphenhydramine citrate,pm headache
Clobazam,Clobazam,HUMAN PRESCRIPTION DRUG,ORAL,clobazam,clobazam
Ethyl Alcohol,AshleyBelle Moisturizing Hand Sanitizer Raspberry Lemonade,HUMAN OTC DRUG,TOPICAL,ethyl alcohol,ashleybelle moisturizing hand sanitizer raspberry lemonade
IRON DEXTRAN,IRON DEXTRAN,HUMAN PRESCRIPTION DRUG,INTRAMUSCULAR,iron dextran,iron dextran
methscopolamine bromide,Methscopolamine Bromide,HUMAN PRESCRIPTION DRUG,ORAL,methscopolamine bromide,methscopolamine bromide
Diflorasone Diacetate,Diflorasone Diacetate,HUMAN PRESCRIPTION DRUG,TOPICAL,diflorasone diacetate,diflorasone diacetate
FLUOXETINE HYDROCHLORIDE,FLUOXETINE HYDROCHLORIDE,HUMAN PRESCRIPTION DRUG,ORAL,fluoxetine hydrochloride,fluoxetine hydrochloride
Benzalkonium Chloride,ARRAY Plum Scent Antibacterial Foam Handwash,HUMAN OTC DRUG,TOPICAL,benzalkonium chloride,array plum scent antibacterial foam handwash
Perphenazine,Perphenazine,HUMAN PRESCRIPTION DRUG,ORAL,perphenazine,perphenazine
Isopropyl Alcohol,Isopropyl Rubbing Alcohol 50%,HUMAN OTC DRUG,TOPICAL,isopropyl alcohol,isopropyl rubbing alcohol 50
Sodium Fluoride,EUTHYMOL Extraordinary Pink Whitening,HUMAN OTC DRUG,DENTAL,sodium fluoride,euthymol extraordinary pink whitening
Cinchona Officinalis,Cinchona Officinalis,HUMAN OTC DRUG,ORAL,cinchona officinalis,cinchona officinalis
Anticoagulant Citrate Phosphate Dextrose (CPD) and AS-5 Red Cell Preservative,IMUFLEX WB-SP Blood Bag System with Integral Whole Blood Leukocyte Reduction Filter (Saving Platelets) with Diversion Blood Sampling Arm Anticoagulant Citrate Phosphate Dextrose (CPD) and OPTISOL (AS-5) Red Cell Preservative for collection of 500mL of Blood,HUMAN PRESCRIPTION DRUG,,anticoagulant citrate phosphate dextrose cpd and as-5 red cell preservative,imuflex wb-sp blood bag system with integral whole blood leukocyte reduction filter saving platelets with diversion blood sampling arm anticoagulant citrate phosphate dextrose cpd and optisol as-5 red cell preservative for collection of 500ml of blood
"MAGNESIUM PHOSPHATE, DIBASIC TRIHYDRATE",Magnesia phosphorica,HUMAN OTC DRUG,ORAL,magnesium phosphate dibasic trihydrate,magnesia phosphorica
MANGANESE ACETATE TETRAHYDRATE,Manganum aceticum,HUMAN OTC DRUG,ORAL,manganese acetate tetrahydrate,manganum aceticum
MERCURIC CYANIDE,MERCURIUS CYANATUS,HUMAN OTC DRUG,ORAL,mercuric cyanide,mercurius cyanatus
Cyanocobalamin,Cyanocobalamin,HUMAN PRESCRIPTION DRUG,INTRAMUSCULAR,cyanocobalamin,cyanocobalamin
alcohol,Smart Care Cucumber Melon Hand Sanitizer,HUMAN OTC DRUG,TOPICAL,alcohol,smart care cucumber melon hand sanitizer
Oxygen/Nitrogen 38/62,Oxygen/Nitrogen 38/62,HUMAN PRESCRIPTION DRUG,RESPIRATORY (INHALATION),oxygennitrogen 3862,oxygennitrogen 3862
Benzalkonium Chloride,SCOTT FOAM HAND SANITIZER,HUMAN OTC DRUG,TOPICAL,benzalkonium chloride,scott foam hand sanitizer
Sodium fluoride,Alcohol-Free Anticavity,HUMAN OTC DRUG,ORAL,sodium fluoride,alcohol-free anticavity
"MATRICARIA CHAMOMILLA, MERCURIUS SOLUBILIS, SULFUR",Family Wellness Ear Relief Ear Drops,HUMAN OTC DRUG,AURICULAR (OTIC),matricaria chamomilla mercurius solubilis sulfur,family wellness ear relief ear drops
Zinc Oxide,Vitamin C BB Beauty Balm Sheer Tint SFP 30,HUMAN OTC DRUG,TOPICAL,zinc oxide,vitamin c bb beauty balm sheer tint sfp 30
"Angelica sinensis radix, Aralia quinquefolia, Arg. nit., Arsenicum alb., Berber. aqui., Capsicum , Cinchona, Digitalis, Gelsemium, Hypericum, Ignatia, Iodium, Kali brom., Kali carb., Mag. phos., Nat. carb., Nat. mur., Phosphorus, Salix nigra, Sanguinaria, Sepia, Stramonium, Echinacea, Ginkgo",Blues - Mood - Emotions,HUMAN OTC DRUG,ORAL,angelica sinensis radix aralia quinquefolia arg nit arsenicum alb berber aqui capsicum  cinchona digitalis gelsemium hypericum ignatia iodium kali brom kali carb mag phos nat carb nat mur phosphorus salix nigra sanguinaria sepia stramonium echinacea ginkgo,blues - mood - emotions
"polyethylene glycol 400, propylene glycol",DG Lubricant Eye Drops,HUMAN OTC DRUG,OPHTHALMIC,polyethylene glycol 400 propylene glycol,dg lubricant eye drops
"Acetaminophen, Guaifenesin, Phenylephrine HCl",Cold and Head Congestion Severe,HUMAN OTC DRUG,ORAL,acetaminophen guaifenesin phenylephrine hcl,cold and head congestion severe
Tolnaftate,Antifungal Liquid,HUMAN OTC DRUG,TOPICAL,tolnaftate,antifungal liquid
Lidocaine 5%,Lidonumb,HUMAN OTC DRUG,TOPICAL,lidocaine 5,lidonumb
"ACETAMINOPHEN, CHLORPHENIRAMINE MALEATE, and PHENYLEPHRINE HYDROCHLORIDE",Allergy Multi Symptom,HUMAN OTC DRUG,ORAL,acetaminophen chlorpheniramine maleate and phenylephrine hydrochloride,allergy multi symptom
